timestamp,open,high,low,close,volume
2023-09-15 00:00:00+00:00,3.8147,3.8467,3.8099,3.8445,3.14
2023-09-15 04:00:00+00:00,3.8448,3.8495,3.8218,3.8289,3.76
2023-09-15 08:00:00+00:00,3.8293,3.8298,3.7998,3.8088,2.54
2023-09-15 12:00:00+00:00,3.8094,3.8153,3.7858,3.7913,13.69
2023-09-15 16:00:00+00:00,3.7923,3.8013,3.7894,3.7958,2.98
2023-09-15 20:00:00+00:00,3.7949,3.7968,3.7922,3.7953,0.02
2023-09-17 20:00:00+00:00,3.7948,3.7998,3.7929,3.799,0.06
2023-09-18 00:00:00+00:00,3.8002,3.8028,3.7838,3.7924,1.67
2023-09-18 04:00:00+00:00,3.7922,3.8203,3.7915,3.8107,1.92
2023-09-18 08:00:00+00:00,3.8109,3.8124,3.7822,3.7858,2.1
2023-09-18 12:00:00+00:00,3.7858,3.7949,3.7634,3.7745,12.36
2023-09-18 16:00:00+00:00,3.7747,3.7789,3.7713,3.7768,3.33
2023-09-18 20:00:00+00:00,3.7763,3.7788,3.7747,3.7747,0.22
2023-09-19 00:00:00+00:00,3.7755,3.778,3.7531,3.7605,2.33
2023-09-19 04:00:00+00:00,3.7607,3.7638,3.7318,3.7334,2.45
2023-09-19 08:00:00+00:00,3.7332,3.742,3.7252,3.737,4.41
2023-09-19 12:00:00+00:00,3.7371,3.76,3.7357,3.7395,13.92
2023-09-19 16:00:00+00:00,3.7398,3.7533,3.7373,3.7523,2.75
2023-09-19 20:00:00+00:00,3.7515,3.7528,3.7493,3.7504,0.15
2023-09-20 00:00:00+00:00,3.7505,3.76,3.7432,3.7433,1.07
2023-09-20 04:00:00+00:00,3.7437,3.7528,3.7398,3.7484,0.92
2023-09-20 08:00:00+00:00,3.7493,3.776,3.7397,3.7731,1.47
2023-09-20 12:00:00+00:00,3.7736,3.788,3.7597,3.7665,8.67
2023-09-20 16:00:00+00:00,3.7673,3.7758,3.7367,3.7367,3.28
2023-09-20 20:00:00+00:00,3.7362,3.7395,3.7312,3.7335,0.29
2023-09-21 00:00:00+00:00,3.733,3.7448,3.724,3.744,3.95
2023-09-21 04:00:00+00:00,3.7432,3.7435,3.6813,3.6885,4.74
2023-09-21 08:00:00+00:00,3.6879,3.6956,3.6709,3.6714,5.08
2023-09-21 12:00:00+00:00,3.6725,3.6944,3.6323,3.6907,20.66
2023-09-21 16:00:00+00:00,3.6911,3.7065,3.6827,3.6899,5.37
2023-09-21 20:00:00+00:00,3.6894,3.6955,3.6878,3.6947,0.21
2023-09-22 00:00:00+00:00,3.6955,3.716,3.6833,3.7093,3.42
2023-09-22 04:00:00+00:00,3.7086,3.7328,3.6966,3.7257,3.68
2023-09-22 08:00:00+00:00,3.7262,3.739,3.7149,3.7245,2.77
2023-09-22 12:00:00+00:00,3.7253,3.7319,3.7007,3.7015,15.13
2023-09-22 16:00:00+00:00,3.701,3.7013,3.6874,3.693,4.35
2023-09-22 20:00:00+00:00,3.6927,3.6943,3.6903,3.6922,0.08
2023-09-24 20:00:00+00:00,3.6938,3.7005,3.693,3.6994,0.12
2023-09-25 00:00:00+00:00,3.699,3.7033,3.6864,3.6934,1.71
2023-09-25 04:00:00+00:00,3.6929,3.6955,3.6757,3.6853,1.28
2023-09-25 08:00:00+00:00,3.685,3.6859,3.6467,3.6666,3.12
2023-09-25 12:00:00+00:00,3.6671,3.6953,3.6598,3.6686,16.14
2023-09-25 16:00:00+00:00,3.6683,3.672,3.6648,3.671,3.89
2023-09-25 20:00:00+00:00,3.6705,3.6748,3.6682,3.6682,0.21
2023-09-26 00:00:00+00:00,3.6673,3.6818,3.6638,3.6687,2.01
2023-09-26 04:00:00+00:00,3.6687,3.6733,3.6252,3.6453,2.73
2023-09-26 08:00:00+00:00,3.6453,3.667,3.644,3.6567,3.6
2023-09-26 12:00:00+00:00,3.6577,3.6665,3.6337,3.6368,14.5
2023-09-26 16:00:00+00:00,3.6373,3.6518,3.6358,3.6426,4.92
2023-09-26 20:00:00+00:00,3.6429,3.6445,3.6402,3.6438,0.21
2023-09-27 00:00:00+00:00,3.6434,3.6508,3.633,3.6422,2.79
2023-09-27 04:00:00+00:00,3.6428,3.6488,3.6259,3.637,2.08
2023-09-27 08:00:00+00:00,3.637,3.6505,3.6269,3.6308,2.48
2023-09-27 12:00:00+00:00,3.6318,3.6505,3.6292,3.6432,14.28
2023-09-27 16:00:00+00:00,3.6437,3.6458,3.6225,3.6415,7.02
2023-09-27 20:00:00+00:00,3.6407,3.6442,3.6399,3.6403,0.28
2023-09-28 00:00:00+00:00,3.6415,3.6498,3.6284,3.6337,1.91
2023-09-28 04:00:00+00:00,3.6335,3.6728,3.6232,3.6435,2.69
2023-09-28 08:00:00+00:00,3.6435,3.6935,3.6394,3.6778,5.4
2023-09-28 12:00:00+00:00,3.678,3.7133,3.6729,3.7003,16.96
2023-09-28 16:00:00+00:00,3.7008,3.7105,3.698,3.708,6.73
2023-09-28 20:00:00+00:00,3.7067,3.7145,3.7064,3.7145,0.14
2023-09-29 00:00:00+00:00,3.7139,3.735,3.7112,3.7295,1.2
2023-09-29 04:00:00+00:00,3.7295,3.7544,3.7273,3.7513,3.34
2023-09-29 08:00:00+00:00,3.7507,3.7603,3.7372,3.7579,4.36
2023-09-29 12:00:00+00:00,3.7593,3.784,3.7225,3.7295,20.76
2023-09-29 16:00:00+00:00,3.7303,3.7384,3.7243,3.7279,6.32
2023-09-29 20:00:00+00:00,3.7277,3.7323,3.7274,3.732,0.01
2023-10-01 20:00:00+00:00,3.7551,3.7551,3.7277,3.7338,0.06
2023-10-02 00:00:00+00:00,3.7325,3.7408,3.7257,3.732,0.41
2023-10-02 04:00:00+00:00,3.7315,3.759,3.7165,3.733,2.63
2023-10-02 08:00:00+00:00,3.7328,3.7358,3.6718,3.6718,5.18
2023-10-02 12:00:00+00:00,3.6724,3.6884,3.6264,3.6304,19.24
2023-10-02 16:00:00+00:00,3.6305,3.6465,3.6255,3.6449,7.7
2023-10-02 20:00:00+00:00,3.6445,3.645,3.6315,3.6375,0.5
2023-10-03 00:00:00+00:00,3.6367,3.6385,3.6026,3.6107,0.97
2023-10-03 04:00:00+00:00,3.611,3.6138,3.5794,3.6002,2.51
2023-10-03 08:00:00+00:00,3.6004,3.6415,3.5987,3.6078,3.34
2023-10-03 12:00:00+00:00,3.6078,3.6358,3.5943,3.625,18.16
2023-10-03 16:00:00+00:00,3.6255,3.6315,3.6074,3.6165,6.56
2023-10-03 20:00:00+00:00,3.616,3.6185,3.6117,3.6136,0.27
2023-10-04 00:00:00+00:00,3.6125,3.6179,3.588,3.5902,0.81
2023-10-04 04:00:00+00:00,3.5907,3.5996,3.5697,3.5964,2.47
2023-10-04 08:00:00+00:00,3.5968,3.6199,3.5944,3.6029,4.31
2023-10-04 12:00:00+00:00,3.6034,3.6203,3.5477,3.5887,18.65
2023-10-04 16:00:00+00:00,3.5895,3.5928,3.5704,3.5823,6.53
2023-10-04 20:00:00+00:00,3.5815,3.5815,3.5739,3.574,0.29
2023-10-05 00:00:00+00:00,3.5735,3.594,3.5632,3.592,0.63
2023-10-05 04:00:00+00:00,3.5923,3.601,3.5602,3.5624,1.81
2023-10-05 08:00:00+00:00,3.5619,3.5758,3.5505,3.5687,3.42
2023-10-05 12:00:00+00:00,3.5694,3.5868,3.5568,3.5572,17.28
2023-10-05 16:00:00+00:00,3.5575,3.569,3.5472,3.5678,6.67
2023-10-05 20:00:00+00:00,3.5672,3.5683,3.5619,3.5625,0.25
2023-10-06 00:00:00+00:00,3.5625,3.5752,3.5489,3.5682,1.26
2023-10-06 04:00:00+00:00,3.5683,3.6085,3.5509,3.6025,2.23
2023-10-06 08:00:00+00:00,3.6029,3.6065,3.5797,3.6018,4.04
2023-10-06 12:00:00+00:00,3.6013,3.643,3.5739,3.6403,24.69
2023-10-06 16:00:00+00:00,3.6404,3.6413,3.6241,3.6303,8.18
2023-10-06 20:00:00+00:00,3.6303,3.6325,3.6295,3.632,0.09
2023-10-08 20:00:00+00:00,3.6229,3.626,3.6113,3.6164,0.1
2023-10-09 00:00:00+00:00,3.6173,3.6695,3.6147,3.6628,3.46
2023-10-09 04:00:00+00:00,3.6632,3.6708,3.6447,3.6489,3.35
2023-10-09 08:00:00+00:00,3.6495,3.6645,3.6406,3.6474,2.52
2023-10-09 12:00:00+00:00,3.6476,3.6668,3.6392,3.652,13.62
2023-10-09 16:00:00+00:00,3.6522,3.6598,3.6387,3.6578,4.37
2023-10-09 20:00:00+00:00,3.6573,3.661,3.6533,3.66,0.11
2023-10-10 00:00:00+00:00,3.6595,3.6723,3.6306,3.641,3.16
2023-10-10 04:00:00+00:00,3.6403,3.6415,3.6066,3.6188,4.43
2023-10-10 08:00:00+00:00,3.6184,3.6358,3.5933,3.5962,4.11
2023-10-10 12:00:00+00:00,3.597,3.6273,3.5893,3.6273,14.95
2023-10-10 16:00:00+00:00,3.627,3.6368,3.6174,3.6262,5.76
2023-10-10 20:00:00+00:00,3.626,3.6293,3.6253,3.6262,0.04
2023-10-11 00:00:00+00:00,3.626,3.6413,3.6248,3.6254,2.39
2023-10-11 04:00:00+00:00,3.6258,3.6614,3.6226,3.6495,2.9
2023-10-11 08:00:00+00:00,3.6494,3.6494,3.6174,3.6198,4.64
2023-10-11 12:00:00+00:00,3.6203,3.6403,3.611,3.6142,14.4
2023-10-11 16:00:00+00:00,3.6141,3.6188,3.5963,3.6087,4.54
2023-10-11 20:00:00+00:00,3.6083,3.6103,3.6058,3.6068,0.15
2023-10-12 00:00:00+00:00,3.6068,3.6243,3.6044,3.6235,2.21
2023-10-12 04:00:00+00:00,3.6235,3.6415,3.6142,3.6165,1.75
2023-10-12 08:00:00+00:00,3.6168,3.6468,3.6159,3.6286,1.77
2023-10-12 12:00:00+00:00,3.629,3.6294,3.5815,3.5895,20.93
2023-10-12 16:00:00+00:00,3.5895,3.5913,3.5677,3.5818,6.97
2023-10-12 20:00:00+00:00,3.5818,3.5855,3.5804,3.582,0.11
2023-10-13 00:00:00+00:00,3.5819,3.5944,3.5703,3.5881,2.72
2023-10-13 04:00:00+00:00,3.5879,3.6045,3.5818,3.5884,3.24
2023-10-13 08:00:00+00:00,3.5882,3.6143,3.5782,3.5807,5.61
2023-10-13 12:00:00+00:00,3.5811,3.593,3.5553,3.5672,17.78
2023-10-13 16:00:00+00:00,3.5672,3.572,3.5589,3.5709,7.76
2023-10-13 20:00:00+00:00,3.5707,3.5715,3.5677,3.5687,0.14
2023-10-15 20:00:00+00:00,3.5704,3.5824,3.5698,3.5819,0.18
2023-10-16 00:00:00+00:00,3.5828,3.59,3.5687,3.5883,2.35
2023-10-16 04:00:00+00:00,3.5888,3.6028,3.5776,3.5828,2.57
2023-10-16 08:00:00+00:00,3.5835,3.5975,3.5612,3.593,3.01
2023-10-16 12:00:00+00:00,3.5931,3.598,3.5642,3.5737,12.07
2023-10-16 16:00:00+00:00,3.5741,3.5853,3.5739,3.5774,3.73
2023-10-16 20:00:00+00:00,3.5772,3.5803,3.5729,3.5744,0.23
2023-10-17 00:00:00+00:00,3.5739,3.5793,3.5574,3.5689,2.25
2023-10-17 04:00:00+00:00,3.569,3.5694,3.5298,3.5552,4.15
2023-10-17 08:00:00+00:00,3.5553,3.5563,3.5379,3.5449,2.65
2023-10-17 12:00:00+00:00,3.5455,3.5912,3.5352,3.5815,19.53
2023-10-17 16:00:00+00:00,3.5815,3.5839,3.5709,3.5783,6.4
2023-10-17 20:00:00+00:00,3.5773,3.5898,3.5772,3.5868,0.49
2023-10-18 00:00:00+00:00,3.5858,3.615,3.5848,3.6077,3.01
2023-10-18 04:00:00+00:00,3.6082,3.6235,3.6038,3.6137,4.27
2023-10-18 08:00:00+00:00,3.6135,3.627,3.5962,3.6167,3.03
2023-10-18 12:00:00+00:00,3.6175,3.6178,3.5734,3.5823,18.5
2023-10-18 16:00:00+00:00,3.5823,3.5903,3.5745,3.5834,8.62
2023-10-18 20:00:00+00:00,3.5828,3.5833,3.5768,3.5795,0.46
2023-10-19 00:00:00+00:00,3.5793,3.586,3.5667,3.5674,3.06
2023-10-19 04:00:00+00:00,3.5669,3.599,3.5637,3.5855,3.9
2023-10-19 08:00:00+00:00,3.586,3.6088,3.5854,3.5979,3.29
2023-10-19 12:00:00+00:00,3.5984,3.6058,3.5677,3.5854,20.81
2023-10-19 16:00:00+00:00,3.5863,3.6043,3.5769,3.5894,12.14
2023-10-19 20:00:00+00:00,3.589,3.5898,3.5777,3.5808,0.47
2023-10-20 00:00:00+00:00,3.5798,3.588,3.5686,3.5747,3.46
2023-10-20 04:00:00+00:00,3.5744,3.5748,3.5442,3.5675,4.44
2023-10-20 08:00:00+00:00,3.5688,3.5778,3.5574,3.5591,2.04
2023-10-20 12:00:00+00:00,3.5597,3.584,3.5567,3.5687,16.07
2023-10-20 16:00:00+00:00,3.569,3.5703,3.5517,3.5529,7.9
2023-10-20 20:00:00+00:00,3.5529,3.5538,3.5503,3.5506,0.09
2023-10-22 20:00:00+00:00,3.5525,3.5568,3.5483,3.5545,0.06
2023-10-23 00:00:00+00:00,3.5537,3.556,3.5317,3.5368,2.89
2023-10-23 04:00:00+00:00,3.5362,3.5415,3.5244,3.5283,2.78
2023-10-23 08:00:00+00:00,3.5284,3.5615,3.5172,3.551,5.46
2023-10-23 12:00:00+00:00,3.5515,3.589,3.5413,3.5874,20.06
2023-10-23 16:00:00+00:00,3.5873,3.5928,3.5782,3.5799,7.48
2023-10-23 20:00:00+00:00,3.5793,3.5828,3.5775,3.5819,0.26
2023-10-24 00:00:00+00:00,3.5814,3.6025,3.5699,3.5903,4.42
2023-10-24 04:00:00+00:00,3.5905,3.6103,3.5882,3.5982,6.52
2023-10-24 08:00:00+00:00,3.5985,3.6013,3.5599,3.5823,4.81
2023-10-24 12:00:00+00:00,3.583,3.6371,3.5779,3.6237,21.26
2023-10-24 16:00:00+00:00,3.6243,3.6348,3.6164,3.6307,7.47
2023-10-24 20:00:00+00:00,3.6307,3.6333,3.6275,3.6328,0.45
2023-10-25 00:00:00+00:00,3.6317,3.6468,3.6214,3.6223,3.14
2023-10-25 04:00:00+00:00,3.6215,3.6313,3.6088,3.6157,3.75
2023-10-25 08:00:00+00:00,3.6155,3.6278,3.595,3.6058,3.39
2023-10-25 12:00:00+00:00,3.6065,3.6118,3.5908,3.6028,17.69
2023-10-25 16:00:00+00:00,3.6023,3.6065,3.5819,3.5835,7.09
2023-10-25 20:00:00+00:00,3.5833,3.5847,3.5752,3.5778,0.46
2023-10-26 00:00:00+00:00,3.5774,3.5938,3.5774,3.5888,3.57
2023-10-26 04:00:00+00:00,3.5889,3.597,3.57,3.5943,3.94
2023-10-26 08:00:00+00:00,3.5943,3.6169,3.5937,3.601,2.47
2023-10-26 12:00:00+00:00,3.6018,3.6088,3.5792,3.5874,20.58
2023-10-26 16:00:00+00:00,3.587,3.5988,3.5795,3.5908,6.46
2023-10-26 20:00:00+00:00,3.5897,3.5953,3.5882,3.5949,0.34
2023-10-27 00:00:00+00:00,3.5945,3.6028,3.5788,3.5953,3.41
2023-10-27 04:00:00+00:00,3.5959,3.6185,3.5952,3.6107,3.19
2023-10-27 08:00:00+00:00,3.6109,3.6221,3.6059,3.6209,2.16
2023-10-27 12:00:00+00:00,3.6217,3.6573,3.6217,3.6485,21.22
2023-10-27 16:00:00+00:00,3.6482,3.6493,3.6352,3.6425,9.47
2023-10-27 20:00:00+00:00,3.6417,3.6433,3.6392,3.6415,0.2
2023-10-29 20:00:00+00:00,3.6409,3.6433,3.6377,3.6388,0.17
2023-10-30 00:00:00+00:00,3.6385,3.658,3.6378,3.651,2.91
2023-10-30 04:00:00+00:00,3.6514,3.6608,3.6459,3.6503,2.05
2023-10-30 08:00:00+00:00,3.6499,3.7075,3.6473,3.7013,5.0
2023-10-30 12:00:00+00:00,3.702,3.7029,3.6514,3.6627,20.29
2023-10-30 16:00:00+00:00,3.6624,3.6663,3.6444,3.6528,6.92
2023-10-30 20:00:00+00:00,3.6522,3.6533,3.6467,3.6482,0.36
2023-10-31 00:00:00+00:00,3.6477,3.6533,3.6342,3.6397,4.31
2023-10-31 04:00:00+00:00,3.6394,3.6556,3.6318,3.649,2.53
2023-10-31 08:00:00+00:00,3.649,3.672,3.6415,3.6613,2.43
2023-10-31 12:00:00+00:00,3.6615,3.6629,3.6294,3.6472,16.77
2023-10-31 16:00:00+00:00,3.6479,3.6535,3.6419,3.6518,8.33
2023-10-31 20:00:00+00:00,3.6518,3.6518,3.6458,3.6463,0.44
2023-11-01 00:00:00+00:00,3.646,3.6548,3.6313,3.6404,2.54
2023-11-01 04:00:00+00:00,3.6398,3.6589,3.6377,3.6472,2.47
2023-11-01 08:00:00+00:00,3.6473,3.6723,3.6328,3.652,3.54
2023-11-01 12:00:00+00:00,3.6524,3.6875,3.6411,3.6574,17.4
2023-11-01 16:00:00+00:00,3.6578,3.6603,3.6354,3.657,10.01
2023-11-01 20:00:00+00:00,3.6562,3.6648,3.6533,3.6632,0.27
2023-11-02 00:00:00+00:00,3.6643,3.6763,3.664,3.6729,3.17
2023-11-02 04:00:00+00:00,3.6725,3.6794,3.6547,3.6727,2.81
2023-11-02 08:00:00+00:00,3.6729,3.69,3.6592,3.6617,2.59
2023-11-02 12:00:00+00:00,3.6626,3.6844,3.6543,3.6703,16.17
2023-11-02 16:00:00+00:00,3.6703,3.6873,3.6604,3.6863,7.63
2023-11-02 20:00:00+00:00,3.6855,3.6878,3.6803,3.6809,0.42
2023-11-03 00:00:00+00:00,3.6813,3.7021,3.6777,3.688,2.85
2023-11-03 04:00:00+00:00,3.6875,3.7018,3.6862,3.6908,3.61
2023-11-03 08:00:00+00:00,3.6907,3.6985,3.6508,3.6633,3.96
2023-11-03 12:00:00+00:00,3.6637,3.6999,3.654,3.6849,20.98
2023-11-03 16:00:00+00:00,3.6858,3.6875,3.6724,3.6728,6.11
2023-11-03 20:00:00+00:00,3.6728,3.674,3.6698,3.6711,0.3
2023-11-05 20:00:00+00:00,3.6731,3.6735,3.6653,3.6654,0.24
2023-11-06 00:00:00+00:00,3.6659,3.6935,3.6642,3.692,3.35
2023-11-06 04:00:00+00:00,3.6914,3.7017,3.6842,3.6887,2.39
2023-11-06 08:00:00+00:00,3.6899,3.7233,3.6873,3.7093,4.96
2023-11-06 12:00:00+00:00,3.7088,3.7215,3.7027,3.7082,17.37
2023-11-06 16:00:00+00:00,3.7077,3.7193,3.7037,3.711,6.72
2023-11-06 20:00:00+00:00,3.7103,3.7108,3.7072,3.7078,0.47
2023-11-07 00:00:00+00:00,3.7077,3.709,3.6864,3.6892,2.51
2023-11-07 04:00:00+00:00,3.69,3.695,3.6742,3.6759,2.91
2023-11-07 08:00:00+00:00,3.6755,3.6824,3.6559,3.6604,3.13
2023-11-07 12:00:00+00:00,3.661,3.6735,3.6462,3.6703,16.62
2023-11-07 16:00:00+00:00,3.6707,3.6853,3.6637,3.6822,8.64
2023-11-07 20:00:00+00:00,3.683,3.6863,3.6798,3.6803,0.48
2023-11-08 00:00:00+00:00,3.6809,3.6933,3.6718,3.6796,3.7
2023-11-08 04:00:00+00:00,3.6797,3.6995,3.6703,3.6957,3.12
2023-11-08 08:00:00+00:00,3.6958,3.7013,3.6698,3.6798,2.92
2023-11-08 12:00:00+00:00,3.6787,3.6803,3.6499,3.6505,16.52
2023-11-08 16:00:00+00:00,3.6499,3.6558,3.6308,3.634,8.88
2023-11-08 20:00:00+00:00,3.6341,3.6375,3.6316,3.6337,0.65
2023-11-09 00:00:00+00:00,3.6338,3.6494,3.6207,3.6234,4.6
2023-11-09 04:00:00+00:00,3.6229,3.6355,3.6164,3.6213,3.7
2023-11-09 08:00:00+00:00,3.6215,3.6359,3.6113,3.6299,4.6
2023-11-09 12:00:00+00:00,3.6299,3.6603,3.626,3.6563,17.05
2023-11-09 16:00:00+00:00,3.656,3.6589,3.6225,3.6248,13.42
2023-11-09 20:00:00+00:00,3.6242,3.6323,3.6239,3.6288,1.98
2023-11-10 00:00:00+00:00,3.6287,3.6363,3.6219,3.6262,3.17
2023-11-10 04:00:00+00:00,3.6259,3.6339,3.6242,3.6267,3.0
2023-11-10 08:00:00+00:00,3.627,3.6428,3.604,3.6108,3.97
2023-11-10 12:00:00+00:00,3.6113,3.6203,3.5797,3.5832,16.08
2023-11-10 16:00:00+00:00,3.5827,3.5953,3.5825,3.592,9.82
2023-11-10 20:00:00+00:00,3.5918,3.5953,3.5904,3.5949,1.03
2023-11-12 20:00:00+00:00,3.594,3.5968,3.592,3.595,0.16
2023-11-13 00:00:00+00:00,3.5944,3.5988,3.5814,3.5828,4.73
2023-11-13 04:00:00+00:00,3.5827,3.6238,3.578,3.6189,3.51
2023-11-13 08:00:00+00:00,3.6179,3.6363,3.6122,3.6172,5.08
2023-11-13 12:00:00+00:00,3.6173,3.6518,3.6138,3.6495,16.93
2023-11-13 16:00:00+00:00,3.6491,3.6708,3.648,3.6684,9.04
2023-11-13 20:00:00+00:00,3.6688,3.6705,3.6661,3.6703,0.17
2023-11-14 00:00:00+00:00,3.6693,3.67,3.6542,3.6595,3.45
2023-11-14 04:00:00+00:00,3.6593,3.6643,3.6518,3.6579,3.39
2023-11-14 08:00:00+00:00,3.6574,3.6807,3.6464,3.6585,3.71
2023-11-14 12:00:00+00:00,3.6585,3.7178,3.6562,3.7008,19.14
2023-11-14 16:00:00+00:00,3.7005,3.7023,3.6761,3.6808,9.48
2023-11-14 20:00:00+00:00,3.6808,3.681,3.6724,3.6748,0.78
2023-11-15 00:00:00+00:00,3.6739,3.6867,3.666,3.6842,4.52
2023-11-15 04:00:00+00:00,3.6847,3.6898,3.6702,3.6739,3.86
2023-11-15 08:00:00+00:00,3.6752,3.71,3.6682,3.7057,3.68
2023-11-15 12:00:00+00:00,3.7052,3.717,3.6909,3.7147,18.47
2023-11-15 16:00:00+00:00,3.7154,3.7238,3.7083,3.7137,9.19
2023-11-15 20:00:00+00:00,3.7133,3.7143,3.7103,3.714,0.85
2023-11-16 00:00:00+00:00,3.7134,3.717,3.6913,3.6938,3.03
2023-11-16 04:00:00+00:00,3.6932,3.7118,3.6925,3.7095,2.85
2023-11-16 08:00:00+00:00,3.7089,3.7403,3.6997,3.7187,5.59
2023-11-16 12:00:00+00:00,3.7185,3.732,3.6883,3.6919,19.04
2023-11-16 16:00:00+00:00,3.6925,3.704,3.6822,3.6943,10.45
2023-11-16 20:00:00+00:00,3.6945,3.7288,3.6912,3.7267,1.2
2023-11-17 00:00:00+00:00,3.7263,3.7354,3.7206,3.7304,1.45
2023-11-17 04:00:00+00:00,3.7315,3.739,3.721,3.727,3.49
2023-11-17 08:00:00+00:00,3.7278,3.741,3.7099,3.7354,7.46
2023-11-17 12:00:00+00:00,3.7352,3.7558,3.731,3.7527,15.05
2023-11-17 16:00:00+00:00,3.7527,3.7723,3.7464,3.7667,8.79
2023-11-17 20:00:00+00:00,3.766,3.7685,3.7652,3.7667,0.56
2023-11-19 20:00:00+00:00,3.7655,3.7668,3.7629,3.764,0.08
2023-11-20 00:00:00+00:00,3.7634,3.7853,3.7559,3.7843,8.57
2023-11-20 04:00:00+00:00,3.784,3.7888,3.7668,3.7715,4.36
2023-11-20 08:00:00+00:00,3.7725,3.7933,3.7617,3.7887,5.6
2023-11-20 12:00:00+00:00,3.7883,3.8159,3.7782,3.8152,20.33
2023-11-20 16:00:00+00:00,3.8153,3.8414,3.8147,3.8338,13.54
2023-11-20 20:00:00+00:00,3.8342,3.837,3.8313,3.8353,1.25
2023-11-21 00:00:00+00:00,3.8359,3.8463,3.8309,3.8365,8.46
2023-11-21 04:00:00+00:00,3.8366,3.8466,3.8292,3.8466,5.56
2023-11-21 08:00:00+00:00,3.8463,3.8578,3.8227,3.8232,6.12
2023-11-21 12:00:00+00:00,3.8232,3.8513,3.822,3.8373,17.73
2023-11-21 16:00:00+00:00,3.8373,3.8488,3.8332,3.8445,5.89
2023-11-21 20:00:00+00:00,3.8447,3.8455,3.8396,3.8415,0.78
2023-11-22 00:00:00+00:00,3.8418,3.844,3.8197,3.8212,7.97
2023-11-22 04:00:00+00:00,3.8207,3.8295,3.8124,3.824,7.05
2023-11-22 08:00:00+00:00,3.8237,3.8278,3.8039,3.8157,6.94
2023-11-22 12:00:00+00:00,3.8157,3.8215,3.7803,3.7862,16.16
2023-11-22 16:00:00+00:00,3.7867,3.8115,3.7828,3.8083,9.4
2023-11-22 20:00:00+00:00,3.8084,3.8113,3.8067,3.807,1.71
2023-11-23 00:00:00+00:00,3.8066,3.8155,3.8032,3.8126,4.77
2023-11-23 04:00:00+00:00,3.8129,3.8313,3.8036,3.8313,4.19
2023-11-23 08:00:00+00:00,3.8314,3.8428,3.82,3.8246,3.75
2023-11-23 12:00:00+00:00,3.8248,3.8283,3.8098,3.8269,6.24
2023-11-23 16:00:00+00:00,3.8269,3.8275,3.8164,3.8183,1.07
2023-11-23 20:00:00+00:00,3.8175,3.8198,3.816,3.8195,0.02
2023-11-24 00:00:00+00:00,3.8196,3.8233,3.8095,3.8167,3.33
2023-11-24 04:00:00+00:00,3.8169,3.8243,3.8024,3.8169,3.56
2023-11-24 08:00:00+00:00,3.817,3.8243,3.8092,3.8155,3.16
2023-11-24 12:00:00+00:00,3.815,3.8218,3.7968,3.8198,10.56
2023-11-24 16:00:00+00:00,3.82,3.8333,3.8164,3.8323,3.68
2023-11-26 20:00:00+00:00,3.8298,3.8389,3.8254,3.8302,0.11
2023-11-27 00:00:00+00:00,3.83,3.837,3.8161,3.818,6.02
2023-11-27 04:00:00+00:00,3.8173,3.8325,3.8143,3.8212,4.8
2023-11-27 08:00:00+00:00,3.8223,3.8235,3.8052,3.8113,3.75
2023-11-27 12:00:00+00:00,3.8109,3.8155,3.7937,3.7943,13.85
2023-11-27 16:00:00+00:00,3.7938,3.8043,3.7927,3.8035,6.07
2023-11-27 20:00:00+00:00,3.8028,3.8033,3.7978,3.7998,0.37
2023-11-28 00:00:00+00:00,3.8,3.8085,3.7908,3.7927,5.1
2023-11-28 04:00:00+00:00,3.7923,3.7988,3.7843,3.7914,3.31
2023-11-28 08:00:00+00:00,3.7914,3.8073,3.7832,3.8003,3.87
2023-11-28 12:00:00+00:00,3.8003,3.8505,3.7992,3.8474,14.1
2023-11-28 16:00:00+00:00,3.8473,3.8538,3.8342,3.8438,7.32
2023-11-28 20:00:00+00:00,3.8442,3.8508,3.84,3.848,0.42
2023-11-29 00:00:00+00:00,3.8475,3.862,3.8397,3.8418,5.55
2023-11-29 04:00:00+00:00,3.8408,3.8513,3.8317,3.836,6.56
2023-11-29 08:00:00+00:00,3.8333,3.849,3.8317,3.8478,2.89
2023-11-29 12:00:00+00:00,3.8498,3.8593,3.8327,3.8372,10.2
2023-11-29 16:00:00+00:00,3.8363,3.8403,3.815,3.8369,7.82
2023-11-29 20:00:00+00:00,3.8364,3.8373,3.8272,3.8277,1.01
2023-11-30 00:00:00+00:00,3.8279,3.8438,3.8189,3.8364,4.59
2023-11-30 04:00:00+00:00,3.8368,3.8515,3.8332,3.8408,6.47
2023-11-30 08:00:00+00:00,3.8413,3.8457,3.8103,3.8199,4.19
2023-11-30 12:00:00+00:00,3.8205,3.8475,3.813,3.8468,17.12
2023-11-30 16:00:00+00:00,3.8478,3.855,3.8372,3.8537,8.7
2023-11-30 20:00:00+00:00,3.8544,3.8545,3.8495,3.8527,0.93
2023-12-01 00:00:00+00:00,3.853,3.866,3.8459,3.8468,5.96
2023-12-01 04:00:00+00:00,3.8464,3.8558,3.8408,3.8528,7.16
2023-12-01 08:00:00+00:00,3.8523,3.893,3.8503,3.8775,5.91
2023-12-01 12:00:00+00:00,3.8769,3.9008,3.8677,3.8958,18.58
2023-12-01 16:00:00+00:00,3.8952,3.9313,3.8867,3.9125,10.5
2023-12-01 20:00:00+00:00,3.9117,3.9175,3.9108,3.9172,0.72
2023-12-03 20:00:00+00:00,3.9179,3.9248,3.9097,3.9205,0.63
2023-12-04 00:00:00+00:00,3.9205,3.9213,3.8867,3.8872,5.16
2023-12-04 04:00:00+00:00,3.8868,3.8928,3.8494,3.8507,5.76
2023-12-04 08:00:00+00:00,3.8508,3.867,3.8349,3.8633,4.65
2023-12-04 12:00:00+00:00,3.8624,3.869,3.8407,3.8412,19.71
2023-12-04 16:00:00+00:00,3.8419,3.8458,3.8243,3.8285,8.86
2023-12-04 20:00:00+00:00,3.8277,3.8293,3.8207,3.8243,1.48
2023-12-05 00:00:00+00:00,3.825,3.8388,3.8237,3.827,6.07
2023-12-05 04:00:00+00:00,3.827,3.8328,3.8011,3.8049,4.58
2023-12-05 08:00:00+00:00,3.805,3.815,3.7842,3.7898,7.04
2023-12-05 12:00:00+00:00,3.7894,3.8083,3.7792,3.7923,20.8
2023-12-05 16:00:00+00:00,3.7928,3.7953,3.7702,3.787,10.24
2023-12-05 20:00:00+00:00,3.7873,3.788,3.7799,3.7837,1.65
2023-12-06 00:00:00+00:00,3.7843,3.8048,3.7837,3.8027,4.61
2023-12-06 04:00:00+00:00,3.8034,3.8228,3.7984,3.8215,5.81
2023-12-06 08:00:00+00:00,3.8218,3.8238,3.8032,3.8073,4.82
2023-12-06 12:00:00+00:00,3.8075,3.8214,3.7843,3.7853,15.29
2023-12-06 16:00:00+00:00,3.7852,3.7855,3.7305,3.7357,9.08
2023-12-06 20:00:00+00:00,3.7353,3.7358,3.7262,3.7343,0.99
2023-12-07 00:00:00+00:00,3.7335,3.7598,3.7335,3.7474,6.11
2023-12-07 04:00:00+00:00,3.7472,3.7594,3.7464,3.7553,4.02
2023-12-07 08:00:00+00:00,3.7549,3.7693,3.7503,3.7629,3.0
2023-12-07 12:00:00+00:00,3.7625,3.791,3.7552,3.766,19.39
2023-12-07 16:00:00+00:00,3.7652,3.7978,3.7633,3.7953,9.25
2023-12-07 20:00:00+00:00,3.7944,3.7989,3.7934,3.7937,0.79
2023-12-08 00:00:00+00:00,3.794,3.8043,3.7907,3.8035,5.03
2023-12-08 04:00:00+00:00,3.8027,3.8049,3.7867,3.79,5.34
2023-12-08 08:00:00+00:00,3.7904,3.8363,3.7854,3.8232,6.05
2023-12-08 12:00:00+00:00,3.824,3.8618,3.8172,3.8549,20.39
2023-12-08 16:00:00+00:00,3.8543,3.8563,3.8234,3.8339,8.89
2023-12-08 20:00:00+00:00,3.8345,3.8358,3.8314,3.833,1.03
2023-12-10 20:00:00+00:00,3.828,3.8323,3.8279,3.8305,0.14
2023-12-11 00:00:00+00:00,3.8304,3.8338,3.8038,3.8052,4.85
2023-12-11 04:00:00+00:00,3.8047,3.8303,3.804,3.8139,4.07
2023-12-11 08:00:00+00:00,3.8143,3.8188,3.7885,3.7983,3.72
2023-12-11 12:00:00+00:00,3.7982,3.7993,3.7735,3.791,13.24
2023-12-11 16:00:00+00:00,3.7912,3.7917,3.7772,3.7824,5.57
2023-12-11 20:00:00+00:00,3.7826,3.7833,3.7789,3.7805,0.61
2023-12-12 00:00:00+00:00,3.7805,3.7953,3.7802,3.7928,3.67
2023-12-12 04:00:00+00:00,3.7922,3.8063,3.7892,3.7953,2.76
2023-12-12 08:00:00+00:00,3.7948,3.8102,3.7889,3.7954,4.08
2023-12-12 12:00:00+00:00,3.7953,3.8057,3.7649,3.7923,16.12
2023-12-12 16:00:00+00:00,3.793,3.8003,3.783,3.7903,6.85
2023-12-12 20:00:00+00:00,3.7914,3.7955,3.7892,3.7939,0.78
2023-12-13 00:00:00+00:00,3.7933,3.7949,3.7759,3.7764,2.62
2023-12-13 04:00:00+00:00,3.7759,3.7783,3.7602,3.7622,3.14
2023-12-13 08:00:00+00:00,3.7617,3.7798,3.7502,3.769,3.75
2023-12-13 12:00:00+00:00,3.7692,3.7903,3.7652,3.7779,10.05
2023-12-13 16:00:00+00:00,3.7784,3.8278,3.7723,3.8262,7.14
2023-12-13 20:00:00+00:00,3.8269,3.842,3.8242,3.8395,1.77
2023-12-14 00:00:00+00:00,3.839,3.8473,3.8247,3.8308,3.91
2023-12-14 04:00:00+00:00,3.8305,3.8463,3.8263,3.8443,5.01
2023-12-14 08:00:00+00:00,3.8433,3.8938,3.8432,3.8861,6.77
2023-12-14 12:00:00+00:00,3.8868,3.9079,3.8695,3.8914,18.79
2023-12-14 16:00:00+00:00,3.8908,3.8963,3.8712,3.8755,6.59
2023-12-14 20:00:00+00:00,3.8755,3.8765,3.8697,3.8747,0.43
2023-12-15 00:00:00+00:00,3.875,3.892,3.8717,3.8908,2.98
2023-12-15 04:00:00+00:00,3.8918,3.9119,3.8747,3.9119,2.75
2023-12-15 08:00:00+00:00,3.9129,3.914,3.8857,3.8988,3.3
2023-12-15 12:00:00+00:00,3.8985,3.9014,3.8473,3.8904,16.96
2023-12-15 16:00:00+00:00,3.8903,3.8955,3.8734,3.877,6.47
2023-12-15 20:00:00+00:00,3.8772,3.8803,3.8737,3.8769,0.6
2023-12-17 20:00:00+00:00,3.8781,3.8818,3.8748,3.8808,0.16
2023-12-18 00:00:00+00:00,3.8804,3.8863,3.8682,3.8839,3.04
2023-12-18 04:00:00+00:00,3.8842,3.8878,3.8737,3.8803,1.64
2023-12-18 08:00:00+00:00,3.881,3.889,3.8607,3.8805,3.26
2023-12-18 12:00:00+00:00,3.8799,3.8825,3.8577,3.8593,12.3
2023-12-18 16:00:00+00:00,3.8585,3.8673,3.8429,3.8458,5.97
2023-12-18 20:00:00+00:00,3.8452,3.847,3.8404,3.8428,0.81
2023-12-19 00:00:00+00:00,3.8424,3.8623,3.8424,3.855,3.38
2023-12-19 04:00:00+00:00,3.8555,3.862,3.8387,3.8395,2.01
2023-12-19 08:00:00+00:00,3.8403,3.8918,3.8385,3.8804,3.2
2023-12-19 12:00:00+00:00,3.8806,3.9288,3.8797,3.9193,15.95
2023-12-19 16:00:00+00:00,3.9188,3.9204,3.8945,3.9017,6.32
2023-12-19 20:00:00+00:00,3.9025,3.9057,3.9005,3.9018,0.34
2023-12-20 00:00:00+00:00,3.9015,3.9119,3.8973,3.9082,3.04
2023-12-20 04:00:00+00:00,3.9087,3.9283,3.9064,3.9283,3.47
2023-12-20 08:00:00+00:00,3.9265,3.9428,3.9021,3.9042,3.14
2023-12-20 12:00:00+00:00,3.9041,3.9149,3.8868,3.9004,11.56
2023-12-20 16:00:00+00:00,3.9007,3.9114,3.8913,3.8925,6.4
2023-12-20 20:00:00+00:00,3.8919,3.8928,3.8772,3.883,2.85
2023-12-21 00:00:00+00:00,3.8828,3.8983,3.8822,3.8942,3.31
2023-12-21 04:00:00+00:00,3.8938,3.9105,3.8907,3.9014,2.4
2023-12-21 08:00:00+00:00,3.9017,3.9038,3.877,3.8856,2.08
2023-12-21 12:00:00+00:00,3.886,3.9258,3.8853,3.9088,11.88
2023-12-21 16:00:00+00:00,3.909,3.9213,3.9047,3.9185,7.64
2023-12-21 20:00:00+00:00,3.9183,3.9275,3.9172,3.9225,0.65
2023-12-22 00:00:00+00:00,3.9224,3.9335,3.9133,3.9185,3.09
2023-12-22 04:00:00+00:00,3.9183,3.9243,3.9114,3.9222,2.77
2023-12-22 08:00:00+00:00,3.923,3.9359,3.9067,3.9112,2.56
2023-12-22 12:00:00+00:00,3.9119,3.9329,3.9058,3.9068,12.23
2023-12-22 16:00:00+00:00,3.9065,3.9129,3.8897,3.8967,7.07
2023-12-22 20:00:00+00:00,3.8975,3.8995,3.8952,3.8988,0.63
2023-12-25 20:00:00+00:00,3.9031,3.9074,3.9003,3.9057,0.06
2023-12-26 00:00:00+00:00,3.9068,3.9243,3.9023,3.917,1.7
2023-12-26 04:00:00+00:00,3.9165,3.9223,3.9112,3.9175,0.59
2023-12-26 08:00:00+00:00,3.9179,3.9194,3.9044,3.9149,0.27
2023-12-26 12:00:00+00:00,3.9158,3.9415,3.8998,3.9043,7.46
2023-12-26 16:00:00+00:00,3.9044,3.9092,3.8977,3.9068,3.99
2023-12-26 20:00:00+00:00,3.9066,3.9078,3.8987,3.9,0.35
2023-12-27 00:00:00+00:00,3.8992,3.9178,3.8967,3.916,2.03
2023-12-27 04:00:00+00:00,3.9152,3.9263,3.9131,3.9243,0.79
2023-12-27 08:00:00+00:00,3.9235,3.9345,3.9084,3.9203,1.78
2023-12-27 12:00:00+00:00,3.9199,3.9723,3.9157,3.958,14.34
2023-12-27 16:00:00+00:00,3.9572,3.9665,3.9484,3.9518,6.35
2023-12-27 20:00:00+00:00,3.9515,3.9545,3.9512,3.9536,0.5
2023-12-28 00:00:00+00:00,3.9533,3.9648,3.9517,3.9588,2.55
2023-12-28 04:00:00+00:00,3.9579,3.9635,3.9493,3.9635,2.09
2023-12-28 08:00:00+00:00,3.9643,3.9643,3.9159,3.9265,3.17
2023-12-28 12:00:00+00:00,3.9267,3.936,3.9167,3.9263,10.96
2023-12-28 16:00:00+00:00,3.9265,3.927,3.9129,3.9153,5.3
2023-12-28 20:00:00+00:00,3.9142,3.9158,3.9089,3.9102,1.13
2023-12-29 00:00:00+00:00,3.9103,3.9278,3.9102,3.9199,2.56
2023-12-29 04:00:00+00:00,3.9198,3.9328,3.9178,3.9285,1.36
2023-12-29 08:00:00+00:00,3.9289,3.933,3.905,3.91,1.78
2023-12-29 12:00:00+00:00,3.91,3.9108,3.8764,3.8873,11.45
2023-12-29 16:00:00+00:00,3.8872,3.8913,3.8797,3.8907,5.65
2023-12-29 20:00:00+00:00,3.8903,3.8943,3.8885,3.8906,0.86
2024-01-01 20:00:00+00:00,3.8925,3.8974,3.8898,3.8962,0.05
2024-01-02 00:00:00+00:00,3.8968,3.9055,3.8843,3.8947,3.85
2024-01-02 04:00:00+00:00,3.8949,3.9098,3.8918,3.8929,2.15
2024-01-02 08:00:00+00:00,3.8934,3.9038,3.8703,3.8751,4.19
2024-01-02 12:00:00+00:00,3.8752,3.8799,3.8592,3.8721,14.95
2024-01-02 16:00:00+00:00,3.8717,3.8893,3.8649,3.8654,7.16
2024-01-02 20:00:00+00:00,3.866,3.8707,3.8632,3.8669,0.44
2024-01-03 00:00:00+00:00,3.8674,3.8738,3.8613,3.866,2.5
2024-01-03 04:00:00+00:00,3.8655,3.8694,3.8521,3.8559,2.2
2024-01-03 08:00:00+00:00,3.8565,3.8583,3.8337,3.8377,5.18
2024-01-03 12:00:00+00:00,3.8382,3.8628,3.8295,3.8464,16.7
2024-01-03 16:00:00+00:00,3.8464,3.877,3.8459,3.8715,6.61
2024-01-03 20:00:00+00:00,3.8715,3.874,3.8675,3.8723,0.5
2024-01-04 00:00:00+00:00,3.872,3.8735,3.8488,3.8492,1.95
2024-01-04 04:00:00+00:00,3.8487,3.8825,3.8478,3.8765,1.29
2024-01-04 08:00:00+00:00,3.8768,3.8789,3.8345,3.8383,1.29
2024-01-04 12:00:00+00:00,3.8387,3.8443,3.8158,3.8348,10.89
2024-01-04 16:00:00+00:00,3.8338,3.847,3.8269,3.8454,4.25
2024-01-04 20:00:00+00:00,3.845,3.85,3.8432,3.8435,0.37
2024-01-05 00:00:00+00:00,3.843,3.8543,3.8363,3.8434,1.57
2024-01-05 04:00:00+00:00,3.8438,3.8515,3.8389,3.8407,0.94
2024-01-05 08:00:00+00:00,3.8408,3.8409,3.8117,3.8244,1.36
2024-01-05 12:00:00+00:00,3.8247,3.8637,3.8127,3.842,18.0
2024-01-05 16:00:00+00:00,3.8414,3.8418,3.8009,3.8034,7.99
2024-01-05 20:00:00+00:00,3.8033,3.8033,3.7993,3.8,1.0
2024-01-07 20:00:00+00:00,3.8032,3.8093,3.8007,3.8074,0.26
2024-01-08 00:00:00+00:00,3.8078,3.8278,3.8068,3.809,5.07
2024-01-08 04:00:00+00:00,3.8084,3.8223,3.8062,3.8125,2.33
2024-01-08 08:00:00+00:00,3.8112,3.8135,3.7873,3.7968,2.92
2024-01-08 12:00:00+00:00,3.7972,3.8313,3.7957,3.8248,17.94
2024-01-08 16:00:00+00:00,3.8253,3.828,3.8067,3.8252,7.82
2024-01-08 20:00:00+00:00,3.8255,3.8258,3.8207,3.8215,0.43
2024-01-09 00:00:00+00:00,3.8217,3.838,3.8209,3.8267,2.76
2024-01-09 04:00:00+00:00,3.8265,3.8283,3.8082,3.8135,2.78
2024-01-09 08:00:00+00:00,3.8129,3.8148,3.7882,3.792,4.07
2024-01-09 12:00:00+00:00,3.7933,3.8068,3.7755,3.7763,16.74
2024-01-09 16:00:00+00:00,3.7752,3.7838,3.7555,3.7608,9.99
2024-01-09 20:00:00+00:00,3.7607,3.7635,3.7577,3.7634,0.77
2024-01-10 00:00:00+00:00,3.7628,3.7818,3.7602,3.7699,4.27
2024-01-10 04:00:00+00:00,3.7695,3.7744,3.7578,3.77,2.28
2024-01-10 08:00:00+00:00,3.7704,3.7908,3.7633,3.7832,3.51
2024-01-10 12:00:00+00:00,3.7829,3.7913,3.7632,3.7644,15.99
2024-01-10 16:00:00+00:00,3.7647,3.7898,3.7522,3.7878,8.44
2024-01-10 20:00:00+00:00,3.7875,3.7885,3.7809,3.7838,0.83
2024-01-11 00:00:00+00:00,3.7832,3.8035,3.7832,3.8023,2.91
2024-01-11 04:00:00+00:00,3.8025,3.8158,3.8012,3.8068,3.63
2024-01-11 08:00:00+00:00,3.8057,3.8125,3.7944,3.8033,2.14
2024-01-11 12:00:00+00:00,3.8037,3.8214,3.7729,3.7737,24.96
2024-01-11 16:00:00+00:00,3.7737,3.787,3.7668,3.7868,10.6
2024-01-11 20:00:00+00:00,3.7865,3.7919,3.7794,3.7914,1.67
2024-01-12 00:00:00+00:00,3.7918,3.8032,3.7852,3.7942,3.25
2024-01-12 04:00:00+00:00,3.7937,3.8033,3.7908,3.7992,2.35
2024-01-12 08:00:00+00:00,3.7993,3.8168,3.7772,3.7813,3.18
2024-01-12 12:00:00+00:00,3.7819,3.7983,3.7643,3.7684,19.67
2024-01-12 16:00:00+00:00,3.768,3.7693,3.7367,3.7392,10.01
2024-01-12 20:00:00+00:00,3.7388,3.741,3.7334,3.7343,0.55
2024-01-14 20:00:00+00:00,3.7423,3.7488,3.7423,3.7479,0.23
2024-01-15 00:00:00+00:00,3.7488,3.7693,3.7442,3.7659,4.71
2024-01-15 04:00:00+00:00,3.7654,3.7654,3.7477,3.7519,3.25
2024-01-15 08:00:00+00:00,3.7514,3.7643,3.7491,3.7579,2.03
2024-01-15 12:00:00+00:00,3.7588,3.7814,3.7553,3.7813,8.83
2024-01-15 16:00:00+00:00,3.7804,3.7873,3.7783,3.7825,2.01
2024-01-15 20:00:00+00:00,3.781,3.7815,3.7758,3.776,0.0
2024-01-16 00:00:00+00:00,3.7765,3.777,3.7551,3.7578,1.7
2024-01-16 04:00:00+00:00,3.7567,3.764,3.755,3.762,1.28
2024-01-16 08:00:00+00:00,3.7623,3.7875,3.7553,3.7699,3.3
2024-01-16 12:00:00+00:00,3.7693,3.7828,3.7587,3.766,13.6
2024-01-16 16:00:00+00:00,3.7668,3.7749,3.7562,3.7658,8.78
2024-01-16 20:00:00+00:00,3.7659,3.768,3.7637,3.765,0.81
2024-01-17 00:00:00+00:00,3.7652,3.7663,3.7458,3.7465,2.82
2024-01-17 04:00:00+00:00,3.7467,3.7516,3.7246,3.7308,3.95
2024-01-17 08:00:00+00:00,3.7305,3.7584,3.7203,3.7577,4.63
2024-01-17 12:00:00+00:00,3.7585,3.767,3.7292,3.7299,18.4
2024-01-17 16:00:00+00:00,3.73,3.7403,3.7223,3.7383,9.41
2024-01-17 20:00:00+00:00,3.7378,3.7428,3.7353,3.74,1.53
2024-01-18 00:00:00+00:00,3.7397,3.7518,3.7317,3.7434,3.57
2024-01-18 04:00:00+00:00,3.7427,3.7568,3.7342,3.7458,3.16
2024-01-18 08:00:00+00:00,3.746,3.7468,3.7217,3.7294,4.34
2024-01-18 12:00:00+00:00,3.7297,3.7358,3.7123,3.7305,16.51
2024-01-18 16:00:00+00:00,3.731,3.7525,3.7298,3.7498,9.54
2024-01-18 20:00:00+00:00,3.7494,3.756,3.7494,3.7553,1.29
2024-01-19 00:00:00+00:00,3.7549,3.7603,3.7494,3.7534,3.33
2024-01-19 04:00:00+00:00,3.7539,3.7724,3.7412,3.7623,3.45
2024-01-19 08:00:00+00:00,3.7618,3.7878,3.7595,3.7707,4.73
2024-01-19 12:00:00+00:00,3.7712,3.7803,3.7549,3.7643,14.88
2024-01-19 16:00:00+00:00,3.7634,3.7895,3.759,3.7883,9.94
2024-01-19 20:00:00+00:00,3.7881,3.7899,3.7864,3.7883,0.74
2024-01-21 20:00:00+00:00,3.7875,3.7893,3.7817,3.7834,0.12
2024-01-22 00:00:00+00:00,3.7834,3.7858,3.7743,3.7767,3.6
2024-01-22 04:00:00+00:00,3.7778,3.7799,3.7648,3.7732,2.6
2024-01-22 08:00:00+00:00,3.7729,3.7795,3.7528,3.7637,2.98
2024-01-22 12:00:00+00:00,3.7639,3.7673,3.748,3.7603,8.32
2024-01-22 16:00:00+00:00,3.7598,3.7728,3.7472,3.749,6.03
2024-01-22 20:00:00+00:00,3.7486,3.7513,3.7418,3.7502,0.81
2024-01-23 00:00:00+00:00,3.7499,3.7808,3.7488,3.7733,5.83
2024-01-23 04:00:00+00:00,3.7726,3.7983,3.7722,3.7935,4.29
2024-01-23 08:00:00+00:00,3.7953,3.8005,3.7772,3.7802,4.41
2024-01-23 12:00:00+00:00,3.7803,3.8053,3.7798,3.788,15.7
2024-01-23 16:00:00+00:00,3.7879,3.8065,3.7829,3.8048,7.81
2024-01-23 20:00:00+00:00,3.805,3.806,3.8019,3.8039,1.07
2024-01-24 00:00:00+00:00,3.804,3.8043,3.7929,3.7978,2.23
2024-01-24 04:00:00+00:00,3.7984,3.8535,3.7937,3.8534,8.05
2024-01-24 08:00:00+00:00,3.8539,3.8848,3.8525,3.8779,8.59
2024-01-24 12:00:00+00:00,3.8773,3.8825,3.8597,3.8743,19.69
2024-01-24 16:00:00+00:00,3.8748,3.8863,3.8672,3.8717,9.12
2024-01-24 20:00:00+00:00,3.8713,3.8739,3.8687,3.8708,0.95
2024-01-25 00:00:00+00:00,3.8715,3.8733,3.8574,3.8663,4.29
2024-01-25 04:00:00+00:00,3.8659,3.8733,3.8589,3.8647,2.47
2024-01-25 08:00:00+00:00,3.8646,3.8905,3.8565,3.8849,4.59
2024-01-25 12:00:00+00:00,3.8851,3.8868,3.8608,3.8617,16.67
2024-01-25 16:00:00+00:00,3.8615,3.8755,3.8568,3.8668,8.51
2024-01-25 20:00:00+00:00,3.8674,3.8688,3.8644,3.866,0.9
2024-01-26 00:00:00+00:00,3.8664,3.87,3.8598,3.8622,2.65
2024-01-26 04:00:00+00:00,3.863,3.8678,3.8427,3.8483,3.74
2024-01-26 08:00:00+00:00,3.8479,3.8735,3.8433,3.869,3.42
2024-01-26 12:00:00+00:00,3.8682,3.8845,3.8568,3.8758,13.49
2024-01-26 16:00:00+00:00,3.8747,3.8755,3.8469,3.8536,8.57
2024-01-26 20:00:00+00:00,3.8539,3.8543,3.8512,3.8515,0.8
2024-01-28 20:00:00+00:00,3.852,3.857,3.849,3.852,0.36
2024-01-29 00:00:00+00:00,3.8527,3.8638,3.8454,3.8482,3.89
2024-01-29 04:00:00+00:00,3.848,3.8485,3.8324,3.8358,4.18
2024-01-29 08:00:00+00:00,3.8353,3.8583,3.8256,3.8553,2.8
2024-01-29 12:00:00+00:00,3.8548,3.8688,3.8458,3.8678,11.97
2024-01-29 16:00:00+00:00,3.8684,3.8858,3.8643,3.879,7.55
2024-01-29 20:00:00+00:00,3.8787,3.8885,3.8787,3.8824,1.48
2024-01-30 00:00:00+00:00,3.8827,3.8844,3.8619,3.8625,2.93
2024-01-30 04:00:00+00:00,3.8625,3.8738,3.8584,3.8694,4.38
2024-01-30 08:00:00+00:00,3.8703,3.8848,3.8674,3.8773,3.59
2024-01-30 12:00:00+00:00,3.8768,3.89,3.8605,3.8805,15.73
2024-01-30 16:00:00+00:00,3.8809,3.9133,3.8769,3.9124,10.02
2024-01-30 20:00:00+00:00,3.9122,3.9153,3.9078,3.9082,1.91
2024-01-31 00:00:00+00:00,3.9085,3.9098,3.8892,3.8918,4.15
2024-01-31 04:00:00+00:00,3.8913,3.9053,3.8847,3.9045,5.14
2024-01-31 08:00:00+00:00,3.9053,3.9183,3.9019,3.9035,3.23
2024-01-31 12:00:00+00:00,3.9038,3.9453,3.8954,3.928,17.93
2024-01-31 16:00:00+00:00,3.9279,3.9293,3.8864,3.9012,15.75
2024-01-31 20:00:00+00:00,3.9013,3.903,3.8812,3.89,3.15
2024-02-01 00:00:00+00:00,3.8897,3.895,3.8715,3.8762,4.57
2024-02-01 04:00:00+00:00,3.8773,3.8773,3.8543,3.863,4.92
2024-02-01 08:00:00+00:00,3.8625,3.8625,3.8467,3.8611,4.68
2024-02-01 12:00:00+00:00,3.8617,3.879,3.8442,3.8508,15.6
2024-02-01 16:00:00+00:00,3.8518,3.8683,3.8465,3.8518,9.74
2024-02-01 20:00:00+00:00,3.852,3.8535,3.8452,3.8518,0.67
2024-02-02 00:00:00+00:00,3.8519,3.8603,3.8412,3.8427,3.24
2024-02-02 04:00:00+00:00,3.8431,3.8435,3.8164,3.8208,5.73
2024-02-02 08:00:00+00:00,3.8212,3.844,3.8142,3.8393,3.54
2024-02-02 12:00:00+00:00,3.8398,3.8505,3.8157,3.8274,21.74
2024-02-02 16:00:00+00:00,3.8278,3.8322,3.8154,3.8199,7.56
2024-02-02 20:00:00+00:00,3.8202,3.8219,3.8164,3.8169,0.74
2024-02-04 20:00:00+00:00,3.8165,3.821,3.8129,3.8192,0.19
2024-02-05 00:00:00+00:00,3.819,3.8278,3.8123,3.818,6.04
2024-02-05 04:00:00+00:00,3.8176,3.8308,3.8142,3.8175,6.38
2024-02-05 08:00:00+00:00,3.8168,3.8228,3.7948,3.801,6.56
2024-02-05 12:00:00+00:00,3.8012,3.8055,3.7634,3.7693,16.84
2024-02-05 16:00:00+00:00,3.7697,3.7788,3.7612,3.7723,7.02
2024-02-05 20:00:00+00:00,3.7727,3.773,3.7668,3.767,0.89
2024-02-06 00:00:00+00:00,3.767,3.7818,3.7657,3.7785,4.72
2024-02-06 04:00:00+00:00,3.778,3.7923,3.7744,3.779,6.11
2024-02-06 08:00:00+00:00,3.7794,3.7805,3.7639,3.7727,6.17
2024-02-06 12:00:00+00:00,3.7725,3.7953,3.7688,3.7877,22.31
2024-02-06 16:00:00+00:00,3.788,3.7888,3.7733,3.7799,9.09
2024-02-06 20:00:00+00:00,3.7808,3.783,3.7792,3.781,0.64
2024-02-07 00:00:00+00:00,3.7804,3.7933,3.7777,3.7777,4.52
2024-02-07 04:00:00+00:00,3.7785,3.7868,3.7727,3.7818,5.61
2024-02-07 08:00:00+00:00,3.7817,3.7893,3.7595,3.7678,5.15
2024-02-07 12:00:00+00:00,3.7684,3.7828,3.7498,3.7518,20.21
2024-02-07 16:00:00+00:00,3.751,3.7555,3.7297,3.7343,10.16
2024-02-07 20:00:00+00:00,3.7343,3.7358,3.7305,3.7327,0.87
2024-02-08 00:00:00+00:00,3.7335,3.754,3.7329,3.7499,4.43
2024-02-08 04:00:00+00:00,3.7502,3.7603,3.7472,3.7522,4.09
2024-02-08 08:00:00+00:00,3.7517,3.7525,3.7234,3.7305,4.11
2024-02-08 12:00:00+00:00,3.7303,3.7347,3.6797,3.6932,18.02
2024-02-08 16:00:00+00:00,3.6938,3.7067,3.6768,3.706,10.92
2024-02-08 20:00:00+00:00,3.7063,3.708,3.7027,3.704,1.1
2024-02-09 00:00:00+00:00,3.7041,3.7078,3.696,3.7024,1.99
2024-02-09 04:00:00+00:00,3.702,3.7105,3.6952,3.7008,2.32
2024-02-09 08:00:00+00:00,3.7008,3.7013,3.6842,3.6928,4.83
2024-02-09 12:00:00+00:00,3.6925,3.6963,3.6537,3.6709,20.63
2024-02-09 16:00:00+00:00,3.6718,3.6878,3.6708,3.6833,8.03
2024-02-09 20:00:00+00:00,3.6827,3.6863,3.6818,3.6845,0.98
2024-02-11 20:00:00+00:00,3.6861,3.6861,3.6684,3.6739,0.11
2024-02-12 00:00:00+00:00,3.6741,3.6815,3.6702,3.6713,1.24
2024-02-12 04:00:00+00:00,3.6712,3.678,3.6643,3.6714,1.69
2024-02-12 08:00:00+00:00,3.671,3.7003,3.6683,3.6928,6.02
2024-02-12 12:00:00+00:00,3.6927,3.71,3.6817,3.6987,15.35
2024-02-12 16:00:00+00:00,3.6994,3.724,3.6987,3.7172,8.42
2024-02-12 20:00:00+00:00,3.7177,3.7213,3.7174,3.7198,0.33
2024-02-13 00:00:00+00:00,3.72,3.7443,3.7194,3.7418,0.77
2024-02-13 04:00:00+00:00,3.7425,3.7523,3.7413,3.747,1.78
2024-02-13 08:00:00+00:00,3.7478,3.7503,3.7333,3.7349,3.68
2024-02-13 12:00:00+00:00,3.7349,3.7425,3.7099,3.7224,17.62
2024-02-13 16:00:00+00:00,3.723,3.7298,3.7012,3.7025,7.31
2024-02-13 20:00:00+00:00,3.7033,3.7075,3.7012,3.7022,1.0
2024-02-14 00:00:00+00:00,3.7025,3.7093,3.6892,3.6951,1.65
2024-02-14 04:00:00+00:00,3.6948,3.7005,3.6873,3.6929,1.32
2024-02-14 08:00:00+00:00,3.6935,3.719,3.6907,3.7142,2.94
2024-02-14 12:00:00+00:00,3.7146,3.7238,3.7002,3.7037,14.8
2024-02-14 16:00:00+00:00,3.7033,3.7078,3.6934,3.7002,6.72
2024-02-14 20:00:00+00:00,3.701,3.7023,3.6984,3.7018,0.66
2024-02-15 00:00:00+00:00,3.7019,3.7085,3.6972,3.7027,0.81
2024-02-15 04:00:00+00:00,3.7027,3.7113,3.7009,3.7089,0.57
2024-02-15 08:00:00+00:00,3.7092,3.7255,3.7089,3.7234,1.93
2024-02-15 12:00:00+00:00,3.7233,3.7518,3.7148,3.7443,15.23
2024-02-15 16:00:00+00:00,3.7447,3.7593,3.7377,3.7545,7.08
2024-02-15 20:00:00+00:00,3.7539,3.7735,3.752,3.7725,0.46
2024-02-16 00:00:00+00:00,3.7719,3.7843,3.7666,3.7798,0.71
2024-02-16 04:00:00+00:00,3.7797,3.7973,3.7753,3.795,1.31
2024-02-16 08:00:00+00:00,3.7955,3.8145,3.7875,3.8125,3.28
2024-02-16 12:00:00+00:00,3.8119,3.8486,3.8078,3.8385,17.12
2024-02-16 16:00:00+00:00,3.8383,3.854,3.8352,3.838,10.14
2024-02-16 20:00:00+00:00,3.8367,3.8388,3.8318,3.8335,1.03
2024-02-18 20:00:00+00:00,3.8313,3.8313,3.8206,3.8277,0.26
2024-02-19 00:00:00+00:00,3.8282,3.84,3.8177,3.8179,4.23
2024-02-19 04:00:00+00:00,3.8176,3.8313,3.8139,3.828,1.78
2024-02-19 08:00:00+00:00,3.8283,3.8305,3.8148,3.8297,2.46
2024-02-19 12:00:00+00:00,3.83,3.839,3.8242,3.8268,6.58
2024-02-19 16:00:00+00:00,3.826,3.8303,3.8186,3.8228,1.43
2024-02-19 20:00:00+00:00,3.8254,3.8254,3.8187,3.8213,0.03
2024-02-20 00:00:00+00:00,3.8204,3.8261,3.812,3.8152,3.6
2024-02-20 04:00:00+00:00,3.8158,3.826,3.8089,3.8252,2.29
2024-02-20 08:00:00+00:00,3.8254,3.8503,3.8205,3.8293,4.44
2024-02-20 12:00:00+00:00,3.8294,3.8573,3.8282,3.8538,18.35
2024-02-20 16:00:00+00:00,3.8529,3.8775,3.8485,3.87,12.9
2024-02-20 20:00:00+00:00,3.8694,3.8736,3.8659,3.8711,0.81
2024-02-21 00:00:00+00:00,3.872,3.8805,3.8572,3.8782,4.59
2024-02-21 04:00:00+00:00,3.8793,3.885,3.8712,3.8763,2.43
2024-02-21 08:00:00+00:00,3.8763,3.8933,3.8733,3.8784,4.36
2024-02-21 12:00:00+00:00,3.8778,3.9115,3.8777,3.8827,21.28
2024-02-21 16:00:00+00:00,3.8835,3.8915,3.8788,3.888,7.06
2024-02-21 20:00:00+00:00,3.8871,3.8963,3.8844,3.8957,0.59
2024-02-22 00:00:00+00:00,3.896,3.8998,3.8755,3.8823,2.53
2024-02-22 04:00:00+00:00,3.8817,3.905,3.8777,3.8998,2.22
2024-02-22 08:00:00+00:00,3.9004,3.9073,3.8785,3.8883,3.28
2024-02-22 12:00:00+00:00,3.8872,3.9038,3.8762,3.9004,11.66
2024-02-22 16:00:00+00:00,3.9013,3.9144,3.8959,3.9093,6.44
2024-02-22 20:00:00+00:00,3.9096,3.9145,3.9092,3.9133,0.56
2024-02-23 00:00:00+00:00,3.9135,3.9144,3.8977,3.8984,4.51
2024-02-23 04:00:00+00:00,3.8985,3.9037,3.8947,3.898,2.72
2024-02-23 08:00:00+00:00,3.8978,3.9035,3.8605,3.8754,4.26
2024-02-23 12:00:00+00:00,3.8759,3.8953,3.8697,3.8807,10.67
2024-02-23 16:00:00+00:00,3.8809,3.9003,3.8797,3.8898,7.0
2024-02-23 20:00:00+00:00,3.8894,3.8913,3.8837,3.8855,0.33
2024-02-25 20:00:00+00:00,3.8843,3.8858,3.8794,3.8815,0.08
2024-02-26 00:00:00+00:00,3.8815,3.8838,3.8722,3.8742,2.42
2024-02-26 04:00:00+00:00,3.8738,3.883,3.8657,3.8708,2.38
2024-02-26 08:00:00+00:00,3.8702,3.8738,3.8464,3.8474,3.46
2024-02-26 12:00:00+00:00,3.8479,3.8609,3.8369,3.8383,10.99
2024-02-26 16:00:00+00:00,3.8393,3.8453,3.8324,3.8345,5.87
2024-02-26 20:00:00+00:00,3.8347,3.8358,3.8314,3.8334,0.49
2024-02-27 00:00:00+00:00,3.8338,3.8443,3.8334,3.8433,3.01
2024-02-27 04:00:00+00:00,3.8429,3.8593,3.8425,3.8579,1.28
2024-02-27 08:00:00+00:00,3.8587,3.863,3.8469,3.852,2.58
2024-02-27 12:00:00+00:00,3.8522,3.856,3.8352,3.8468,8.04
2024-02-27 16:00:00+00:00,3.8468,3.8563,3.8409,3.8509,4.67
2024-02-27 20:00:00+00:00,3.8504,3.8543,3.8407,3.8418,0.17
2024-02-28 00:00:00+00:00,3.8424,3.8503,3.8343,3.8403,1.82
2024-02-28 04:00:00+00:00,3.84,3.843,3.8279,3.83,1.87
2024-02-28 08:00:00+00:00,3.8307,3.8315,3.8189,3.8307,3.55
2024-02-28 12:00:00+00:00,3.8313,3.8354,3.8227,3.829,10.4
2024-02-28 16:00:00+00:00,3.8298,3.844,3.8217,3.8352,5.18
2024-02-28 20:00:00+00:00,3.836,3.8395,3.8343,3.8348,0.31
2024-02-29 00:00:00+00:00,3.8345,3.8529,3.8318,3.8524,2.19
2024-02-29 04:00:00+00:00,3.8518,3.8573,3.8443,3.845,2.09
2024-02-29 08:00:00+00:00,3.8455,3.8567,3.8389,3.8449,2.81
2024-02-29 12:00:00+00:00,3.845,3.8668,3.8396,3.8535,11.98
2024-02-29 16:00:00+00:00,3.8529,3.8568,3.8397,3.8405,5.63
2024-02-29 20:00:00+00:00,3.8403,3.8452,3.8403,3.8429,0.36
2024-03-01 00:00:00+00:00,3.8434,3.8513,3.8399,3.849,1.9
2024-03-01 04:00:00+00:00,3.8488,3.8488,3.8292,3.8334,1.54
2024-03-01 08:00:00+00:00,3.833,3.8375,3.8157,3.8339,4.28
2024-03-01 12:00:00+00:00,3.8348,3.8598,3.8262,3.8559,11.03
2024-03-01 16:00:00+00:00,3.8563,3.8712,3.8523,3.8605,6.49
2024-03-01 20:00:00+00:00,3.8603,3.8608,3.8569,3.857,0.45
2024-03-03 20:00:00+00:00,3.8566,3.8625,3.8566,3.8601,0.1
2024-03-04 00:00:00+00:00,3.8602,3.864,3.8455,3.8462,2.58
2024-03-04 04:00:00+00:00,3.847,3.8773,3.841,3.8759,2.87
2024-03-04 08:00:00+00:00,3.8762,3.8855,3.865,3.8685,3.09
2024-03-04 12:00:00+00:00,3.8684,3.8728,3.8583,3.8675,8.39
2024-03-04 16:00:00+00:00,3.8688,3.8763,3.8493,3.8552,6.1
2024-03-04 20:00:00+00:00,3.8551,3.8573,3.8533,3.8555,0.42
2024-03-05 00:00:00+00:00,3.8555,3.8595,3.8457,3.849,2.94
2024-03-05 04:00:00+00:00,3.8487,3.8533,3.8402,3.8464,1.43
2024-03-05 08:00:00+00:00,3.8467,3.8708,3.8467,3.8585,2.28
2024-03-05 12:00:00+00:00,3.859,3.8608,3.8387,3.8608,11.5
2024-03-05 16:00:00+00:00,3.8605,3.8613,3.8365,3.8413,6.25
2024-03-05 20:00:00+00:00,3.8415,3.8433,3.8392,3.84,0.41
2024-03-06 00:00:00+00:00,3.84,3.8482,3.8347,3.8472,1.8
2024-03-06 04:00:00+00:00,3.847,3.8538,3.8438,3.8499,2.02
2024-03-06 08:00:00+00:00,3.8497,3.868,3.8464,3.8604,3.52
2024-03-06 12:00:00+00:00,3.8608,3.8953,3.8524,3.8927,15.12
2024-03-06 16:00:00+00:00,3.8924,3.8933,3.8634,3.8664,7.18
2024-03-06 20:00:00+00:00,3.8668,3.8704,3.8653,3.8693,0.38
2024-03-07 00:00:00+00:00,3.8687,3.8818,3.8687,3.8763,2.35
2024-03-07 04:00:00+00:00,3.8766,3.8863,3.8719,3.8863,1.81
2024-03-07 08:00:00+00:00,3.8873,3.9293,3.8814,3.9267,5.79
2024-03-07 12:00:00+00:00,3.9265,3.9403,3.9117,3.9253,14.06
2024-03-07 16:00:00+00:00,3.9253,3.9298,3.9173,3.9238,6.11
2024-03-07 20:00:00+00:00,3.923,3.9268,3.9212,3.926,0.47
2024-03-08 00:00:00+00:00,3.9262,3.927,3.9108,3.9119,1.85
2024-03-08 04:00:00+00:00,3.9122,3.9308,3.9103,3.9258,2.8
2024-03-08 08:00:00+00:00,3.9264,3.9438,3.9177,3.9297,3.39
2024-03-08 12:00:00+00:00,3.9299,3.9318,3.8798,3.8957,19.82
2024-03-08 16:00:00+00:00,3.8952,3.9015,3.8817,3.8875,8.56
2024-03-08 20:00:00+00:00,3.8879,3.8908,3.8865,3.8889,0.4
2024-03-10 20:00:00+00:00,3.8911,3.8945,3.8874,3.8942,0.18
2024-03-11 00:00:00+00:00,3.8945,3.8993,3.886,3.8913,2.38
2024-03-11 04:00:00+00:00,3.8905,3.8968,3.8763,3.8869,2.58
2024-03-11 08:00:00+00:00,3.888,3.9135,3.8859,3.9115,3.07
2024-03-11 12:00:00+00:00,3.9123,3.9253,3.9042,3.9237,13.59
2024-03-11 16:00:00+00:00,3.924,3.9283,3.9212,3.9283,4.02
2024-03-11 20:00:00+00:00,3.9278,3.931,3.9267,3.9285,0.4
2024-03-12 00:00:00+00:00,3.9293,3.9345,3.9147,3.9185,2.71
2024-03-12 04:00:00+00:00,3.9177,3.935,3.9125,3.9343,2.15
2024-03-12 08:00:00+00:00,3.9343,3.9353,3.9143,3.9294,3.4
2024-03-12 12:00:00+00:00,3.9303,3.9503,3.8997,3.9343,21.67
2024-03-12 16:00:00+00:00,3.9344,3.9349,3.9234,3.931,5.06
2024-03-12 20:00:00+00:00,3.9304,3.9375,3.9299,3.9343,0.1
2024-03-13 00:00:00+00:00,3.9343,3.9375,3.9167,3.9288,2.66
2024-03-13 04:00:00+00:00,3.9279,3.9613,3.9237,3.9608,4.68
2024-03-13 08:00:00+00:00,3.9612,4.0119,3.96,4.0063,8.5
2024-03-13 12:00:00+00:00,4.0072,4.0593,3.9973,4.0572,22.35
2024-03-13 16:00:00+00:00,4.0577,4.0673,4.0493,4.0523,8.09
2024-03-13 20:00:00+00:00,4.0513,4.0578,4.0504,4.0577,0.23
2024-03-14 00:00:00+00:00,4.0583,4.0787,4.0412,4.0439,4.26
2024-03-14 04:00:00+00:00,4.0439,4.0448,4.0153,4.0407,4.56
2024-03-14 08:00:00+00:00,4.0415,4.0518,4.0337,4.0488,4.35
2024-03-14 12:00:00+00:00,4.049,4.056,4.0174,4.0295,19.46
2024-03-14 16:00:00+00:00,4.0293,4.0503,4.0262,4.049,6.0
2024-03-14 20:00:00+00:00,4.0482,4.0535,4.0445,4.0489,0.34
2024-03-15 00:00:00+00:00,4.0494,4.0879,4.0428,4.0857,5.35
2024-03-15 04:00:00+00:00,4.0864,4.1218,4.0848,4.1074,6.49
2024-03-15 08:00:00+00:00,4.108,4.1115,4.0822,4.1012,5.51
2024-03-15 12:00:00+00:00,4.1019,4.1325,4.0859,4.1283,19.96
2024-03-15 16:00:00+00:00,4.1279,4.1353,4.1102,4.1206,6.34
2024-03-15 20:00:00+00:00,4.1212,4.1223,4.1189,4.1192,0.1
2024-03-17 20:00:00+00:00,4.1158,4.1183,4.1107,4.1162,0.09
2024-03-18 00:00:00+00:00,4.1163,4.1253,4.0998,4.1087,6.21
2024-03-18 04:00:00+00:00,4.1092,4.114,4.1007,4.1103,2.3
2024-03-18 08:00:00+00:00,4.1098,4.1368,4.1013,4.1322,5.25
2024-03-18 12:00:00+00:00,4.1328,4.1625,4.1222,4.1435,20.98
2024-03-18 16:00:00+00:00,4.1433,4.1433,4.1202,4.1303,5.42
2024-03-18 20:00:00+00:00,4.1295,4.132,4.1262,4.1283,0.13
2024-03-19 00:00:00+00:00,4.1282,4.134,4.1112,4.1225,4.26
2024-03-19 04:00:00+00:00,4.1225,4.1248,4.0797,4.1063,4.41
2024-03-19 08:00:00+00:00,4.1079,4.1155,4.0678,4.0705,5.31
2024-03-19 12:00:00+00:00,4.0712,4.0832,4.0562,4.0694,18.31
2024-03-19 16:00:00+00:00,4.0687,4.075,4.0632,4.0653,4.32
2024-03-19 20:00:00+00:00,4.0639,4.067,4.0618,4.0618,0.21
2024-03-20 00:00:00+00:00,4.0625,4.0873,4.0568,4.0825,5.09
2024-03-20 04:00:00+00:00,4.0823,4.0848,4.0462,4.0552,3.34
2024-03-20 08:00:00+00:00,4.055,4.055,4.0259,4.0403,3.69
2024-03-20 12:00:00+00:00,4.041,4.0605,4.0317,4.0434,14.07
2024-03-20 16:00:00+00:00,4.0438,4.0933,4.0403,4.0883,7.49
2024-03-20 20:00:00+00:00,4.0873,4.1008,4.0832,4.1008,0.37
2024-03-21 00:00:00+00:00,4.1003,4.1165,4.0867,4.1089,5.06
2024-03-21 04:00:00+00:00,4.1084,4.1255,4.102,4.1068,3.83
2024-03-21 08:00:00+00:00,4.1075,4.1092,4.0688,4.0733,4.8
2024-03-21 12:00:00+00:00,4.074,4.0894,4.0392,4.0437,20.57
2024-03-21 16:00:00+00:00,4.0435,4.0643,4.0433,4.0628,4.19
2024-03-21 20:00:00+00:00,4.0622,4.063,4.0588,4.0597,0.13
2024-03-22 00:00:00+00:00,4.0602,4.064,4.0095,4.0142,6.68
2024-03-22 04:00:00+00:00,4.014,4.0258,4.0044,4.0198,4.47
2024-03-22 08:00:00+00:00,4.0199,4.027,3.9959,4.0024,4.59
2024-03-22 12:00:00+00:00,4.0033,4.0275,3.9963,4.0057,16.69
2024-03-22 16:00:00+00:00,4.0064,4.0143,3.9948,3.9953,4.43
2024-03-22 20:00:00+00:00,3.9947,3.997,3.9947,3.996,0.35
2024-03-24 20:00:00+00:00,3.9956,4.0043,3.9896,3.9988,0.17
2024-03-25 00:00:00+00:00,3.9988,4.0448,3.9957,4.0319,7.41
2024-03-25 04:00:00+00:00,4.0318,4.0335,4.0132,4.0204,3.31
2024-03-25 08:00:00+00:00,4.0207,4.03,3.9964,3.9993,4.82
2024-03-25 12:00:00+00:00,3.9995,4.0338,3.9992,4.0188,13.75
2024-03-25 16:00:00+00:00,4.0193,4.0238,4.0082,4.0108,3.77
2024-03-25 20:00:00+00:00,4.0108,4.0108,4.0049,4.0057,0.25
2024-03-26 00:00:00+00:00,4.0062,4.0215,3.9787,3.9905,6.65
2024-03-26 04:00:00+00:00,3.991,4.0038,3.9887,3.9965,3.05
2024-03-26 08:00:00+00:00,3.9963,4.0252,3.9838,4.0161,5.77
2024-03-26 12:00:00+00:00,4.0164,4.0194,3.9905,4.0085,13.81
2024-03-26 16:00:00+00:00,4.0092,4.0138,4.0028,4.0032,3.78
2024-03-26 20:00:00+00:00,4.0028,4.0056,3.9988,4.0053,0.24
2024-03-27 00:00:00+00:00,4.0044,4.0063,3.9803,3.9897,4.03
2024-03-27 04:00:00+00:00,3.99,4.0013,3.9863,3.9953,2.82
2024-03-27 08:00:00+00:00,3.9964,4.0032,3.9748,3.9845,4.71
2024-03-27 12:00:00+00:00,3.985,3.9989,3.9658,3.9835,14.92
2024-03-27 16:00:00+00:00,3.9833,4.0148,3.9832,4.0092,5.22
2024-03-27 20:00:00+00:00,4.0093,4.0115,4.0014,4.0048,0.22
2024-03-28 00:00:00+00:00,4.0053,4.0323,3.9899,4.0255,6.06
2024-03-28 04:00:00+00:00,4.0253,4.0378,4.0017,4.0023,4.66
2024-03-28 08:00:00+00:00,4.0032,4.0038,3.9882,3.9918,3.13
2024-03-28 12:00:00+00:00,3.9923,4.014,3.9842,4.0013,14.68
2024-03-28 16:00:00+00:00,4.0014,4.012,3.9972,4.0062,4.67
2024-03-28 20:00:00+00:00,4.006,4.009,4.0038,4.0087,0.12
2024-03-31 20:00:00+00:00,4.0333,4.063,4.033,4.0537,0.9
2024-04-01 00:00:00+00:00,4.0538,4.0568,4.0363,4.0497,2.52
2024-04-01 04:00:00+00:00,4.05,4.0595,4.0374,4.0528,1.5
2024-04-01 08:00:00+00:00,4.0521,4.0653,4.0453,4.0484,1.16
2024-04-01 12:00:00+00:00,4.0488,4.0768,4.0234,4.0487,12.93
2024-04-01 16:00:00+00:00,4.0493,4.0578,4.0415,4.0522,3.59
2024-04-01 20:00:00+00:00,4.0525,4.0559,4.0472,4.0473,0.3
2024-04-02 00:00:00+00:00,4.0453,4.0579,4.0395,4.0521,4.05
2024-04-02 04:00:00+00:00,4.052,4.0793,4.0449,4.0779,4.7
2024-04-02 08:00:00+00:00,4.0774,4.0873,4.0728,4.0846,4.24
2024-04-02 12:00:00+00:00,4.0855,4.0945,4.0612,4.0648,18.07
2024-04-02 16:00:00+00:00,4.0647,4.0778,4.0582,4.0753,4.37
2024-04-02 20:00:00+00:00,4.0747,4.082,4.0747,4.0762,0.25
2024-04-03 00:00:00+00:00,4.076,4.1024,4.0704,4.1012,4.5
2024-04-03 04:00:00+00:00,4.1016,4.1108,4.0767,4.0799,4.83
2024-04-03 08:00:00+00:00,4.0798,4.1133,4.0669,4.1115,4.6
2024-04-03 12:00:00+00:00,4.112,4.1978,4.0988,4.176,22.04
2024-04-03 16:00:00+00:00,4.1768,4.2148,4.1759,4.2119,6.85
2024-04-03 20:00:00+00:00,4.2116,4.231,4.2073,4.2164,1.21
2024-04-04 00:00:00+00:00,4.217,4.2478,4.2153,4.2308,2.26
2024-04-04 04:00:00+00:00,4.2312,4.2405,4.2202,4.2306,2.75
2024-04-04 08:00:00+00:00,4.2309,4.2535,4.2185,4.2359,4.67
2024-04-04 12:00:00+00:00,4.2364,4.2405,4.2066,4.2343,15.33
2024-04-04 16:00:00+00:00,4.2339,4.2483,4.1995,4.2027,7.13
2024-04-04 20:00:00+00:00,4.2022,4.2195,4.202,4.2152,0.69
2024-04-05 00:00:00+00:00,4.2157,4.2163,4.1647,4.1857,4.45
2024-04-05 04:00:00+00:00,4.1864,4.2203,4.1837,4.2183,4.56
2024-04-05 08:00:00+00:00,4.2173,4.2303,4.2032,4.208,5.43
2024-04-05 12:00:00+00:00,4.2083,4.2333,4.1969,4.2288,20.08
2024-04-05 16:00:00+00:00,4.2292,4.2418,4.2183,4.2395,7.39
2024-04-05 20:00:00+00:00,4.2387,4.242,4.2372,4.2389,0.2
2024-04-07 20:00:00+00:00,4.2297,4.2297,4.2077,4.21,0.7
2024-04-08 00:00:00+00:00,4.2098,4.2558,4.1704,4.2302,13.54
2024-04-08 04:00:00+00:00,4.2308,4.2404,4.2068,4.236,5.54
2024-04-08 08:00:00+00:00,4.2363,4.286,4.2341,4.2718,6.35
2024-04-08 12:00:00+00:00,4.272,4.3023,4.2342,4.2573,22.77
2024-04-08 16:00:00+00:00,4.2565,4.2943,4.2548,4.2922,5.36
2024-04-08 20:00:00+00:00,4.2917,4.296,4.2887,4.2919,0.38
2024-04-09 00:00:00+00:00,4.2922,4.294,4.2635,4.2667,6.2
2024-04-09 04:00:00+00:00,4.2672,4.2798,4.2547,4.2733,3.66
2024-04-09 08:00:00+00:00,4.273,4.3054,4.2502,4.3048,6.59
2024-04-09 12:00:00+00:00,4.3048,4.3315,4.259,4.2692,25.69
2024-04-09 16:00:00+00:00,4.2694,4.2972,4.269,4.2972,7.32
2024-04-09 20:00:00+00:00,4.2962,4.302,4.2939,4.298,0.34
2024-04-10 00:00:00+00:00,4.2975,4.3123,4.2839,4.3017,5.88
2024-04-10 04:00:00+00:00,4.3022,4.326,4.2913,4.3094,3.96
2024-04-10 08:00:00+00:00,4.3095,4.3283,4.3074,4.3193,4.02
2024-04-10 12:00:00+00:00,4.3199,4.3335,4.2392,4.2634,31.0
2024-04-10 16:00:00+00:00,4.264,4.2878,4.2552,4.2754,10.3
2024-04-10 20:00:00+00:00,4.2753,4.2773,4.267,4.267,0.12
2024-04-11 00:00:00+00:00,4.2675,4.2973,4.2622,4.287,5.79
2024-04-11 04:00:00+00:00,4.2869,4.297,4.2571,4.2829,5.14
2024-04-11 08:00:00+00:00,4.2832,4.2885,4.25,4.2602,5.53
2024-04-11 12:00:00+00:00,4.2609,4.2818,4.2272,4.2493,25.18
2024-04-11 16:00:00+00:00,4.2483,4.2615,4.2372,4.2577,8.28
2024-04-11 20:00:00+00:00,4.2572,4.2624,4.2562,4.257,0.25
2024-04-12 00:00:00+00:00,4.2575,4.2808,4.2474,4.2573,6.38
2024-04-12 04:00:00+00:00,4.2579,4.3203,4.2574,4.3133,7.64
2024-04-12 08:00:00+00:00,4.3138,4.3597,4.3124,4.3443,8.26
2024-04-12 12:00:00+00:00,4.345,4.3572,4.278,4.3018,29.69
2024-04-12 16:00:00+00:00,4.3013,4.3018,4.2502,4.2573,15.39
2024-04-12 20:00:00+00:00,4.2574,4.3194,4.2538,4.3145,0.43
2024-04-14 20:00:00+00:00,4.3657,4.3929,4.3307,4.3342,0.78
2024-04-15 00:00:00+00:00,4.3347,4.372,4.2699,4.3007,8.42
2024-04-15 04:00:00+00:00,4.3007,4.33,4.2784,4.2976,5.68
2024-04-15 08:00:00+00:00,4.2972,4.3253,4.2791,4.323,3.91
2024-04-15 12:00:00+00:00,4.3237,4.378,4.2993,4.376,26.32
2024-04-15 16:00:00+00:00,4.376,4.3871,4.3494,4.3672,10.92
2024-04-15 20:00:00+00:00,4.3666,4.377,4.3615,4.3642,0.24
2024-04-16 00:00:00+00:00,4.3638,4.3735,4.336,4.3499,5.99
2024-04-16 04:00:00+00:00,4.35,4.3673,4.3147,4.3284,4.08
2024-04-16 08:00:00+00:00,4.3287,4.335,4.2899,4.3137,3.7
2024-04-16 12:00:00+00:00,4.3145,4.3168,4.2747,4.2986,21.22
2024-04-16 16:00:00+00:00,4.2983,4.3195,4.2909,4.2993,9.2
2024-04-16 20:00:00+00:00,4.2988,4.307,4.2903,4.305,0.21
2024-04-17 00:00:00+00:00,4.3049,4.3103,4.288,4.294,6.12
2024-04-17 04:00:00+00:00,4.2944,4.3265,4.2815,4.3228,5.99
2024-04-17 08:00:00+00:00,4.3225,4.3423,4.3109,4.3362,4.38
2024-04-17 12:00:00+00:00,4.3366,4.3783,4.3347,4.3559,27.51
2024-04-17 16:00:00+00:00,4.3563,4.358,4.3285,4.3404,12.31
2024-04-17 20:00:00+00:00,4.3403,4.3652,4.3392,4.3625,0.08
2024-04-18 00:00:00+00:00,4.363,4.3873,4.3442,4.387,5.56
2024-04-18 04:00:00+00:00,4.3859,4.4514,4.3823,4.4427,6.21
2024-04-18 08:00:00+00:00,4.4432,4.4594,4.4292,4.4325,5.84
2024-04-18 12:00:00+00:00,4.4324,4.4688,4.4115,4.4664,21.84
2024-04-18 16:00:00+00:00,4.4673,4.4748,4.4465,4.4576,8.03
2024-04-18 20:00:00+00:00,4.4568,4.4655,4.4527,4.4582,0.58
2024-04-19 00:00:00+00:00,4.4584,4.5045,4.4249,4.454,11.32
2024-04-19 04:00:00+00:00,4.4537,4.4882,4.4414,4.4865,5.29
2024-04-19 08:00:00+00:00,4.4863,4.516,4.459,4.5009,5.21
2024-04-19 12:00:00+00:00,4.5013,4.5393,4.4842,4.5213,22.11
2024-04-19 16:00:00+00:00,4.522,4.5255,4.5045,4.5183,5.96
2024-04-19 20:00:00+00:00,4.5185,4.5193,4.5152,4.5182,0.13
2024-04-21 20:00:00+00:00,4.5145,4.53,4.5134,4.5216,0.35
2024-04-22 00:00:00+00:00,4.5214,4.5725,4.5164,4.532,8.91
2024-04-22 04:00:00+00:00,4.5323,4.539,4.5026,4.509,7.44
2024-04-22 08:00:00+00:00,4.5087,4.5508,4.5055,4.525,4.21
2024-04-22 12:00:00+00:00,4.5255,4.5305,4.4872,4.497,20.03
2024-04-22 16:00:00+00:00,4.497,4.516,4.4933,4.5127,3.9
2024-04-22 20:00:00+00:00,4.5121,4.5128,4.5018,4.507,0.28
2024-04-23 00:00:00+00:00,4.507,4.517,4.4509,4.4555,8.84
2024-04-23 04:00:00+00:00,4.4558,4.4663,4.4257,4.449,7.09
2024-04-23 08:00:00+00:00,4.449,4.4503,4.4144,4.4372,5.32
2024-04-23 12:00:00+00:00,4.4378,4.4593,4.4097,4.4538,17.55
2024-04-23 16:00:00+00:00,4.4534,4.4608,4.4517,4.4527,6.21
2024-04-23 20:00:00+00:00,4.4522,4.4543,4.44,4.4477,0.24
2024-04-24 00:00:00+00:00,4.4488,4.4969,4.4407,4.4938,8.73
2024-04-24 04:00:00+00:00,4.494,4.5085,4.4797,4.4867,6.64
2024-04-24 08:00:00+00:00,4.4868,4.4948,4.4755,4.4894,3.29
2024-04-24 12:00:00+00:00,4.4901,4.5158,4.4734,4.4808,22.01
2024-04-24 16:00:00+00:00,4.4808,4.4933,4.4752,4.4839,6.79
2024-04-24 20:00:00+00:00,4.4838,4.4845,4.4737,4.4764,0.35
2024-04-25 00:00:00+00:00,4.4759,4.5063,4.4632,4.4816,8.0
2024-04-25 04:00:00+00:00,4.4823,4.5414,4.4727,4.5414,5.35
2024-04-25 08:00:00+00:00,4.5414,4.5738,4.5402,4.5715,4.57
2024-04-25 12:00:00+00:00,4.572,4.5815,4.5302,4.5355,23.66
2024-04-25 16:00:00+00:00,4.5352,4.5593,4.5282,4.5524,5.61
2024-04-25 20:00:00+00:00,4.5517,4.5573,4.549,4.553,0.15
2024-04-26 00:00:00+00:00,4.5543,4.587,4.5428,4.5863,5.45
2024-04-26 04:00:00+00:00,4.5859,4.6115,4.5823,4.5952,5.11
2024-04-26 08:00:00+00:00,4.5947,4.612,4.5853,4.59,1.74
2024-04-26 12:00:00+00:00,4.5902,4.598,4.5408,4.5659,16.98
2024-04-26 16:00:00+00:00,4.566,4.5793,4.5634,4.5755,3.91
2024-04-26 20:00:00+00:00,4.5752,4.5865,4.5744,4.5865,0.06
2024-04-28 20:00:00+00:00,4.5901,4.5911,4.5829,4.5869,0.14
2024-04-29 00:00:00+00:00,4.5878,4.6063,4.5634,4.598,7.73
2024-04-29 04:00:00+00:00,4.5988,4.6078,4.583,4.6032,7.41
2024-04-29 08:00:00+00:00,4.603,4.6185,4.5899,4.6151,2.8
2024-04-29 12:00:00+00:00,4.6156,4.6595,4.6023,4.6593,22.12
2024-04-29 16:00:00+00:00,4.6585,4.6793,4.6553,4.6685,9.16
2024-04-29 20:00:00+00:00,4.668,4.6765,4.6663,4.6689,0.21
2024-04-30 00:00:00+00:00,4.6681,4.6918,4.6572,4.6728,7.79
2024-04-30 04:00:00+00:00,4.673,4.6788,4.6282,4.6334,7.32
2024-04-30 08:00:00+00:00,4.6343,4.6395,4.6101,4.6155,4.05
2024-04-30 12:00:00+00:00,4.6161,4.6185,4.5572,4.5648,22.17
2024-04-30 16:00:00+00:00,4.5653,4.5738,4.5518,4.5522,5.62
2024-04-30 20:00:00+00:00,4.5517,4.5548,4.5332,4.544,0.44
2024-05-01 00:00:00+00:00,4.5444,4.5468,4.5196,4.5247,1.09
2024-05-01 04:00:00+00:00,4.5243,4.5513,4.5243,4.5404,2.0
2024-05-01 08:00:00+00:00,4.541,4.5413,4.5234,4.5331,3.49
2024-05-01 12:00:00+00:00,4.534,4.5588,4.5106,4.541,15.65
2024-05-01 16:00:00+00:00,4.541,4.5963,4.5357,4.5549,10.41
2024-05-01 20:00:00+00:00,4.5542,4.5735,4.5504,4.5704,0.52
2024-05-02 00:00:00+00:00,4.5692,4.5798,4.5577,4.5642,1.55
2024-05-02 04:00:00+00:00,4.5638,4.5778,4.5534,4.5606,3.14
2024-05-02 08:00:00+00:00,4.5613,4.5728,4.4669,4.489,7.56
2024-05-02 12:00:00+00:00,4.4891,4.508,4.4698,4.4774,17.27
2024-05-02 16:00:00+00:00,4.4773,4.5108,4.4645,4.5013,6.17
2024-05-02 20:00:00+00:00,4.502,4.5045,4.4958,4.5003,0.26
2024-05-03 00:00:00+00:00,4.5015,4.5125,4.4839,4.4959,1.98
2024-05-03 04:00:00+00:00,4.4962,4.5129,4.4807,4.5103,1.96
2024-05-03 08:00:00+00:00,4.5105,4.5523,4.5042,4.5263,4.46
2024-05-03 12:00:00+00:00,4.5273,4.5625,4.5142,4.5489,20.91
2024-05-03 16:00:00+00:00,4.5495,4.5575,4.545,4.5571,5.23
2024-05-03 20:00:00+00:00,4.5573,4.5673,4.5554,4.566,0.14
2024-05-05 20:00:00+00:00,4.5767,4.5848,4.5709,4.5718,0.61
2024-05-06 00:00:00+00:00,4.5724,4.596,4.5334,4.5904,5.52
2024-05-06 04:00:00+00:00,4.591,4.615,4.5852,4.6053,2.72
2024-05-06 08:00:00+00:00,4.6057,4.636,4.5998,4.6275,1.85
2024-05-06 12:00:00+00:00,4.628,4.6335,4.601,4.6205,10.63
2024-05-06 16:00:00+00:00,4.6207,4.6243,4.604,4.608,3.37
2024-05-06 20:00:00+00:00,4.6072,4.6094,4.6028,4.6055,0.1
2024-05-07 00:00:00+00:00,4.6024,4.6425,4.5914,4.6117,7.93
2024-05-07 04:00:00+00:00,4.6119,4.6124,4.5735,4.5739,5.03
2024-05-07 08:00:00+00:00,4.5745,4.592,4.5649,4.5763,3.24
2024-05-07 12:00:00+00:00,4.5769,4.6168,4.5732,4.6073,15.07
2024-05-07 16:00:00+00:00,4.6068,4.6118,4.5868,4.5905,3.56
2024-05-07 20:00:00+00:00,4.59,4.5952,4.5872,4.5915,0.06
2024-05-08 00:00:00+00:00,4.5904,4.595,4.5494,4.5692,6.93
2024-05-08 04:00:00+00:00,4.5699,4.5785,4.5134,4.5155,5.43
2024-05-08 08:00:00+00:00,4.5149,4.5417,4.504,4.5336,3.59
2024-05-08 12:00:00+00:00,4.5345,4.5523,4.5213,4.5422,15.37
2024-05-08 16:00:00+00:00,4.543,4.5488,4.535,4.5432,3.78
2024-05-08 20:00:00+00:00,4.5427,4.5427,4.535,4.5359,0.08
2024-05-09 00:00:00+00:00,4.5356,4.5633,4.5319,4.5581,4.64
2024-05-09 04:00:00+00:00,4.5577,4.56,4.5165,4.5207,3.84
2024-05-09 08:00:00+00:00,4.5203,4.54,4.5181,4.5372,1.98
2024-05-09 12:00:00+00:00,4.538,4.581,4.532,4.5727,19.23
2024-05-09 16:00:00+00:00,4.5735,4.6005,4.5709,4.5977,5.08
2024-05-09 20:00:00+00:00,4.5974,4.6013,4.5948,4.5994,0.13
2024-05-10 00:00:00+00:00,4.5999,4.6299,4.5987,4.6244,7.47
2024-05-10 04:00:00+00:00,4.6243,4.7195,4.6204,4.7066,9.85
2024-05-10 08:00:00+00:00,4.7069,4.7429,4.6717,4.6738,8.6
2024-05-10 12:00:00+00:00,4.6746,4.6818,4.6123,4.645,18.16
2024-05-10 16:00:00+00:00,4.6455,4.6655,4.6377,4.6558,5.76
2024-05-10 20:00:00+00:00,4.6565,4.66,4.6503,4.6503,0.09
2024-05-12 20:00:00+00:00,4.6524,4.6528,4.631,4.6402,0.11
2024-05-13 00:00:00+00:00,4.639,4.6718,4.614,4.6602,5.87
2024-05-13 04:00:00+00:00,4.661,4.6938,4.6502,4.6933,3.36
2024-05-13 08:00:00+00:00,4.6928,4.721,4.6888,4.704,4.8
2024-05-13 12:00:00+00:00,4.7042,4.7458,4.6991,4.7458,18.44
2024-05-13 16:00:00+00:00,4.7453,4.7725,4.7428,4.7702,5.87
2024-05-13 20:00:00+00:00,4.7699,4.7848,4.768,4.7848,0.09
2024-05-14 00:00:00+00:00,4.7833,4.801,4.7642,4.7857,6.7
2024-05-14 04:00:00+00:00,4.7857,4.8288,4.7839,4.8154,5.63
2024-05-14 08:00:00+00:00,4.8154,4.8668,4.7922,4.8385,6.83
2024-05-14 12:00:00+00:00,4.8386,5.0233,4.816,4.9513,22.51
2024-05-14 16:00:00+00:00,4.9504,4.9562,4.8699,4.8934,6.23
2024-05-14 20:00:00+00:00,4.8938,4.914,4.8885,4.9122,0.1
2024-05-15 00:00:00+00:00,4.9115,5.067,4.9115,5.056,3.58
2024-05-15 04:00:00+00:00,5.0558,5.1253,5.0008,5.0632,4.24
2024-05-15 08:00:00+00:00,5.0635,5.0906,4.9651,4.9788,2.91
2024-05-15 12:00:00+00:00,4.9787,4.9918,4.8164,4.9001,14.66
2024-05-15 16:00:00+00:00,4.8987,4.9473,4.8945,4.9217,3.38
2024-05-15 20:00:00+00:00,4.9209,4.9387,4.9112,4.9311,0.02
2024-05-16 00:00:00+00:00,4.9306,5.0159,4.928,4.9892,1.37
2024-05-16 04:00:00+00:00,4.9895,5.0178,4.9115,4.9544,2.82
2024-05-16 08:00:00+00:00,4.9522,4.9626,4.9082,4.9292,1.65
2024-05-16 12:00:00+00:00,4.93,4.9333,4.84,4.8767,12.65
2024-05-16 16:00:00+00:00,4.877,4.8955,4.8612,4.8869,2.17
2024-05-16 20:00:00+00:00,4.8872,4.8875,4.8742,4.8774,0.15
2024-05-17 00:00:00+00:00,4.8781,4.9073,4.8465,4.8925,2.35
2024-05-17 04:00:00+00:00,4.8924,4.9745,4.8812,4.9466,1.15
2024-05-17 08:00:00+00:00,4.946,4.9655,4.913,4.965,0.62
2024-05-17 12:00:00+00:00,4.9655,5.0475,4.9583,5.0227,9.83
2024-05-17 16:00:00+00:00,5.0232,5.0841,5.0212,5.0829,2.04
2024-05-17 20:00:00+00:00,5.0809,5.0878,5.0622,5.0797,0.05
2024-05-19 20:00:00+00:00,5.0774,5.115,5.068,5.0895,0.15
2024-05-20 00:00:00+00:00,5.0894,5.1965,5.0719,5.1559,2.16
2024-05-20 04:00:00+00:00,5.1553,5.162,5.0694,5.085,3.24
2024-05-20 08:00:00+00:00,5.085,5.1165,5.0655,5.0944,1.64
2024-05-20 12:00:00+00:00,5.0946,5.096,5.0017,5.0632,15.34
2024-05-20 16:00:00+00:00,5.063,5.119,5.0568,5.0985,3.31
2024-05-20 20:00:00+00:00,5.0992,5.1229,5.0955,5.107,0.07
2024-05-21 00:00:00+00:00,5.107,5.141,5.011,5.0515,5.2
2024-05-21 04:00:00+00:00,5.0509,5.1015,5.0367,5.073,2.11
2024-05-21 08:00:00+00:00,5.0722,5.1578,5.0421,5.1558,2.21
2024-05-21 12:00:00+00:00,5.1568,5.1772,5.0853,5.0882,15.0
2024-05-21 16:00:00+00:00,5.0874,5.1173,5.0638,5.103,4.14
2024-05-21 20:00:00+00:00,5.1025,5.114,5.0979,5.1095,0.07
2024-05-22 00:00:00+00:00,5.1086,5.1307,5.0491,5.056,2.78
2024-05-22 04:00:00+00:00,5.0563,5.0723,5.0159,5.0406,1.81
2024-05-22 08:00:00+00:00,5.0402,5.0443,4.9355,4.9464,2.68
2024-05-22 12:00:00+00:00,4.947,4.9584,4.823,4.8383,16.16
2024-05-22 16:00:00+00:00,4.8383,4.8548,4.8015,4.809,4.34
2024-05-22 20:00:00+00:00,4.808,4.8185,4.7747,4.8085,0.47
2024-05-23 00:00:00+00:00,4.8098,4.8195,4.7815,4.8119,3.54
2024-05-23 04:00:00+00:00,4.811,4.8173,4.7409,4.7706,3.38
2024-05-23 08:00:00+00:00,4.7715,4.848,4.7613,4.8237,1.81
2024-05-23 12:00:00+00:00,4.8243,4.8603,4.7925,4.7952,13.04
2024-05-23 16:00:00+00:00,4.7952,4.8032,4.7605,4.766,3.34
2024-05-23 20:00:00+00:00,4.7662,4.7801,4.7631,4.7742,0.09
2024-05-24 00:00:00+00:00,4.7746,4.8125,4.7603,4.794,2.91
2024-05-24 04:00:00+00:00,4.7934,4.8206,4.7759,4.7952,2.01
2024-05-24 08:00:00+00:00,4.7949,4.819,4.7681,4.7822,0.82
2024-05-24 12:00:00+00:00,4.7829,4.8023,4.7448,4.7538,8.93
2024-05-24 16:00:00+00:00,4.754,4.7655,4.7452,4.7595,1.81
2024-05-24 20:00:00+00:00,4.7597,4.7625,4.7544,4.7575,0.06
2024-05-26 20:00:00+00:00,4.764,4.7803,4.7611,4.765,0.08
2024-05-27 00:00:00+00:00,4.7649,4.7813,4.7576,4.7761,0.68
2024-05-27 04:00:00+00:00,4.7758,4.776,4.7491,4.7621,0.67
2024-05-27 08:00:00+00:00,4.7613,4.7938,4.7584,4.7909,0.12
2024-05-27 12:00:00+00:00,4.7916,4.8465,4.7846,4.821,4.14
2024-05-27 16:00:00+00:00,4.821,4.8305,4.8192,4.8274,0.4
2024-05-27 20:00:00+00:00,4.8284,4.8398,4.8187,4.8208,0.05
2024-05-28 00:00:00+00:00,4.8215,4.8575,4.8139,4.841,3.07
2024-05-28 04:00:00+00:00,4.8418,4.8458,4.7996,4.8163,2.07
2024-05-28 08:00:00+00:00,4.8144,4.8338,4.7883,4.8288,0.45
2024-05-28 12:00:00+00:00,4.8292,4.9015,4.8144,4.8485,9.79
2024-05-28 16:00:00+00:00,4.8488,4.8669,4.8463,4.8623,2.08
2024-05-28 20:00:00+00:00,4.8628,4.8793,4.8559,4.8655,0.03
2024-05-29 00:00:00+00:00,4.866,4.8905,4.8391,4.8762,1.91
2024-05-29 04:00:00+00:00,4.876,4.883,4.8427,4.8475,2.22
2024-05-29 08:00:00+00:00,4.8485,4.8562,4.7806,4.7915,1.78
2024-05-29 12:00:00+00:00,4.792,4.804,4.7492,4.7826,10.93
2024-05-29 16:00:00+00:00,4.7829,4.7953,4.7707,4.7756,1.56
2024-05-29 20:00:00+00:00,4.7764,4.7777,4.7649,4.771,0.02
2024-05-30 00:00:00+00:00,4.7705,4.782,4.7038,4.7231,2.67
2024-05-30 04:00:00+00:00,4.7221,4.7308,4.6622,4.6887,2.68
2024-05-30 08:00:00+00:00,4.6895,4.7115,4.6484,4.6501,1.1
2024-05-30 12:00:00+00:00,4.6509,4.6825,4.6189,4.6565,10.38
2024-05-30 16:00:00+00:00,4.6563,4.6658,4.6437,4.651,1.3
2024-05-30 20:00:00+00:00,4.6507,4.6635,4.6485,4.6557,0.04
2024-05-31 00:00:00+00:00,4.6552,4.6705,4.6172,4.6342,2.99
2024-05-31 04:00:00+00:00,4.6331,4.6688,4.6204,4.626,2.35
2024-05-31 08:00:00+00:00,4.625,4.6482,4.6187,4.639,0.99
2024-05-31 12:00:00+00:00,4.6394,4.6673,4.5691,4.5907,13.05
2024-05-31 16:00:00+00:00,4.5904,4.6178,4.586,4.6165,3.03
2024-05-31 20:00:00+00:00,4.6168,4.6303,4.6168,4.6275,0.1
2024-06-02 20:00:00+00:00,4.6257,4.6368,4.6179,4.6304,0.1
2024-06-03 00:00:00+00:00,4.6305,4.6571,4.6092,4.6115,2.72
2024-06-03 04:00:00+00:00,4.6112,4.6233,4.5942,4.5981,3.06
2024-06-03 08:00:00+00:00,4.5974,4.6494,4.5938,4.6415,0.9
2024-06-03 12:00:00+00:00,4.6421,4.6905,4.6384,4.6659,11.0
2024-06-03 16:00:00+00:00,4.6658,4.6703,4.6452,4.6653,2.91
2024-06-03 20:00:00+00:00,4.6658,4.6865,4.664,4.6813,0.11
2024-06-04 00:00:00+00:00,4.6812,4.6935,4.6563,4.6574,2.64
2024-06-04 04:00:00+00:00,4.6578,4.6715,4.6107,4.613,2.34
2024-06-04 08:00:00+00:00,4.613,4.613,4.5521,4.5581,3.07
2024-06-04 12:00:00+00:00,4.5584,4.5798,4.5254,4.5368,10.73
2024-06-04 16:00:00+00:00,4.5361,4.5483,4.5257,4.5428,2.0
2024-06-04 20:00:00+00:00,4.543,4.5508,4.538,4.5504,0.12
2024-06-05 00:00:00+00:00,4.5498,4.5551,4.5353,4.5435,1.59
2024-06-05 04:00:00+00:00,4.5443,4.5563,4.5169,4.5339,1.21
2024-06-05 08:00:00+00:00,4.5345,4.559,4.5225,4.5265,0.51
2024-06-05 12:00:00+00:00,4.5264,4.598,4.5169,4.598,11.68
2024-06-05 16:00:00+00:00,4.5973,4.6335,4.5952,4.6293,4.28
2024-06-05 20:00:00+00:00,4.6285,4.6313,4.6187,4.62,0.01
2024-06-06 00:00:00+00:00,4.6207,4.6675,4.6172,4.6476,3.17
2024-06-06 04:00:00+00:00,4.6477,4.6525,4.6129,4.6347,1.67
2024-06-06 08:00:00+00:00,4.6349,4.6694,4.6166,4.656,0.74
2024-06-06 12:00:00+00:00,4.6566,4.686,4.6262,4.6794,10.77
2024-06-06 16:00:00+00:00,4.6795,4.6805,4.6609,4.6684,2.06
2024-06-06 20:00:00+00:00,4.6689,4.6722,4.6626,4.6689,0.01
2024-06-07 00:00:00+00:00,4.6684,4.6813,4.6412,4.6586,1.91
2024-06-07 04:00:00+00:00,4.6588,4.6645,4.626,4.6285,1.92
2024-06-07 08:00:00+00:00,4.6275,4.6275,4.5505,4.5795,2.44
2024-06-07 12:00:00+00:00,4.58,4.5915,4.4753,4.4768,12.95
2024-06-07 16:00:00+00:00,4.4765,4.4893,4.4549,4.4568,2.54
2024-06-07 20:00:00+00:00,4.4558,4.4573,4.445,4.445,0.05
2024-06-09 20:00:00+00:00,4.4521,4.4598,4.4294,4.4589,0.03
2024-06-10 00:00:00+00:00,4.4593,4.478,4.4545,4.4555,0.34
2024-06-10 04:00:00+00:00,4.4553,4.4975,4.4539,4.4769,0.84
2024-06-10 08:00:00+00:00,4.4778,4.5228,4.4764,4.5224,0.67
2024-06-10 12:00:00+00:00,4.5235,4.5548,4.507,4.5494,8.31
2024-06-10 16:00:00+00:00,4.5504,4.5548,4.5347,4.5478,1.48
2024-06-10 20:00:00+00:00,4.5483,4.5624,4.5393,4.5442,0.05
2024-06-11 00:00:00+00:00,4.5442,4.5592,4.505,4.5139,4.5
2024-06-11 04:00:00+00:00,4.5144,4.5373,4.4859,4.4988,2.24
2024-06-11 08:00:00+00:00,4.5,4.5023,4.4406,4.4525,1.4
2024-06-11 12:00:00+00:00,4.4531,4.5128,4.4531,4.4809,9.8
2024-06-11 16:00:00+00:00,4.4817,4.5163,4.4789,4.5128,2.62
2024-06-11 20:00:00+00:00,4.5126,4.5194,4.5102,4.5154,0.02
2024-06-12 00:00:00+00:00,4.5155,4.5368,4.5043,4.5246,2.35
2024-06-12 04:00:00+00:00,4.5242,4.5383,4.5055,4.523,1.44
2024-06-12 08:00:00+00:00,4.5225,4.5279,4.5008,4.5142,0.64
2024-06-12 12:00:00+00:00,4.5147,4.6105,4.5112,4.5873,13.14
2024-06-12 16:00:00+00:00,4.5883,4.5883,4.5114,4.5263,5.23
2024-06-12 20:00:00+00:00,4.5269,4.538,4.5162,4.5173,0.02
2024-06-13 00:00:00+00:00,4.5175,4.53,4.4884,4.5093,3.43
2024-06-13 04:00:00+00:00,4.5098,4.5525,4.5003,4.5419,1.94
2024-06-13 08:00:00+00:00,4.5427,4.5481,4.5156,4.5249,0.56
2024-06-13 12:00:00+00:00,4.5257,4.5595,4.4686,4.4686,11.01
2024-06-13 16:00:00+00:00,4.4693,4.487,4.459,4.4828,3.09
2024-06-13 20:00:00+00:00,4.4837,4.4865,4.468,4.4737,0.05
2024-06-14 00:00:00+00:00,4.4743,4.4995,4.4695,4.492,0.59
2024-06-14 04:00:00+00:00,4.4912,4.5075,4.4681,4.4871,1.44
2024-06-14 08:00:00+00:00,4.4866,4.494,4.4389,4.4727,1.84
2024-06-14 12:00:00+00:00,4.4738,4.4842,4.4404,4.4708,6.21
2024-06-14 16:00:00+00:00,4.4703,4.491,4.4642,4.4865,1.47
2024-06-14 20:00:00+00:00,4.4873,4.4873,4.4791,4.4827,0.02
2024-06-16 20:00:00+00:00,4.479,4.4834,4.4752,4.4792,0.02
2024-06-17 00:00:00+00:00,4.4795,4.4798,4.4318,4.4347,1.17
2024-06-17 04:00:00+00:00,4.4349,4.4417,4.4042,4.413,0.97
2024-06-17 08:00:00+00:00,4.413,4.426,4.395,4.3993,0.78
2024-06-17 12:00:00+00:00,4.3994,4.432,4.3849,4.4203,5.15
2024-06-17 16:00:00+00:00,4.4207,4.4501,4.4202,4.4444,1.0
2024-06-17 20:00:00+00:00,4.4455,4.447,4.4403,4.4415,0.0
2024-06-18 00:00:00+00:00,4.4405,4.4641,4.4298,4.4517,0.94
2024-06-18 04:00:00+00:00,4.4516,4.4548,4.4082,4.4095,1.33
2024-06-18 08:00:00+00:00,4.4087,4.409,4.3666,4.374,1.35
2024-06-18 12:00:00+00:00,4.3739,4.4335,4.3697,4.4333,9.13
2024-06-18 16:00:00+00:00,4.4338,4.46,4.4332,4.4584,3.18
2024-06-18 20:00:00+00:00,4.4579,4.4643,4.4532,4.4603,0.05
2024-06-19 00:00:00+00:00,4.4591,4.464,4.4351,4.4481,1.13
2024-06-19 04:00:00+00:00,4.4483,4.4858,4.4367,4.4821,0.5
2024-06-19 08:00:00+00:00,4.4822,4.501,4.4774,4.4943,0.47
2024-06-19 12:00:00+00:00,4.4943,4.4975,4.4601,4.4812,2.96
2024-06-19 16:00:00+00:00,4.481,4.4848,4.4724,4.476,0.23
2024-06-19 20:00:00+00:00,4.4722,4.4778,4.4621,4.4703,0.01
2024-06-20 00:00:00+00:00,4.4697,4.5163,4.4649,4.492,2.16
2024-06-20 04:00:00+00:00,4.4915,4.5085,4.4732,4.482,1.85
2024-06-20 08:00:00+00:00,4.4813,4.4935,4.4619,4.4909,0.61
2024-06-20 12:00:00+00:00,4.491,4.53,4.4857,4.5128,8.01
2024-06-20 16:00:00+00:00,4.5119,4.5345,4.5042,4.5221,1.31
2024-06-20 20:00:00+00:00,4.5223,4.5313,4.5192,4.5279,0.16
2024-06-21 00:00:00+00:00,4.5269,4.531,4.4794,4.4968,2.48
2024-06-21 04:00:00+00:00,4.4965,4.5069,4.4518,4.4551,1.75
2024-06-21 08:00:00+00:00,4.454,4.4735,4.4435,4.4445,0.54
2024-06-21 12:00:00+00:00,4.445,4.4503,4.4159,4.4424,9.92
2024-06-21 16:00:00+00:00,4.443,4.4438,4.4187,4.4222,2.34
2024-06-21 20:00:00+00:00,4.422,4.4272,4.4148,4.4159,0.14
2024-06-23 20:00:00+00:00,4.4157,4.4237,4.4026,4.4065,0.07
2024-06-24 00:00:00+00:00,4.407,4.4235,4.3948,4.416,2.4
2024-06-24 04:00:00+00:00,4.416,4.4378,4.4066,4.4335,1.02
2024-06-24 08:00:00+00:00,4.4343,4.4505,4.4113,4.4126,0.81
2024-06-24 12:00:00+00:00,4.413,4.4493,4.4063,4.4187,7.82
2024-06-24 16:00:00+00:00,4.4185,4.431,4.4109,4.4245,1.97
2024-06-24 20:00:00+00:00,4.4239,4.4253,4.4057,4.4149,0.1
2024-06-25 00:00:00+00:00,4.4155,4.4408,4.4124,4.4397,3.43
2024-06-25 04:00:00+00:00,4.4402,4.4538,4.4154,4.427,2.38
2024-06-25 08:00:00+00:00,4.4263,4.4393,4.4003,4.407,1.35
2024-06-25 12:00:00+00:00,4.4075,4.4173,4.3691,4.3822,11.53
2024-06-25 16:00:00+00:00,4.3824,4.3825,4.3554,4.3656,2.97
2024-06-25 20:00:00+00:00,4.3657,4.3693,4.3635,4.3663,0.15
2024-06-26 00:00:00+00:00,4.3662,4.3805,4.3479,4.3664,1.9
2024-06-26 04:00:00+00:00,4.3668,4.396,4.349,4.3819,1.98
2024-06-26 08:00:00+00:00,4.3819,4.3958,4.3623,4.3683,0.79
2024-06-26 12:00:00+00:00,4.3693,4.3977,4.3407,4.3624,6.66
2024-06-26 16:00:00+00:00,4.3617,4.381,4.3584,4.3702,1.43
2024-06-26 20:00:00+00:00,4.3695,4.3715,4.3597,4.3655,0.06
2024-06-27 00:00:00+00:00,4.3647,4.3683,4.3509,4.3615,0.6
2024-06-27 04:00:00+00:00,4.3614,4.366,4.3269,4.343,2.06
2024-06-27 08:00:00+00:00,4.3428,4.3732,4.3336,4.3706,0.49
2024-06-27 12:00:00+00:00,4.3712,4.3915,4.3331,4.339,10.48
2024-06-27 16:00:00+00:00,4.3384,4.3509,4.332,4.3341,2.37
2024-06-27 20:00:00+00:00,4.3337,4.342,4.3294,4.3415,0.05
2024-06-28 00:00:00+00:00,4.3423,4.3748,4.3319,4.3688,2.75
2024-06-28 04:00:00+00:00,4.369,4.3917,4.3583,4.379,2.35
2024-06-28 08:00:00+00:00,4.3777,4.4075,4.3626,4.3983,0.58
2024-06-28 12:00:00+00:00,4.3987,4.4263,4.3818,4.3857,10.13
2024-06-28 16:00:00+00:00,4.3862,4.399,4.3639,4.3749,2.18
2024-06-28 20:00:00+00:00,4.3758,4.376,4.3702,4.372,0.02
2024-06-30 20:00:00+00:00,4.3754,4.3825,4.374,4.3765,0.06
2024-07-01 00:00:00+00:00,4.3759,4.3847,4.3584,4.3624,1.21
2024-07-01 04:00:00+00:00,4.3628,4.3742,4.3502,4.364,1.37
2024-07-01 08:00:00+00:00,4.3647,4.4228,4.3647,4.4199,1.12
2024-07-01 12:00:00+00:00,4.4195,4.4365,4.3949,4.4112,8.81
2024-07-01 16:00:00+00:00,4.4115,4.4205,4.4014,4.4109,1.82
2024-07-01 20:00:00+00:00,4.4111,4.4159,4.4047,4.4083,0.0
2024-07-02 00:00:00+00:00,4.4074,4.4241,4.3951,4.4109,1.18
2024-07-02 04:00:00+00:00,4.4114,4.4195,4.3884,4.4115,1.36
2024-07-02 08:00:00+00:00,4.4114,4.4443,4.3928,4.4354,0.79
2024-07-02 12:00:00+00:00,4.4358,4.4695,4.4216,4.4301,10.06
2024-07-02 16:00:00+00:00,4.431,4.4312,4.4153,4.4239,2.11
2024-07-02 20:00:00+00:00,4.4236,4.4305,4.4219,4.426,0.02
2024-07-03 00:00:00+00:00,4.4255,4.4395,4.4112,4.4348,1.52
2024-07-03 04:00:00+00:00,4.435,4.508,4.435,4.507,1.99
2024-07-03 08:00:00+00:00,4.5073,4.5133,4.4653,4.5013,0.87
2024-07-03 12:00:00+00:00,4.502,4.5608,4.502,4.5417,11.04
2024-07-03 16:00:00+00:00,4.5413,4.5449,4.5221,4.5231,1.6
2024-07-03 20:00:00+00:00,4.5234,4.531,4.5189,4.5292,0.03
2024-07-04 00:00:00+00:00,4.5296,4.5402,4.5173,4.5206,0.97
2024-07-04 04:00:00+00:00,4.5208,4.5298,4.5109,4.5291,0.84
2024-07-04 08:00:00+00:00,4.5287,4.5568,4.5285,4.5566,0.41
2024-07-04 12:00:00+00:00,4.5573,4.5831,4.5553,4.5702,5.29
2024-07-04 16:00:00+00:00,4.57,4.5704,4.5562,4.5634,0.23
2024-07-04 20:00:00+00:00,4.5634,4.567,4.5562,4.559,0.0
2024-07-05 00:00:00+00:00,4.5587,4.5767,4.5542,4.5652,1.51
2024-07-05 04:00:00+00:00,4.5652,4.6162,4.5614,4.6081,2.17
2024-07-05 08:00:00+00:00,4.608,4.6978,4.5957,4.6673,2.85
2024-07-05 12:00:00+00:00,4.667,4.6837,4.6077,4.6389,14.39
2024-07-05 16:00:00+00:00,4.6392,4.6737,4.6314,4.6709,2.58
2024-07-05 20:00:00+00:00,4.6707,4.6715,4.6645,4.6665,0.0
2024-07-07 20:00:00+00:00,4.658,4.6648,4.6521,4.655,0.01
2024-07-08 00:00:00+00:00,4.6555,4.6557,4.6157,4.6285,1.84
2024-07-08 04:00:00+00:00,4.6279,4.6318,4.5863,4.6225,1.3
2024-07-08 08:00:00+00:00,4.6225,4.6565,4.6168,4.6543,1.02
2024-07-08 12:00:00+00:00,4.6548,4.6663,4.6154,4.6205,9.66
2024-07-08 16:00:00+00:00,4.6204,4.626,4.5902,4.6046,2.14
2024-07-08 20:00:00+00:00,4.6041,4.6168,4.6005,4.616,0.1
2024-07-09 00:00:00+00:00,4.6158,4.6295,4.5989,4.6232,1.38
2024-07-09 04:00:00+00:00,4.6238,4.6493,4.6198,4.6315,1.22
2024-07-09 08:00:00+00:00,4.6318,4.6405,4.6102,4.6216,0.58
2024-07-09 12:00:00+00:00,4.6219,4.629,4.5495,4.5801,12.15
2024-07-09 16:00:00+00:00,4.5806,4.5885,4.572,4.584,2.3
2024-07-09 20:00:00+00:00,4.5828,4.584,4.5754,4.579,0.06
2024-07-10 00:00:00+00:00,4.5794,4.5863,4.5594,4.5667,1.15
2024-07-10 04:00:00+00:00,4.566,4.5792,4.5487,4.566,1.05
2024-07-10 08:00:00+00:00,4.5655,4.606,4.5457,4.5954,1.25
2024-07-10 12:00:00+00:00,4.5959,4.655,4.587,4.6135,11.96
2024-07-10 16:00:00+00:00,4.6134,4.6233,4.5799,4.5949,2.93
2024-07-10 20:00:00+00:00,4.5953,4.5955,4.5837,4.586,0.05
2024-07-11 00:00:00+00:00,4.5866,4.6153,4.581,4.6134,1.72
2024-07-11 04:00:00+00:00,4.614,4.6225,4.5762,4.5862,1.44
2024-07-11 08:00:00+00:00,4.5858,4.5975,4.5627,4.5687,0.75
2024-07-11 12:00:00+00:00,4.5681,4.5895,4.5064,4.5187,18.49
2024-07-11 16:00:00+00:00,4.518,4.518,4.5004,4.5068,4.95
2024-07-11 20:00:00+00:00,4.507,4.5278,4.5024,4.522,0.29
2024-07-12 00:00:00+00:00,4.5215,4.5227,4.4834,4.4915,2.51
2024-07-12 04:00:00+00:00,4.492,4.5128,4.4739,4.5065,3.05
2024-07-12 08:00:00+00:00,4.5068,4.5447,4.5054,4.5365,1.41
2024-07-12 12:00:00+00:00,4.5366,4.5978,4.5361,4.5888,15.61
2024-07-12 16:00:00+00:00,4.5884,4.5997,4.5794,4.5809,4.38
2024-07-12 20:00:00+00:00,4.5813,4.5818,4.5781,4.5794,0.13
2024-07-14 20:00:00+00:00,4.5776,4.581,4.5594,4.5646,0.25
2024-07-15 00:00:00+00:00,4.5649,4.6002,4.5557,4.5765,3.23
2024-07-15 04:00:00+00:00,4.5766,4.5828,4.5399,4.5619,2.14
2024-07-15 08:00:00+00:00,4.5629,4.5715,4.5447,4.5602,2.05
2024-07-15 12:00:00+00:00,4.5604,4.566,4.5202,4.5323,10.93
2024-07-15 16:00:00+00:00,4.5325,4.5373,4.4999,4.5133,5.19
2024-07-15 20:00:00+00:00,4.5129,4.5155,4.5052,4.511,0.04
2024-07-16 00:00:00+00:00,4.5103,4.5225,4.5039,4.5215,2.72
2024-07-16 04:00:00+00:00,4.521,4.5228,4.4914,4.499,1.8
2024-07-16 08:00:00+00:00,4.4993,4.516,4.4828,4.499,2.05
2024-07-16 12:00:00+00:00,4.4992,4.5153,4.4267,4.4611,16.03
2024-07-16 16:00:00+00:00,4.4614,4.4628,4.4433,4.4593,3.27
2024-07-16 20:00:00+00:00,4.4589,4.459,4.4489,4.4543,0.02
2024-07-17 00:00:00+00:00,4.4536,4.4748,4.4434,4.4514,2.43
2024-07-17 04:00:00+00:00,4.4509,4.4572,4.4306,4.448,2.3
2024-07-17 08:00:00+00:00,4.4485,4.4797,4.4327,4.4337,1.68
2024-07-17 12:00:00+00:00,4.4342,4.4383,4.4004,4.4167,15.06
2024-07-17 16:00:00+00:00,4.4172,4.4213,4.399,4.4094,4.11
2024-07-17 20:00:00+00:00,4.4093,4.4183,4.4058,4.4179,0.02
2024-07-18 00:00:00+00:00,4.4182,4.4183,4.3884,4.4071,2.83
2024-07-18 04:00:00+00:00,4.4074,4.4258,4.3948,4.4035,2.44
2024-07-18 08:00:00+00:00,4.403,4.4051,4.3201,4.3218,3.69
2024-07-18 12:00:00+00:00,4.3223,4.3381,4.2761,4.2849,17.48
2024-07-18 16:00:00+00:00,4.2848,4.285,4.2509,4.26,5.55
2024-07-18 20:00:00+00:00,4.2597,4.2663,4.2574,4.2584,0.22
2024-07-19 00:00:00+00:00,4.2602,4.2885,4.2477,4.2795,4.18
2024-07-19 04:00:00+00:00,4.2787,4.2888,4.2381,4.2629,2.14
2024-07-19 08:00:00+00:00,4.2643,4.2765,4.2414,4.258,1.48
2024-07-19 12:00:00+00:00,4.2582,4.2745,4.2358,4.2399,12.68
2024-07-19 16:00:00+00:00,4.2395,4.2418,4.2269,4.233,4.41
2024-07-19 20:00:00+00:00,4.2324,4.2364,4.2287,4.2357,0.04
2024-07-21 20:00:00+00:00,4.233,4.2591,4.2319,4.2507,0.38
2024-07-22 00:00:00+00:00,4.251,4.2575,4.228,4.2316,2.67
2024-07-22 04:00:00+00:00,4.2313,4.2323,4.1977,4.2153,2.91
2024-07-22 08:00:00+00:00,4.2154,4.2398,4.183,4.1844,1.48
2024-07-22 12:00:00+00:00,4.186,4.1908,4.1603,4.1818,13.0
2024-07-22 16:00:00+00:00,4.1814,4.2038,4.181,4.2024,4.12
2024-07-22 20:00:00+00:00,4.2025,4.2025,4.1869,4.1893,0.11
2024-07-23 00:00:00+00:00,4.1895,4.2098,4.1794,4.1902,2.39
2024-07-23 04:00:00+00:00,4.1904,4.1933,4.1339,4.1474,2.95
2024-07-23 08:00:00+00:00,4.1482,4.1788,4.1399,4.165,1.27
2024-07-23 12:00:00+00:00,4.1652,4.1765,4.1337,4.1674,10.99
2024-07-23 16:00:00+00:00,4.1683,4.1705,4.1552,4.161,3.62
2024-07-23 20:00:00+00:00,4.1612,4.1653,4.1447,4.1486,0.15
2024-07-24 00:00:00+00:00,4.1495,4.1623,4.1384,4.1447,2.45
2024-07-24 04:00:00+00:00,4.1448,4.1747,4.1317,4.1694,2.99
2024-07-24 08:00:00+00:00,4.1689,4.1703,4.1389,4.1487,2.43
2024-07-24 12:00:00+00:00,4.1492,4.1528,4.1207,4.1213,14.36
2024-07-24 16:00:00+00:00,4.1215,4.1225,4.0763,4.0839,6.31
2024-07-24 20:00:00+00:00,4.0842,4.088,4.0739,4.086,0.38
2024-07-25 00:00:00+00:00,4.09,4.0953,4.0342,4.0595,5.52
2024-07-25 04:00:00+00:00,4.0585,4.0793,4.0381,4.0691,3.38
2024-07-25 08:00:00+00:00,4.069,4.0943,4.0679,4.076,2.44
2024-07-25 12:00:00+00:00,4.0763,4.1543,4.0689,4.1361,16.08
2024-07-25 16:00:00+00:00,4.1369,4.1383,4.1107,4.1113,3.92
2024-07-25 20:00:00+00:00,4.1113,4.1158,4.1062,4.1111,0.07
2024-07-26 00:00:00+00:00,4.1113,4.153,4.1005,4.1239,4.22
2024-07-26 04:00:00+00:00,4.1242,4.1368,4.1044,4.121,2.48
2024-07-26 08:00:00+00:00,4.1214,4.1448,4.1182,4.1374,1.41
2024-07-26 12:00:00+00:00,4.1371,4.1404,4.1037,4.1226,10.0
2024-07-26 16:00:00+00:00,4.1227,4.1303,4.0984,4.1093,3.13
2024-07-26 20:00:00+00:00,4.109,4.1103,4.1051,4.1075,0.02
2024-07-28 20:00:00+00:00,4.1084,4.1285,4.1084,4.1242,0.17
2024-07-29 00:00:00+00:00,4.1249,4.1475,4.1097,4.1272,3.24
2024-07-29 04:00:00+00:00,4.1275,4.133,4.0851,4.099,2.1
2024-07-29 08:00:00+00:00,4.0979,4.109,4.0694,4.0717,1.43
2024-07-29 12:00:00+00:00,4.0728,4.0905,4.0597,4.0861,11.52
2024-07-29 16:00:00+00:00,4.0865,4.0948,4.0733,4.0905,1.93
2024-07-29 20:00:00+00:00,4.0896,4.093,4.0818,4.0828,0.04
2024-07-30 00:00:00+00:00,4.0825,4.09,4.0457,4.0598,4.35
2024-07-30 04:00:00+00:00,4.0594,4.0865,4.0444,4.0695,3.91
2024-07-30 08:00:00+00:00,4.069,4.077,4.0362,4.041,2.06
2024-07-30 12:00:00+00:00,4.0418,4.0673,4.0302,4.0609,14.52
2024-07-30 16:00:00+00:00,4.0615,4.0968,4.0615,4.0902,6.18
2024-07-30 20:00:00+00:00,4.09,4.0975,4.0848,4.0907,0.24
2024-07-31 00:00:00+00:00,4.091,4.137,4.0844,4.1355,4.63
2024-07-31 04:00:00+00:00,4.1349,4.1595,4.1236,4.151,3.3
2024-07-31 08:00:00+00:00,4.1505,4.177,4.1334,4.1755,1.78
2024-07-31 12:00:00+00:00,4.176,4.2078,4.1619,4.1845,12.01
2024-07-31 16:00:00+00:00,4.1838,4.2054,4.1724,4.1853,4.39
2024-07-31 20:00:00+00:00,4.1849,4.195,4.1839,4.1904,0.18
2024-08-01 00:00:00+00:00,4.19,4.2212,4.1737,4.1815,3.86
2024-08-01 04:00:00+00:00,4.1806,4.192,4.1339,4.1372,2.95
2024-08-01 08:00:00+00:00,4.1374,4.1398,4.107,4.1299,1.96
2024-08-01 12:00:00+00:00,4.131,4.1604,4.0814,4.0962,15.95
2024-08-01 16:00:00+00:00,4.0962,4.1038,4.053,4.0709,7.4
2024-08-01 20:00:00+00:00,4.0713,4.0713,4.0585,4.0656,0.32
2024-08-02 00:00:00+00:00,4.066,4.0928,4.0532,4.0789,4.03
2024-08-02 04:00:00+00:00,4.0788,4.1178,4.0722,4.1085,3.72
2024-08-02 08:00:00+00:00,4.1077,4.1265,4.102,4.113,1.06
2024-08-02 12:00:00+00:00,4.1138,4.1328,4.0842,4.1048,15.52
2024-08-02 16:00:00+00:00,4.1042,4.1248,4.0958,4.123,4.8
2024-08-02 20:00:00+00:00,4.1225,4.1315,4.1197,4.1261,0.02
2024-08-04 20:00:00+00:00,4.1175,4.1215,4.0924,4.1013,0.15
2024-08-05 00:00:00+00:00,4.1009,4.1412,4.0643,4.1355,6.26
2024-08-05 04:00:00+00:00,4.1362,4.1475,4.0399,4.0815,6.17
2024-08-05 08:00:00+00:00,4.0817,4.0936,3.9284,3.9317,5.63
2024-08-05 12:00:00+00:00,3.9312,4.0419,3.9292,4.0095,17.42
2024-08-05 16:00:00+00:00,4.0098,4.02,3.9833,4.0022,6.23
2024-08-05 20:00:00+00:00,4.0019,4.0308,3.9954,4.0254,0.13
2024-08-06 00:00:00+00:00,4.0259,4.0568,3.983,3.9904,4.73
2024-08-06 04:00:00+00:00,3.9903,4.0055,3.9577,3.9883,4.88
2024-08-06 08:00:00+00:00,3.9895,4.0008,3.9619,3.9958,2.34
2024-08-06 12:00:00+00:00,3.9957,4.0405,3.9787,4.037,15.86
2024-08-06 16:00:00+00:00,4.0362,4.04,4.0108,4.0109,4.74
2024-08-06 20:00:00+00:00,4.0108,4.0125,3.9912,3.9984,0.19
2024-08-07 00:00:00+00:00,3.9986,4.0138,3.9756,3.9944,4.41
2024-08-07 04:00:00+00:00,3.9955,4.0135,3.9689,3.9735,3.3
2024-08-07 08:00:00+00:00,3.9741,3.9808,3.9505,3.9807,1.74
2024-08-07 12:00:00+00:00,3.981,3.9934,3.9527,3.9572,12.37
2024-08-07 16:00:00+00:00,3.9575,3.9585,3.9253,3.9357,7.17
2024-08-07 20:00:00+00:00,3.936,3.9383,3.919,3.9324,0.16
2024-08-08 00:00:00+00:00,3.9335,3.9613,3.9293,3.9594,3.95
2024-08-08 04:00:00+00:00,3.9588,3.9675,3.9254,3.9342,2.61
2024-08-08 08:00:00+00:00,3.9347,3.9672,3.9342,3.9666,1.76
2024-08-08 12:00:00+00:00,3.967,3.9805,3.9344,3.9728,14.47
2024-08-08 16:00:00+00:00,3.973,3.9818,3.9546,3.9757,5.09
2024-08-08 20:00:00+00:00,3.9763,3.983,3.9717,3.9822,0.1
2024-08-09 00:00:00+00:00,3.982,4.0335,3.9747,4.0223,3.59
2024-08-09 04:00:00+00:00,4.0227,4.0253,4.004,4.0105,1.31
2024-08-09 08:00:00+00:00,4.0095,4.0465,4.0082,4.032,0.94
2024-08-09 12:00:00+00:00,4.032,4.0413,3.9913,3.995,11.84
2024-08-09 16:00:00+00:00,3.995,3.996,3.9794,3.9855,3.16
2024-08-09 20:00:00+00:00,3.9847,3.9873,3.9806,3.982,0.05
2024-08-11 20:00:00+00:00,3.9833,3.9852,3.9687,3.9765,0.01
2024-08-12 00:00:00+00:00,3.9773,3.9981,3.9707,3.9797,1.25
2024-08-12 04:00:00+00:00,3.9798,4.0328,3.9769,4.0312,1.5
2024-08-12 08:00:00+00:00,4.0313,4.0575,4.03,4.0507,0.93
2024-08-12 12:00:00+00:00,4.0517,4.0905,4.0297,4.0763,12.7
2024-08-12 16:00:00+00:00,4.0761,4.0773,4.0597,4.0729,3.26
2024-08-12 20:00:00+00:00,4.0723,4.0728,4.0618,4.0685,0.02
2024-08-13 00:00:00+00:00,4.0687,4.0708,4.0352,4.0371,2.27
2024-08-13 04:00:00+00:00,4.0378,4.0548,4.0253,4.0531,1.57
2024-08-13 08:00:00+00:00,4.0526,4.0556,4.0154,4.0408,1.58
2024-08-13 12:00:00+00:00,4.0395,4.054,4.0101,4.0305,12.22
2024-08-13 16:00:00+00:00,4.0307,4.0646,4.0298,4.0592,2.72
2024-08-13 20:00:00+00:00,4.0594,4.0628,4.0531,4.0573,0.05
2024-08-14 00:00:00+00:00,4.056,4.0765,4.0378,4.0439,2.98
2024-08-14 04:00:00+00:00,4.0434,4.0584,4.0321,4.0527,1.47
2024-08-14 08:00:00+00:00,4.0525,4.0805,4.0519,4.0788,0.81
2024-08-14 12:00:00+00:00,4.0789,4.0939,4.0433,4.0504,13.08
2024-08-14 16:00:00+00:00,4.0501,4.0503,4.0318,4.0387,3.31
2024-08-14 20:00:00+00:00,4.0387,4.0415,4.0334,4.036,0.08
2024-08-15 00:00:00+00:00,4.0365,4.06,4.0262,4.0578,2.63
2024-08-15 04:00:00+00:00,4.058,4.0943,4.0508,4.0936,2.25
2024-08-15 08:00:00+00:00,4.0933,4.1195,4.0924,4.1133,1.22
2024-08-15 12:00:00+00:00,4.1129,4.1618,4.0996,4.1575,15.62
2024-08-15 16:00:00+00:00,4.1567,4.1599,4.1367,4.1407,3.12
2024-08-15 20:00:00+00:00,4.1404,4.1675,4.1389,4.1638,0.05
2024-08-16 00:00:00+00:00,4.1638,4.1735,4.1513,4.1565,3.1
2024-08-16 04:00:00+00:00,4.1578,4.189,4.1515,4.1648,3.13
2024-08-16 08:00:00+00:00,4.164,4.172,4.1264,4.1368,2.61
2024-08-16 12:00:00+00:00,4.1373,4.1683,4.1234,4.1683,9.13
2024-08-16 16:00:00+00:00,4.1693,4.1933,4.1627,4.1922,2.87
2024-08-16 20:00:00+00:00,4.1921,4.193,4.1843,4.1868,0.04
2024-08-18 20:00:00+00:00,4.186,4.196,4.1839,4.1877,0.04
2024-08-19 00:00:00+00:00,4.1874,4.2066,4.1703,4.2045,4.48
2024-08-19 04:00:00+00:00,4.2045,4.2148,4.1803,4.1907,2.54
2024-08-19 08:00:00+00:00,4.191,4.2298,4.1889,4.2293,1.26
2024-08-19 12:00:00+00:00,4.2295,4.2315,4.1977,4.222,7.86
2024-08-19 16:00:00+00:00,4.2214,4.2328,4.2118,4.2328,1.79
2024-08-19 20:00:00+00:00,4.2321,4.2372,4.2225,4.2273,0.1
2024-08-20 00:00:00+00:00,4.2272,4.229,4.1982,4.207,3.95
2024-08-20 04:00:00+00:00,4.2069,4.2253,4.1932,4.2243,3.84
2024-08-20 08:00:00+00:00,4.224,4.241,4.2125,4.2375,2.43
2024-08-20 12:00:00+00:00,4.2374,4.2393,4.1963,4.1989,10.45
2024-08-20 16:00:00+00:00,4.1992,4.2,4.1812,4.1943,4.46
2024-08-20 20:00:00+00:00,4.1949,4.1989,4.1917,4.1927,0.11
2024-08-21 00:00:00+00:00,4.1924,4.2058,4.1762,4.2023,4.0
2024-08-21 04:00:00+00:00,4.2019,4.2233,4.1984,4.2027,2.98
2024-08-21 08:00:00+00:00,4.2028,4.2333,4.2009,4.2293,2.47
2024-08-21 12:00:00+00:00,4.2293,4.237,4.1994,4.2277,11.82
2024-08-21 16:00:00+00:00,4.228,4.2508,4.2188,4.236,4.1
2024-08-21 20:00:00+00:00,4.2361,4.241,4.2292,4.2334,0.07
2024-08-22 00:00:00+00:00,4.2332,4.2457,4.2187,4.232,4.2
2024-08-22 04:00:00+00:00,4.2323,4.2523,4.2218,4.237,4.57
2024-08-22 08:00:00+00:00,4.2365,4.2432,4.1919,4.1944,2.44
2024-08-22 12:00:00+00:00,4.195,4.2098,4.1683,4.1765,11.5
2024-08-22 16:00:00+00:00,4.177,4.1878,4.1664,4.1728,4.97
2024-08-22 20:00:00+00:00,4.1723,4.1805,4.1708,4.18,0.1
2024-08-23 00:00:00+00:00,4.18,4.1989,4.1779,4.1977,2.31
2024-08-23 04:00:00+00:00,4.1981,4.2098,4.192,4.2049,2.95
2024-08-23 08:00:00+00:00,4.2053,4.2237,4.2027,4.2082,2.49
2024-08-23 12:00:00+00:00,4.2089,4.2595,4.1937,4.2443,15.7
2024-08-23 16:00:00+00:00,4.2449,4.2542,4.2322,4.2477,4.51
2024-08-23 20:00:00+00:00,4.2473,4.253,4.2462,4.2498,0.08
2024-08-25 20:00:00+00:00,4.2538,4.2561,4.2382,4.241,0.09
2024-08-26 00:00:00+00:00,4.2418,4.2688,4.2397,4.2502,4.04
2024-08-26 04:00:00+00:00,4.2505,4.2908,4.2494,4.2777,2.44
2024-08-26 08:00:00+00:00,4.2772,4.284,4.2582,4.2722,1.0
2024-08-26 12:00:00+00:00,4.2715,4.2815,4.2529,4.2593,8.11
2024-08-26 16:00:00+00:00,4.2588,4.2845,4.2558,4.266,2.73
2024-08-26 20:00:00+00:00,4.266,4.2685,4.2617,4.264,0.14
2024-08-27 00:00:00+00:00,4.262,4.2903,4.2474,4.2819,4.87
2024-08-27 04:00:00+00:00,4.2825,4.2965,4.2629,4.2724,5.05
2024-08-27 08:00:00+00:00,4.272,4.304,4.268,4.2965,4.23
2024-08-27 12:00:00+00:00,4.2965,4.3161,4.2793,4.3085,14.18
2024-08-27 16:00:00+00:00,4.3083,4.3108,4.2938,4.2977,5.09
2024-08-27 20:00:00+00:00,4.2978,4.301,4.2913,4.2935,0.13
2024-08-28 00:00:00+00:00,4.293,4.2965,4.2664,4.2739,3.11
2024-08-28 04:00:00+00:00,4.2742,4.2755,4.2417,4.2455,3.86
2024-08-28 08:00:00+00:00,4.2453,4.2523,4.2137,4.2163,2.11
2024-08-28 12:00:00+00:00,4.2168,4.2438,4.2118,4.2205,8.87
2024-08-28 16:00:00+00:00,4.221,4.2233,4.2034,4.2128,3.4
2024-08-28 20:00:00+00:00,4.2134,4.214,4.2057,4.2081,0.18
2024-08-29 00:00:00+00:00,4.2084,4.2215,4.1894,4.216,3.66
2024-08-29 04:00:00+00:00,4.2165,4.247,4.2144,4.23,2.34
2024-08-29 08:00:00+00:00,4.2298,4.2298,4.1741,4.2024,3.67
2024-08-29 12:00:00+00:00,4.203,4.22,4.1909,4.2134,12.62
2024-08-29 16:00:00+00:00,4.2132,4.2278,4.2042,4.2063,5.06
2024-08-29 20:00:00+00:00,4.2052,4.2123,4.2052,4.2113,0.05
2024-08-30 00:00:00+00:00,4.2106,4.2373,4.2084,4.2324,2.32
2024-08-30 04:00:00+00:00,4.2327,4.2628,4.2293,4.2555,2.57
2024-08-30 08:00:00+00:00,4.255,4.2758,4.2482,4.2566,1.32
2024-08-30 12:00:00+00:00,4.2569,4.264,4.1986,4.2094,12.48
2024-08-30 16:00:00+00:00,4.209,4.2188,4.1992,4.2175,4.28
2024-08-30 20:00:00+00:00,4.2166,4.2215,4.214,4.2175,0.05
2024-09-01 20:00:00+00:00,4.2129,4.2255,4.2103,4.2159,0.03
2024-09-02 00:00:00+00:00,4.2163,4.2193,4.1779,4.187,2.97
2024-09-02 04:00:00+00:00,4.187,4.2008,4.1802,4.1995,1.75
2024-09-02 08:00:00+00:00,4.1998,4.2083,4.1609,4.1619,1.0
2024-09-02 12:00:00+00:00,4.1627,4.187,4.1619,4.1838,3.03
2024-09-02 16:00:00+00:00,4.1829,4.1944,4.1822,4.1944,0.07
2024-09-02 20:00:00+00:00,4.1934,4.1963,4.1792,4.1814,0.03
2024-09-03 00:00:00+00:00,4.1817,4.1958,4.1591,4.1595,3.21
2024-09-03 04:00:00+00:00,4.1589,4.1665,4.1287,4.131,3.76
2024-09-03 08:00:00+00:00,4.1297,4.1405,4.0662,4.0693,4.4
2024-09-03 12:00:00+00:00,4.0697,4.1073,4.0539,4.0865,15.27
2024-09-03 16:00:00+00:00,4.0873,4.0946,4.0834,4.0876,5.05
2024-09-03 20:00:00+00:00,4.0875,4.0955,4.0823,4.091,0.06
2024-09-04 00:00:00+00:00,4.0907,4.1033,4.0773,4.0893,3.79
2024-09-04 04:00:00+00:00,4.0896,4.0905,4.0574,4.0641,3.55
2024-09-04 08:00:00+00:00,4.0643,4.0887,4.041,4.0722,3.6
2024-09-04 12:00:00+00:00,4.073,4.113,4.065,4.0717,12.01
2024-09-04 16:00:00+00:00,4.0715,4.0823,4.0683,4.0815,3.25
2024-09-04 20:00:00+00:00,4.081,4.0875,4.0791,4.0806,0.03
2024-09-05 00:00:00+00:00,4.0809,4.0963,4.0677,4.0677,2.62
2024-09-05 04:00:00+00:00,4.0684,4.0818,4.0389,4.0692,3.69
2024-09-05 08:00:00+00:00,4.0693,4.1088,4.0693,4.1032,2.62
2024-09-05 12:00:00+00:00,4.1032,4.1673,4.1016,4.1302,14.02
2024-09-05 16:00:00+00:00,4.1307,4.1413,4.1282,4.1354,2.66
2024-09-05 20:00:00+00:00,4.135,4.1443,4.1345,4.1421,0.03
2024-09-06 00:00:00+00:00,4.142,4.1474,4.1271,4.1285,2.83
2024-09-06 04:00:00+00:00,4.1289,4.1646,4.1158,4.1481,4.21
2024-09-06 08:00:00+00:00,4.1489,4.16,4.1226,4.1587,1.96
2024-09-06 12:00:00+00:00,4.1589,4.1739,4.0789,4.0825,17.47
2024-09-06 16:00:00+00:00,4.082,4.0828,4.0632,4.0698,6.97
2024-09-06 20:00:00+00:00,4.0693,4.0698,4.0603,4.0625,0.15
2024-09-08 20:00:00+00:00,4.0629,4.0739,4.0628,4.0722,0.05
2024-09-09 00:00:00+00:00,4.0725,4.0842,4.0587,4.082,4.55
2024-09-09 04:00:00+00:00,4.082,4.1397,4.0672,4.1362,3.33
2024-09-09 08:00:00+00:00,4.137,4.1573,4.1358,4.1385,2.05
2024-09-09 12:00:00+00:00,4.1396,4.1418,4.1097,4.1354,8.01
2024-09-09 16:00:00+00:00,4.135,4.1435,4.1274,4.1381,2.5
2024-09-09 20:00:00+00:00,4.1377,4.1418,4.1349,4.136,0.04
2024-09-10 00:00:00+00:00,4.1363,4.1413,4.1187,4.1231,3.19
2024-09-10 04:00:00+00:00,4.1227,4.1569,4.1187,4.1355,3.82
2024-09-10 08:00:00+00:00,4.1355,4.1387,4.1094,4.1229,1.69
2024-09-10 12:00:00+00:00,4.1226,4.1283,4.0797,4.0886,11.65
2024-09-10 16:00:00+00:00,4.0887,4.108,4.0862,4.1061,4.76
2024-09-10 20:00:00+00:00,4.1059,4.106,4.0961,4.1019,0.04
2024-09-11 00:00:00+00:00,4.1018,4.1288,4.0903,4.1244,3.75
2024-09-11 04:00:00+00:00,4.1249,4.1618,4.1212,4.1557,3.46
2024-09-11 08:00:00+00:00,4.1553,4.1605,4.1339,4.152,1.82
2024-09-11 12:00:00+00:00,4.1526,4.1584,4.1073,4.1434,14.9
2024-09-11 16:00:00+00:00,4.1428,4.1665,4.1384,4.1647,6.24
2024-09-11 20:00:00+00:00,4.1649,4.1683,4.162,4.1635,0.07
2024-09-12 00:00:00+00:00,4.1628,4.1828,4.1543,4.1823,4.66
2024-09-12 04:00:00+00:00,4.1814,4.2205,4.1767,4.22,3.19
2024-09-12 08:00:00+00:00,4.2203,4.2345,4.2102,4.2172,2.48
2024-09-12 12:00:00+00:00,4.2168,4.221,4.1716,4.1938,12.9
2024-09-12 16:00:00+00:00,4.1933,4.2108,4.1813,4.2105,3.12
2024-09-12 20:00:00+00:00,4.2103,4.2115,4.2045,4.2078,0.05
2024-09-13 00:00:00+00:00,4.2075,4.2335,4.2075,4.2241,2.06
2024-09-13 04:00:00+00:00,4.225,4.2276,4.201,4.2107,1.54
2024-09-13 08:00:00+00:00,4.2111,4.2178,4.188,4.1905,1.13
2024-09-13 12:00:00+00:00,4.1912,4.2479,4.1848,4.245,8.91
2024-09-13 16:00:00+00:00,4.2458,4.2479,4.2112,4.2242,2.78
2024-09-13 20:00:00+00:00,4.225,4.2255,4.2169,4.2191,0.04
2024-09-15 20:00:00+00:00,4.2174,4.2243,4.2129,4.2211,0.01
2024-09-16 00:00:00+00:00,4.222,4.2285,4.2015,4.2219,0.15
2024-09-16 04:00:00+00:00,4.2221,4.2275,4.1928,4.1985,1.13
2024-09-16 08:00:00+00:00,4.1992,4.261,4.1969,4.2492,1.75
2024-09-16 12:00:00+00:00,4.2505,4.3153,4.2462,4.2768,15.53
2024-09-16 16:00:00+00:00,4.2765,4.2788,4.2597,4.2665,2.84
2024-09-16 20:00:00+00:00,4.2662,4.2695,4.262,4.2682,0.02
2024-09-17 00:00:00+00:00,4.268,4.2935,4.2589,4.2841,0.29
2024-09-17 04:00:00+00:00,4.2837,4.3023,4.26,4.2955,0.57
2024-09-17 08:00:00+00:00,4.2944,4.2953,4.2707,4.281,0.9
2024-09-17 12:00:00+00:00,4.2805,4.2938,4.2509,4.267,12.85
2024-09-17 16:00:00+00:00,4.2668,4.2813,4.2595,4.2793,4.1
2024-09-17 20:00:00+00:00,4.2788,4.2853,4.2747,4.275,0.02
2024-09-18 00:00:00+00:00,4.275,4.2758,4.2407,4.244,3.18
2024-09-18 04:00:00+00:00,4.2437,4.2854,4.2357,4.283,2.17
2024-09-18 08:00:00+00:00,4.2829,4.3058,4.2793,4.2971,1.29
2024-09-18 12:00:00+00:00,4.2975,4.3029,4.2812,4.2933,12.16
2024-09-18 16:00:00+00:00,4.2935,4.3418,4.2555,4.2673,7.9
2024-09-18 20:00:00+00:00,4.267,4.2775,4.2597,4.2684,0.13
2024-09-19 00:00:00+00:00,4.2695,4.2923,4.2389,4.2909,4.75
2024-09-19 04:00:00+00:00,4.2915,4.3677,4.2884,4.367,5.5
2024-09-19 08:00:00+00:00,4.3669,4.3803,4.3452,4.3508,2.14
2024-09-19 12:00:00+00:00,4.352,4.3745,4.3218,4.3433,15.1
2024-09-19 16:00:00+00:00,4.3429,4.355,4.3365,4.346,4.85
2024-09-19 20:00:00+00:00,4.3455,4.3484,4.341,4.3451,0.03
2024-09-20 00:00:00+00:00,4.3457,4.3823,4.3391,4.3789,3.72
2024-09-20 04:00:00+00:00,4.3795,4.3845,4.3526,4.3526,2.63
2024-09-20 08:00:00+00:00,4.3518,4.3688,4.3397,4.3531,1.24
2024-09-20 12:00:00+00:00,4.3536,4.3728,4.3173,4.3282,13.69
2024-09-20 16:00:00+00:00,4.3288,4.343,4.3216,4.331,4.53
2024-09-20 20:00:00+00:00,4.3313,4.333,4.3278,4.3314,0.02
2024-09-22 20:00:00+00:00,4.3313,4.3329,4.321,4.3261,0.05
2024-09-23 00:00:00+00:00,4.326,4.3433,4.3192,4.3354,2.66
2024-09-23 04:00:00+00:00,4.3355,4.3515,4.2714,4.2975,2.72
2024-09-23 08:00:00+00:00,4.2965,4.3251,4.2929,4.3224,1.6
2024-09-23 12:00:00+00:00,4.3231,4.3638,4.3183,4.3544,12.36
2024-09-23 16:00:00+00:00,4.3539,4.3553,4.3379,4.3465,3.69
2024-09-23 20:00:00+00:00,4.3463,4.3463,4.3406,4.3438,0.02
2024-09-24 00:00:00+00:00,4.344,4.4187,4.3377,4.4147,4.62
2024-09-24 04:00:00+00:00,4.4141,4.4468,4.41,4.4355,4.44
2024-09-24 08:00:00+00:00,4.4351,4.466,4.4278,4.4595,3.04
2024-09-24 12:00:00+00:00,4.46,4.4935,4.4581,4.4828,16.51
2024-09-24 16:00:00+00:00,4.4829,4.5278,4.4784,4.524,6.16
2024-09-24 20:00:00+00:00,4.5245,4.5355,4.5217,4.5271,0.05
2024-09-25 00:00:00+00:00,4.5275,4.551,4.5032,4.5145,5.06
2024-09-25 04:00:00+00:00,4.5145,4.518,4.4587,4.4705,4.09
2024-09-25 08:00:00+00:00,4.4709,4.4809,4.4504,4.471,1.59
2024-09-25 12:00:00+00:00,4.4712,4.5214,4.4706,4.492,15.7
2024-09-25 16:00:00+00:00,4.4915,4.496,4.4768,4.4849,4.28
2024-09-25 20:00:00+00:00,4.4848,4.4905,4.4809,4.4877,0.09
2024-09-26 00:00:00+00:00,4.4874,4.5116,4.4727,4.4845,3.8
2024-09-26 04:00:00+00:00,4.4853,4.5353,4.4779,4.5303,5.3
2024-09-26 08:00:00+00:00,4.5295,4.5949,4.5224,4.586,3.9
2024-09-26 12:00:00+00:00,4.5865,4.6375,4.561,4.6351,19.16
2024-09-26 16:00:00+00:00,4.6354,4.6495,4.6204,4.6462,6.82
2024-09-26 20:00:00+00:00,4.6469,4.6478,4.6348,4.6389,0.06
2024-09-27 00:00:00+00:00,4.6396,4.6565,4.6117,4.648,5.91
2024-09-27 04:00:00+00:00,4.6474,4.654,4.5988,4.6257,6.11
2024-09-27 08:00:00+00:00,4.6249,4.645,4.6053,4.6053,2.76
2024-09-27 12:00:00+00:00,4.606,4.632,4.5884,4.5935,19.13
2024-09-27 16:00:00+00:00,4.5943,4.6013,4.575,4.586,5.42
2024-09-27 20:00:00+00:00,4.586,4.59,4.5823,4.588,0.01
2024-09-29 20:00:00+00:00,4.7188,4.7235,4.6729,4.6729,0.48
2024-09-30 00:00:00+00:00,4.6737,4.6888,4.6271,4.6635,5.71
2024-09-30 04:00:00+00:00,4.6636,4.6675,4.6069,4.6085,3.64
2024-09-30 08:00:00+00:00,4.609,4.6283,4.5544,4.5725,3.67
2024-09-30 12:00:00+00:00,4.5731,4.5838,4.4954,4.5184,13.31
2024-09-30 16:00:00+00:00,4.5189,4.5582,4.5154,4.5464,4.78
2024-09-30 20:00:00+00:00,4.5459,4.5528,4.5427,4.5494,0.01
2024-10-01 00:00:00+00:00,4.5493,4.5605,4.5344,4.5484,0.41
2024-10-01 04:00:00+00:00,4.5479,4.5722,4.531,4.5415,1.97
2024-10-01 08:00:00+00:00,4.5417,4.5686,4.5301,4.5665,1.32
2024-10-01 12:00:00+00:00,4.5666,4.6234,4.5547,4.5903,12.99
2024-10-01 16:00:00+00:00,4.5895,4.5915,4.5589,4.5748,4.66
2024-10-01 20:00:00+00:00,4.5753,4.5806,4.5659,4.5701,0.01
2024-10-02 00:00:00+00:00,4.5703,4.6389,4.5671,4.6157,1.84
2024-10-02 04:00:00+00:00,4.6163,4.6198,4.5546,4.612,1.45
2024-10-02 08:00:00+00:00,4.6119,4.6271,4.5936,4.6112,1.28
2024-10-02 12:00:00+00:00,4.6114,4.6463,4.6074,4.644,10.09
2024-10-02 16:00:00+00:00,4.6443,4.6625,4.6392,4.6614,2.71
2024-10-02 20:00:00+00:00,4.661,4.6645,4.6534,4.6549,0.03
2024-10-03 00:00:00+00:00,4.6558,4.6599,4.6195,4.6316,1.66
2024-10-03 04:00:00+00:00,4.6318,4.6645,4.6036,4.6095,1.91
2024-10-03 08:00:00+00:00,4.61,4.6185,4.5724,4.5825,1.99
2024-10-03 12:00:00+00:00,4.5835,4.5878,4.5172,4.5347,11.99
2024-10-03 16:00:00+00:00,4.5347,4.5608,4.5342,4.5442,3.14
2024-10-03 20:00:00+00:00,4.5439,4.547,4.5399,4.5468,0.02
2024-10-04 00:00:00+00:00,4.5464,4.5645,4.5339,4.5515,1.06
2024-10-04 04:00:00+00:00,4.5506,4.5692,4.5382,4.564,1.33
2024-10-04 08:00:00+00:00,4.564,4.579,4.5437,4.5779,1.17
2024-10-04 12:00:00+00:00,4.5785,4.6051,4.5394,4.5652,14.74
2024-10-04 16:00:00+00:00,4.566,4.5775,4.553,4.5682,3.25
2024-10-04 20:00:00+00:00,4.5677,4.5698,4.5645,4.5651,0.02
2024-10-06 20:00:00+00:00,4.5708,4.6061,4.5704,4.5794,0.18
2024-10-07 00:00:00+00:00,4.5795,4.6015,4.5609,4.57,1.14
2024-10-07 04:00:00+00:00,4.5694,4.5758,4.5479,4.5642,1.37
2024-10-07 08:00:00+00:00,4.565,4.586,4.5412,4.5702,1.99
2024-10-07 12:00:00+00:00,4.571,4.5723,4.5139,4.5372,12.07
2024-10-07 16:00:00+00:00,4.5375,4.5707,4.5368,4.5545,3.4
2024-10-07 20:00:00+00:00,4.5539,4.5598,4.549,4.5582,0.07
2024-10-08 00:00:00+00:00,4.5584,4.5787,4.4579,4.4686,9.38
2024-10-08 04:00:00+00:00,4.4692,4.4768,4.4212,4.4305,5.1
2024-10-08 08:00:00+00:00,4.4309,4.4613,4.4214,4.4549,1.38
2024-10-08 12:00:00+00:00,4.4545,4.4885,4.4334,4.4602,14.78
2024-10-08 16:00:00+00:00,4.461,4.474,4.4446,4.4727,3.73
2024-10-08 20:00:00+00:00,4.473,4.4735,4.4647,4.466,0.03
2024-10-09 00:00:00+00:00,4.4652,4.4848,4.4449,4.4552,4.98
2024-10-09 04:00:00+00:00,4.455,4.5017,4.4325,4.446,3.73
2024-10-09 08:00:00+00:00,4.4462,4.452,4.4,4.4118,1.38
2024-10-09 12:00:00+00:00,4.4112,4.4153,4.3714,4.4102,11.18
2024-10-09 16:00:00+00:00,4.4113,4.4193,4.3925,4.4076,2.18
2024-10-09 20:00:00+00:00,4.408,4.4123,4.4008,4.4075,0.0
2024-10-10 00:00:00+00:00,4.4099,4.4418,4.4072,4.4325,5.29
2024-10-10 04:00:00+00:00,4.4317,4.4433,4.4011,4.4044,2.45
2024-10-10 08:00:00+00:00,4.4046,4.41,4.3829,4.389,1.15
2024-10-10 12:00:00+00:00,4.3892,4.4413,4.3802,4.4361,11.7
2024-10-10 16:00:00+00:00,4.4363,4.4521,4.4229,4.4453,4.66
2024-10-10 20:00:00+00:00,4.445,4.4508,4.4424,4.4445,0.46
2024-10-11 00:00:00+00:00,4.4438,4.4591,4.4266,4.4507,3.41
2024-10-11 04:00:00+00:00,4.4507,4.456,4.4164,4.4339,1.34
2024-10-11 08:00:00+00:00,4.4346,4.464,4.4343,4.456,0.98
2024-10-11 12:00:00+00:00,4.4559,4.4835,4.4408,4.4795,12.02
2024-10-11 16:00:00+00:00,4.4793,4.4968,4.4779,4.494,3.26
2024-10-11 20:00:00+00:00,4.4942,4.4945,4.4867,4.4922,0.08
2024-10-13 20:00:00+00:00,4.4484,4.4558,4.4042,4.446,0.26
2024-10-14 00:00:00+00:00,4.4451,4.4589,4.414,4.4475,3.02
2024-10-14 04:00:00+00:00,4.4479,4.4685,4.4444,4.4485,0.99
2024-10-14 08:00:00+00:00,4.4485,4.4617,4.4069,4.4195,1.13
2024-10-14 12:00:00+00:00,4.4193,4.4502,4.3832,4.4029,9.44
2024-10-14 16:00:00+00:00,4.4029,4.4068,4.387,4.4045,1.25
2024-10-14 20:00:00+00:00,4.4048,4.409,4.3979,4.3988,0.04
2024-10-15 00:00:00+00:00,4.3995,4.409,4.3797,4.3839,2.9
2024-10-15 04:00:00+00:00,4.3845,4.3845,4.3315,4.3429,3.12
2024-10-15 08:00:00+00:00,4.343,4.3684,4.3292,4.3645,1.61
2024-10-15 12:00:00+00:00,4.3645,4.3775,4.328,4.331,12.43
2024-10-15 16:00:00+00:00,4.331,4.344,4.3283,4.3431,2.72
2024-10-15 20:00:00+00:00,4.3427,4.344,4.3357,4.3372,0.03
2024-10-16 00:00:00+00:00,4.3365,4.3658,4.327,4.3556,4.11
2024-10-16 04:00:00+00:00,4.3557,4.3882,4.3404,4.3795,2.54
2024-10-16 08:00:00+00:00,4.3789,4.3928,4.3634,4.3846,1.11
2024-10-16 12:00:00+00:00,4.3852,4.3863,4.3457,4.3495,10.5
2024-10-16 16:00:00+00:00,4.3492,4.3727,4.3444,4.3649,1.83
2024-10-16 20:00:00+00:00,4.3644,4.37,4.3614,4.3675,0.01
2024-10-17 00:00:00+00:00,4.3673,4.4107,4.3442,4.3451,4.31
2024-10-17 04:00:00+00:00,4.3455,4.3525,4.2924,4.2973,3.36
2024-10-17 08:00:00+00:00,4.2971,4.3408,4.291,4.3345,1.24
2024-10-17 12:00:00+00:00,4.3353,4.3507,4.32,4.3293,12.47
2024-10-17 16:00:00+00:00,4.329,4.3325,4.3101,4.3303,3.0
2024-10-17 20:00:00+00:00,4.3294,4.3388,4.3272,4.3357,0.01
2024-10-18 00:00:00+00:00,4.3349,4.3725,4.3236,4.3547,4.06
2024-10-18 04:00:00+00:00,4.3544,4.4045,4.354,4.3895,4.17
2024-10-18 08:00:00+00:00,4.3893,4.3939,4.3637,4.3865,0.68
2024-10-18 12:00:00+00:00,4.3871,4.4108,4.3685,4.3754,11.12
2024-10-18 16:00:00+00:00,4.3751,4.3948,4.374,4.3922,2.22
2024-10-18 20:00:00+00:00,4.3929,4.3938,4.3897,4.3906,0.03
2024-10-20 20:00:00+00:00,4.3891,4.406,4.3885,4.4028,0.1
2024-10-21 00:00:00+00:00,4.4037,4.4448,4.3897,4.4435,4.75
2024-10-21 04:00:00+00:00,4.4429,4.4544,4.4134,4.4371,2.23
2024-10-21 08:00:00+00:00,4.4365,4.4475,4.4123,4.4231,0.72
2024-10-21 12:00:00+00:00,4.4235,4.4278,4.3462,4.3544,9.98
2024-10-21 16:00:00+00:00,4.354,4.3623,4.3469,4.3612,1.65
2024-10-21 20:00:00+00:00,4.3605,4.3618,4.3539,4.3553,0.01
2024-10-22 00:00:00+00:00,4.3555,4.3853,4.3419,4.3829,3.84
2024-10-22 04:00:00+00:00,4.3835,4.4048,4.3672,4.3878,1.77
2024-10-22 08:00:00+00:00,4.388,4.402,4.3762,4.384,0.92
2024-10-22 12:00:00+00:00,4.3832,4.4034,4.37,4.3724,10.48
2024-10-22 16:00:00+00:00,4.3728,4.3898,4.3715,4.3843,2.22
2024-10-22 20:00:00+00:00,4.3845,4.3863,4.3799,4.3834,0.0
2024-10-23 00:00:00+00:00,4.384,4.3853,4.3497,4.3725,1.14
2024-10-23 04:00:00+00:00,4.3715,4.3938,4.3327,4.3364,2.11
2024-10-23 08:00:00+00:00,4.3363,4.3555,4.321,4.3234,0.78
2024-10-23 12:00:00+00:00,4.3242,4.351,4.3085,4.343,9.4
2024-10-23 16:00:00+00:00,4.3426,4.3426,4.3184,4.3262,1.88
2024-10-23 20:00:00+00:00,4.3261,4.3373,4.3242,4.3326,0.02
2024-10-24 00:00:00+00:00,4.3325,4.3628,4.3292,4.3613,2.08
2024-10-24 04:00:00+00:00,4.3607,4.3975,4.3529,4.3919,1.98
2024-10-24 08:00:00+00:00,4.3917,4.3944,4.3497,4.3584,0.95
2024-10-24 12:00:00+00:00,4.3582,4.3733,4.321,4.3297,10.9
2024-10-24 16:00:00+00:00,4.3302,4.3673,4.3235,4.3653,3.41
2024-10-24 20:00:00+00:00,4.3647,4.3685,4.361,4.3624,0.09
2024-10-25 00:00:00+00:00,4.3625,4.3732,4.3416,4.3447,2.15
2024-10-25 04:00:00+00:00,4.3444,4.354,4.3239,4.335,2.17
2024-10-25 08:00:00+00:00,4.3344,4.3433,4.323,4.3385,0.89
2024-10-25 12:00:00+00:00,4.3386,4.387,4.3363,4.3788,9.33
2024-10-25 16:00:00+00:00,4.3785,4.3788,4.3614,4.3648,2.95
2024-10-25 20:00:00+00:00,4.364,4.3685,4.3639,4.3677,0.01
2024-10-27 20:00:00+00:00,4.3644,4.3828,4.3584,4.3735,0.09
2024-10-28 00:00:00+00:00,4.3729,4.3772,4.334,4.3356,2.41
2024-10-28 04:00:00+00:00,4.3358,4.3805,4.3309,4.3642,1.02
2024-10-28 08:00:00+00:00,4.3646,4.3715,4.34,4.3513,0.76
2024-10-28 12:00:00+00:00,4.3508,4.3768,4.3434,4.3515,7.95
2024-10-28 16:00:00+00:00,4.3507,4.3675,4.3507,4.3661,2.87
2024-10-28 20:00:00+00:00,4.366,4.3665,4.3571,4.3613,0.03
2024-10-29 00:00:00+00:00,4.3608,4.3682,4.3311,4.3333,2.06
2024-10-29 04:00:00+00:00,4.3324,4.3595,4.3282,4.3543,1.15
2024-10-29 08:00:00+00:00,4.3541,4.4273,4.3385,4.4034,3.49
2024-10-29 12:00:00+00:00,4.4041,4.4041,4.3415,4.353,13.38
2024-10-29 16:00:00+00:00,4.3526,4.363,4.3488,4.3615,2.26
2024-10-29 20:00:00+00:00,4.3614,4.3668,4.3589,4.3662,0.07
2024-10-30 00:00:00+00:00,4.3663,4.3761,4.3454,4.3455,2.03
2024-10-30 04:00:00+00:00,4.3454,4.371,4.3399,4.359,1.62
2024-10-30 08:00:00+00:00,4.36,4.3815,4.3244,4.3246,2.01
2024-10-30 12:00:00+00:00,4.3252,4.3665,4.3232,4.3582,11.35
2024-10-30 16:00:00+00:00,4.3579,4.362,4.3409,4.3574,3.11
2024-10-30 20:00:00+00:00,4.3569,4.3588,4.3479,4.3489,0.06
2024-10-31 00:00:00+00:00,4.3481,4.3695,4.342,4.3569,1.85
2024-10-31 04:00:00+00:00,4.3574,4.363,4.3405,4.3544,1.13
2024-10-31 08:00:00+00:00,4.3551,4.3663,4.3329,4.348,1.18
2024-10-31 12:00:00+00:00,4.3486,4.3783,4.3273,4.3355,12.57
2024-10-31 16:00:00+00:00,4.3354,4.3613,4.3255,4.3585,5.12
2024-10-31 20:00:00+00:00,4.3579,4.3678,4.3572,4.3629,0.2
2024-11-01 00:00:00+00:00,4.363,4.3838,4.3535,4.3827,3.22
2024-11-01 04:00:00+00:00,4.3828,4.3846,4.3407,4.3516,1.08
2024-11-01 08:00:00+00:00,4.3502,4.3782,4.3474,4.3572,0.92
2024-11-01 12:00:00+00:00,4.3568,4.4083,4.3442,4.36,13.81
2024-11-01 16:00:00+00:00,4.3608,4.372,4.3461,4.3465,3.65
2024-11-01 20:00:00+00:00,4.3467,4.3498,4.3461,4.3461,0.01
2024-11-03 20:00:00+00:00,4.3509,4.3693,4.3462,4.3669,0.79
2024-11-04 00:00:00+00:00,4.3669,4.4078,4.3634,4.4063,3.66
2024-11-04 04:00:00+00:00,4.406,4.4445,4.398,4.4228,2.88
2024-11-04 08:00:00+00:00,4.4224,4.437,4.3937,4.4112,1.96
2024-11-04 12:00:00+00:00,4.4113,4.4465,4.3987,4.4368,10.07
2024-11-04 16:00:00+00:00,4.4359,4.4435,4.4137,4.4324,5.69
2024-11-04 20:00:00+00:00,4.4319,4.434,4.4223,4.4248,0.32
2024-11-05 00:00:00+00:00,4.425,4.4685,4.418,4.4637,3.68
2024-11-05 04:00:00+00:00,4.4634,4.4713,4.4462,4.4606,2.04
2024-11-05 08:00:00+00:00,4.4597,4.487,4.4384,4.467,1.94
2024-11-05 12:00:00+00:00,4.4673,4.4914,4.4542,4.4784,11.01
2024-11-05 16:00:00+00:00,4.4789,4.4824,4.4562,4.4562,5.05
2024-11-05 20:00:00+00:00,4.4565,4.4629,4.4492,4.4548,0.23
2024-11-06 00:00:00+00:00,4.4539,4.4545,4.3546,4.3564,9.44
2024-11-06 04:00:00+00:00,4.356,4.3918,4.3377,4.387,8.08
2024-11-06 08:00:00+00:00,4.387,4.395,4.3044,4.3133,3.98
2024-11-06 12:00:00+00:00,4.3124,4.3213,4.2485,4.2772,13.02
2024-11-06 16:00:00+00:00,4.2771,4.2865,4.2355,4.2395,5.63
2024-11-06 20:00:00+00:00,4.2389,4.2425,4.2245,4.237,0.28
2024-11-07 00:00:00+00:00,4.2362,4.3113,4.2362,4.3058,5.57
2024-11-07 04:00:00+00:00,4.3049,4.3303,4.2942,4.3254,3.08
2024-11-07 08:00:00+00:00,4.325,4.3546,4.3241,4.3295,2.75
2024-11-07 12:00:00+00:00,4.3292,4.4308,4.3287,4.4159,11.0
2024-11-07 16:00:00+00:00,4.4154,4.444,4.4069,4.4275,6.03
2024-11-07 20:00:00+00:00,4.4278,4.4433,4.4273,4.4286,0.57
2024-11-08 00:00:00+00:00,4.4289,4.4333,4.3824,4.3878,4.76
2024-11-08 04:00:00+00:00,4.388,4.4047,4.3749,4.3905,2.87
2024-11-08 08:00:00+00:00,4.3902,4.3953,4.3053,4.3325,4.46
2024-11-08 12:00:00+00:00,4.333,4.3445,4.3122,4.3245,10.05
2024-11-08 16:00:00+00:00,4.324,4.324,4.2907,4.3097,4.93
2024-11-08 20:00:00+00:00,4.3098,4.318,4.3085,4.3096,0.1
2024-11-10 20:00:00+00:00,4.3116,4.324,4.3108,4.323,0.03
2024-11-11 00:00:00+00:00,4.3222,4.3298,4.3013,4.3115,3.45
2024-11-11 04:00:00+00:00,4.3112,4.3245,4.2895,4.2918,2.17
2024-11-11 08:00:00+00:00,4.292,4.314,4.275,4.2838,2.01
2024-11-11 12:00:00+00:00,4.2829,4.2895,4.2484,4.2523,8.8
2024-11-11 16:00:00+00:00,4.2533,4.2555,4.2242,4.2367,4.55
2024-11-11 20:00:00+00:00,4.2364,4.245,4.2363,4.2422,0.06
2024-11-12 00:00:00+00:00,4.2428,4.2575,4.2245,4.2245,3.67
2024-11-12 04:00:00+00:00,4.2245,4.2253,4.1612,4.1647,3.54
2024-11-12 08:00:00+00:00,4.1648,4.1817,4.1297,4.143,3.28
2024-11-12 12:00:00+00:00,4.1442,4.1843,4.1422,4.1535,12.2
2024-11-12 16:00:00+00:00,4.1527,4.1579,4.1338,4.143,6.04
2024-11-12 20:00:00+00:00,4.1433,4.1463,4.1342,4.1414,0.06
2024-11-13 00:00:00+00:00,4.1414,4.1637,4.1357,4.1374,4.66
2024-11-13 04:00:00+00:00,4.1369,4.141,4.1205,4.1264,3.0
2024-11-13 08:00:00+00:00,4.126,4.1525,4.1145,4.1255,2.71
2024-11-13 12:00:00+00:00,4.1267,4.144,4.0804,4.0967,16.55
2024-11-13 16:00:00+00:00,4.0963,4.1103,4.0732,4.0752,8.16
2024-11-13 20:00:00+00:00,4.0753,4.076,4.0638,4.0715,0.36
2024-11-14 00:00:00+00:00,4.0718,4.084,4.0233,4.0324,5.18
2024-11-14 04:00:00+00:00,4.0325,4.0393,4.0112,4.0174,3.91
2024-11-14 08:00:00+00:00,4.0147,4.0303,3.9992,4.0248,4.56
2024-11-14 12:00:00+00:00,4.025,4.0843,4.0185,4.074,13.84
2024-11-14 16:00:00+00:00,4.0748,4.0965,4.0662,4.0894,6.32
2024-11-14 20:00:00+00:00,4.0895,4.0895,4.0695,4.0775,0.74
2024-11-15 00:00:00+00:00,4.0771,4.1048,4.0687,4.0895,4.53
2024-11-15 04:00:00+00:00,4.0895,4.1024,4.0763,4.0799,3.09
2024-11-15 08:00:00+00:00,4.0797,4.1695,4.0743,4.1567,4.38
2024-11-15 12:00:00+00:00,4.1572,4.1648,4.0871,4.1018,11.19
2024-11-15 16:00:00+00:00,4.1009,4.103,4.058,4.0649,5.97
2024-11-15 20:00:00+00:00,4.0645,4.0673,4.0597,4.0612,0.24
2024-11-17 20:00:00+00:00,4.0649,4.0663,4.049,4.0607,0.03
2024-11-18 00:00:00+00:00,4.0614,4.0923,4.0599,4.0793,4.49
2024-11-18 04:00:00+00:00,4.0786,4.0905,4.0683,4.0742,2.23
2024-11-18 08:00:00+00:00,4.073,4.0948,4.0541,4.0617,2.66
2024-11-18 12:00:00+00:00,4.062,4.1108,4.0577,4.1043,7.59
2024-11-18 16:00:00+00:00,4.1039,4.1338,4.1029,4.1229,5.16
2024-11-18 20:00:00+00:00,4.123,4.1253,4.1177,4.1219,0.36
2024-11-19 00:00:00+00:00,4.1217,4.1512,4.1197,4.1447,3.36
2024-11-19 04:00:00+00:00,4.1448,4.1503,4.1205,4.1312,3.61
2024-11-19 08:00:00+00:00,4.1314,4.146,4.086,4.0953,6.0
2024-11-19 12:00:00+00:00,4.0955,4.1288,4.0952,4.1183,11.77
2024-11-19 16:00:00+00:00,4.1187,4.159,4.1167,4.1569,6.8
2024-11-19 20:00:00+00:00,4.1573,4.1732,4.157,4.167,0.73
2024-11-20 00:00:00+00:00,4.1675,4.1768,4.155,4.1659,3.17
2024-11-20 04:00:00+00:00,4.1665,4.176,4.1538,4.1606,2.62
2024-11-20 08:00:00+00:00,4.1602,4.167,4.1431,4.157,1.96
2024-11-20 12:00:00+00:00,4.1575,4.1762,4.1434,4.1565,8.14
2024-11-20 16:00:00+00:00,4.1559,4.165,4.1347,4.1417,3.53
2024-11-20 20:00:00+00:00,4.1414,4.1524,4.1403,4.1509,0.25
2024-11-21 00:00:00+00:00,4.1514,4.1605,4.1439,4.1549,2.45
2024-11-21 04:00:00+00:00,4.1547,4.1588,4.1371,4.1509,3.02
2024-11-21 08:00:00+00:00,4.1505,4.1643,4.1059,4.1273,4.59
2024-11-21 12:00:00+00:00,4.1271,4.1459,4.1179,4.122,9.47
2024-11-21 16:00:00+00:00,4.1223,4.126,4.0948,4.1174,4.4
2024-11-21 20:00:00+00:00,4.1178,4.1503,4.1047,4.1455,0.13
2024-11-22 00:00:00+00:00,4.1454,4.1596,4.1284,4.1317,1.86
2024-11-22 04:00:00+00:00,4.1315,4.1539,4.1217,4.1517,2.12
2024-11-22 08:00:00+00:00,4.1525,4.1595,4.1042,4.1081,3.76
2024-11-22 12:00:00+00:00,4.1089,4.1463,4.1069,4.1378,9.48
2024-11-22 16:00:00+00:00,4.1378,4.141,4.1174,4.1266,3.86
2024-11-22 20:00:00+00:00,4.1262,4.134,4.1218,4.1315,0.23
2024-11-24 20:00:00+00:00,4.135,4.161,4.135,4.1546,0.13
2024-11-25 00:00:00+00:00,4.1548,4.1812,4.1515,4.1597,3.09
2024-11-25 04:00:00+00:00,4.1591,4.1698,4.1441,4.1547,2.48
2024-11-25 08:00:00+00:00,4.1544,4.1718,4.1454,4.156,2.03
2024-11-25 12:00:00+00:00,4.1557,4.1759,4.1538,4.1555,8.74
2024-11-25 16:00:00+00:00,4.1554,4.1668,4.1452,4.1668,4.0
2024-11-25 20:00:00+00:00,4.1663,4.1672,4.1099,4.1157,0.32
2024-11-26 00:00:00+00:00,4.1162,4.1555,4.1019,4.1545,2.87
2024-11-26 04:00:00+00:00,4.1537,4.1595,4.1132,4.1181,1.23
2024-11-26 08:00:00+00:00,4.1182,4.159,4.1168,4.1515,1.14
2024-11-26 12:00:00+00:00,4.1512,4.1765,4.1263,4.1348,7.53
2024-11-26 16:00:00+00:00,4.1355,4.1383,4.1102,4.1221,3.23
2024-11-26 20:00:00+00:00,4.1223,4.1358,4.1209,4.1268,0.14
2024-11-27 00:00:00+00:00,4.1266,4.1465,4.118,4.144,1.42
2024-11-27 04:00:00+00:00,4.1434,4.1618,4.1388,4.1569,1.19
2024-11-27 08:00:00+00:00,4.1566,4.1718,4.1438,4.1506,1.52
2024-11-27 12:00:00+00:00,4.1502,4.1608,4.1287,4.1453,9.46
2024-11-27 16:00:00+00:00,4.1444,4.1508,4.1338,4.1475,5.3
2024-11-27 20:00:00+00:00,4.1478,4.1493,4.1372,4.141,0.23
2024-11-28 00:00:00+00:00,4.1418,4.1575,4.1344,4.1365,3.73
2024-11-28 04:00:00+00:00,4.136,4.1465,4.1282,4.1327,1.86
2024-11-28 08:00:00+00:00,4.132,4.1418,4.1227,4.1253,1.38
2024-11-28 12:00:00+00:00,4.125,4.1345,4.1213,4.1298,3.4
2024-11-28 16:00:00+00:00,4.1292,4.145,4.128,4.1302,0.76
2024-11-28 20:00:00+00:00,4.1314,4.1318,4.1238,4.1274,0.04
2024-11-29 00:00:00+00:00,4.1278,4.1633,4.1254,4.1633,3.16
2024-11-29 04:00:00+00:00,4.1638,4.165,4.1444,4.1515,1.76
2024-11-29 08:00:00+00:00,4.1508,4.153,4.1311,4.1415,1.55
2024-11-29 12:00:00+00:00,4.1409,4.1503,4.1252,4.1455,9.45
2024-11-29 16:00:00+00:00,4.1458,4.1498,4.1317,4.1416,4.16
2024-12-01 20:00:00+00:00,4.1421,4.1432,4.1199,4.1252,0.15
2024-12-02 00:00:00+00:00,4.1245,4.1338,4.1114,4.1124,4.39
2024-12-02 04:00:00+00:00,4.1125,4.1153,4.0889,4.0914,2.92
2024-12-02 08:00:00+00:00,4.0912,4.136,4.0797,4.1335,2.89
2024-12-02 12:00:00+00:00,4.1337,4.1434,4.1165,4.1175,6.56
2024-12-02 16:00:00+00:00,4.1179,4.1415,4.1099,4.1384,3.54
2024-12-02 20:00:00+00:00,4.1379,4.1515,4.1362,4.1472,0.89
2024-12-03 00:00:00+00:00,4.1473,4.149,4.1099,4.1249,3.95
2024-12-03 04:00:00+00:00,4.1247,4.1798,4.1184,4.1733,3.64
2024-12-03 08:00:00+00:00,4.1729,4.1923,4.1666,4.1786,2.16
2024-12-03 12:00:00+00:00,4.1805,4.2595,4.1594,4.1981,10.61
2024-12-03 16:00:00+00:00,4.1984,4.2105,4.191,4.1939,3.0
2024-12-03 20:00:00+00:00,4.1935,4.2015,4.1904,4.1947,0.11
2024-12-04 00:00:00+00:00,4.1945,4.1984,4.1714,4.174,3.86
2024-12-04 04:00:00+00:00,4.1738,4.205,4.1726,4.1967,2.86
2024-12-04 08:00:00+00:00,4.1981,4.2072,4.1799,4.1841,1.76
2024-12-04 12:00:00+00:00,4.1843,4.2135,4.1687,4.2038,8.29
2024-12-04 16:00:00+00:00,4.204,4.2095,4.1877,4.2005,3.26
2024-12-04 20:00:00+00:00,4.2004,4.2025,4.1928,4.1965,0.2
2024-12-05 00:00:00+00:00,4.1973,4.2018,4.1852,4.1952,2.22
2024-12-05 04:00:00+00:00,4.1958,4.2228,4.1835,4.2221,2.3
2024-12-05 08:00:00+00:00,4.2227,4.2314,4.1878,4.1948,2.06
2024-12-05 12:00:00+00:00,4.1947,4.214,4.1733,4.1859,8.54
2024-12-05 16:00:00+00:00,4.1864,4.1985,4.1792,4.1963,3.42
2024-12-05 20:00:00+00:00,4.1959,4.2023,4.1937,4.1958,0.2
2024-12-06 00:00:00+00:00,4.195,4.2255,4.1792,4.2245,3.99
2024-12-06 04:00:00+00:00,4.2242,4.232,4.2045,4.2149,2.15
2024-12-06 08:00:00+00:00,4.2143,4.2473,4.2139,4.2295,1.78
2024-12-06 12:00:00+00:00,4.2292,4.2513,4.1927,4.2038,9.32
2024-12-06 16:00:00+00:00,4.204,4.2148,4.1898,4.1955,3.11
2024-12-06 20:00:00+00:00,4.1954,4.1995,4.1932,4.1943,0.24
2024-12-08 20:00:00+00:00,4.1964,4.2028,4.1948,4.2022,0.01
2024-12-09 00:00:00+00:00,4.2022,4.2153,4.1898,4.1898,1.76
2024-12-09 04:00:00+00:00,4.1898,4.267,4.178,4.2658,3.38
2024-12-09 08:00:00+00:00,4.2662,4.2778,4.2522,4.2645,4.48
2024-12-09 12:00:00+00:00,4.2643,4.2943,4.2594,4.2814,11.11
2024-12-09 16:00:00+00:00,4.2809,4.2845,4.258,4.2613,5.5
2024-12-09 20:00:00+00:00,4.2603,4.2603,4.2528,4.2585,0.41
2024-12-10 00:00:00+00:00,4.2584,4.272,4.2453,4.2496,5.76
2024-12-10 04:00:00+00:00,4.2492,4.2618,4.2346,4.2407,3.19
2024-12-10 08:00:00+00:00,4.2422,4.2578,4.2296,4.2543,2.24
2024-12-10 12:00:00+00:00,4.2546,4.2753,4.2369,4.2579,6.23
2024-12-10 16:00:00+00:00,4.2579,4.277,4.2494,4.2703,2.71
2024-12-10 20:00:00+00:00,4.27,4.2733,4.2633,4.2684,0.03
2024-12-11 00:00:00+00:00,4.2681,4.3185,4.267,4.3017,2.25
2024-12-11 04:00:00+00:00,4.3015,4.3068,4.2409,4.2485,1.8
2024-12-11 08:00:00+00:00,4.2485,4.2586,4.2318,4.2516,0.76
2024-12-11 12:00:00+00:00,4.2519,4.2818,4.2471,4.2577,10.56
2024-12-11 16:00:00+00:00,4.2575,4.2718,4.2558,4.2617,4.68
2024-12-11 20:00:00+00:00,4.2625,4.2665,4.2557,4.2629,0.15
2024-12-12 00:00:00+00:00,4.263,4.2963,4.2617,4.2958,1.27
2024-12-12 04:00:00+00:00,4.2956,4.3325,4.2878,4.3195,1.46
2024-12-12 08:00:00+00:00,4.319,4.329,4.2693,4.2853,1.94
2024-12-12 12:00:00+00:00,4.2858,4.294,4.2154,4.2235,12.27
2024-12-12 16:00:00+00:00,4.2229,4.2508,4.2217,4.2329,4.53
2024-12-12 20:00:00+00:00,4.2333,4.2417,4.2286,4.2303,0.27
2024-12-13 00:00:00+00:00,4.2294,4.239,4.2134,4.2241,2.33
2024-12-13 04:00:00+00:00,4.2248,4.2365,4.2187,4.2211,1.86
2024-12-13 08:00:00+00:00,4.2201,4.236,4.2144,4.2269,1.96
2024-12-13 12:00:00+00:00,4.2283,4.2415,4.1874,4.1888,7.73
2024-12-13 16:00:00+00:00,4.1875,4.2013,4.1822,4.1905,5.04
2024-12-13 20:00:00+00:00,4.191,4.1968,4.1864,4.1934,0.1
2024-12-15 20:00:00+00:00,4.1945,4.2018,4.1914,4.1992,0.03
2024-12-16 00:00:00+00:00,4.1997,4.2008,4.1714,4.177,3.31
2024-12-16 04:00:00+00:00,4.1764,4.1809,4.1677,4.1722,1.72
2024-12-16 08:00:00+00:00,4.1728,4.1985,4.1709,4.188,1.53
2024-12-16 12:00:00+00:00,4.1884,4.2173,4.1793,4.1914,7.79
2024-12-16 16:00:00+00:00,4.1923,4.1953,4.1837,4.1897,3.25
2024-12-16 20:00:00+00:00,4.1892,4.1933,4.1868,4.1895,0.21
2024-12-17 00:00:00+00:00,4.1894,4.1958,4.1742,4.176,2.16
2024-12-17 04:00:00+00:00,4.1757,4.1828,4.1667,4.1682,1.67
2024-12-17 08:00:00+00:00,4.168,4.17,4.1319,4.1404,1.96
2024-12-17 12:00:00+00:00,4.1413,4.1493,4.1317,4.1388,5.3
2024-12-17 16:00:00+00:00,4.1373,4.1498,4.1323,4.1432,2.82
2024-12-17 20:00:00+00:00,4.1432,4.146,4.1411,4.1429,0.2
2024-12-18 00:00:00+00:00,4.1425,4.1488,4.1199,4.1238,1.94
2024-12-18 04:00:00+00:00,4.1232,4.1335,4.1159,4.1187,1.29
2024-12-18 08:00:00+00:00,4.1188,4.1612,4.1139,4.1515,1.19
2024-12-18 12:00:00+00:00,4.1523,4.1668,4.1473,4.1535,5.89
2024-12-18 16:00:00+00:00,4.1536,4.1658,4.1054,4.1072,4.82
2024-12-18 20:00:00+00:00,4.1072,4.1103,4.0804,4.0832,2.6
2024-12-19 00:00:00+00:00,4.0835,4.1158,4.0815,4.0923,4.39
2024-12-19 04:00:00+00:00,4.0921,4.1043,4.0774,4.089,2.78
2024-12-19 08:00:00+00:00,4.0885,4.1013,4.0784,4.0875,2.34
2024-12-19 12:00:00+00:00,4.0879,4.1105,4.0767,4.0865,10.96
2024-12-19 16:00:00+00:00,4.0864,4.0868,4.0682,4.0796,6.19
2024-12-19 20:00:00+00:00,4.08,4.0847,4.0751,4.0777,0.39
2024-12-20 00:00:00+00:00,4.0775,4.0925,4.0742,4.0853,2.93
2024-12-20 04:00:00+00:00,4.0845,4.1013,4.0767,4.0914,1.87
2024-12-20 08:00:00+00:00,4.0922,4.1093,4.068,4.0807,2.99
2024-12-20 12:00:00+00:00,4.0812,4.0978,4.0734,4.0966,11.14
2024-12-20 16:00:00+00:00,4.0967,4.1093,4.0897,4.1045,6.89
2024-12-20 20:00:00+00:00,4.1046,4.105,4.0935,4.0962,1.06
2024-12-22 20:00:00+00:00,4.0949,4.1098,4.0941,4.1094,0.06
2024-12-23 00:00:00+00:00,4.1092,4.1255,4.1043,4.1179,2.92
2024-12-23 04:00:00+00:00,4.1176,4.1255,4.1078,4.1089,1.59
2024-12-23 08:00:00+00:00,4.108,4.1258,4.0982,4.112,1.53
2024-12-23 12:00:00+00:00,4.113,4.113,4.0753,4.0757,6.27
2024-12-23 16:00:00+00:00,4.0754,4.0958,4.0737,4.0937,3.17
2024-12-23 20:00:00+00:00,4.0938,4.0968,4.0894,4.0932,0.29
2024-12-24 00:00:00+00:00,4.0933,4.1032,4.0825,4.0898,1.27
2024-12-24 04:00:00+00:00,4.0895,4.109,4.0852,4.1018,0.66
2024-12-24 08:00:00+00:00,4.1023,4.1208,4.0982,4.1125,0.91
2024-12-24 12:00:00+00:00,4.1123,4.117,4.093,4.1005,3.72
2024-12-24 16:00:00+00:00,4.1001,4.1148,4.0997,4.1011,1.8
2024-12-25 20:00:00+00:00,4.1052,4.1085,4.0997,4.1018,0.02
2024-12-26 00:00:00+00:00,4.1022,4.1128,4.1017,4.1046,0.64
2024-12-26 04:00:00+00:00,4.1045,4.1045,4.0703,4.0875,0.73
2024-12-26 08:00:00+00:00,4.0879,4.1258,4.0814,4.1237,0.41
2024-12-26 12:00:00+00:00,4.1242,4.1433,4.1193,4.1309,4.47
2024-12-26 16:00:00+00:00,4.1315,4.1383,4.1208,4.1336,2.03
2024-12-26 20:00:00+00:00,4.1334,4.1428,4.1319,4.1382,0.32
2024-12-27 00:00:00+00:00,4.1384,4.1479,4.1227,4.1445,1.4
2024-12-27 04:00:00+00:00,4.1443,4.1468,4.111,4.1153,0.97
2024-12-27 08:00:00+00:00,4.1138,4.1241,4.106,4.1219,0.78
2024-12-27 12:00:00+00:00,4.1222,4.1333,4.1098,4.12,6.78
2024-12-27 16:00:00+00:00,4.1203,4.1333,4.1136,4.1287,4.19
2024-12-27 20:00:00+00:00,4.1287,4.1287,4.1198,4.1248,0.15
2024-12-29 20:00:00+00:00,4.1233,4.1373,4.1233,4.1345,0.06
2024-12-30 00:00:00+00:00,4.1352,4.1378,4.1248,4.1362,1.22
2024-12-30 04:00:00+00:00,4.136,4.146,4.1239,4.1248,0.86
2024-12-30 08:00:00+00:00,4.1244,4.126,4.1038,4.1095,1.04
2024-12-30 12:00:00+00:00,4.1097,4.1148,4.0792,4.0812,8.33
2024-12-30 16:00:00+00:00,4.0811,4.0975,4.0792,4.0943,3.75
2024-12-30 20:00:00+00:00,4.0934,4.0998,4.0862,4.0884,0.37
2024-12-31 00:00:00+00:00,4.0889,4.0958,4.0755,4.077,1.59
2024-12-31 04:00:00+00:00,4.0764,4.0898,4.0757,4.081,1.09
2024-12-31 08:00:00+00:00,4.0798,4.087,4.0449,4.053,1.68
2024-12-31 12:00:00+00:00,4.0534,4.0571,4.0057,4.024,8.28
2024-12-31 16:00:00+00:00,4.0239,4.0288,4.0141,4.0209,4.73
2024-12-31 20:00:00+00:00,4.0212,4.0245,4.0195,4.0212,0.21
2025-01-01 20:00:00+00:00,4.0272,4.032,4.0193,4.03,0.11
2025-01-02 00:00:00+00:00,4.0297,4.0553,4.021,4.0443,4.21
2025-01-02 04:00:00+00:00,4.044,4.0498,4.0177,4.0278,2.18
2025-01-02 08:00:00+00:00,4.0279,4.0308,4.0028,4.0194,2.61
2025-01-02 12:00:00+00:00,4.0196,4.0323,4.0073,4.024,6.39
2025-01-02 16:00:00+00:00,4.0237,4.0355,4.0092,4.0248,3.99
2025-01-02 20:00:00+00:00,4.0244,4.036,4.0244,4.0258,0.25
2025-01-03 00:00:00+00:00,4.0257,4.045,4.0193,4.0225,1.12
2025-01-03 04:00:00+00:00,4.0218,4.0289,4.0065,4.0232,1.63
2025-01-03 08:00:00+00:00,4.024,4.0402,4.0204,4.0365,1.69
2025-01-03 12:00:00+00:00,4.0365,4.069,4.0259,4.0584,10.01
2025-01-03 16:00:00+00:00,4.059,4.0805,4.0587,4.0734,5.03
2025-01-03 20:00:00+00:00,4.0731,4.0779,4.0692,4.0745,0.3
2025-01-05 20:00:00+00:00,4.0745,4.0785,4.0714,4.0746,0.05
2025-01-06 00:00:00+00:00,4.0749,4.0895,4.0646,4.0678,3.73
2025-01-06 04:00:00+00:00,4.0668,4.0774,4.0562,4.0768,1.97
2025-01-06 08:00:00+00:00,4.0765,4.1565,4.068,4.1515,4.9
2025-01-06 12:00:00+00:00,4.1507,4.1985,4.1305,4.1898,13.33
2025-01-06 16:00:00+00:00,4.1903,4.192,4.1459,4.1473,4.89
2025-01-06 20:00:00+00:00,4.148,4.1525,4.145,4.148,0.06
2025-01-07 00:00:00+00:00,4.1481,4.1628,4.1382,4.1515,1.36
2025-01-07 04:00:00+00:00,4.1515,4.187,4.1479,4.1814,1.08
2025-01-07 08:00:00+00:00,4.1819,4.1988,4.1754,4.1784,1.67
2025-01-07 12:00:00+00:00,4.179,4.2109,4.175,4.1994,12.13
2025-01-07 16:00:00+00:00,4.1991,4.2022,4.1803,4.1825,4.46
2025-01-07 20:00:00+00:00,4.1822,4.1835,4.1738,4.1822,0.17
2025-01-08 00:00:00+00:00,4.1829,4.197,4.1787,4.183,0.74
2025-01-08 04:00:00+00:00,4.183,4.202,4.1795,4.1983,0.72
2025-01-08 08:00:00+00:00,4.1977,4.2209,4.166,4.1863,2.37
2025-01-08 12:00:00+00:00,4.1848,4.2573,4.1735,4.2545,11.57
2025-01-08 16:00:00+00:00,4.2539,4.2705,4.2347,4.2678,7.79
2025-01-08 20:00:00+00:00,4.2677,4.2709,4.2612,4.2627,0.53
2025-01-09 00:00:00+00:00,4.2639,4.2973,4.255,4.2863,3.07
2025-01-09 04:00:00+00:00,4.2868,4.297,4.2787,4.2816,1.63
2025-01-09 08:00:00+00:00,4.2819,4.315,4.2807,4.303,2.15
2025-01-09 12:00:00+00:00,4.3022,4.3478,4.3003,4.3039,6.73
2025-01-09 16:00:00+00:00,4.3037,4.3177,4.2893,4.3154,2.8
2025-01-09 20:00:00+00:00,4.3153,4.3193,4.3038,4.3064,0.07
2025-01-10 00:00:00+00:00,4.3068,4.3385,4.3064,4.3282,3.04
2025-01-10 04:00:00+00:00,4.3278,4.3382,4.3154,4.3294,1.91
2025-01-10 08:00:00+00:00,4.3289,4.3475,4.3114,4.3308,1.14
2025-01-10 12:00:00+00:00,4.3309,4.358,4.2883,4.3053,13.04
2025-01-10 16:00:00+00:00,4.3054,4.3088,4.2803,4.2969,6.74
2025-01-10 20:00:00+00:00,4.2962,4.2969,4.2863,4.2893,0.16
2025-01-12 20:00:00+00:00,4.2847,4.2972,4.271,4.2954,0.09
2025-01-13 00:00:00+00:00,4.2958,4.3114,4.2867,4.2974,3.73
2025-01-13 04:00:00+00:00,4.2972,4.3089,4.2846,4.2978,0.99
2025-01-13 08:00:00+00:00,4.2985,4.3319,4.2898,4.3041,1.92
2025-01-13 12:00:00+00:00,4.3033,4.3417,4.2881,4.3306,6.01
2025-01-13 16:00:00+00:00,4.331,4.3334,4.3113,4.3188,3.28
2025-01-13 20:00:00+00:00,4.3187,4.3397,4.3173,4.3312,0.33
2025-01-14 00:00:00+00:00,4.3303,4.3634,4.3221,4.3539,3.73
2025-01-14 04:00:00+00:00,4.3533,4.3533,4.3285,4.3301,2.93
2025-01-14 08:00:00+00:00,4.3307,4.3477,4.3207,4.3276,2.6
2025-01-14 12:00:00+00:00,4.3255,4.3529,4.309,4.3527,8.62
2025-01-14 16:00:00+00:00,4.3532,4.3539,4.3201,4.3452,4.58
2025-01-14 20:00:00+00:00,4.3441,4.3479,4.3361,4.3376,0.52
2025-01-15 00:00:00+00:00,4.338,4.3402,4.3237,4.3314,2.29
2025-01-15 04:00:00+00:00,4.3308,4.3479,4.3181,4.3431,1.92
2025-01-15 08:00:00+00:00,4.3428,4.3594,4.3151,4.3525,2.53
2025-01-15 12:00:00+00:00,4.3531,4.3837,4.3285,4.3608,11.01
2025-01-15 16:00:00+00:00,4.361,4.4009,4.3567,4.3999,5.95
2025-01-15 20:00:00+00:00,4.3997,4.4027,4.3864,4.3959,0.28
2025-01-16 00:00:00+00:00,4.3962,4.4232,4.3903,4.4063,4.5
2025-01-16 04:00:00+00:00,4.4068,4.4329,4.3821,4.4253,3.69
2025-01-16 08:00:00+00:00,4.4253,4.4444,4.4093,4.4144,1.43
2025-01-16 12:00:00+00:00,4.4149,4.4402,4.3847,4.4297,9.55
2025-01-16 16:00:00+00:00,4.4302,4.4417,4.4118,4.4366,5.39
2025-01-16 20:00:00+00:00,4.4364,4.4367,4.427,4.427,0.14
2025-01-17 00:00:00+00:00,4.4277,4.4659,4.4258,4.4631,1.26
2025-01-17 04:00:00+00:00,4.4634,4.4649,4.4531,4.4576,0.76
2025-01-17 08:00:00+00:00,4.4578,4.4674,4.428,4.4363,1.54
2025-01-17 12:00:00+00:00,4.4372,4.4412,4.3428,4.3591,12.12
2025-01-17 16:00:00+00:00,4.3585,4.3704,4.3536,4.3577,2.57
2025-01-17 20:00:00+00:00,4.3567,4.3612,4.3497,4.3497,0.07
2025-01-19 20:00:00+00:00,4.352,4.3569,4.3497,4.3564,0.03
2025-01-20 00:00:00+00:00,4.3561,4.3617,4.3206,4.3442,2.49
2025-01-20 04:00:00+00:00,4.3443,4.3589,4.3346,4.3559,1.55
2025-01-20 08:00:00+00:00,4.3567,4.3594,4.3391,4.3511,1.33
2025-01-20 12:00:00+00:00,4.3513,4.3791,4.2789,4.3104,9.28
2025-01-20 16:00:00+00:00,4.3099,4.324,4.2977,4.3169,2.02
2025-01-20 20:00:00+00:00,4.3144,4.3284,4.3126,4.3256,0.08
2025-01-21 00:00:00+00:00,4.3253,4.3312,4.2828,4.2949,5.6
2025-01-21 04:00:00+00:00,4.2957,4.3022,4.2807,4.2846,2.1
2025-01-21 08:00:00+00:00,4.2848,4.3074,4.2676,4.2974,3.79
2025-01-21 12:00:00+00:00,4.2989,4.3352,4.284,4.3272,11.62
2025-01-21 16:00:00+00:00,4.3265,4.3422,4.3234,4.3318,4.82
2025-01-21 20:00:00+00:00,4.3319,4.3399,4.3186,4.3274,0.29
2025-01-22 00:00:00+00:00,4.3275,4.3352,4.3117,4.3181,1.57
2025-01-22 04:00:00+00:00,4.3178,4.3222,4.2903,4.293,1.3
2025-01-22 08:00:00+00:00,4.2933,4.3334,4.2918,4.3087,2.41
2025-01-22 12:00:00+00:00,4.3086,4.3222,4.2791,4.2907,4.72
2025-01-22 16:00:00+00:00,4.2905,4.3062,4.2813,4.2957,2.93
2025-01-22 20:00:00+00:00,4.2954,4.301,4.2859,4.2896,0.15
2025-01-23 00:00:00+00:00,4.2895,4.2922,4.2537,4.2562,1.77
2025-01-23 04:00:00+00:00,4.2565,4.2617,4.2369,4.2524,0.55
2025-01-23 08:00:00+00:00,4.2529,4.2817,4.2511,4.27,0.9
2025-01-23 12:00:00+00:00,4.2704,4.304,4.2673,4.2994,4.0
2025-01-23 16:00:00+00:00,4.2998,4.3342,4.292,4.3213,3.27
2025-01-23 20:00:00+00:00,4.3211,4.3285,4.3195,4.3231,0.15
2025-01-24 00:00:00+00:00,4.3232,4.3734,4.3216,4.3681,2.62
2025-01-24 04:00:00+00:00,4.3676,4.387,4.364,4.3721,1.96
2025-01-24 08:00:00+00:00,4.373,4.3837,4.354,4.3598,2.49
2025-01-24 12:00:00+00:00,4.3591,4.3781,4.3139,4.3232,7.81
2025-01-24 16:00:00+00:00,4.3237,4.333,4.3097,4.3142,3.72
2025-01-24 20:00:00+00:00,4.3137,4.3152,4.3065,4.3096,0.38
2025-01-26 20:00:00+00:00,4.3104,4.3104,4.2858,4.2882,0.07
2025-01-27 00:00:00+00:00,4.2877,4.2935,4.2614,4.2831,2.07
2025-01-27 04:00:00+00:00,4.2829,4.2902,4.2492,4.2505,1.21
2025-01-27 08:00:00+00:00,4.2499,4.2905,4.2499,4.2868,2.17
2025-01-27 12:00:00+00:00,4.2864,4.297,4.2434,4.2434,4.24
2025-01-27 16:00:00+00:00,4.2435,4.2511,4.2209,4.2355,2.04
2025-01-27 20:00:00+00:00,4.2362,4.277,4.233,4.2434,0.93
2025-01-28 00:00:00+00:00,4.2435,4.2742,4.2427,4.2469,1.17
2025-01-28 04:00:00+00:00,4.2475,4.2677,4.2419,4.2528,0.48
2025-01-28 08:00:00+00:00,4.2531,4.272,4.2457,4.2637,1.25
2025-01-28 12:00:00+00:00,4.2628,4.2742,4.2462,4.2574,4.44
2025-01-28 16:00:00+00:00,4.2575,4.265,4.2393,4.2529,2.49
2025-01-28 20:00:00+00:00,4.2524,4.2525,4.2452,4.2452,0.15
2025-01-29 00:00:00+00:00,4.2452,4.247,4.2122,4.2184,0.21
2025-01-29 04:00:00+00:00,4.2189,4.2227,4.2025,4.2114,0.28
2025-01-29 08:00:00+00:00,4.2117,4.2526,4.2095,4.2459,0.86
2025-01-29 12:00:00+00:00,4.2457,4.2956,4.2421,4.2956,4.68
2025-01-29 16:00:00+00:00,4.2957,4.3087,4.2708,4.2823,4.27
2025-01-29 20:00:00+00:00,4.2821,4.293,4.2797,4.293,0.42
2025-01-30 00:00:00+00:00,4.293,4.2965,4.2771,4.2806,0.12
2025-01-30 04:00:00+00:00,4.2802,4.281,4.2584,4.2793,0.22
2025-01-30 08:00:00+00:00,4.2796,4.3067,4.2763,4.2939,1.09
2025-01-30 12:00:00+00:00,4.2934,4.3436,4.2894,4.3269,3.26
2025-01-30 16:00:00+00:00,4.3262,4.3358,4.2979,4.3128,1.49
2025-01-30 20:00:00+00:00,4.3126,4.3172,4.2972,4.314,0.53
2025-01-31 00:00:00+00:00,4.3132,4.317,4.302,4.3081,0.15
2025-01-31 04:00:00+00:00,4.3084,4.3157,4.2959,4.3119,0.18
2025-01-31 08:00:00+00:00,4.313,4.3132,4.2736,4.2786,0.35
2025-01-31 12:00:00+00:00,4.2789,4.2955,4.2614,4.2817,2.3
2025-01-31 16:00:00+00:00,4.282,4.287,4.2565,4.2596,3.55
2025-01-31 20:00:00+00:00,4.2591,4.2992,4.2559,4.2714,0.61
2025-02-02 20:00:00+00:00,4.2554,4.2747,4.2099,4.2331,0.86
2025-02-03 00:00:00+00:00,4.2334,4.242,4.1815,4.1962,1.98
2025-02-03 04:00:00+00:00,4.1957,4.2237,4.1896,4.2127,1.04
2025-02-03 08:00:00+00:00,4.2132,4.2476,4.2084,4.2347,1.82
2025-02-03 12:00:00+00:00,4.2355,4.2872,4.2299,4.2852,6.32
2025-02-03 16:00:00+00:00,4.2857,4.3337,4.2705,4.3236,5.06
2025-02-03 20:00:00+00:00,4.3237,4.3367,4.3129,4.3232,0.25
2025-02-04 00:00:00+00:00,4.3232,4.3507,4.3221,4.3349,0.37
2025-02-04 04:00:00+00:00,4.3355,4.341,4.3043,4.3316,0.83
2025-02-04 08:00:00+00:00,4.3322,4.3338,4.3116,4.3267,0.6
2025-02-04 12:00:00+00:00,4.3254,4.371,4.3069,4.3406,4.28
2025-02-04 16:00:00+00:00,4.341,4.3667,4.3376,4.3646,1.42
2025-02-04 20:00:00+00:00,4.3642,4.3682,4.355,4.3576,0.06
2025-02-05 00:00:00+00:00,4.358,4.3717,4.3489,4.3641,1.29
2025-02-05 04:00:00+00:00,4.3648,4.4034,4.3584,4.3949,0.56
2025-02-05 08:00:00+00:00,4.3969,4.4005,4.3557,4.3654,1.13
2025-02-05 12:00:00+00:00,4.3662,4.4003,4.3416,4.3982,4.49
2025-02-05 16:00:00+00:00,4.3975,4.455,4.3853,4.4442,3.65
2025-02-05 20:00:00+00:00,4.4447,4.5019,4.4347,4.4647,0.21
2025-02-06 00:00:00+00:00,4.4647,4.494,4.4541,4.4898,0.62
2025-02-06 04:00:00+00:00,4.4897,4.5075,4.4821,4.4832,0.29
2025-02-06 08:00:00+00:00,4.4842,4.4992,4.4582,4.4616,0.72
2025-02-06 12:00:00+00:00,4.4611,4.4752,4.4093,4.4425,3.59
2025-02-06 16:00:00+00:00,4.4421,4.4605,4.4369,4.453,1.38
2025-02-06 20:00:00+00:00,4.4527,4.4627,4.4521,4.4594,0.07
2025-02-07 00:00:00+00:00,4.4593,4.4955,4.4584,4.4901,0.62
2025-02-07 04:00:00+00:00,4.4899,4.5,4.4807,4.492,0.4
2025-02-07 08:00:00+00:00,4.4918,4.527,4.4915,4.5155,0.45
2025-02-07 12:00:00+00:00,4.5146,4.6067,4.5112,4.5931,6.98
2025-02-07 16:00:00+00:00,4.5929,4.6025,4.5619,4.5982,4.48
2025-02-07 20:00:00+00:00,4.598,4.598,4.5818,4.5936,0.13
2025-02-09 20:00:00+00:00,4.5966,4.6051,4.5691,4.5973,0.09
2025-02-10 00:00:00+00:00,4.5978,4.6298,4.5906,4.6001,0.97
2025-02-10 04:00:00+00:00,4.6004,4.6032,4.5792,4.5883,0.3
2025-02-10 08:00:00+00:00,4.5882,4.626,4.5807,4.6206,0.6
2025-02-10 12:00:00+00:00,4.6204,4.7102,4.6166,4.7058,5.42
2025-02-10 16:00:00+00:00,4.7056,4.7129,4.6793,4.7039,3.19
2025-02-10 20:00:00+00:00,4.7037,4.7047,4.6737,4.679,0.25
2025-02-11 00:00:00+00:00,4.6797,4.696,4.6588,4.6711,0.76
2025-02-11 04:00:00+00:00,4.6701,4.6852,4.6362,4.6396,0.62
2025-02-11 08:00:00+00:00,4.6397,4.6525,4.5844,4.5868,2.22
2025-02-11 12:00:00+00:00,4.5876,4.6095,4.5391,4.5734,7.86
2025-02-11 16:00:00+00:00,4.5738,4.6012,4.567,4.5947,4.3
2025-02-11 20:00:00+00:00,4.5955,4.598,4.5876,4.5961,0.11
2025-02-12 00:00:00+00:00,4.5964,4.6124,4.5736,4.5847,0.91
2025-02-12 04:00:00+00:00,4.5845,4.6145,4.5817,4.608,0.3
2025-02-12 08:00:00+00:00,4.6072,4.6217,4.5879,4.6021,0.91
2025-02-12 12:00:00+00:00,4.6018,4.667,4.5859,4.6656,6.47
2025-02-12 16:00:00+00:00,4.6662,4.7112,4.6662,4.6937,3.61
2025-02-12 20:00:00+00:00,4.6933,4.7025,4.6874,4.6929,0.07
2025-02-13 00:00:00+00:00,4.693,4.735,4.6811,4.7244,0.59
2025-02-13 04:00:00+00:00,4.7232,4.7432,4.7136,4.7179,0.45
2025-02-13 08:00:00+00:00,4.7181,4.729,4.6872,4.7284,0.65
2025-02-13 12:00:00+00:00,4.7277,4.761,4.7042,4.7592,5.56
2025-02-13 16:00:00+00:00,4.7591,4.7811,4.7537,4.7756,3.28
2025-02-13 20:00:00+00:00,4.7756,4.8302,4.7747,4.8201,0.07
2025-02-14 00:00:00+00:00,4.8203,4.8582,4.8144,4.8459,1.59
2025-02-14 04:00:00+00:00,4.8458,4.866,4.8366,4.8511,1.57
2025-02-14 08:00:00+00:00,4.8504,4.8827,4.8107,4.8336,1.44
2025-02-14 12:00:00+00:00,4.8345,4.847,4.6821,4.6952,5.97
2025-02-14 16:00:00+00:00,4.6943,4.7157,4.692,4.7022,2.27
2025-02-14 20:00:00+00:00,4.7014,4.7014,4.6848,4.6862,0.09
2025-02-16 20:00:00+00:00,4.6927,4.7034,4.6838,4.6946,0.03
2025-02-17 00:00:00+00:00,4.6947,4.717,4.6857,4.7095,0.81
2025-02-17 04:00:00+00:00,4.7092,4.712,4.686,4.6956,0.68
2025-02-17 08:00:00+00:00,4.6966,4.7039,4.6494,4.6595,0.89
2025-02-17 12:00:00+00:00,4.6592,4.6677,4.6394,4.6541,1.15
2025-02-17 16:00:00+00:00,4.654,4.656,4.6386,4.6397,0.1
2025-02-17 20:00:00+00:00,4.6394,4.6442,4.636,4.6438,0.07
2025-02-18 00:00:00+00:00,4.6436,4.6552,4.6087,4.6449,0.73
2025-02-18 04:00:00+00:00,4.645,4.6602,4.6214,4.6414,0.4
2025-02-18 08:00:00+00:00,4.6418,4.6627,4.6381,4.6421,0.37
2025-02-18 12:00:00+00:00,4.6427,4.6456,4.5926,4.6024,4.52
2025-02-18 16:00:00+00:00,4.602,4.6464,4.5996,4.6306,4.23
2025-02-18 20:00:00+00:00,4.631,4.6387,4.6288,4.6334,0.17
2025-02-19 00:00:00+00:00,4.634,4.6357,4.6096,4.6142,0.53
2025-02-19 04:00:00+00:00,4.6142,4.6443,4.6129,4.6322,0.3
2025-02-19 08:00:00+00:00,4.6317,4.6607,4.6298,4.6401,0.43
2025-02-19 12:00:00+00:00,4.6407,4.6543,4.6046,4.6057,2.51
2025-02-19 16:00:00+00:00,4.6067,4.632,4.6015,4.6211,1.42
2025-02-19 20:00:00+00:00,4.621,4.6245,4.6094,4.6112,0.08
2025-02-20 00:00:00+00:00,4.6117,4.6357,4.5961,4.6309,0.91
2025-02-20 04:00:00+00:00,4.631,4.6435,4.6244,4.6385,0.7
2025-02-20 08:00:00+00:00,4.6385,4.6733,4.627,4.6553,1.52
2025-02-20 12:00:00+00:00,4.6544,4.6887,4.6519,4.6702,3.36
2025-02-20 16:00:00+00:00,4.6698,4.6837,4.6486,4.6609,0.95
2025-02-20 20:00:00+00:00,4.6605,4.667,4.6541,4.6609,0.03
2025-02-21 00:00:00+00:00,4.6612,4.6622,4.6329,4.6352,2.99
2025-02-21 04:00:00+00:00,4.636,4.6362,4.6108,4.6257,1.57
2025-02-21 08:00:00+00:00,4.6257,4.6445,4.5875,4.6393,2.24
2025-02-21 12:00:00+00:00,4.6388,4.6457,4.6074,4.6142,4.64
2025-02-21 16:00:00+00:00,4.6145,4.6322,4.5899,4.5912,2.37
2025-02-21 20:00:00+00:00,4.5905,4.5965,4.5872,4.5894,0.27
2025-02-23 20:00:00+00:00,4.5883,4.614,4.5841,4.6012,0.14
2025-02-24 00:00:00+00:00,4.602,4.625,4.5871,4.6089,1.28
2025-02-24 04:00:00+00:00,4.6083,4.616,4.5743,4.5833,0.46
2025-02-24 08:00:00+00:00,4.5836,4.6075,4.5717,4.588,0.9
2025-02-24 12:00:00+00:00,4.587,4.5995,4.5479,4.5703,4.34
2025-02-24 16:00:00+00:00,4.5699,4.5807,4.5521,4.5607,1.8
2025-02-24 20:00:00+00:00,4.5617,4.5627,4.5466,4.549,0.31
2025-02-25 00:00:00+00:00,4.5489,4.5585,4.54,4.5438,1.4
2025-02-25 04:00:00+00:00,4.5442,4.547,4.5199,4.5231,0.71
2025-02-25 08:00:00+00:00,4.5224,4.5857,4.5207,4.573,0.65
2025-02-25 12:00:00+00:00,4.5724,4.6178,4.5244,4.5322,5.37
2025-02-25 16:00:00+00:00,4.5321,4.5435,4.5146,4.5414,3.0
2025-02-25 20:00:00+00:00,4.541,4.7107,4.5407,4.7063,1.26
2025-02-26 00:00:00+00:00,4.7056,4.7474,4.6816,4.7109,0.8
2025-02-26 04:00:00+00:00,4.7102,4.74,4.6951,4.7009,0.44
2025-02-26 08:00:00+00:00,4.701,4.7234,4.6744,4.6838,0.48
2025-02-26 12:00:00+00:00,4.684,4.69,4.5734,4.6067,3.01
2025-02-26 16:00:00+00:00,4.6066,4.6311,4.5669,4.5739,1.53
2025-02-26 20:00:00+00:00,4.574,4.5837,4.5621,4.5782,0.19
2025-02-27 00:00:00+00:00,4.5781,4.5795,4.5515,4.5547,0.62
2025-02-27 04:00:00+00:00,4.5548,4.5937,4.5473,4.5836,1.2
2025-02-27 08:00:00+00:00,4.5834,4.6285,4.5811,4.6022,1.43
2025-02-27 12:00:00+00:00,4.6033,4.6672,4.5865,4.5883,6.48
2025-02-27 16:00:00+00:00,4.5892,4.6302,4.5859,4.5997,3.11
2025-02-27 20:00:00+00:00,4.6,4.6055,4.5858,4.5892,0.66
2025-02-28 00:00:00+00:00,4.5895,4.5935,4.5592,4.5615,0.45
2025-02-28 04:00:00+00:00,4.5616,4.5647,4.5272,4.5276,0.37
2025-02-28 08:00:00+00:00,4.5274,4.5651,4.5261,4.5631,0.39
2025-02-28 12:00:00+00:00,4.5627,4.5743,4.5107,4.527,3.67
2025-02-28 16:00:00+00:00,4.5277,4.5557,4.5236,4.5484,2.04
2025-02-28 20:00:00+00:00,4.548,4.5652,4.546,4.5611,0.15
2025-03-02 20:00:00+00:00,4.5735,4.6044,4.5733,4.5893,0.05
2025-03-03 00:00:00+00:00,4.5892,4.5977,4.551,4.5773,0.36
2025-03-03 04:00:00+00:00,4.5769,4.5792,4.5379,4.548,0.17
2025-03-03 08:00:00+00:00,4.5471,4.6017,4.5344,4.5902,39.48
2025-03-03 12:00:00+00:00,4.5891,4.652,4.5891,4.6026,3.24
2025-03-03 16:00:00+00:00,4.6032,4.6275,4.5737,4.5774,1.79
2025-03-03 20:00:00+00:00,4.5771,4.6305,4.5674,4.6013,1.24
2025-03-04 00:00:00+00:00,4.601,4.6097,4.5694,4.5851,0.8
2025-03-04 04:00:00+00:00,4.5848,4.5972,4.5545,4.5662,0.92
2025-03-04 08:00:00+00:00,4.5653,4.5805,4.5264,4.5573,1.61
2025-03-04 12:00:00+00:00,4.5569,4.6072,4.5304,4.5418,6.25
2025-03-04 16:00:00+00:00,4.542,4.5772,4.5201,4.5731,3.18
2025-03-04 20:00:00+00:00,4.5732,4.5839,4.5636,4.5733,0.28
2025-03-05 00:00:00+00:00,4.5729,4.6247,4.5446,4.6106,1.06
2025-03-05 04:00:00+00:00,4.6105,4.75,4.6099,4.7282,1.65
2025-03-05 08:00:00+00:00,4.7279,4.797,4.7154,4.7706,1.48
2025-03-05 12:00:00+00:00,4.7714,4.8187,4.7333,4.7914,5.11
2025-03-05 16:00:00+00:00,4.7909,4.8232,4.7757,4.8054,2.56
2025-03-05 20:00:00+00:00,4.8051,4.8157,4.802,4.8096,0.3
2025-03-06 00:00:00+00:00,4.81,4.8314,4.7906,4.8069,0.4
2025-03-06 04:00:00+00:00,4.8074,4.8092,4.7551,4.7575,0.67
2025-03-06 08:00:00+00:00,4.7571,4.7837,4.7329,4.7701,0.76
2025-03-06 12:00:00+00:00,4.7707,4.8282,4.7644,4.7902,4.19
2025-03-06 16:00:00+00:00,4.79,4.8498,4.7832,4.7962,2.25
2025-03-06 20:00:00+00:00,4.7952,4.801,4.7717,4.7752,0.21
2025-03-07 00:00:00+00:00,4.7743,4.7937,4.7569,4.7585,0.13
2025-03-07 04:00:00+00:00,4.7583,4.7932,4.7517,4.7811,0.28
2025-03-07 08:00:00+00:00,4.7807,4.7872,4.7564,4.7672,0.25
2025-03-07 12:00:00+00:00,4.7689,4.7898,4.6997,4.7464,8.51
2025-03-07 16:00:00+00:00,4.7457,4.7607,4.6789,4.7036,5.4
2025-03-07 20:00:00+00:00,4.704,4.7165,4.704,4.711,0.13
2025-03-09 20:00:00+00:00,4.7132,4.7145,4.6653,4.7026,0.09
2025-03-10 00:00:00+00:00,4.7026,4.7313,4.6721,4.6849,0.63
2025-03-10 04:00:00+00:00,4.686,4.6998,4.6716,4.6809,0.39
2025-03-10 08:00:00+00:00,4.6812,4.6962,4.6509,4.6844,1.41
2025-03-10 12:00:00+00:00,4.6847,4.7045,4.6567,4.674,5.38
2025-03-10 16:00:00+00:00,4.6734,4.6773,4.6286,4.6427,1.86
2025-03-10 20:00:00+00:00,4.6434,4.6454,4.6311,4.6396,0.07
2025-03-11 00:00:00+00:00,4.6401,4.6707,4.6234,4.6506,1.19
2025-03-11 04:00:00+00:00,4.6506,4.6787,4.6329,4.6673,0.7
2025-03-11 08:00:00+00:00,4.6686,4.7677,4.6564,4.7622,1.74
2025-03-11 12:00:00+00:00,4.7617,4.7799,4.7228,4.767,5.3
2025-03-11 16:00:00+00:00,4.7677,4.803,4.7517,4.7905,3.77
2025-03-11 20:00:00+00:00,4.7893,4.7995,4.7841,4.7914,0.01
2025-03-12 00:00:00+00:00,4.7916,4.8432,4.7736,4.8061,0.41
2025-03-12 04:00:00+00:00,4.8067,4.8232,4.7789,4.8081,0.52
2025-03-12 08:00:00+00:00,4.8079,4.8777,4.8064,4.8714,0.83
2025-03-12 12:00:00+00:00,4.8716,4.9017,4.8132,4.8637,6.04
2025-03-12 16:00:00+00:00,4.8624,4.8682,4.84,4.8429,1.73
2025-03-12 20:00:00+00:00,4.8431,4.8515,4.8382,4.8515,0.04
2025-03-13 00:00:00+00:00,4.8515,4.8687,4.8365,4.8394,0.53
2025-03-13 04:00:00+00:00,4.8389,4.8487,4.8011,4.8067,0.57
2025-03-13 08:00:00+00:00,4.8073,4.8502,4.7946,4.8362,0.53
2025-03-13 12:00:00+00:00,4.8341,4.9147,4.8213,4.9008,3.72
2025-03-13 16:00:00+00:00,4.901,4.9321,4.8929,4.917,2.0
2025-03-13 20:00:00+00:00,4.9172,4.947,4.9111,4.9318,0.07
2025-03-14 00:00:00+00:00,4.9312,4.9526,4.919,4.9446,0.14
2025-03-14 04:00:00+00:00,4.9445,4.9476,4.9267,4.94,0.24
2025-03-14 08:00:00+00:00,4.9404,4.9555,4.9066,4.9352,0.31
2025-03-14 12:00:00+00:00,4.9362,4.946,4.8734,4.8736,2.29
2025-03-14 16:00:00+00:00,4.8733,4.8995,4.8695,4.8796,0.75
2025-03-14 20:00:00+00:00,4.8797,4.8852,4.8741,4.8809,0.05
2025-03-16 20:00:00+00:00,4.8824,4.8904,4.8757,4.8775,0.04
2025-03-17 00:00:00+00:00,4.8774,4.9044,4.8735,4.8778,0.26
2025-03-17 04:00:00+00:00,4.8784,4.9141,4.8728,4.8927,0.09
2025-03-17 08:00:00+00:00,4.8923,4.9332,4.8756,4.9192,0.62
2025-03-17 12:00:00+00:00,4.9197,4.9442,4.8972,4.9429,3.14
2025-03-17 16:00:00+00:00,4.9425,4.9817,4.9367,4.9737,0.82
2025-03-17 20:00:00+00:00,4.9742,4.9797,4.9705,4.9717,0.0
2025-03-18 00:00:00+00:00,4.9721,4.9959,4.9633,4.9682,0.17
2025-03-18 04:00:00+00:00,4.9688,4.9805,4.9539,4.9572,0.18
2025-03-18 08:00:00+00:00,4.9571,4.9811,4.9558,4.9787,0.2
2025-03-18 12:00:00+00:00,4.9793,5.0232,4.9705,4.9839,2.49
2025-03-18 16:00:00+00:00,4.9829,5.0178,4.9795,5.0081,1.27
2025-03-18 20:00:00+00:00,5.009,5.009,4.9973,4.9996,0.03
2025-03-19 00:00:00+00:00,5.0006,5.0281,4.9946,5.0224,0.21
2025-03-19 04:00:00+00:00,5.0216,5.0442,5.0099,5.0323,0.25
2025-03-19 08:00:00+00:00,5.0332,5.057,5.0259,5.0451,0.35
2025-03-19 12:00:00+00:00,5.0456,5.0936,5.0432,5.0772,1.51
2025-03-19 16:00:00+00:00,5.0779,5.1207,5.0779,5.1158,1.88
2025-03-19 20:00:00+00:00,5.1151,5.1255,5.1116,5.1242,0.01
2025-03-20 00:00:00+00:00,5.1243,5.1425,5.1104,5.1272,0.53
2025-03-20 04:00:00+00:00,5.1272,5.1464,5.1171,5.1372,0.24
2025-03-20 08:00:00+00:00,5.1364,5.1412,5.0796,5.1245,0.73
2025-03-20 12:00:00+00:00,5.1242,5.1263,5.0562,5.0997,1.94
2025-03-20 16:00:00+00:00,5.0997,5.1164,5.0937,5.1076,0.51
2025-03-20 20:00:00+00:00,5.1077,5.1125,5.1041,5.1114,0.01
2025-03-21 00:00:00+00:00,5.1113,5.1355,5.0944,5.0987,0.26
2025-03-21 04:00:00+00:00,5.0997,5.1069,5.0806,5.0894,0.31
2025-03-21 08:00:00+00:00,5.0889,5.0952,5.0356,5.0534,0.44
2025-03-21 12:00:00+00:00,5.0534,5.0935,5.0264,5.0892,2.4
2025-03-21 16:00:00+00:00,5.0887,5.1142,5.0817,5.1006,0.59
2025-03-21 20:00:00+00:00,5.1012,5.1082,5.0996,5.1022,0.05
2025-03-23 20:00:00+00:00,5.0949,5.1257,5.0949,5.125,0.09
2025-03-24 00:00:00+00:00,5.1239,5.137,5.1077,5.1261,0.3
2025-03-24 04:00:00+00:00,5.1267,5.1772,5.1219,5.1707,0.64
2025-03-24 08:00:00+00:00,5.1714,5.1827,5.1381,5.1645,0.9
2025-03-24 12:00:00+00:00,5.1651,5.1765,5.1041,5.1111,2.85
2025-03-24 16:00:00+00:00,5.1112,5.1196,5.0729,5.0862,1.43
2025-03-24 20:00:00+00:00,5.0859,5.0925,5.0766,5.0804,0.01
2025-03-25 00:00:00+00:00,5.0808,5.1137,5.0745,5.103,0.35
2025-03-25 04:00:00+00:00,5.1036,5.1281,5.1022,5.1231,0.16
2025-03-25 08:00:00+00:00,5.1242,5.1535,5.1191,5.1463,0.2
2025-03-25 12:00:00+00:00,5.1476,5.2112,5.1444,5.2036,2.95
2025-03-25 16:00:00+00:00,5.2033,5.2235,5.2016,5.2121,1.02
2025-03-25 20:00:00+00:00,5.2118,5.2342,5.2116,5.2282,0.03
2025-03-26 00:00:00+00:00,5.2283,5.3707,5.2206,5.2437,0.74
2025-03-26 04:00:00+00:00,5.2442,5.3169,5.2324,5.3044,0.32
2025-03-26 08:00:00+00:00,5.3057,5.3077,5.2612,5.2784,0.4
2025-03-26 12:00:00+00:00,5.2795,5.309,5.2353,5.2393,1.98
2025-03-26 16:00:00+00:00,5.2401,5.2477,5.2245,5.2365,0.86
2025-03-26 20:00:00+00:00,5.2359,5.2465,5.2311,5.2414,0.02
2025-03-27 00:00:00+00:00,5.241,5.2673,5.2058,5.2637,0.17
2025-03-27 04:00:00+00:00,5.2632,5.2697,5.2221,5.2494,0.24
2025-03-27 08:00:00+00:00,5.2502,5.2502,5.2114,5.2272,0.3
2025-03-27 12:00:00+00:00,5.2273,5.2454,5.0872,5.1207,6.05
2025-03-27 16:00:00+00:00,5.1207,5.1452,5.1127,5.1177,1.6
2025-03-27 20:00:00+00:00,5.1178,5.1258,5.1099,5.1151,0.01
2025-03-28 00:00:00+00:00,5.1144,5.1214,5.0757,5.0915,1.25
2025-03-28 04:00:00+00:00,5.091,5.1045,5.0775,5.0828,0.82
2025-03-28 08:00:00+00:00,5.0837,5.1207,5.0602,5.1205,1.03
2025-03-28 12:00:00+00:00,5.1201,5.1651,5.1108,5.1321,6.79
2025-03-28 16:00:00+00:00,5.1317,5.1504,5.1026,5.1057,0.91
2025-03-28 20:00:00+00:00,5.106,5.1117,5.0965,5.1061,0.04
2025-03-30 20:00:00+00:00,5.1059,5.1447,5.0989,5.1272,0.06
2025-03-31 00:00:00+00:00,5.1276,5.1302,5.0936,5.0962,0.79
2025-03-31 04:00:00+00:00,5.0962,5.1205,5.0836,5.0966,0.61
2025-03-31 08:00:00+00:00,5.096,5.0972,5.0189,5.0462,1.04
2025-03-31 12:00:00+00:00,5.0457,5.077,4.9851,5.0289,6.32
2025-03-31 16:00:00+00:00,5.0289,5.0563,5.0221,5.0488,0.95
2025-03-31 20:00:00+00:00,5.0482,5.0563,5.0422,5.0477,0.14
2025-04-01 00:00:00+00:00,5.0485,5.0927,5.0482,5.0814,0.5
2025-04-01 04:00:00+00:00,5.0811,5.114,5.0578,5.0948,0.58
2025-04-01 08:00:00+00:00,5.0947,5.1042,5.0291,5.0558,0.55
2025-04-01 12:00:00+00:00,5.0553,5.0678,5.0038,5.0417,6.34
2025-04-01 16:00:00+00:00,5.0412,5.0462,5.0166,5.0339,1.0
2025-04-01 20:00:00+00:00,5.0337,5.043,5.0276,5.0377,0.07
2025-04-02 00:00:00+00:00,5.0385,5.0725,5.0246,5.0659,0.26
2025-04-02 04:00:00+00:00,5.0666,5.07,5.0207,5.0494,0.24
2025-04-02 08:00:00+00:00,5.0494,5.0934,5.0376,5.0696,0.42
2025-04-02 12:00:00+00:00,5.0695,5.078,5.0291,5.0368,4.0
2025-04-02 16:00:00+00:00,5.037,5.0587,5.0319,5.0503,0.39
2025-04-02 20:00:00+00:00,5.0513,5.1414,4.8312,4.9147,1.83
2025-04-03 00:00:00+00:00,4.9151,4.9386,4.889,4.9073,2.53
2025-04-03 04:00:00+00:00,4.9069,4.9217,4.8637,4.9083,2.31
2025-04-03 08:00:00+00:00,4.9085,4.959,4.8892,4.8946,2.29
2025-04-03 12:00:00+00:00,4.8962,4.9047,4.8297,4.8601,8.03
2025-04-03 16:00:00+00:00,4.8594,4.8677,4.8084,4.8102,2.14
2025-04-03 20:00:00+00:00,4.8102,4.823,4.802,4.8175,0.08
2025-04-04 00:00:00+00:00,4.8179,4.8192,4.766,4.7682,0.64
2025-04-04 04:00:00+00:00,4.7682,4.7972,4.7424,4.7469,1.74
2025-04-04 08:00:00+00:00,4.7462,4.7475,4.5722,4.5766,6.78
2025-04-04 12:00:00+00:00,4.5771,4.5799,4.4236,4.4584,16.31
2025-04-04 16:00:00+00:00,4.4587,4.4622,4.3736,4.4016,9.76
2025-04-04 20:00:00+00:00,4.4013,4.4032,4.3702,4.3871,0.34
2025-04-06 20:00:00+00:00,4.2989,4.3027,4.0287,4.1736,1.25
2025-04-07 00:00:00+00:00,4.1735,4.4605,4.1064,4.4007,5.79
2025-04-07 04:00:00+00:00,4.4014,4.4457,4.295,4.3072,2.25
2025-04-07 08:00:00+00:00,4.3076,4.4157,4.2689,4.3701,6.12
2025-04-07 12:00:00+00:00,4.3699,4.4392,4.1494,4.2594,13.97
2025-04-07 16:00:00+00:00,4.2601,4.2755,4.1792,4.2595,6.92
2025-04-07 20:00:00+00:00,4.2582,4.3357,4.2571,4.2907,0.23
2025-04-08 00:00:00+00:00,4.2896,4.3625,4.2426,4.3607,1.26
2025-04-08 04:00:00+00:00,4.3593,4.36,4.2605,4.2964,0.62
2025-04-08 08:00:00+00:00,4.2976,4.3252,4.2331,4.2997,1.03
2025-04-08 12:00:00+00:00,4.2999,4.3132,4.1567,4.182,8.33
2025-04-08 16:00:00+00:00,4.1821,4.192,4.0911,4.1079,5.98
2025-04-08 20:00:00+00:00,4.1066,4.1189,4.0361,4.069,0.43
2025-04-09 00:00:00+00:00,4.07,4.1712,4.0674,4.1137,2.17
2025-04-09 04:00:00+00:00,4.1135,4.2157,4.1004,4.1909,2.24
2025-04-09 08:00:00+00:00,4.1922,4.2597,4.1352,4.1718,2.15
2025-04-09 12:00:00+00:00,4.1719,4.2575,4.1361,4.229,4.13
2025-04-09 16:00:00+00:00,4.2282,4.4535,4.1854,4.4332,4.66
2025-04-09 20:00:00+00:00,4.4316,4.4698,4.3959,4.402,0.17
2025-04-10 00:00:00+00:00,4.402,4.4413,4.352,4.4195,1.89
2025-04-10 04:00:00+00:00,4.4199,4.4562,4.339,4.3532,1.33
2025-04-10 08:00:00+00:00,4.3538,4.377,4.3148,4.3516,0.81
2025-04-10 12:00:00+00:00,4.3527,4.4427,4.3257,4.356,8.51
2025-04-10 16:00:00+00:00,4.3555,4.388,4.3131,4.3749,6.29
2025-04-10 20:00:00+00:00,4.3744,4.3962,4.3535,4.3721,0.06
2025-04-11 00:00:00+00:00,4.3716,4.3907,4.3264,4.3578,1.16
2025-04-11 04:00:00+00:00,4.3576,4.4606,4.3433,4.4367,0.87
2025-04-11 08:00:00+00:00,4.4382,4.484,4.3934,4.4511,1.56
2025-04-11 12:00:00+00:00,4.4513,4.5636,4.4158,4.5577,8.75
2025-04-11 16:00:00+00:00,4.5585,4.5611,4.5046,4.5414,2.3
2025-04-11 20:00:00+00:00,4.5415,4.5565,4.5404,4.552,0.01
2025-04-13 20:00:00+00:00,4.59,4.594,4.5439,4.5657,0.14
2025-04-14 00:00:00+00:00,4.5652,4.5725,4.5233,4.5288,0.29
2025-04-14 04:00:00+00:00,4.5281,4.565,4.5198,4.5502,0.19
2025-04-14 08:00:00+00:00,4.5501,4.6195,4.5386,4.6075,0.19
2025-04-14 12:00:00+00:00,4.6077,4.6187,4.5606,4.5792,4.29
2025-04-14 16:00:00+00:00,4.5792,4.6853,4.5787,4.671,1.7
2025-04-14 20:00:00+00:00,4.6708,4.6741,4.6464,4.6526,0.08
2025-04-15 00:00:00+00:00,4.653,4.6627,4.6219,4.6479,0.53
2025-04-15 04:00:00+00:00,4.6481,4.6627,4.6121,4.6499,0.33
2025-04-15 08:00:00+00:00,4.6509,4.6509,4.5679,4.5724,0.45
2025-04-15 12:00:00+00:00,4.5736,4.6414,4.535,4.6261,3.79
2025-04-15 16:00:00+00:00,4.6264,4.6307,4.605,4.6126,0.59
2025-04-15 20:00:00+00:00,4.6127,4.6646,4.6117,4.6627,0.02
2025-04-16 00:00:00+00:00,4.6615,4.6735,4.6337,4.6375,0.2
2025-04-16 04:00:00+00:00,4.6372,4.6435,4.5913,4.6118,0.84
2025-04-16 08:00:00+00:00,4.6125,4.662,4.5941,4.633,1.15
2025-04-16 12:00:00+00:00,4.6334,4.719,4.6116,4.7145,2.51
2025-04-16 16:00:00+00:00,4.7139,4.7472,4.7036,4.7218,3.43
2025-04-16 20:00:00+00:00,4.7224,4.7428,4.7189,4.7332,0.07
2025-04-17 00:00:00+00:00,4.7322,4.7974,4.7047,4.7126,0.49
2025-04-17 04:00:00+00:00,4.7132,4.7143,4.6181,4.6496,0.77
2025-04-17 08:00:00+00:00,4.6533,4.6665,4.6163,4.6386,0.13
2025-04-17 12:00:00+00:00,4.6389,4.7299,4.6339,4.7197,4.05
2025-04-17 16:00:00+00:00,4.7205,4.8,4.7205,4.7464,2.04
2025-04-17 20:00:00+00:00,4.7457,4.7585,4.7443,4.7556,0.08
2025-04-20 20:00:00+00:00,4.7462,4.7532,4.734,4.7425,0.15
2025-04-21 00:00:00+00:00,4.7437,4.7945,4.7405,4.7895,0.51
2025-04-21 04:00:00+00:00,4.7903,4.8176,4.7811,4.7989,0.51
2025-04-21 08:00:00+00:00,4.7982,4.8544,4.7979,4.8377,0.31
2025-04-21 12:00:00+00:00,4.8378,4.8539,4.7796,4.7932,2.38
2025-04-21 16:00:00+00:00,4.7922,4.8041,4.7508,4.7794,0.84
2025-04-21 20:00:00+00:00,4.7797,4.7975,4.7656,4.791,0.18
2025-04-22 00:00:00+00:00,4.7907,4.8242,4.7664,4.8176,1.56
2025-04-22 04:00:00+00:00,4.818,4.8381,4.7981,4.8032,0.56
2025-04-22 08:00:00+00:00,4.8038,4.8435,4.7824,4.8408,0.47
2025-04-22 12:00:00+00:00,4.8413,4.9018,4.8309,4.8992,4.44
2025-04-22 16:00:00+00:00,4.8993,4.9407,4.8834,4.89,4.28
2025-04-22 20:00:00+00:00,4.8907,4.9397,4.8867,4.9349,0.96
2025-04-23 00:00:00+00:00,4.9351,4.9812,4.9262,4.943,3.23
2025-04-23 04:00:00+00:00,4.9437,4.9675,4.9236,4.9489,1.32
2025-04-23 08:00:00+00:00,4.9484,4.9794,4.9341,4.968,0.62
2025-04-23 12:00:00+00:00,4.9688,4.9718,4.8721,4.8912,8.73
2025-04-23 16:00:00+00:00,4.8907,4.9061,4.8761,4.8863,2.75
2025-04-23 20:00:00+00:00,4.8872,4.8942,4.8724,4.8816,0.25
2025-04-24 00:00:00+00:00,4.8812,4.9057,4.8757,4.8799,0.64
2025-04-24 04:00:00+00:00,4.8796,4.9084,4.8587,4.8995,0.76
2025-04-24 08:00:00+00:00,4.8984,4.933,4.8975,4.9182,0.45
2025-04-24 12:00:00+00:00,4.9186,4.9315,4.8702,4.8942,3.9
2025-04-24 16:00:00+00:00,4.8939,4.9337,4.8919,4.9322,2.0
2025-04-24 20:00:00+00:00,4.932,4.945,4.9311,4.934,0.25
2025-04-25 00:00:00+00:00,4.9345,4.9412,4.8934,4.9166,1.19
2025-04-25 04:00:00+00:00,4.9172,4.9251,4.8324,4.8395,1.98
2025-04-25 08:00:00+00:00,4.8399,4.843,4.7882,4.8282,1.36
2025-04-25 12:00:00+00:00,4.8273,4.9057,4.8273,4.9004,1.94
2025-04-25 16:00:00+00:00,4.8999,4.9055,4.8794,4.8887,0.7
2025-04-25 20:00:00+00:00,4.8885,4.9045,4.8874,4.8989,0.01
2025-04-27 20:00:00+00:00,4.8881,4.9145,4.873,4.8754,0.01
2025-04-28 00:00:00+00:00,4.875,4.89,4.8234,4.8537,0.2
2025-04-28 04:00:00+00:00,4.8544,4.8875,4.8522,4.8686,0.12
2025-04-28 08:00:00+00:00,4.8666,4.8897,4.8546,4.879,0.14
2025-04-28 12:00:00+00:00,4.8792,4.915,4.8624,4.8675,1.19
2025-04-28 16:00:00+00:00,4.8662,4.908,4.8621,4.9051,0.36
2025-04-28 20:00:00+00:00,4.9047,4.9065,4.8909,4.8991,0.01
2025-04-29 00:00:00+00:00,4.8997,4.9322,4.865,4.8705,0.19
2025-04-29 04:00:00+00:00,4.8702,4.9245,4.851,4.909,0.18
2025-04-29 08:00:00+00:00,4.9104,4.9615,4.9022,4.9388,0.25
2025-04-29 12:00:00+00:00,4.9387,4.9492,4.8627,4.8784,1.74
2025-04-29 16:00:00+00:00,4.8785,4.8857,4.8422,4.8452,0.67
2025-04-29 20:00:00+00:00,4.8444,4.8632,4.8444,4.8588,0.02
2025-04-30 00:00:00+00:00,4.8594,4.8617,4.8026,4.8158,0.53
2025-04-30 04:00:00+00:00,4.8152,4.8282,4.665,4.6664,1.56
2025-04-30 08:00:00+00:00,4.6674,4.6782,4.6066,4.6095,1.58
2025-04-30 12:00:00+00:00,4.6099,4.6382,4.5229,4.5964,7.45
2025-04-30 16:00:00+00:00,4.5966,4.6333,4.5811,4.5921,1.02
2025-04-30 20:00:00+00:00,4.5932,4.632,4.5922,4.6202,0.17
2025-05-01 00:00:00+00:00,4.6206,4.6311,4.6021,4.6066,0.06
2025-05-01 04:00:00+00:00,4.6072,4.6685,4.5954,4.6477,0.1
2025-05-01 08:00:00+00:00,4.6471,4.6699,4.6348,4.6472,0.11
2025-05-01 12:00:00+00:00,4.6451,4.6814,4.6103,4.6129,2.24
2025-05-01 16:00:00+00:00,4.6111,4.646,4.6045,4.6308,0.68
2025-05-01 20:00:00+00:00,4.6311,4.6355,4.6231,4.6308,0.06
2025-05-02 00:00:00+00:00,4.6311,4.7061,4.615,4.6911,0.26
2025-05-02 04:00:00+00:00,4.6906,4.705,4.6721,4.6818,0.18
2025-05-02 08:00:00+00:00,4.6837,4.71,4.6509,4.6524,0.24
2025-05-02 12:00:00+00:00,4.6518,4.7407,4.6219,4.6486,2.75
2025-05-02 16:00:00+00:00,4.6486,4.6882,4.6451,4.6781,0.67
2025-05-02 20:00:00+00:00,4.679,4.703,4.6785,4.6944,0.05
2025-05-04 20:00:00+00:00,4.6971,4.6971,4.6681,4.6714,0.07
2025-05-05 00:00:00+00:00,4.672,4.7146,4.6611,4.6844,0.02
2025-05-05 04:00:00+00:00,4.6841,4.7569,4.6793,4.729,0.13
2025-05-05 08:00:00+00:00,4.7279,4.7568,4.7093,4.7119,0.03
2025-05-05 12:00:00+00:00,4.7132,4.7635,4.6719,4.6956,1.43
2025-05-05 16:00:00+00:00,4.696,4.71,4.6846,4.7004,0.52
2025-05-05 20:00:00+00:00,4.7005,4.7057,4.6911,4.6926,0.05
2025-05-06 00:00:00+00:00,4.6922,4.7417,4.681,4.7395,1.28
2025-05-06 04:00:00+00:00,4.7389,4.7427,4.6813,4.7013,0.43
2025-05-06 08:00:00+00:00,4.7022,4.7202,4.6697,4.7122,0.59
2025-05-06 12:00:00+00:00,4.7119,4.7907,4.7091,4.7787,3.25
2025-05-06 16:00:00+00:00,4.7785,4.7899,4.7515,4.7557,1.01
2025-05-06 20:00:00+00:00,4.7554,4.8049,4.7506,4.7914,0.14
2025-05-07 00:00:00+00:00,4.7904,4.7937,4.7067,4.7162,0.6
2025-05-07 04:00:00+00:00,4.716,4.7462,4.7069,4.7442,0.27
2025-05-07 08:00:00+00:00,4.7452,4.7457,4.6537,4.6872,0.71
2025-05-07 12:00:00+00:00,4.6876,4.6932,4.6333,4.6466,2.89
2025-05-07 16:00:00+00:00,4.6478,4.6625,4.6112,4.6171,2.64
2025-05-07 20:00:00+00:00,4.6178,4.6347,4.6137,4.6341,0.08
2025-05-08 00:00:00+00:00,4.6345,4.6746,4.6286,4.668,0.31
2025-05-08 04:00:00+00:00,4.6671,4.6727,4.5715,4.6118,0.75
2025-05-08 08:00:00+00:00,4.6127,4.6127,4.5407,4.5932,0.71
2025-05-08 12:00:00+00:00,4.594,4.647,4.5774,4.5969,2.69
2025-05-08 16:00:00+00:00,4.5961,4.6072,4.5639,4.5898,1.08
2025-05-08 20:00:00+00:00,4.5905,4.6021,4.5859,4.59,0.01
2025-05-09 00:00:00+00:00,4.5894,4.5937,4.4754,4.5515,1.42
2025-05-09 04:00:00+00:00,4.5518,4.7369,4.5116,4.6104,1.28
2025-05-09 08:00:00+00:00,4.6111,4.6127,4.5791,4.6006,0.42
2025-05-09 12:00:00+00:00,4.6017,4.6872,4.5935,4.6635,2.53
2025-05-09 16:00:00+00:00,4.6639,4.6747,4.6393,4.6462,0.31
2025-05-09 20:00:00+00:00,4.6464,4.6532,4.6452,4.6507,0.01
2025-05-11 20:00:00+00:00,4.6862,4.7252,4.6854,4.7005,0.2
2025-05-12 00:00:00+00:00,4.6995,4.6995,4.652,4.6826,0.18
2025-05-12 04:00:00+00:00,4.6826,4.7152,4.6106,4.6297,1.45
2025-05-12 08:00:00+00:00,4.6319,4.6954,4.5974,4.6791,0.53
2025-05-12 12:00:00+00:00,4.6786,4.6807,4.6009,4.6096,2.4
2025-05-12 16:00:00+00:00,4.6091,4.6307,4.5895,4.6282,0.48
2025-05-12 20:00:00+00:00,4.6276,4.6332,4.6196,4.6262,0.02
2025-05-13 00:00:00+00:00,4.6268,4.6342,4.6031,4.6293,0.15
2025-05-13 04:00:00+00:00,4.6291,4.6792,4.6253,4.6647,0.17
2025-05-13 08:00:00+00:00,4.6654,4.6852,4.6416,4.6637,0.2
2025-05-13 12:00:00+00:00,4.6627,4.7242,4.6301,4.7179,2.73
2025-05-13 16:00:00+00:00,4.7178,4.7302,4.7074,4.7084,0.57
2025-05-13 20:00:00+00:00,4.7095,4.7139,4.7068,4.7117,0.03
2025-05-14 00:00:00+00:00,4.712,4.712,4.6741,4.6836,0.16
2025-05-14 04:00:00+00:00,4.6842,4.7241,4.6739,4.7183,0.14
2025-05-14 08:00:00+00:00,4.7186,4.7352,4.6745,4.7058,0.15
2025-05-14 12:00:00+00:00,4.7063,4.7084,4.6292,4.6552,2.26
2025-05-14 16:00:00+00:00,4.6557,4.6571,4.6321,4.6412,0.66
2025-05-14 20:00:00+00:00,4.6411,4.6451,4.6303,4.6393,0.01
2025-05-15 00:00:00+00:00,4.6387,4.6541,4.6007,4.6122,0.17
2025-05-15 04:00:00+00:00,4.6116,4.6212,4.5692,4.5763,0.31
2025-05-15 08:00:00+00:00,4.5756,4.648,4.5726,4.6391,0.3
2025-05-15 12:00:00+00:00,4.6407,4.6846,4.6065,4.6839,2.12
2025-05-15 16:00:00+00:00,4.6839,4.7055,4.6688,4.6831,0.45
2025-05-15 20:00:00+00:00,4.6828,4.696,4.6759,4.6917,0.02
2025-05-16 00:00:00+00:00,4.6907,4.6923,4.6621,4.6676,0.13
2025-05-16 04:00:00+00:00,4.6673,4.6767,4.6117,4.6188,0.37
2025-05-16 08:00:00+00:00,4.6195,4.6351,4.5952,4.5984,0.6
2025-05-16 12:00:00+00:00,4.5992,4.636,4.5701,4.5876,1.66
2025-05-16 16:00:00+00:00,4.5882,4.5995,4.5753,4.5819,0.28
2025-05-16 20:00:00+00:00,4.5819,4.593,4.5817,4.59,0.02
2025-05-18 20:00:00+00:00,4.5909,4.6025,4.5793,4.5918,0.01
2025-05-19 00:00:00+00:00,4.5922,4.6077,4.5588,4.5632,0.19
2025-05-19 04:00:00+00:00,4.5637,4.6311,4.5603,4.6252,0.52
2025-05-19 08:00:00+00:00,4.6239,4.6493,4.6055,4.6462,0.59
2025-05-19 12:00:00+00:00,4.6462,4.6708,4.6192,4.6546,4.05
2025-05-19 16:00:00+00:00,4.6547,4.6745,4.6496,4.6604,1.21
2025-05-19 20:00:00+00:00,4.6596,4.6672,4.6586,4.6633,0.07
2025-05-20 00:00:00+00:00,4.6639,4.668,4.6421,4.6469,0.24
2025-05-20 04:00:00+00:00,4.6464,4.6467,4.5831,4.5944,0.63
2025-05-20 08:00:00+00:00,4.5954,4.6502,4.5946,4.6382,0.31
2025-05-20 12:00:00+00:00,4.6376,4.6521,4.6121,4.6327,1.78
2025-05-20 16:00:00+00:00,4.6319,4.6761,4.6278,4.6757,0.47
2025-05-20 20:00:00+00:00,4.6747,4.6867,4.6716,4.6806,0.06
2025-05-21 00:00:00+00:00,4.6802,4.6992,4.6621,4.6871,0.24
2025-05-21 04:00:00+00:00,4.6864,4.7102,4.6714,4.6994,0.17
2025-05-21 08:00:00+00:00,4.6999,4.7011,4.6539,4.6827,0.22
2025-05-21 12:00:00+00:00,4.6832,4.7092,4.6707,4.6946,2.02
2025-05-21 16:00:00+00:00,4.6946,4.6985,4.6477,4.6657,1.15
2025-05-21 20:00:00+00:00,4.6645,4.6667,4.6517,4.6567,0.1
2025-05-22 00:00:00+00:00,4.657,4.7172,4.6559,4.7172,0.19
2025-05-22 04:00:00+00:00,4.7214,4.7415,4.6861,4.699,0.25
2025-05-22 08:00:00+00:00,4.6974,4.706,4.5692,4.6139,1.01
2025-05-22 12:00:00+00:00,4.6149,4.6775,4.6106,4.6666,2.75
2025-05-22 16:00:00+00:00,4.6662,4.6972,4.6646,4.6722,0.57
2025-05-22 20:00:00+00:00,4.6727,4.6785,4.6682,4.676,0.04
2025-05-23 00:00:00+00:00,4.676,4.6927,4.674,4.6882,0.13
2025-05-23 04:00:00+00:00,4.6881,4.7238,4.6714,4.7232,0.19
2025-05-23 08:00:00+00:00,4.7219,4.7466,4.6472,4.6485,0.65
2025-05-23 12:00:00+00:00,4.6489,4.7965,4.6274,4.7945,3.89
2025-05-23 16:00:00+00:00,4.7938,4.8872,4.7907,4.8612,1.22
2025-05-23 20:00:00+00:00,4.8607,4.8645,4.8579,4.8619,0.01
2025-05-25 20:00:00+00:00,4.8689,4.8775,4.8445,4.85,0.1
2025-05-26 00:00:00+00:00,4.8493,4.8835,4.8424,4.8727,0.12
2025-05-26 04:00:00+00:00,4.8722,4.8847,4.84,4.8543,0.07
2025-05-26 08:00:00+00:00,4.8546,4.8617,4.8299,4.8362,0.03
2025-05-26 12:00:00+00:00,4.836,4.8517,4.8154,4.8456,0.47
2025-05-26 16:00:00+00:00,4.8462,4.8495,4.8332,4.8452,0.02
2025-05-26 20:00:00+00:00,4.8449,4.846,4.827,4.8308,0.03
2025-05-27 00:00:00+00:00,4.8298,4.8531,4.7854,4.7891,0.17
2025-05-27 04:00:00+00:00,4.79,4.8017,4.7391,4.7446,0.43
2025-05-27 08:00:00+00:00,4.7445,4.7735,4.7434,4.7618,0.21
2025-05-27 12:00:00+00:00,4.7586,4.7945,4.7298,4.7312,2.17
2025-05-27 16:00:00+00:00,4.7314,4.7466,4.7284,4.7388,0.72
2025-05-27 20:00:00+00:00,4.7383,4.747,4.7361,4.7428,0.02
2025-05-28 00:00:00+00:00,4.7423,4.7527,4.7031,4.7096,0.21
2025-05-28 04:00:00+00:00,4.7094,4.7582,4.6913,4.7496,0.24
2025-05-28 08:00:00+00:00,4.7499,4.7673,4.7297,4.7559,0.2
2025-05-28 12:00:00+00:00,4.7567,4.7673,4.6664,4.6675,2.38
2025-05-28 16:00:00+00:00,4.6674,4.688,4.6633,4.6727,0.59
2025-05-28 20:00:00+00:00,4.673,4.6875,4.6491,4.679,0.11
2025-05-29 00:00:00+00:00,4.6788,4.7045,4.6649,4.6922,0.21
2025-05-29 04:00:00+00:00,4.692,4.7307,4.6861,4.7243,0.17
2025-05-29 08:00:00+00:00,4.7255,4.7362,4.6917,4.7137,0.11
2025-05-29 12:00:00+00:00,4.7139,4.7437,4.6571,4.6602,1.78
2025-05-29 16:00:00+00:00,4.6596,4.6762,4.6572,4.6729,0.4
2025-05-29 20:00:00+00:00,4.6722,4.6732,4.6622,4.6633,0.01
2025-05-30 00:00:00+00:00,4.663,4.6777,4.6497,4.6535,0.18
2025-05-30 04:00:00+00:00,4.6532,4.6824,4.6439,4.673,0.19
2025-05-30 08:00:00+00:00,4.6721,4.7002,4.6691,4.691,0.1
2025-05-30 12:00:00+00:00,4.6908,4.7257,4.6491,4.6722,2.12
2025-05-30 16:00:00+00:00,4.6727,4.6947,4.6592,4.6909,0.98
2025-05-30 20:00:00+00:00,4.6904,4.7009,4.6904,4.7009,0.01
2025-06-01 20:00:00+00:00,4.7441,4.7954,4.7441,4.7717,0.17
2025-06-02 00:00:00+00:00,4.771,4.8542,4.7681,4.8384,0.23
2025-06-02 04:00:00+00:00,4.8392,4.9466,4.8387,4.9244,0.68
2025-06-02 08:00:00+00:00,4.9239,4.9315,4.8391,4.8761,0.5
2025-06-02 12:00:00+00:00,4.8784,4.9151,4.8572,4.8607,2.81
2025-06-02 16:00:00+00:00,4.8614,4.862,4.8332,4.8556,0.62
2025-06-02 20:00:00+00:00,4.8552,4.859,4.8383,4.8477,0.02
2025-06-03 00:00:00+00:00,4.8466,4.849,4.7371,4.7379,0.63
2025-06-03 04:00:00+00:00,4.7377,4.751,4.7166,4.7453,0.23
2025-06-03 08:00:00+00:00,4.746,4.7924,4.7336,4.7924,0.34
2025-06-03 12:00:00+00:00,4.7919,4.8657,4.7776,4.84,1.87
2025-06-03 16:00:00+00:00,4.8402,4.864,4.8291,4.8586,0.45
2025-06-03 20:00:00+00:00,4.8583,4.8672,4.8547,4.8587,0.0
2025-06-04 00:00:00+00:00,4.8595,4.8993,4.8414,4.8733,0.3
2025-06-04 04:00:00+00:00,4.8735,4.892,4.8428,4.8853,0.09
2025-06-04 08:00:00+00:00,4.8856,4.8952,4.8429,4.8564,0.05
2025-06-04 12:00:00+00:00,4.8568,4.8892,4.8547,4.8732,0.62
2025-06-04 16:00:00+00:00,4.8734,4.9142,4.8721,4.8924,0.36
2025-06-04 20:00:00+00:00,4.8918,4.9019,4.8901,4.8921,0.02
2025-06-05 00:00:00+00:00,4.8928,4.92,4.883,4.8836,0.1
2025-06-05 04:00:00+00:00,4.8831,4.9125,4.88,4.9018,0.07
2025-06-05 08:00:00+00:00,4.9021,5.0277,4.8961,4.9904,1.14
2025-06-05 12:00:00+00:00,4.9902,5.0589,4.9263,4.9352,5.15
2025-06-05 16:00:00+00:00,4.9357,4.9495,4.9099,4.9149,0.46
2025-06-05 20:00:00+00:00,4.9142,4.9183,4.9045,4.9183,0.01
2025-06-06 00:00:00+00:00,4.9179,4.9387,4.9049,4.9339,0.1
2025-06-06 04:00:00+00:00,4.9342,4.947,4.8907,4.9037,0.15
2025-06-06 08:00:00+00:00,4.9042,4.9052,4.8504,4.9036,0.15
2025-06-06 12:00:00+00:00,4.9047,4.9452,4.8609,4.8837,2.91
2025-06-06 16:00:00+00:00,4.8832,4.8837,4.823,4.8292,0.42
2025-06-06 20:00:00+00:00,4.8294,4.8357,4.8208,4.8305,0.06
2025-06-08 20:00:00+00:00,4.8344,4.8466,4.8302,4.8427,0.09
2025-06-09 00:00:00+00:00,4.8423,4.8585,4.822,4.8521,0.22
2025-06-09 04:00:00+00:00,4.852,4.884,4.8392,4.8527,0.17
2025-06-09 08:00:00+00:00,4.8547,4.8792,4.837,4.8738,0.23
2025-06-09 12:00:00+00:00,4.8744,4.9377,4.87,4.9243,1.2
2025-06-09 16:00:00+00:00,4.9237,4.9297,4.8943,4.8998,0.44
2025-06-09 20:00:00+00:00,4.8991,4.9046,4.8917,4.8957,0.02
2025-06-10 00:00:00+00:00,4.8947,4.896,4.8632,4.8795,0.24
2025-06-10 04:00:00+00:00,4.8792,4.8887,4.8494,4.869,0.4
2025-06-10 08:00:00+00:00,4.8686,4.8969,4.86,4.8895,0.21
2025-06-10 12:00:00+00:00,4.8899,4.9247,4.8824,4.9162,1.54
2025-06-10 16:00:00+00:00,4.9172,4.9212,4.8869,4.9048,0.27
2025-06-10 20:00:00+00:00,4.9055,4.9055,4.8591,4.8905,0.08
2025-06-11 00:00:00+00:00,4.8904,4.9112,4.8729,4.8926,0.08
2025-06-11 04:00:00+00:00,4.8926,4.9075,4.8546,4.8731,0.18
2025-06-11 08:00:00+00:00,4.8738,4.8738,4.7746,4.8051,1.85
2025-06-11 12:00:00+00:00,4.807,4.8565,4.7889,4.8134,3.77
2025-06-11 16:00:00+00:00,4.8139,4.8184,4.7794,4.7909,0.44
2025-06-11 20:00:00+00:00,4.7903,4.818,4.7877,4.8156,0.03
2025-06-12 00:00:00+00:00,4.8167,4.8232,4.8035,4.8185,0.15
2025-06-12 04:00:00+00:00,4.8182,4.8347,4.7624,4.7754,0.34
2025-06-12 08:00:00+00:00,4.7759,4.8188,4.7746,4.8031,0.46
2025-06-12 12:00:00+00:00,4.804,4.8462,4.7957,4.8299,1.37
2025-06-12 16:00:00+00:00,4.8302,4.8477,4.8254,4.8397,0.45
2025-06-12 20:00:00+00:00,4.8402,4.8532,4.8367,4.8501,0.06
2025-06-13 00:00:00+00:00,4.8497,4.852,4.7591,4.8016,1.25
2025-06-13 04:00:00+00:00,4.8019,4.813,4.7358,4.7842,0.55
2025-06-13 08:00:00+00:00,4.7836,4.7906,4.7071,4.7449,0.57
2025-06-13 12:00:00+00:00,4.7457,4.819,4.7239,4.8171,2.49
2025-06-13 16:00:00+00:00,4.8174,4.8232,4.7491,4.7507,1.28
2025-06-13 20:00:00+00:00,4.7508,4.7645,4.7468,4.7504,0.02
2025-06-15 20:00:00+00:00,4.7411,4.7845,4.7409,4.7836,0.19
2025-06-16 00:00:00+00:00,4.7831,4.8187,4.7706,4.7959,0.23
2025-06-16 04:00:00+00:00,4.7959,4.8484,4.7914,4.8442,0.14
2025-06-16 08:00:00+00:00,4.846,4.8627,4.7923,4.8117,0.2
2025-06-16 12:00:00+00:00,4.8127,4.845,4.7942,4.8311,1.87
2025-06-16 16:00:00+00:00,4.8307,4.8534,4.817,4.8201,0.3
2025-06-16 20:00:00+00:00,4.8203,4.8217,4.8013,4.8013,0.04
2025-06-17 00:00:00+00:00,4.8019,4.811,4.7888,4.8093,0.28
2025-06-17 04:00:00+00:00,4.8097,4.8377,4.8063,4.8304,0.11
2025-06-17 08:00:00+00:00,4.8305,4.8382,4.802,4.8274,0.41
2025-06-17 12:00:00+00:00,4.8279,4.8372,4.7767,4.8085,2.69
2025-06-17 16:00:00+00:00,4.8091,4.8222,4.7879,4.7901,0.75
2025-06-17 20:00:00+00:00,4.79,4.849,4.7839,4.8481,0.03
2025-06-18 00:00:00+00:00,4.8501,4.8757,4.8413,4.8699,0.24
2025-06-18 04:00:00+00:00,4.8698,4.9075,4.8659,4.8937,0.3
2025-06-18 08:00:00+00:00,4.8946,4.9032,4.8758,4.8884,0.33
2025-06-18 12:00:00+00:00,4.8882,4.909,4.8639,4.8935,1.57
2025-06-18 16:00:00+00:00,4.8933,4.9185,4.8864,4.9053,1.16
2025-06-18 20:00:00+00:00,4.9044,4.9098,4.8974,4.9041,0.03
2025-06-19 00:00:00+00:00,4.9047,4.9182,4.8831,4.8899,0.27
2025-06-19 04:00:00+00:00,4.8897,4.8909,4.8427,4.8457,0.54
2025-06-19 08:00:00+00:00,4.8457,4.8738,4.8402,4.8667,0.21
2025-06-19 12:00:00+00:00,4.8669,4.8807,4.8271,4.8463,0.42
2025-06-19 16:00:00+00:00,4.8467,4.8562,4.8385,4.855,0.08
2025-06-19 20:00:00+00:00,4.8528,4.8682,4.8527,4.8638,0.0
2025-06-20 00:00:00+00:00,4.8636,4.8722,4.8234,4.8234,0.14
2025-06-20 04:00:00+00:00,4.8217,4.8357,4.7957,4.8246,0.26
2025-06-20 08:00:00+00:00,4.8237,4.9042,4.8229,4.9007,1.05
2025-06-20 12:00:00+00:00,4.9005,4.9226,4.8479,4.8589,2.4
2025-06-20 16:00:00+00:00,4.8588,4.898,4.8572,4.8833,0.41
2025-06-20 20:00:00+00:00,4.8829,4.888,4.8818,4.8829,0.0
2025-06-22 20:00:00+00:00,4.8424,4.8692,4.8361,4.865,0.07
2025-06-23 00:00:00+00:00,4.8641,4.8792,4.8508,4.8722,0.16
2025-06-23 04:00:00+00:00,4.8729,4.8858,4.8441,4.8591,0.33
2025-06-23 08:00:00+00:00,4.8589,4.8734,4.8417,4.8714,0.24
2025-06-23 12:00:00+00:00,4.8718,4.903,4.8449,4.8874,1.82
2025-06-23 16:00:00+00:00,4.8874,4.9698,4.8729,4.9458,1.26
2025-06-23 20:00:00+00:00,4.9463,4.9495,4.926,4.9322,0.49
2025-06-24 00:00:00+00:00,4.9326,4.9485,4.9112,4.9381,0.78
2025-06-24 04:00:00+00:00,4.938,4.9687,4.9214,4.9321,1.58
2025-06-24 08:00:00+00:00,4.9327,4.9985,4.9241,4.9691,1.38
2025-06-24 12:00:00+00:00,4.9692,4.9697,4.8944,4.9009,3.79
2025-06-24 16:00:00+00:00,4.9012,4.951,4.8949,4.9453,0.65
2025-06-24 20:00:00+00:00,4.9456,4.9525,4.9397,4.9447,0.05
2025-06-25 00:00:00+00:00,4.9445,4.9734,4.9332,4.9348,0.17
2025-06-25 04:00:00+00:00,4.9336,4.976,4.9284,4.9634,0.17
2025-06-25 08:00:00+00:00,4.9637,4.9637,4.9241,4.9447,0.18
2025-06-25 12:00:00+00:00,4.9451,4.9682,4.9343,4.9532,1.39
2025-06-25 16:00:00+00:00,4.9524,4.9732,4.9516,4.9718,0.49
2025-06-25 20:00:00+00:00,4.9716,4.9864,4.9704,4.9802,0.03
2025-06-26 00:00:00+00:00,4.9793,5.0092,4.9684,4.9983,0.07
2025-06-26 04:00:00+00:00,4.9982,5.033,4.9871,5.0322,0.33
2025-06-26 08:00:00+00:00,5.0324,5.1529,5.0274,5.1214,2.0
2025-06-26 12:00:00+00:00,5.1227,5.139,5.0844,5.1242,2.66
2025-06-26 16:00:00+00:00,5.1241,5.1362,5.0991,5.1102,0.58
2025-06-26 20:00:00+00:00,5.1112,5.1272,5.0947,5.1259,0.07
2025-06-27 00:00:00+00:00,5.1251,5.1436,5.0966,5.1132,0.15
2025-06-27 04:00:00+00:00,5.1135,5.1312,5.1056,5.114,0.22
2025-06-27 08:00:00+00:00,5.1147,5.1194,5.0425,5.0692,0.62
2025-06-27 12:00:00+00:00,5.0698,5.1251,5.0208,5.1016,5.12
2025-06-27 16:00:00+00:00,5.1026,5.1244,5.0991,5.105,1.04
2025-06-27 20:00:00+00:00,5.1054,5.1217,5.1034,5.1214,0.05
2025-06-29 20:00:00+00:00,5.1203,5.1267,5.103,5.113,0.06
2025-06-30 00:00:00+00:00,5.112,5.1222,5.0889,5.1057,0.12
2025-06-30 04:00:00+00:00,5.1048,5.1365,5.0826,5.0906,0.16
2025-06-30 08:00:00+00:00,5.0895,5.1075,5.0762,5.085,0.11
2025-06-30 12:00:00+00:00,5.0846,5.0995,5.0611,5.0877,1.4
2025-06-30 16:00:00+00:00,5.0875,5.1035,5.067,5.1,0.71
2025-06-30 20:00:00+00:00,5.1004,5.1105,5.0969,5.1059,0.05
2025-07-01 00:00:00+00:00,5.1065,5.1166,5.0735,5.0896,0.14
2025-07-01 04:00:00+00:00,5.0892,5.1815,5.0859,5.1495,0.74
2025-07-01 08:00:00+00:00,5.1467,5.156,5.1155,5.1433,0.25
2025-07-01 12:00:00+00:00,5.1436,5.1904,5.1056,5.111,1.57
2025-07-01 16:00:00+00:00,5.1102,5.1145,5.076,5.0904,0.99
2025-07-01 20:00:00+00:00,5.0896,5.1062,5.0871,5.1015,0.09
2025-07-02 00:00:00+00:00,5.1007,5.1137,5.0746,5.1116,0.23
2025-07-02 04:00:00+00:00,5.1114,5.1232,5.0989,5.1056,0.21
2025-07-02 08:00:00+00:00,5.1049,5.1472,5.0899,5.1255,0.42
2025-07-02 12:00:00+00:00,5.1256,5.1985,5.119,5.1978,2.16
2025-07-02 16:00:00+00:00,5.199,5.2105,5.1834,5.1977,0.86
2025-07-02 20:00:00+00:00,5.1972,5.2017,5.1876,5.1911,0.06
2025-07-03 00:00:00+00:00,5.1917,5.1979,5.1703,5.1755,0.32
2025-07-03 04:00:00+00:00,5.1754,5.2017,5.1641,5.1878,0.28
2025-07-03 08:00:00+00:00,5.1882,5.2007,5.1536,5.1687,0.43
2025-07-03 12:00:00+00:00,5.1676,5.1775,5.1199,5.1407,2.6
2025-07-03 16:00:00+00:00,5.141,5.1483,5.1321,5.1337,0.52
2025-07-03 20:00:00+00:00,5.1329,5.14,5.1276,5.1395,0.01
2025-07-04 00:00:00+00:00,5.1397,5.1432,5.1005,5.1132,0.14
2025-07-04 04:00:00+00:00,5.1135,5.1242,5.0317,5.0417,0.49
2025-07-04 08:00:00+00:00,5.0417,5.0669,5.0361,5.0542,0.13
2025-07-04 12:00:00+00:00,5.055,5.0646,5.0368,5.0573,0.3
2025-07-04 16:00:00+00:00,5.0574,5.0667,5.0558,5.0619,0.06
2025-07-06 20:00:00+00:00,5.0641,5.0897,5.058,5.0705,0.17
2025-07-07 00:00:00+00:00,5.0701,5.0719,5.0155,5.0169,0.23
2025-07-07 04:00:00+00:00,5.0165,5.0245,4.9857,5.0107,0.45
2025-07-07 08:00:00+00:00,5.0104,5.0407,5.0064,5.0274,0.17
2025-07-07 12:00:00+00:00,5.0278,5.0352,4.9941,5.0301,1.0
2025-07-07 16:00:00+00:00,5.0299,5.044,5.0059,5.0137,0.51
2025-07-07 20:00:00+00:00,5.0136,5.0155,5.0002,5.0141,0.19
2025-07-08 00:00:00+00:00,5.0136,5.0296,5.0051,5.0179,0.16
2025-07-08 04:00:00+00:00,5.0177,5.0588,5.0109,5.055,0.3
2025-07-08 08:00:00+00:00,5.0508,5.0698,5.0181,5.0614,0.52
2025-07-08 12:00:00+00:00,5.0609,5.0636,4.9711,5.0077,2.27
2025-07-08 16:00:00+00:00,5.0064,5.8912,5.0002,5.4792,4.32
2025-07-08 20:00:00+00:00,5.4789,5.59,5.4497,5.4797,0.49
2025-07-09 00:00:00+00:00,5.4801,5.7243,5.4533,5.7099,0.86
2025-07-09 04:00:00+00:00,5.7101,5.7278,5.5019,5.5019,0.66
2025-07-09 08:00:00+00:00,5.5024,5.5655,5.4817,5.5506,0.56
2025-07-09 12:00:00+00:00,5.5502,5.615,5.4246,5.452,4.14
2025-07-09 16:00:00+00:00,5.4511,5.5532,5.4435,5.5473,0.96
2025-07-09 20:00:00+00:00,5.5469,5.5477,5.5236,5.5407,0.01
2025-07-10 00:00:00+00:00,5.5404,5.6614,5.5391,5.6159,0.27
2025-07-10 04:00:00+00:00,5.6163,5.6793,5.6097,5.6209,0.18
2025-07-10 08:00:00+00:00,5.6222,5.6427,5.5437,5.5638,0.44
2025-07-10 12:00:00+00:00,5.5643,5.6369,5.5643,5.6017,1.63
2025-07-10 16:00:00+00:00,5.6017,5.6262,5.5771,5.6212,0.34
2025-07-10 20:00:00+00:00,5.6211,5.6607,5.6097,5.6264,0.08
2025-07-11 00:00:00+00:00,5.6257,5.6299,5.5813,5.5859,0.11
2025-07-11 04:00:00+00:00,5.5865,5.5881,5.5213,5.5371,1.29
2025-07-11 08:00:00+00:00,5.5382,5.5447,5.4709,5.5072,1.21
2025-07-11 12:00:00+00:00,5.5062,5.5905,5.4889,5.589,2.11
2025-07-11 16:00:00+00:00,5.5892,5.6325,5.5576,5.5759,0.55
2025-07-11 20:00:00+00:00,5.5757,5.5865,5.5747,5.5814,0.01
2025-07-13 20:00:00+00:00,5.5734,5.592,5.5722,5.5886,0.06
2025-07-14 00:00:00+00:00,5.5881,5.6002,5.5671,5.5828,0.1
2025-07-14 04:00:00+00:00,5.5815,5.5882,5.5409,5.5621,0.11
2025-07-14 08:00:00+00:00,5.5499,5.5517,5.4976,5.5226,0.23
2025-07-14 12:00:00+00:00,5.5219,5.5458,5.4589,5.5305,1.58
2025-07-14 16:00:00+00:00,5.5312,5.555,5.5221,5.5288,0.35
2025-07-14 20:00:00+00:00,5.5291,5.532,5.4964,5.528,0.02
2025-07-15 00:00:00+00:00,5.5277,5.547,5.4914,5.5136,0.05
2025-07-15 04:00:00+00:00,5.5144,5.5667,5.5108,5.5541,0.05
2025-07-15 08:00:00+00:00,5.5519,5.5724,5.5244,5.5459,0.02
2025-07-15 12:00:00+00:00,5.5457,5.5699,5.5042,5.5461,2.04
2025-07-15 16:00:00+00:00,5.548,5.6107,5.537,5.5495,0.55
2025-07-15 20:00:00+00:00,5.5488,5.5493,5.5101,5.5299,0.05
2025-07-16 00:00:00+00:00,5.5299,5.5462,5.5111,5.5275,0.05
2025-07-16 04:00:00+00:00,5.5271,5.5347,5.4846,5.5307,0.24
2025-07-16 08:00:00+00:00,5.5235,5.5375,5.5024,5.5279,0.09
2025-07-16 12:00:00+00:00,5.5282,5.5659,5.4667,5.5244,2.74
2025-07-16 16:00:00+00:00,5.5242,5.5358,5.5086,5.5111,0.61
2025-07-16 20:00:00+00:00,5.5109,5.5174,5.5012,5.514,0.03
2025-07-17 00:00:00+00:00,5.5131,5.5245,5.4965,5.521,0.06
2025-07-17 04:00:00+00:00,5.5202,5.5269,5.4834,5.4898,0.11
2025-07-17 08:00:00+00:00,5.4937,5.5244,5.4909,5.4954,0.1
2025-07-17 12:00:00+00:00,5.496,5.516,5.4724,5.4969,1.11
2025-07-17 16:00:00+00:00,5.4973,5.5232,5.4942,5.5051,0.35
2025-07-17 20:00:00+00:00,5.5049,5.5059,5.4915,5.5041,0.04
2025-07-18 00:00:00+00:00,5.5042,5.5422,5.5036,5.5229,0.28
2025-07-18 04:00:00+00:00,5.523,5.5617,5.5181,5.5546,0.18
2025-07-18 08:00:00+00:00,5.5542,5.5915,5.5542,5.577,0.24
2025-07-18 12:00:00+00:00,5.5777,5.6072,5.532,5.5996,1.44
2025-07-18 16:00:00+00:00,5.5997,5.6132,5.5796,5.5827,0.41
2025-07-18 20:00:00+00:00,5.5822,5.5882,5.5767,5.581,0.17
2025-07-20 20:00:00+00:00,5.5846,5.5859,5.563,5.5749,0.05
2025-07-21 00:00:00+00:00,5.5755,5.6392,5.5631,5.5987,0.07
2025-07-21 04:00:00+00:00,5.5984,5.6649,5.5926,5.6417,0.17
2025-07-21 08:00:00+00:00,5.6385,5.6577,5.6116,5.6407,0.06
2025-07-21 12:00:00+00:00,5.6402,5.648,5.5951,5.6245,0.74
2025-07-21 16:00:00+00:00,5.6252,5.645,5.6173,5.6351,0.16
2025-07-21 20:00:00+00:00,5.6357,5.6461,5.6186,5.6271,0.0
2025-07-22 00:00:00+00:00,5.6276,5.6347,5.6001,5.6013,0.05
2025-07-22 04:00:00+00:00,5.601,5.6412,5.5783,5.6344,0.2
2025-07-22 08:00:00+00:00,5.6352,5.6749,5.6222,5.6552,0.17
2025-07-22 12:00:00+00:00,5.6557,5.7172,5.6244,5.697,3.05
2025-07-22 16:00:00+00:00,5.6961,5.7411,5.6938,5.7308,0.87
2025-07-22 20:00:00+00:00,5.7311,5.7705,5.7301,5.7586,0.14
2025-07-23 00:00:00+00:00,5.7584,5.7872,5.7207,5.7702,0.37
2025-07-23 04:00:00+00:00,5.7702,5.7862,5.7285,5.7457,0.15
2025-07-23 08:00:00+00:00,5.75,5.8415,5.7488,5.8202,0.41
2025-07-23 12:00:00+00:00,5.8211,5.9282,5.8058,5.8552,3.52
2025-07-23 16:00:00+00:00,5.8537,5.8541,5.8048,5.8289,0.71
2025-07-23 20:00:00+00:00,5.8282,5.8477,5.8254,5.8372,0.02
2025-07-24 00:00:00+00:00,5.8377,5.8733,5.8269,5.8577,0.14
2025-07-24 04:00:00+00:00,5.8573,5.956,5.8546,5.9078,0.33
2025-07-24 08:00:00+00:00,5.9077,5.9314,5.8684,5.8954,0.05
2025-07-24 12:00:00+00:00,5.8952,5.9078,5.7846,5.7937,2.42
2025-07-24 16:00:00+00:00,5.7942,5.8342,5.7849,5.8292,0.62
2025-07-24 20:00:00+00:00,5.8289,5.8296,5.8046,5.8261,0.02
2025-07-25 00:00:00+00:00,5.8266,5.8347,5.7882,5.7893,0.03
2025-07-25 04:00:00+00:00,5.7891,5.8247,5.7853,5.8173,0.02
2025-07-25 08:00:00+00:00,5.8108,5.8315,5.7679,5.8048,0.13
2025-07-25 12:00:00+00:00,5.8052,5.819,5.742,5.7523,1.76
2025-07-25 16:00:00+00:00,5.7525,5.8017,5.7471,5.7899,0.57
2025-07-25 20:00:00+00:00,5.7894,5.8076,5.7884,5.8021,0.03
2025-07-27 20:00:00+00:00,5.7987,5.8437,5.7932,5.8151,0.05
2025-07-28 00:00:00+00:00,5.8149,5.8292,5.7747,5.7821,0.11
2025-07-28 04:00:00+00:00,5.7825,5.8177,5.7573,5.7666,0.14
2025-07-28 08:00:00+00:00,5.7669,5.8041,5.7584,5.7917,0.16
2025-07-28 12:00:00+00:00,5.7946,5.7997,5.4287,5.6197,4.03
2025-07-28 16:00:00+00:00,5.6204,5.64,5.5978,5.6212,0.71
2025-07-28 20:00:00+00:00,5.6212,5.6295,5.6107,5.6117,0.03
2025-07-29 00:00:00+00:00,5.611,5.6205,5.582,5.5909,0.26
2025-07-29 04:00:00+00:00,5.5899,5.6079,5.5616,5.5896,0.22
2025-07-29 08:00:00+00:00,5.5935,5.6272,5.5771,5.6072,0.11
2025-07-29 12:00:00+00:00,5.6062,5.6711,5.6049,5.6293,1.2
2025-07-29 16:00:00+00:00,5.629,5.6671,5.6025,5.6491,0.64
2025-07-29 20:00:00+00:00,5.6523,5.674,5.6482,5.6566,0.03
2025-07-30 00:00:00+00:00,5.6563,5.6872,5.6532,5.6671,0.07
2025-07-30 04:00:00+00:00,5.6677,5.668,5.6193,5.6531,0.13
2025-07-30 08:00:00+00:00,5.6535,5.6535,5.5832,5.6146,0.12
2025-07-30 12:00:00+00:00,5.6152,5.6258,5.5534,5.569,1.09
2025-07-30 16:00:00+00:00,5.5687,5.8128,4.5022,4.5234,7.71
2025-07-30 20:00:00+00:00,4.5232,4.6502,4.5057,4.6381,1.11
2025-07-31 00:00:00+00:00,4.6375,4.6375,4.4004,4.4035,3.18
2025-07-31 04:00:00+00:00,4.4031,4.4512,4.3309,4.3752,1.71
2025-07-31 08:00:00+00:00,4.3749,4.4127,4.3364,4.3724,1.78
2025-07-31 12:00:00+00:00,4.3725,4.395,4.3429,4.3787,5.04
2025-07-31 16:00:00+00:00,4.3791,4.4368,4.3471,4.4172,2.02
2025-07-31 20:00:00+00:00,4.4168,4.4422,4.4106,4.427,0.08
2025-08-01 00:00:00+00:00,4.4259,4.4347,4.3958,4.4111,0.27
2025-08-01 04:00:00+00:00,4.4107,4.4316,4.3632,4.3753,0.27
2025-08-01 08:00:00+00:00,4.3761,4.4143,4.3627,4.3775,0.44
2025-08-01 12:00:00+00:00,4.3762,4.4387,4.3649,4.4124,2.83
2025-08-01 16:00:00+00:00,4.412,4.4484,4.4076,4.4367,0.93
2025-08-01 20:00:00+00:00,4.4364,4.4477,4.4356,4.4407,0.03
2025-08-03 20:00:00+00:00,4.4474,4.4657,4.4401,4.4494,0.07
2025-08-04 00:00:00+00:00,4.4491,4.4535,4.3992,4.4351,0.06
2025-08-04 04:00:00+00:00,4.4356,4.4522,4.4159,4.4462,0.07
2025-08-04 08:00:00+00:00,4.4496,4.4776,4.4229,4.4474,0.09
2025-08-04 12:00:00+00:00,4.448,4.4725,4.4249,4.4406,0.81
2025-08-04 16:00:00+00:00,4.4406,4.4632,4.4312,4.4577,0.28
2025-08-04 20:00:00+00:00,4.4573,4.468,4.4511,4.4617,0.01
2025-08-05 00:00:00+00:00,4.4602,4.4658,4.4418,4.4447,0.08
2025-08-05 04:00:00+00:00,4.4439,4.4691,4.4351,4.4436,0.15
2025-08-05 08:00:00+00:00,4.4384,4.4415,4.4059,4.4075,0.27
2025-08-05 12:00:00+00:00,4.4079,4.422,4.3815,4.3914,1.66
2025-08-05 16:00:00+00:00,4.392,4.4,4.3712,4.3768,0.46
2025-08-05 20:00:00+00:00,4.3761,4.3929,4.3745,4.3907,0.01
2025-08-06 00:00:00+00:00,4.3899,4.398,4.3794,4.3916,0.07
2025-08-06 04:00:00+00:00,4.3919,4.4078,4.3832,4.4047,0.1
2025-08-06 08:00:00+00:00,4.4046,4.4245,4.3931,4.4181,0.09
2025-08-06 12:00:00+00:00,4.4185,4.4337,4.3975,4.4157,0.62
2025-08-06 16:00:00+00:00,4.4159,4.425,4.4031,4.4134,0.17
2025-08-06 20:00:00+00:00,4.4142,4.42,4.4089,4.4118,0.02
2025-08-07 00:00:00+00:00,4.4125,4.4246,4.4026,4.4217,0.03
2025-08-07 04:00:00+00:00,4.4217,4.4315,4.4077,4.4285,0.15
2025-08-07 08:00:00+00:00,4.4288,4.4427,4.4112,4.4159,0.18
2025-08-07 12:00:00+00:00,4.4169,4.447,4.3979,4.4064,0.51
2025-08-07 16:00:00+00:00,4.4062,4.4177,4.391,4.4164,0.4
2025-08-07 20:00:00+00:00,4.4159,4.4275,4.4112,4.4214,0.04
2025-08-08 00:00:00+00:00,4.4209,4.4225,4.3994,4.4177,0.04
2025-08-08 04:00:00+00:00,4.4181,4.435,4.4114,4.43,0.02
2025-08-08 08:00:00+00:00,4.4317,4.438,4.4153,4.4205,0.02
2025-08-08 12:00:00+00:00,4.4196,4.4884,4.4179,4.463,0.64
2025-08-08 16:00:00+00:00,4.4624,4.4892,4.4609,4.4712,0.5
2025-08-08 20:00:00+00:00,4.4707,4.4837,4.4695,4.4828,0.12
2025-08-10 20:00:00+00:00,4.4794,4.4794,4.4589,4.4611,0.02
2025-08-11 00:00:00+00:00,4.4617,4.4795,4.4461,4.4716,0.12
2025-08-11 04:00:00+00:00,4.4706,4.4745,4.4377,4.4407,0.16
2025-08-11 08:00:00+00:00,4.441,4.4607,4.4254,4.433,0.18
2025-08-11 12:00:00+00:00,4.434,4.4677,4.4334,4.4467,0.4
2025-08-11 16:00:00+00:00,4.4466,4.4545,4.4313,4.4474,0.51
2025-08-11 20:00:00+00:00,4.447,4.4536,4.4416,4.4536,0.01
2025-08-12 00:00:00+00:00,4.4534,4.4659,4.4515,4.4572,0.02
2025-08-12 04:00:00+00:00,4.4565,4.4772,4.4541,4.4712,0.04
2025-08-12 08:00:00+00:00,4.4723,4.4767,4.4553,4.4699,0.1
2025-08-12 12:00:00+00:00,4.4696,4.5322,4.4644,4.5277,3.38
2025-08-12 16:00:00+00:00,4.5271,4.5367,4.5111,4.5149,1.16
2025-08-12 20:00:00+00:00,4.5149,4.5205,4.4945,4.5087,0.04
2025-08-13 00:00:00+00:00,4.5089,4.5185,4.4999,4.511,0.04
2025-08-13 04:00:00+00:00,4.5102,4.5345,4.5062,4.5268,0.15
2025-08-13 08:00:00+00:00,4.5258,4.5422,4.5157,4.5275,0.16
2025-08-13 12:00:00+00:00,4.5282,4.5317,4.4968,4.5074,0.82
2025-08-13 16:00:00+00:00,4.5077,4.5155,4.4841,4.4911,0.49
2025-08-13 20:00:00+00:00,4.4917,4.5039,4.4842,4.5037,0.01
2025-08-14 00:00:00+00:00,4.5022,4.512,4.4939,4.5022,0.02
2025-08-14 04:00:00+00:00,4.5015,4.5045,4.4704,4.4742,0.09
2025-08-14 08:00:00+00:00,4.4745,4.4906,4.4716,4.4784,0.05
2025-08-14 12:00:00+00:00,4.4779,4.487,4.4485,4.4754,1.34
2025-08-14 16:00:00+00:00,4.4758,4.5022,4.4651,4.4927,0.34
2025-08-14 20:00:00+00:00,4.4919,4.5592,4.4906,4.551,0.05
2025-08-15 00:00:00+00:00,4.5504,4.5547,4.5394,4.5527,0.12
2025-08-15 04:00:00+00:00,4.5521,4.5592,4.5337,4.549,0.08
2025-08-15 08:00:00+00:00,4.5497,4.5567,4.5269,4.5295,0.12
2025-08-15 12:00:00+00:00,4.5299,4.578,4.5282,4.5602,0.9
2025-08-15 16:00:00+00:00,4.5599,4.5602,4.5408,4.5526,0.43
2025-08-15 20:00:00+00:00,4.5519,4.5519,4.5456,4.5491,0.0
2025-08-17 20:00:00+00:00,4.544,4.5497,4.5438,4.5451,0.02
2025-08-18 00:00:00+00:00,4.5445,4.5652,4.5419,4.5567,0.31
2025-08-18 04:00:00+00:00,4.5567,4.5612,4.5276,4.5292,0.13
2025-08-18 08:00:00+00:00,4.5295,4.5452,4.5206,4.527,0.3
2025-08-18 12:00:00+00:00,4.5272,4.5395,4.5138,4.5284,0.41
2025-08-18 16:00:00+00:00,4.5284,4.5442,4.5267,4.5394,0.27
2025-08-18 20:00:00+00:00,4.5392,4.5417,4.5361,4.5381,0.01
2025-08-19 00:00:00+00:00,4.5381,4.5452,4.5284,4.5435,0.17
2025-08-19 04:00:00+00:00,4.5431,4.5552,4.5266,4.54,0.21
2025-08-19 08:00:00+00:00,4.5417,4.5457,4.5184,4.5277,0.36
2025-08-19 12:00:00+00:00,4.5281,4.5312,4.4898,4.4938,0.98
2025-08-19 16:00:00+00:00,4.4939,4.4977,4.4853,4.4919,0.37
2025-08-19 20:00:00+00:00,4.4921,4.502,4.4903,4.4961,0.05
2025-08-20 00:00:00+00:00,4.4956,4.5012,4.4866,4.4869,0.37
2025-08-20 04:00:00+00:00,4.4871,4.5105,4.4841,4.502,0.32
2025-08-20 08:00:00+00:00,4.499,4.4997,4.4794,4.4808,0.25
2025-08-20 12:00:00+00:00,4.4815,4.5125,4.4815,4.5103,1.17
2025-08-20 16:00:00+00:00,4.5105,4.5151,4.4954,4.5034,0.31
2025-08-20 20:00:00+00:00,4.5034,4.506,4.4964,4.505,0.11
2025-08-21 00:00:00+00:00,4.5053,4.5092,4.4956,4.4992,0.92
2025-08-21 04:00:00+00:00,4.4983,4.506,4.483,4.4884,0.33
2025-08-21 08:00:00+00:00,4.4908,4.4927,4.4789,4.4889,0.32
2025-08-21 12:00:00+00:00,4.4897,4.521,4.4876,4.5017,1.59
2025-08-21 16:00:00+00:00,4.5014,4.5212,4.5001,4.5207,1.18
2025-08-21 20:00:00+00:00,4.521,4.522,4.5136,4.5206,0.12
2025-08-22 00:00:00+00:00,4.5196,4.5202,4.5076,4.5082,0.16
2025-08-22 04:00:00+00:00,4.5081,4.5125,4.4986,4.5119,0.12
2025-08-22 08:00:00+00:00,4.5135,4.5288,4.5046,4.5095,0.05
2025-08-22 12:00:00+00:00,4.5091,4.5467,4.4955,4.5312,2.57
2025-08-22 16:00:00+00:00,4.5317,4.544,4.5194,4.5309,0.74
2025-08-22 20:00:00+00:00,4.5308,4.533,4.5276,4.5292,0.01
2025-08-24 20:00:00+00:00,4.5266,4.5387,4.5264,4.5335,0.03
2025-08-25 00:00:00+00:00,4.5335,4.5522,4.5219,4.5441,0.56
2025-08-25 04:00:00+00:00,4.5437,4.5622,4.5381,4.5444,0.25
2025-08-25 08:00:00+00:00,4.5442,4.5585,4.5296,4.557,0.02
2025-08-25 12:00:00+00:00,4.5574,4.5695,4.5423,4.5512,0.39
2025-08-25 16:00:00+00:00,4.5502,4.5577,4.5294,4.5316,0.22
2025-08-25 20:00:00+00:00,4.5317,4.5413,4.5271,4.5365,0.04
2025-08-26 00:00:00+00:00,4.5374,4.5565,4.5342,4.5477,0.43
2025-08-26 04:00:00+00:00,4.5475,4.5502,4.5056,4.5124,0.95
2025-08-26 08:00:00+00:00,4.5137,4.524,4.5011,4.5225,0.63
2025-08-26 12:00:00+00:00,4.5231,4.544,4.5177,4.5295,0.62
2025-08-26 16:00:00+00:00,4.5292,4.5442,4.5218,4.5437,0.35
2025-08-26 20:00:00+00:00,4.544,4.5467,4.5396,4.5396,0.0
2025-08-27 00:00:00+00:00,4.5388,4.5432,4.5282,4.53,0.12
2025-08-27 04:00:00+00:00,4.5302,4.5302,4.492,4.5008,0.26
2025-08-27 08:00:00+00:00,4.5003,4.501,4.4791,4.483,0.51
2025-08-27 12:00:00+00:00,4.4821,4.4842,4.4476,4.4694,2.37
2025-08-27 16:00:00+00:00,4.4694,4.5012,4.4674,4.4961,1.08
2025-08-27 20:00:00+00:00,4.4956,4.5,4.4906,4.496,0.05
2025-08-28 00:00:00+00:00,4.4959,4.5007,4.4879,4.4899,0.27
2025-08-28 04:00:00+00:00,4.4896,4.5127,4.4824,4.5037,0.42
2025-08-28 08:00:00+00:00,4.4989,4.5175,4.4874,4.516,0.26
2025-08-28 12:00:00+00:00,4.5162,4.5382,4.5086,4.5288,1.08
2025-08-28 16:00:00+00:00,4.5294,4.5525,4.5285,4.5508,0.78
2025-08-28 20:00:00+00:00,4.5504,4.5509,4.5348,4.5447,0.03
2025-08-29 00:00:00+00:00,4.5436,4.552,4.5384,4.5507,0.2
2025-08-29 04:00:00+00:00,4.5512,4.5827,4.5466,4.5762,0.4
2025-08-29 08:00:00+00:00,4.5763,4.585,4.5626,4.5771,0.32
2025-08-29 12:00:00+00:00,4.577,4.5866,4.5541,4.5736,1.36
2025-08-29 16:00:00+00:00,4.5745,4.5917,4.5743,4.5807,1.04
2025-08-29 20:00:00+00:00,4.5801,4.5922,4.5801,4.5834,0.05
2025-08-31 20:00:00+00:00,4.5867,4.5872,4.5719,4.5829,0.03
2025-09-01 00:00:00+00:00,4.5821,4.5947,4.5726,4.5895,0.31
2025-09-01 04:00:00+00:00,4.5902,4.6107,4.5886,4.6025,0.11
2025-09-01 08:00:00+00:00,4.6034,4.607,4.5824,4.5852,0.15
2025-09-01 12:00:00+00:00,4.5856,4.5888,4.5689,4.5736,0.43
2025-09-01 16:00:00+00:00,4.5736,4.5757,4.569,4.5719,0.0
2025-09-01 20:00:00+00:00,4.5728,4.5806,4.5689,4.5802,0.01
2025-09-02 00:00:00+00:00,4.5795,4.6015,4.5761,4.5864,0.22
2025-09-02 04:00:00+00:00,4.5856,4.5967,4.5449,4.5468,0.45
2025-09-02 08:00:00+00:00,4.5475,4.5767,4.5422,4.5722,0.21
2025-09-02 12:00:00+00:00,4.5721,4.62,4.5393,4.612,3.13
2025-09-02 16:00:00+00:00,4.6112,4.6457,4.6079,4.6362,1.21
2025-09-02 20:00:00+00:00,4.6362,4.6511,4.6357,4.6474,0.02
2025-09-03 00:00:00+00:00,4.6477,4.6723,4.6165,4.6207,0.32
2025-09-03 04:00:00+00:00,4.6205,4.6522,4.6101,4.6503,0.04
2025-09-03 08:00:00+00:00,4.6496,4.6612,4.6209,4.6282,0.2
2025-09-03 12:00:00+00:00,4.6289,4.6467,4.6019,4.6152,0.82
2025-09-03 16:00:00+00:00,4.6151,4.6305,4.6041,4.6101,0.27
2025-09-03 20:00:00+00:00,4.6098,4.6187,4.6092,4.6152,0.01
2025-09-04 00:00:00+00:00,4.6152,4.6162,4.5741,4.5809,0.24
2025-09-04 04:00:00+00:00,4.5815,4.5822,4.5587,4.5647,0.31
2025-09-04 08:00:00+00:00,4.566,4.5745,4.5496,4.5574,0.19
2025-09-04 12:00:00+00:00,4.5577,4.5882,4.5556,4.5676,1.78
2025-09-04 16:00:00+00:00,4.5673,4.5687,4.5535,4.5658,0.74
2025-09-04 20:00:00+00:00,4.5657,4.571,4.5588,4.5687,0.03
2025-09-05 00:00:00+00:00,4.5679,4.5962,4.5571,4.5952,0.21
2025-09-05 04:00:00+00:00,4.5951,4.611,4.5855,4.5912,0.21
2025-09-05 08:00:00+00:00,4.5908,4.5985,4.58,4.5969,0.18
2025-09-05 12:00:00+00:00,4.5976,4.6185,4.5441,4.5509,3.63
2025-09-05 16:00:00+00:00,4.5507,4.5553,4.5349,4.5384,0.64
2025-09-05 20:00:00+00:00,4.5392,4.5425,4.5369,4.5412,0.01
2025-09-07 20:00:00+00:00,4.537,4.5577,4.5264,4.5517,0.05
2025-09-08 00:00:00+00:00,4.5506,4.5763,4.5471,4.5572,0.14
2025-09-08 04:00:00+00:00,4.5569,4.573,4.5484,4.5589,0.22
2025-09-08 08:00:00+00:00,4.569,4.5752,4.5527,4.5624,0.12
2025-09-08 12:00:00+00:00,4.5622,4.5695,4.5446,4.5672,0.53
2025-09-08 16:00:00+00:00,4.567,4.5685,4.5521,4.5671,0.24
2025-09-08 20:00:00+00:00,4.5667,4.5694,4.5586,4.5658,0.01
2025-09-09 00:00:00+00:00,4.563,4.5825,4.5521,4.5667,0.29
2025-09-09 04:00:00+00:00,4.5667,4.5805,4.5597,4.568,0.1
2025-09-09 08:00:00+00:00,4.5635,4.5875,4.5503,4.5548,0.4
2025-09-09 12:00:00+00:00,4.5559,4.5772,4.5471,4.5638,1.22
2025-09-09 16:00:00+00:00,4.5644,4.5764,4.5597,4.5733,0.47
2025-09-09 20:00:00+00:00,4.5745,4.5747,4.5644,4.5647,0.02
2025-09-10 00:00:00+00:00,4.5648,4.5872,4.5611,4.5848,0.2
2025-09-10 04:00:00+00:00,4.5844,4.5895,4.5656,4.5812,0.21
2025-09-10 08:00:00+00:00,4.5806,4.582,4.5631,4.5774,0.15
2025-09-10 12:00:00+00:00,4.5775,4.6211,4.5751,4.6151,1.98
2025-09-10 16:00:00+00:00,4.6149,4.6242,4.6004,4.6048,0.49
2025-09-10 20:00:00+00:00,4.6057,4.6105,4.6021,4.6076,0.0
2025-09-11 00:00:00+00:00,4.6092,4.6092,4.5971,4.6045,0.06
2025-09-11 04:00:00+00:00,4.6052,4.6181,4.5963,4.6151,0.05
2025-09-11 08:00:00+00:00,4.6156,4.616,4.5959,4.6071,0.07
2025-09-11 12:00:00+00:00,4.6075,4.6537,4.5961,4.6508,3.68
2025-09-11 16:00:00+00:00,4.6511,4.6822,4.6498,4.6796,0.77
2025-09-11 20:00:00+00:00,4.6785,4.6805,4.6674,4.6765,0.01
2025-09-12 00:00:00+00:00,4.6747,4.6802,4.6581,4.674,0.48
2025-09-12 04:00:00+00:00,4.6737,4.697,4.6737,4.6912,0.56
2025-09-12 08:00:00+00:00,4.6904,4.6932,4.6735,4.6806,0.21
2025-09-12 12:00:00+00:00,4.681,4.6816,4.6417,4.6496,1.97
2025-09-12 16:00:00+00:00,4.6502,4.6575,4.6444,4.6471,0.18
2025-09-12 20:00:00+00:00,4.6478,4.6484,4.6431,4.6456,0.0
2025-09-14 20:00:00+00:00,4.6492,4.6512,4.6396,4.6467,0.02
2025-09-15 00:00:00+00:00,4.6477,4.6672,4.6373,4.663,0.17
2025-09-15 04:00:00+00:00,4.6628,4.6657,4.6473,4.6601,0.09
2025-09-15 08:00:00+00:00,4.6594,4.6667,4.6454,4.6629,0.08
2025-09-15 12:00:00+00:00,4.6635,4.7247,4.6581,4.7203,0.84
2025-09-15 16:00:00+00:00,4.7209,4.7217,4.7042,4.7175,0.34
2025-09-15 20:00:00+00:00,4.7182,4.7192,4.7109,4.7175,0.01
2025-09-16 00:00:00+00:00,4.7159,4.7187,4.6781,4.6864,0.22
2025-09-16 04:00:00+00:00,4.6862,4.7057,4.6783,4.6907,0.16
2025-09-16 08:00:00+00:00,4.6899,4.7127,4.6892,4.7101,0.11
2025-09-16 12:00:00+00:00,4.711,4.7145,4.6868,4.7003,1.75
2025-09-16 16:00:00+00:00,4.6999,4.7027,4.6821,4.6957,0.76
2025-09-16 20:00:00+00:00,4.695,4.702,4.6922,4.6967,0.01
2025-09-17 00:00:00+00:00,4.6964,4.698,4.6497,4.6611,0.46
2025-09-17 04:00:00+00:00,4.6617,4.6687,4.6119,4.6235,0.47
2025-09-17 08:00:00+00:00,4.6232,4.6239,4.5892,4.6033,0.38
2025-09-17 12:00:00+00:00,4.6042,4.641,4.5986,4.6353,1.26
2025-09-17 16:00:00+00:00,4.6356,4.6612,4.582,4.6133,3.05
2025-09-17 20:00:00+00:00,4.6137,4.6282,4.6056,4.6257,0.02
2025-09-18 00:00:00+00:00,4.6246,4.6247,4.6088,4.6129,0.18
2025-09-18 04:00:00+00:00,4.6122,4.6225,4.5837,4.6161,0.26
2025-09-18 08:00:00+00:00,4.6166,4.6257,4.6046,4.6102,0.08
2025-09-18 12:00:00+00:00,4.61,4.6122,4.5747,4.5976,1.28
2025-09-18 16:00:00+00:00,4.5971,4.6047,4.5909,4.5967,0.36
2025-09-18 20:00:00+00:00,4.5962,4.5995,4.5905,4.5922,0.02
2025-09-19 00:00:00+00:00,4.5925,4.6185,4.5871,4.6141,0.07
2025-09-19 04:00:00+00:00,4.6145,4.6215,4.5991,4.6114,0.19
2025-09-19 08:00:00+00:00,4.613,4.6162,4.6044,4.6058,0.03
2025-09-19 12:00:00+00:00,4.6054,4.6272,4.6001,4.6214,0.54
2025-09-19 16:00:00+00:00,4.622,4.641,4.6189,4.6318,0.41
2025-09-19 20:00:00+00:00,4.6311,4.632,4.6266,4.6304,0.01
2025-09-21 20:00:00+00:00,4.6289,4.6452,4.6285,4.6393,0.03
2025-09-22 00:00:00+00:00,4.6365,4.6461,4.6276,4.6352,0.63
2025-09-22 04:00:00+00:00,4.6344,4.6405,4.6154,4.6228,0.21
2025-09-22 08:00:00+00:00,4.6223,4.6442,4.6216,4.6334,0.21
2025-09-22 12:00:00+00:00,4.6342,4.639,4.5972,4.6196,1.94
2025-09-22 16:00:00+00:00,4.6197,4.6467,4.6191,4.6452,0.68
2025-09-22 20:00:00+00:00,4.6451,4.6522,4.6437,4.6477,0.06
2025-09-23 00:00:00+00:00,4.6477,4.6504,4.6235,4.6309,0.88
2025-09-23 04:00:00+00:00,4.6312,4.6335,4.6131,4.6266,0.36
2025-09-23 08:00:00+00:00,4.6239,4.635,4.6216,4.6267,0.12
2025-09-23 12:00:00+00:00,4.6268,4.6435,4.6247,4.6372,0.75
2025-09-23 16:00:00+00:00,4.6377,4.6462,4.63,4.6432,0.6
2025-09-23 20:00:00+00:00,4.644,4.6472,4.6354,4.6385,0.02
2025-09-24 00:00:00+00:00,4.6391,4.6438,4.6311,4.6391,0.19
2025-09-24 04:00:00+00:00,4.6392,4.647,4.6234,4.6345,0.07
2025-09-24 08:00:00+00:00,4.6349,4.6357,4.5989,4.6006,0.06
2025-09-24 12:00:00+00:00,4.5994,4.8346,4.5937,4.817,7.45
2025-09-24 16:00:00+00:00,4.8169,4.8426,4.7991,4.8225,0.78
2025-09-24 20:00:00+00:00,4.8218,4.8257,4.8133,4.8172,0.02
2025-09-25 00:00:00+00:00,4.8167,4.8875,4.8027,4.8701,0.68
2025-09-25 04:00:00+00:00,4.8724,4.8917,4.8362,4.8872,0.48
2025-09-25 08:00:00+00:00,4.8879,4.9365,4.8285,4.851,0.9
2025-09-25 12:00:00+00:00,4.8517,4.861,4.7467,4.7772,4.32
2025-09-25 16:00:00+00:00,4.7765,4.7885,4.7471,4.7803,0.49
2025-09-25 20:00:00+00:00,4.7813,4.7922,4.7692,4.7752,0.01
2025-09-26 00:00:00+00:00,4.7746,4.7888,4.7626,4.7853,0.12
2025-09-26 04:00:00+00:00,4.785,4.7985,4.7482,4.7508,0.2
2025-09-26 08:00:00+00:00,4.7502,4.759,4.7252,4.7349,0.11
2025-09-26 12:00:00+00:00,4.7352,4.757,4.7121,4.7394,2.61
2025-09-26 16:00:00+00:00,4.7399,4.7812,4.7311,4.7682,0.6
2025-09-26 20:00:00+00:00,4.7677,4.7725,4.7612,4.7632,0.03
2025-09-28 20:00:00+00:00,4.7625,4.7625,4.7617,4.7617,0.0
2025-09-29 08:00:00+00:00,4.8069,4.836,4.7989,4.8346,0.07
2025-09-29 12:00:00+00:00,4.8351,4.919,4.7992,4.8781,4.23
2025-09-29 16:00:00+00:00,4.8786,4.9122,4.8771,4.9117,0.48
2025-09-29 20:00:00+00:00,4.9107,4.9107,4.8915,4.9015,0.06
2025-09-30 00:00:00+00:00,4.9015,4.9072,4.8731,4.9053,0.54
2025-09-30 04:00:00+00:00,4.9055,4.9115,4.8609,4.9032,0.5
2025-09-30 08:00:00+00:00,4.9021,4.9067,4.8504,4.8633,0.35
2025-09-30 12:00:00+00:00,4.8628,4.8761,4.8184,4.8302,2.04
2025-09-30 16:00:00+00:00,4.8305,4.876,4.8235,4.8708,0.66
2025-09-30 20:00:00+00:00,4.8712,4.8865,4.8626,4.8746,0.07
2025-10-01 00:00:00+00:00,4.8739,4.8745,4.8333,4.844,0.21
2025-10-01 04:00:00+00:00,4.8437,4.8682,4.8231,4.8666,0.12
2025-10-01 08:00:00+00:00,4.8664,4.8827,4.839,4.8611,0.12
2025-10-01 12:00:00+00:00,4.8617,4.8852,4.817,4.8746,1.54
2025-10-01 16:00:00+00:00,4.8745,4.9025,4.8703,4.8868,0.38
2025-10-01 20:00:00+00:00,4.8869,4.8951,4.8781,4.8812,0.04
2025-10-02 00:00:00+00:00,4.8809,4.9384,4.8507,4.9104,0.3
2025-10-02 04:00:00+00:00,4.9109,4.9671,4.9031,4.9564,0.36
2025-10-02 08:00:00+00:00,4.955,4.972,4.9415,4.9633,0.47
2025-10-02 12:00:00+00:00,4.9641,4.9876,4.894,4.9299,4.31
2025-10-02 16:00:00+00:00,4.9292,4.9562,4.9249,4.9555,0.35
2025-10-02 20:00:00+00:00,4.9556,4.9592,4.9362,4.9557,0.05
2025-10-03 00:00:00+00:00,4.956,4.967,4.9384,4.9587,0.1
2025-10-03 04:00:00+00:00,4.9574,5.0019,4.949,4.9991,0.18
2025-10-03 08:00:00+00:00,4.9977,5.0162,4.9914,5.0158,0.29
2025-10-03 12:00:00+00:00,5.0167,5.1104,4.9932,5.1022,3.06
2025-10-03 16:00:00+00:00,5.1027,5.1192,5.0742,5.0819,1.0
2025-10-03 20:00:00+00:00,5.0817,5.0906,5.077,5.083,0.02
2025-10-05 20:00:00+00:00,5.0837,5.1032,5.0716,5.0807,0.04
2025-10-06 00:00:00+00:00,5.0817,5.122,5.0749,5.1048,0.3
2025-10-06 04:00:00+00:00,5.1044,5.1065,5.0437,5.0475,0.45
2025-10-06 08:00:00+00:00,5.0502,5.0675,5.039,5.0572,0.31
2025-10-06 12:00:00+00:00,5.057,5.065,5.0139,5.0464,1.35
2025-10-06 16:00:00+00:00,5.0472,5.0511,5.0261,5.0449,0.39
2025-10-06 20:00:00+00:00,5.0441,5.0534,5.0372,5.0484,0.01
2025-10-07 00:00:00+00:00,5.0477,5.0885,5.0346,5.0787,0.12
2025-10-07 04:00:00+00:00,5.0786,5.0922,5.0302,5.0565,0.29
2025-10-07 08:00:00+00:00,5.0544,5.076,5.0382,5.0728,0.15
2025-10-07 12:00:00+00:00,5.0729,5.1362,5.0689,5.0786,4.39
2025-10-07 16:00:00+00:00,5.0807,5.108,5.0714,5.0823,1.29
2025-10-07 20:00:00+00:00,5.0827,5.1075,5.0784,5.0984,0.01
2025-10-08 00:00:00+00:00,5.0985,5.1122,5.0629,5.0859,0.15
2025-10-08 04:00:00+00:00,5.0863,5.1255,5.0832,5.1209,0.19
2025-10-08 08:00:00+00:00,5.1211,5.1509,5.1011,5.1339,0.25
2025-10-08 12:00:00+00:00,5.1336,5.136,5.0649,5.0718,1.13
2025-10-08 16:00:00+00:00,5.072,5.1017,5.0708,5.0834,0.55
2025-10-08 20:00:00+00:00,5.0831,5.0887,5.0381,5.056,0.04
2025-10-09 00:00:00+00:00,5.0554,5.134,5.0405,5.126,1.64
2025-10-09 04:00:00+00:00,5.1259,5.1812,5.1259,5.1684,0.81
2025-10-09 08:00:00+00:00,5.1679,5.1895,5.16,5.1783,0.44
2025-10-09 12:00:00+00:00,5.1781,5.2591,5.1245,5.1711,7.17
2025-10-09 16:00:00+00:00,5.1697,5.184,5.0866,5.1394,1.49
2025-10-09 20:00:00+00:00,5.1402,5.1652,5.1336,5.1579,0.04
2025-10-10 00:00:00+00:00,5.1579,5.1579,5.082,5.0896,0.62
2025-10-10 04:00:00+00:00,5.0893,5.1125,5.0713,5.1067,0.61
2025-10-10 08:00:00+00:00,5.1071,5.1489,5.0995,5.1081,0.21
2025-10-10 12:00:00+00:00,5.1082,5.1775,4.9397,4.9594,6.42
2025-10-10 16:00:00+00:00,4.9591,4.9611,4.8622,4.9006,6.15
2025-10-10 20:00:00+00:00,4.9002,4.9115,4.8204,4.8436,0.45
2025-10-12 20:00:00+00:00,4.9214,5.0412,4.9214,4.984,0.75
2025-10-13 00:00:00+00:00,4.9784,5.0887,4.9574,4.9809,4.1
2025-10-13 04:00:00+00:00,4.9809,5.0234,4.9712,5.0115,0.77
2025-10-13 08:00:00+00:00,5.014,5.0515,4.9882,5.0103,0.34
2025-10-13 12:00:00+00:00,5.0117,5.1775,4.9997,5.1616,9.14
2025-10-13 16:00:00+00:00,5.1616,5.173,5.112,5.1271,1.36
2025-10-13 20:00:00+00:00,5.1259,5.1757,5.1224,5.1596,0.02
2025-10-14 00:00:00+00:00,5.1598,5.166,5.0959,5.1352,0.88
2025-10-14 04:00:00+00:00,5.1353,5.1387,4.9299,4.9719,6.49
2025-10-14 08:00:00+00:00,4.987,5.0098,4.9421,4.9815,1.2
2025-10-14 12:00:00+00:00,4.9814,5.0165,4.9339,5.0077,4.65
2025-10-14 16:00:00+00:00,5.0084,5.0339,4.9684,4.9941,1.6
2025-10-14 20:00:00+00:00,4.9946,5.0201,4.9879,5.0099,0.06
2025-10-15 00:00:00+00:00,5.0085,5.0522,4.9983,5.012,0.83
2025-10-15 04:00:00+00:00,5.0119,5.0767,5.0068,5.0407,0.36
2025-10-15 08:00:00+00:00,5.0361,5.0596,5.0217,5.044,0.3
2025-10-15 12:00:00+00:00,5.0445,5.0484,4.9948,5.0043,2.88
2025-10-15 16:00:00+00:00,5.004,5.0165,4.9447,4.9777,1.51
2025-10-15 20:00:00+00:00,4.978,4.9832,4.9569,4.9653,0.12
2025-10-16 00:00:00+00:00,4.965,5.0012,4.9606,4.9747,0.51
2025-10-16 04:00:00+00:00,4.9736,4.9988,4.9356,4.9975,0.71
2025-10-16 08:00:00+00:00,4.9969,5.0007,4.9287,4.9325,0.22
2025-10-16 12:00:00+00:00,4.9337,5.0151,4.9295,4.9954,3.18
2025-10-16 16:00:00+00:00,4.9962,5.0125,4.9575,4.9873,2.88
2025-10-16 20:00:00+00:00,4.9874,4.9957,4.9692,4.9781,0.06
2025-10-17 00:00:00+00:00,4.9766,5.0194,4.9522,4.9595,0.69
2025-10-17 04:00:00+00:00,4.9595,4.972,4.9279,4.9508,1.41
2025-10-17 08:00:00+00:00,4.9509,5.0183,4.8822,4.9608,2.44
2025-10-17 12:00:00+00:00,4.9612,4.9837,4.9319,4.972,7.4
2025-10-17 16:00:00+00:00,4.972,4.9987,4.9567,4.9914,2.44
2025-10-17 20:00:00+00:00,4.9917,4.9977,4.9866,4.9964,0.0
2025-10-19 20:00:00+00:00,4.9922,5.0147,4.9786,4.9832,0.09
2025-10-20 00:00:00+00:00,4.9832,5.0727,4.9687,5.0585,1.81
2025-10-20 04:00:00+00:00,5.0574,5.0621,5.0017,5.014,0.85
2025-10-20 08:00:00+00:00,5.0134,5.0207,4.9709,4.9932,0.35
2025-10-20 12:00:00+00:00,4.9942,5.034,4.9803,5.0107,1.24
2025-10-20 16:00:00+00:00,5.0101,5.0586,5.0055,5.0561,0.45
2025-10-20 20:00:00+00:00,5.056,5.0637,5.0394,5.0525,0.04
2025-10-21 00:00:00+00:00,5.0507,5.0604,5.0345,5.0462,0.21
2025-10-21 04:00:00+00:00,5.0459,5.0463,4.9734,4.9832,0.49
2025-10-21 08:00:00+00:00,4.982,4.9965,4.9494,4.9889,0.82
2025-10-21 12:00:00+00:00,4.9894,4.9997,4.9247,4.9834,5.78
2025-10-21 16:00:00+00:00,4.9837,4.986,4.9434,4.9441,1.97
2025-10-21 20:00:00+00:00,4.9435,4.955,4.9307,4.9337,0.2
2025-10-22 00:00:00+00:00,4.9366,4.9627,4.9126,4.9591,1.13
2025-10-22 04:00:00+00:00,4.9594,4.9985,4.9559,4.9901,0.51
2025-10-22 08:00:00+00:00,4.99,4.9932,4.9576,4.962,0.95
2025-10-22 12:00:00+00:00,4.9619,5.0132,4.9602,4.9899,4.19
2025-10-22 16:00:00+00:00,4.989,5.0137,4.9671,5.0077,1.01
2025-10-22 20:00:00+00:00,5.0068,5.0125,4.9854,4.9854,0.01
2025-10-23 00:00:00+00:00,4.9841,5.0233,4.9772,5.0102,0.49
2025-10-23 04:00:00+00:00,5.0105,5.074,5.0029,5.0678,1.19
2025-10-23 08:00:00+00:00,5.0705,5.095,5.0624,5.0862,0.77
2025-10-23 12:00:00+00:00,5.0865,5.1162,5.0662,5.1096,2.06
2025-10-23 16:00:00+00:00,5.1092,5.1135,5.079,5.089,0.64
2025-10-23 20:00:00+00:00,5.0883,5.0991,5.0772,5.0959,0.03
2025-10-24 00:00:00+00:00,5.096,5.1127,5.0842,5.1054,0.14
2025-10-24 04:00:00+00:00,5.106,5.1497,5.0949,5.1199,0.39
2025-10-24 08:00:00+00:00,5.1193,5.1233,5.0834,5.0945,0.17
2025-10-24 12:00:00+00:00,5.0952,5.1452,5.0658,5.1367,3.84
2025-10-24 16:00:00+00:00,5.1372,5.1377,5.1112,5.1149,0.41
2025-10-24 20:00:00+00:00,5.1138,5.1184,5.1114,5.1156,0.0
2025-10-26 20:00:00+00:00,5.1727,5.244,5.1669,5.2047,0.33
2025-10-27 00:00:00+00:00,5.204,5.237,5.1706,5.1931,1.28
2025-10-27 04:00:00+00:00,5.1941,5.2152,5.1784,5.1832,0.18
2025-10-27 08:00:00+00:00,5.1855,5.1896,5.1592,5.1734,0.37
2025-10-27 12:00:00+00:00,5.1732,5.1932,5.1129,5.1561,3.34
2025-10-27 16:00:00+00:00,5.1572,5.1729,5.1511,5.1612,0.54
2025-10-27 20:00:00+00:00,5.1612,5.1647,5.1491,5.1565,0.02
2025-10-28 00:00:00+00:00,5.1564,5.1801,5.1406,5.1544,0.26
2025-10-28 04:00:00+00:00,5.1552,5.1552,5.0845,5.1127,0.76
2025-10-28 08:00:00+00:00,5.1139,5.1406,5.0877,5.1277,0.22
2025-10-28 12:00:00+00:00,5.1286,5.1785,5.1143,5.1622,2.72
2025-10-28 16:00:00+00:00,5.1625,5.1825,5.1593,5.1684,0.83
2025-10-28 20:00:00+00:00,5.1681,5.1749,5.158,5.1749,0.01
2025-10-29 00:00:00+00:00,5.1732,5.1759,5.1469,5.1634,0.43
2025-10-29 04:00:00+00:00,5.1634,5.2302,5.1571,5.2132,0.55
2025-10-29 08:00:00+00:00,5.2129,5.2259,5.1941,5.2012,0.23
2025-10-29 12:00:00+00:00,5.2011,5.277,5.1971,5.2466,2.84
2025-10-29 16:00:00+00:00,5.2471,5.2655,5.1708,5.2069,2.68
2025-10-29 20:00:00+00:00,5.2067,5.2143,5.1814,5.201,0.08
2025-10-30 00:00:00+00:00,5.2017,5.2311,5.1774,5.206,0.81
2025-10-30 04:00:00+00:00,5.2064,5.2097,5.1494,5.1843,1.35
2025-10-30 08:00:00+00:00,5.1852,5.2147,5.1722,5.1782,0.2
2025-10-30 12:00:00+00:00,5.1773,5.1797,5.0414,5.0861,9.1
2025-10-30 16:00:00+00:00,5.087,5.1115,5.0823,5.0961,0.83
2025-10-30 20:00:00+00:00,5.0958,5.1142,5.091,5.1091,0.05
2025-10-31 00:00:00+00:00,5.1084,5.1215,5.0852,5.0872,0.74
2025-10-31 04:00:00+00:00,5.0877,5.0965,5.0627,5.0868,0.35
2025-10-31 08:00:00+00:00,5.0864,5.1177,5.0464,5.0993,0.21
2025-10-31 12:00:00+00:00,5.0986,5.114,5.0691,5.0981,2.07
2025-10-31 16:00:00+00:00,5.098,5.1267,5.0754,5.109,1.2
2025-10-31 20:00:00+00:00,5.1093,5.1139,5.1054,5.1127,0.05
2025-11-02 20:00:00+00:00,5.1047,5.1265,5.1037,5.1075,0.01
2025-11-03 00:00:00+00:00,5.1067,5.1124,5.0671,5.082,0.35
2025-11-03 04:00:00+00:00,5.0815,5.1195,5.0792,5.1021,0.12
2025-11-03 08:00:00+00:00,5.0991,5.1095,5.0764,5.0881,0.08
2025-11-03 12:00:00+00:00,5.0898,5.116,5.0476,5.067,2.07
2025-11-03 16:00:00+00:00,5.0661,5.0792,5.0276,5.0437,1.14
2025-11-03 20:00:00+00:00,5.0442,5.0555,5.0434,5.0484,0.06
2025-11-04 00:00:00+00:00,5.049,5.0632,5.0144,5.0219,0.83
2025-11-04 04:00:00+00:00,5.0214,5.0216,4.9583,4.9672,1.54
2025-11-04 08:00:00+00:00,4.967,4.989,4.9197,4.929,1.36
2025-11-04 12:00:00+00:00,4.9289,4.9695,4.9051,4.9636,4.11
2025-11-04 16:00:00+00:00,4.9645,4.968,4.9287,4.9295,1.09
2025-11-04 20:00:00+00:00,4.9289,4.9365,4.9121,4.9182,0.11
2025-11-05 00:00:00+00:00,4.9182,4.9585,4.892,4.9556,1.52
2025-11-05 04:00:00+00:00,4.9551,4.9712,4.93,4.9412,0.56
2025-11-05 08:00:00+00:00,4.9405,4.9652,4.9091,4.9232,0.42
2025-11-05 12:00:00+00:00,4.9227,4.9762,4.9132,4.9752,2.13
2025-11-05 16:00:00+00:00,4.9751,4.9965,4.9579,4.9946,0.67
2025-11-05 20:00:00+00:00,4.9954,5.0021,4.9845,4.9894,0.07
2025-11-06 00:00:00+00:00,4.9895,5.017,4.9776,5.0094,0.24
2025-11-06 04:00:00+00:00,5.0083,5.0245,5.0009,5.0042,0.12
2025-11-06 08:00:00+00:00,5.0051,5.0334,4.9983,5.0089,0.14
2025-11-06 12:00:00+00:00,5.0094,5.022,4.9599,4.9618,2.2
2025-11-06 16:00:00+00:00,4.9623,4.9825,4.9509,4.9803,0.7
2025-11-06 20:00:00+00:00,4.9804,4.9847,4.9671,4.979,0.08
2025-11-07 00:00:00+00:00,4.9784,4.989,4.9599,4.9655,0.06
2025-11-07 04:00:00+00:00,4.9654,5.0059,4.9607,4.9947,0.05
2025-11-07 08:00:00+00:00,4.9967,5.0012,4.9571,4.9751,0.12
2025-11-07 12:00:00+00:00,4.9753,5.0021,4.9515,4.9531,2.0
2025-11-07 16:00:00+00:00,4.9534,4.9762,4.9511,4.9589,0.91
2025-11-07 20:00:00+00:00,4.9585,4.9592,4.951,4.9556,0.03
2025-11-09 20:00:00+00:00,4.9696,4.986,4.9651,4.9815,0.01
2025-11-10 00:00:00+00:00,4.9822,5.0322,4.9772,5.0262,0.34
2025-11-10 04:00:00+00:00,5.0258,5.0482,5.021,5.024,0.16
2025-11-10 08:00:00+00:00,5.0225,5.0467,5.0136,5.0367,0.07
2025-11-10 12:00:00+00:00,5.0364,5.0478,5.0121,5.0137,0.88
2025-11-10 16:00:00+00:00,5.014,5.1177,5.0081,5.1005,1.63
2025-11-10 20:00:00+00:00,5.1011,5.1072,5.0902,5.0909,0.04
2025-11-11 00:00:00+00:00,5.0924,5.1015,5.0704,5.0885,0.42
2025-11-11 04:00:00+00:00,5.0891,5.0935,5.0555,5.077,0.07
2025-11-11 08:00:00+00:00,5.0772,5.0927,5.0586,5.0659,0.07
2025-11-11 12:00:00+00:00,5.0665,5.0966,5.0511,5.0582,1.06
2025-11-11 16:00:00+00:00,5.0585,5.0702,5.0543,5.0652,0.52
2025-11-11 20:00:00+00:00,5.0657,5.0745,5.0577,5.0687,0.02
2025-11-12 00:00:00+00:00,5.0692,5.0847,5.0515,5.0588,0.17
2025-11-12 04:00:00+00:00,5.0585,5.0857,5.0315,5.0722,0.16
2025-11-12 08:00:00+00:00,5.076,5.0775,5.0541,5.0654,0.03
2025-11-12 12:00:00+00:00,5.0649,5.1485,5.0649,5.1279,2.11
2025-11-12 16:00:00+00:00,5.1273,5.135,5.0786,5.0816,1.3
2025-11-12 20:00:00+00:00,5.0812,5.0901,5.0758,5.0827,0.05
2025-11-13 00:00:00+00:00,5.0831,5.1206,5.08,5.1185,0.4
2025-11-13 04:00:00+00:00,5.1183,5.1455,5.1112,5.1318,0.16
2025-11-13 08:00:00+00:00,5.1317,5.1452,5.0991,5.12,0.26
2025-11-13 12:00:00+00:00,5.1197,5.1607,5.1143,5.1275,3.07
2025-11-13 16:00:00+00:00,5.1271,5.1407,5.0359,5.0466,2.82
2025-11-13 20:00:00+00:00,5.0464,5.1362,5.0409,5.127,0.1
2025-11-14 00:00:00+00:00,5.1277,5.1507,5.1154,5.1485,0.37
2025-11-14 04:00:00+00:00,5.149,5.1617,5.1214,5.1469,0.12
2025-11-14 08:00:00+00:00,5.1462,5.1572,5.1052,5.1224,0.46
2025-11-14 12:00:00+00:00,5.1211,5.1472,5.0731,5.1452,5.43
2025-11-14 16:00:00+00:00,5.1455,5.1542,5.1176,5.1309,1.45
2025-11-14 20:00:00+00:00,5.1309,5.1352,5.1179,5.1213,0.04
2025-11-16 20:00:00+00:00,5.1251,5.1285,5.0939,5.1202,0.05
2025-11-17 00:00:00+00:00,5.1207,5.124,5.0922,5.1023,0.17
2025-11-17 04:00:00+00:00,5.1021,5.1282,5.0916,5.1259,0.08
2025-11-17 08:00:00+00:00,5.1261,5.1261,5.0911,5.1038,0.12
2025-11-17 12:00:00+00:00,5.1047,5.1143,5.0786,5.0949,1.85
2025-11-17 16:00:00+00:00,5.0942,5.0982,5.0439,5.045,0.91
2025-11-17 20:00:00+00:00,5.0439,5.0686,5.0352,5.0622,0.16
2025-11-18 00:00:00+00:00,5.0613,5.074,5.0382,5.0412,1.5
2025-11-18 04:00:00+00:00,5.0404,5.0507,5.0234,5.0494,0.73
2025-11-18 08:00:00+00:00,5.0495,5.0692,5.0451,5.0525,0.65
2025-11-18 12:00:00+00:00,5.0522,5.0812,5.0326,5.0441,8.59
2025-11-18 16:00:00+00:00,5.0434,5.067,5.0356,5.0582,4.95
2025-11-18 20:00:00+00:00,5.0574,5.0597,5.0331,5.0377,0.16
2025-11-19 00:00:00+00:00,5.0374,5.0687,5.0261,5.0437,0.56
2025-11-19 04:00:00+00:00,5.0439,5.07,5.0382,5.0629,0.44
2025-11-19 08:00:00+00:00,5.064,5.1138,5.0484,5.1007,0.5
2025-11-19 12:00:00+00:00,5.1002,5.113,5.0729,5.0796,2.79
2025-11-19 16:00:00+00:00,5.0797,5.1105,5.0657,5.0974,2.56
2025-11-19 20:00:00+00:00,5.097,5.1289,5.0876,5.1261,0.5
2025-11-20 00:00:00+00:00,5.1262,5.1312,5.0901,5.0997,1.51
2025-11-20 04:00:00+00:00,5.0996,5.1165,5.0744,5.0785,0.43
2025-11-20 08:00:00+00:00,5.0792,5.1012,5.059,5.0961,0.35
2025-11-20 12:00:00+00:00,5.0975,5.12,5.0848,5.0871,5.05
2025-11-20 16:00:00+00:00,5.0875,5.0887,5.0234,5.0545,6.67
2025-11-20 20:00:00+00:00,5.0544,5.0556,5.0281,5.0387,0.57
2025-11-21 00:00:00+00:00,5.0379,5.053,5.0243,5.0288,1.89
2025-11-21 04:00:00+00:00,5.0285,5.0513,5.0038,5.0143,1.51
2025-11-21 08:00:00+00:00,5.0146,5.0405,4.993,5.0158,3.05
2025-11-21 12:00:00+00:00,5.0167,5.0652,5.0034,5.0554,10.31
2025-11-21 16:00:00+00:00,5.0551,5.102,5.044,5.0916,5.62
2025-11-21 20:00:00+00:00,5.0917,5.0936,5.0746,5.0762,0.19
2025-11-23 20:00:00+00:00,5.0876,5.0963,5.0824,5.0918,0.04
2025-11-24 00:00:00+00:00,5.0921,5.0965,5.0754,5.0855,0.43
2025-11-24 04:00:00+00:00,5.0847,5.0992,5.0726,5.0817,0.13
2025-11-24 08:00:00+00:00,5.0814,5.0966,5.0596,5.0724,0.59
2025-11-24 12:00:00+00:00,5.0725,5.0802,5.0509,5.0565,3.73
2025-11-24 16:00:00+00:00,5.0562,5.076,5.0444,5.0733,0.69
2025-11-24 20:00:00+00:00,5.0742,5.0935,5.0731,5.0817,0.0
2025-11-25 00:00:00+00:00,5.0807,5.1375,5.0774,5.1331,0.46
2025-11-25 04:00:00+00:00,5.1333,5.1447,5.1234,5.1279,0.2
2025-11-25 08:00:00+00:00,5.1267,5.1332,5.1111,5.1196,0.15
2025-11-25 12:00:00+00:00,5.1189,5.1898,5.0854,5.0889,5.44
2025-11-25 16:00:00+00:00,5.089,5.1122,5.0806,5.1022,0.91
2025-11-25 20:00:00+00:00,5.1026,5.1102,5.0986,5.1024,0.14
2025-11-26 00:00:00+00:00,5.103,5.1264,5.1024,5.1247,0.19
2025-11-26 04:00:00+00:00,5.1241,5.1452,5.1186,5.1442,0.08
2025-11-26 08:00:00+00:00,5.1431,5.2077,5.1236,5.1993,0.57
2025-11-26 12:00:00+00:00,5.1986,5.2012,5.1527,5.1824,3.92
2025-11-26 16:00:00+00:00,5.1835,5.2,5.1771,5.1982,1.25
2025-11-26 20:00:00+00:00,5.1983,5.2075,5.1971,5.2055,0.03
2025-11-27 00:00:00+00:00,5.2062,5.2075,5.1741,5.1792,0.15
2025-11-27 04:00:00+00:00,5.1791,5.187,5.1703,5.1755,0.07
2025-11-27 08:00:00+00:00,5.1757,5.1787,5.1539,5.1552,0.06
2025-11-27 12:00:00+00:00,5.1556,5.1719,5.131,5.1701,0.76
2025-11-27 16:00:00+00:00,5.1706,5.171,5.1589,5.162,0.04
2025-11-27 20:00:00+00:00,5.1596,5.1662,5.1559,5.1657,0.0
2025-11-28 00:00:00+00:00,5.1659,5.1837,5.1634,5.1825,0.02
2025-11-28 12:00:00+00:00,5.2115,5.3061,5.2033,5.2846,1.4
2025-11-28 16:00:00+00:00,5.2845,5.3032,5.2664,5.2739,0.69
2025-11-30 20:00:00+00:00,5.2823,5.3229,5.2807,5.3104,0.5
2025-12-01 00:00:00+00:00,5.3096,5.3522,5.3016,5.3302,3.87
2025-12-01 04:00:00+00:00,5.3297,5.3302,5.289,5.3045,2.4
2025-12-01 08:00:00+00:00,5.3044,5.3156,5.2814,5.2944,0.78
2025-12-01 12:00:00+00:00,5.2954,5.3585,5.2788,5.2973,4.92
2025-12-01 16:00:00+00:00,5.2982,5.3154,5.2708,5.2748,1.28
2025-12-01 20:00:00+00:00,5.2746,5.2774,5.2292,5.2531,0.05
2025-12-02 00:00:00+00:00,5.2541,5.2645,5.2241,5.2257,0.83
2025-12-02 04:00:00+00:00,5.225,5.2757,5.2218,5.2725,0.2
2025-12-02 08:00:00+00:00,5.2752,5.2945,5.2576,5.2779,0.2
2025-12-02 12:00:00+00:00,5.2781,5.3145,5.2449,5.2497,6.06
2025-12-02 16:00:00+00:00,5.2498,5.2608,5.2331,5.2498,2.84
2025-12-02 20:00:00+00:00,5.2502,5.2657,5.2387,5.2612,0.0
2025-12-03 00:00:00+00:00,5.262,5.2812,5.2534,5.2812,0.38
2025-12-03 04:00:00+00:00,5.2807,5.294,5.2604,5.2856,0.38
2025-12-03 08:00:00+00:00,5.2864,5.3863,5.2863,5.3456,1.05
2025-12-03 12:00:00+00:00,5.3447,5.4347,5.3348,5.4305,8.13
2025-12-03 16:00:00+00:00,5.4298,5.4332,5.3791,5.3961,2.77
2025-12-03 20:00:00+00:00,5.3958,5.3992,5.3829,5.3876,0.06
2025-12-04 00:00:00+00:00,5.3885,5.4226,5.3824,5.4159,0.97
2025-12-04 04:00:00+00:00,5.416,5.4237,5.3792,5.3926,0.92
2025-12-04 08:00:00+00:00,5.3953,5.3962,5.3104,5.3524,0.78
2025-12-04 12:00:00+00:00,5.3519,5.381,5.3335,5.378,5.43
2025-12-04 16:00:00+00:00,5.3782,5.3804,5.3441,5.3554,0.97
2025-12-04 20:00:00+00:00,5.3555,5.3616,5.3521,5.353,0.01
2025-12-05 00:00:00+00:00,5.3527,5.4095,5.3429,5.4002,0.89
2025-12-05 04:00:00+00:00,5.3989,5.4876,5.3984,5.4699,1.65
2025-12-05 08:00:00+00:00,5.4713,5.4765,5.4241,5.4367,0.56
2025-12-05 12:00:00+00:00,5.437,5.4759,5.3977,5.4559,7.51
2025-12-05 16:00:00+00:00,5.4564,5.4702,5.425,5.4503,2.97
2025-12-05 20:00:00+00:00,5.4499,5.4592,5.4444,5.4522,0.05
2025-12-07 20:00:00+00:00,5.4545,5.4564,5.437,5.4446,0.01
2025-12-08 00:00:00+00:00,5.4446,5.4542,5.4134,5.4357,1.28
2025-12-08 04:00:00+00:00,5.4367,5.4909,5.4356,5.4682,0.62
2025-12-08 08:00:00+00:00,5.4673,5.4742,5.4365,5.4405,0.17
2025-12-08 12:00:00+00:00,5.4396,5.4652,5.3936,5.4127,6.78
2025-12-08 16:00:00+00:00,5.4116,5.4485,5.4023,5.4391,1.78
2025-12-08 20:00:00+00:00,5.4402,5.4402,5.4188,5.4302,0.13
2025-12-09 00:00:00+00:00,5.4304,5.4387,5.3899,5.4131,0.66
2025-12-09 04:00:00+00:00,5.4127,5.417,5.3186,5.3448,2.32
2025-12-09 08:00:00+00:00,5.3469,5.3755,5.3413,5.3678,0.57
2025-12-09 12:00:00+00:00,5.368,5.3777,5.3122,5.3367,8.09
2025-12-09 16:00:00+00:00,5.3372,5.345,5.3144,5.3306,2.67
2025-12-09 20:00:00+00:00,5.3306,5.337,5.3203,5.3245,0.03
2025-12-10 00:00:00+00:00,5.3234,5.3677,5.3234,5.3583,2.57
2025-12-10 04:00:00+00:00,5.3585,5.3932,5.3551,5.3627,1.37
2025-12-10 08:00:00+00:00,5.3616,5.4209,5.3616,5.3899,0.77
2025-12-10 12:00:00+00:00,5.3891,5.4092,5.3389,5.3472,3.73
2025-12-10 16:00:00+00:00,5.3458,5.401,5.3406,5.3989,2.12
2025-12-10 20:00:00+00:00,5.3994,5.418,5.3926,5.402,0.59
2025-12-11 00:00:00+00:00,5.4022,5.4405,5.367,5.3746,1.84
2025-12-11 04:00:00+00:00,5.3747,5.3825,5.3579,5.3765,0.2
2025-12-11 08:00:00+00:00,5.376,5.4059,5.3577,5.4023,0.11
2025-12-11 12:00:00+00:00,5.4016,5.4812,5.3991,5.4749,7.13
2025-12-11 16:00:00+00:00,5.4749,5.5144,5.4694,5.4902,4.01
2025-12-11 20:00:00+00:00,5.49,5.4937,5.4771,5.483,0.03
2025-12-12 00:00:00+00:00,5.4822,5.4909,5.452,5.4777,0.81
2025-12-12 04:00:00+00:00,5.4772,5.5255,5.4644,5.4926,1.38
2025-12-12 08:00:00+00:00,5.4922,5.4957,5.4506,5.4656,0.37
2025-12-12 12:00:00+00:00,5.465,5.5291,5.3352,5.3402,11.03
2025-12-12 16:00:00+00:00,5.3357,5.378,5.288,5.3624,8.27
2025-12-12 20:00:00+00:00,5.3621,5.3635,5.3435,5.3564,0.05
2025-12-14 20:00:00+00:00,5.3504,5.3557,5.3412,5.3474,0.0
2025-12-15 00:00:00+00:00,5.3475,5.4067,5.3434,5.3892,1.34
2025-12-15 04:00:00+00:00,5.3889,5.4159,5.3804,5.3853,0.25
2025-12-15 08:00:00+00:00,5.3867,5.43,5.385,5.4245,0.19
2025-12-15 12:00:00+00:00,5.4244,5.5192,5.42,5.432,8.56
2025-12-15 16:00:00+00:00,5.4322,5.4332,5.3964,5.4163,2.95
2025-12-15 20:00:00+00:00,5.4156,5.4167,5.4005,5.401,0.0
2025-12-16 00:00:00+00:00,5.4014,5.4072,5.3192,5.3399,2.82
2025-12-16 04:00:00+00:00,5.3401,5.357,5.3156,5.3443,0.61
2025-12-16 08:00:00+00:00,5.3449,5.3695,5.3401,5.3642,0.15
2025-12-16 12:00:00+00:00,5.3641,5.3953,5.3391,5.352,8.09
2025-12-16 16:00:00+00:00,5.3521,5.3703,5.3354,5.3632,4.52
2025-12-16 20:00:00+00:00,5.3627,5.3705,5.3554,5.3647,0.19
2025-12-17 00:00:00+00:00,5.365,5.418,5.3616,5.4174,3.26
2025-12-17 04:00:00+00:00,5.4182,5.433,5.3848,5.3897,2.64
2025-12-17 08:00:00+00:00,5.389,5.4154,5.3816,5.3991,0.6
2025-12-17 12:00:00+00:00,5.4,5.4637,5.3966,5.4167,9.49
2025-12-17 16:00:00+00:00,5.4167,5.4423,5.4017,5.422,5.59
2025-12-17 20:00:00+00:00,5.4213,5.4275,5.4173,5.4229,0.15
2025-12-18 00:00:00+00:00,5.4227,5.4262,5.3788,5.3899,1.49
2025-12-18 04:00:00+00:00,5.3904,5.421,5.3818,5.4084,1.5
2025-12-18 08:00:00+00:00,5.4077,5.423,5.4014,5.4137,0.59
2025-12-18 12:00:00+00:00,5.4134,5.463,5.3827,5.4362,9.84
2025-12-18 16:00:00+00:00,5.4355,5.4597,5.4123,5.4196,3.8
2025-12-18 20:00:00+00:00,5.419,5.4325,5.419,5.4234,0.05
2025-12-19 00:00:00+00:00,5.4229,5.4505,5.4034,5.4455,1.48
2025-12-19 04:00:00+00:00,5.4452,5.5002,5.4447,5.4702,1.79
2025-12-19 08:00:00+00:00,5.4704,5.503,5.4689,5.4968,0.5
2025-12-19 12:00:00+00:00,5.4965,5.5638,5.4895,5.5001,7.65
2025-12-19 16:00:00+00:00,5.4999,5.517,5.491,5.4977,1.84
2025-12-19 20:00:00+00:00,5.498,5.4982,5.4756,5.4822,0.09
2025-12-21 20:00:00+00:00,5.489,5.5045,5.4867,5.4974,0.0
2025-12-22 00:00:00+00:00,5.4971,5.5405,5.4916,5.5363,2.33
2025-12-22 04:00:00+00:00,5.536,5.5467,5.4861,5.5389,2.06
2025-12-22 08:00:00+00:00,5.5386,5.5512,5.5004,5.5127,0.34
2025-12-22 12:00:00+00:00,5.5126,5.5222,5.4796,5.4992,4.85
2025-12-22 16:00:00+00:00,5.4986,5.5125,5.4897,5.4959,1.12
2025-12-22 20:00:00+00:00,5.4957,5.5134,5.4942,5.5112,0.03
2025-12-23 00:00:00+00:00,5.5114,5.5212,5.4815,5.5013,1.55
2025-12-23 04:00:00+00:00,5.5018,5.5235,5.4851,5.5192,0.68
2025-12-23 08:00:00+00:00,5.5152,5.5755,5.5108,5.5719,0.29
2025-12-23 12:00:00+00:00,5.5714,5.6197,5.5149,5.5578,10.66
2025-12-23 16:00:00+00:00,5.5585,5.5757,5.5438,5.5705,3.06
2025-12-23 20:00:00+00:00,5.5699,5.5865,5.5558,5.5848,0.14
2025-12-24 00:00:00+00:00,5.5854,5.6127,5.5501,5.5781,2.76
2025-12-24 04:00:00+00:00,5.5782,5.6622,5.5777,5.6321,1.89
2025-12-24 08:00:00+00:00,5.633,5.6367,5.6167,5.6337,0.22
2025-12-24 12:00:00+00:00,5.6336,5.645,5.5291,5.5569,9.47
2025-12-24 16:00:00+00:00,5.5563,5.5892,5.5506,5.5699,1.54
2025-12-25 20:00:00+00:00,5.6767,5.6998,5.6682,5.6866,0.11
2025-12-26 00:00:00+00:00,5.6876,5.7539,5.6874,5.7342,2.42
2025-12-26 04:00:00+00:00,5.734,5.7831,5.7192,5.7571,1.12
2025-12-26 08:00:00+00:00,5.7577,5.8048,5.7169,5.7316,0.36
2025-12-26 12:00:00+00:00,5.7313,5.8628,5.7134,5.8593,8.45
2025-12-26 16:00:00+00:00,5.8606,5.887,5.808,5.8181,4.37
2025-12-26 20:00:00+00:00,5.8185,5.8574,5.8174,5.8492,0.05
2025-12-28 20:00:00+00:00,5.854,5.9149,5.8239,5.8505,0.25
2025-12-29 00:00:00+00:00,5.8492,5.9212,5.7638,5.9004,6.91
2025-12-29 04:00:00+00:00,5.9002,5.9065,5.7354,5.7466,5.47
2025-12-29 08:00:00+00:00,5.746,5.7644,5.574,5.5827,2.35
2025-12-29 12:00:00+00:00,5.5829,5.693,5.5562,5.5914,12.64
2025-12-29 16:00:00+00:00,5.5912,5.6062,5.5592,5.5738,2.95
2025-12-29 20:00:00+00:00,5.5747,5.5847,5.5389,5.5734,0.05
2025-12-30 00:00:00+00:00,5.5731,5.7072,5.5681,5.6996,4.87
2025-12-30 04:00:00+00:00,5.7005,5.7424,5.6696,5.6816,4.06
2025-12-30 08:00:00+00:00,5.6812,5.7012,5.6576,5.6963,0.45
2025-12-30 12:00:00+00:00,5.6971,5.7561,5.6921,5.7306,9.46
2025-12-30 16:00:00+00:00,5.7302,5.7941,5.7186,5.7424,3.27
2025-12-30 20:00:00+00:00,5.743,5.7575,5.7131,5.7219,0.14
2025-12-31 00:00:00+00:00,5.7224,5.7761,5.6931,5.703,5.95
2025-12-31 04:00:00+00:00,5.7033,5.7185,5.6573,5.6987,4.58
2025-12-31 08:00:00+00:00,5.6977,5.702,5.6354,5.6847,0.32
2025-12-31 12:00:00+00:00,5.6846,5.701,5.647,5.6772,2.01
2025-12-31 16:00:00+00:00,5.6772,5.7027,5.6702,5.6918,0.82
2025-12-31 20:00:00+00:00,5.6925,5.7078,5.6867,5.692,0.18
2026-01-01 20:00:00+00:00,5.7015,5.756,5.7015,5.7533,0.03
2026-01-02 00:00:00+00:00,5.7538,5.7552,5.7104,5.7424,0.28
2026-01-02 04:00:00+00:00,5.742,5.748,5.7182,5.72,0.18
2026-01-02 08:00:00+00:00,5.7144,5.745,5.7136,5.7232,0.22
2026-01-02 12:00:00+00:00,5.7245,5.7325,5.6752,5.6972,4.77
2026-01-02 16:00:00+00:00,5.6929,5.7205,5.6667,5.6895,2.46
2026-01-02 20:00:00+00:00,5.6892,5.7052,5.6869,5.6961,0.07
2026-01-04 20:00:00+00:00,5.7114,5.7279,5.6967,5.7194,0.06
2026-01-05 00:00:00+00:00,5.7185,5.8848,5.718,5.8472,6.1
2026-01-05 04:00:00+00:00,5.8464,5.903,5.8388,5.8622,1.62
2026-01-05 08:00:00+00:00,5.8607,5.876,5.844,5.8623,0.55
2026-01-05 12:00:00+00:00,5.8613,5.9542,5.8415,5.9426,9.72
2026-01-05 16:00:00+00:00,5.9427,6.0055,5.9144,6.0007,3.2
2026-01-05 20:00:00+00:00,5.9997,6.0055,5.9567,5.9651,0.09
2026-01-06 00:00:00+00:00,5.9656,6.0706,5.957,6.0704,6.75
2026-01-06 04:00:00+00:00,6.0701,6.1107,6.0195,6.0772,4.78
2026-01-06 08:00:00+00:00,6.0777,6.0875,5.9496,6.0076,1.35
2026-01-06 12:00:00+00:00,6.0082,6.0845,5.9869,6.0611,10.45
2026-01-06 16:00:00+00:00,6.0604,6.0742,6.0321,6.0435,2.89
2026-01-06 20:00:00+00:00,6.0437,6.0685,6.0413,6.0582,0.08
2026-01-07 00:00:00+00:00,6.0586,6.067,5.96,6.0107,5.96
2026-01-07 04:00:00+00:00,6.0109,6.012,5.9222,5.9931,4.57
2026-01-07 08:00:00+00:00,5.9916,6.008,5.9563,5.9749,0.48
2026-01-07 12:00:00+00:00,5.9746,5.9845,5.8601,5.8622,11.21
2026-01-07 16:00:00+00:00,5.8614,5.8962,5.8463,5.8517,3.29
2026-01-07 20:00:00+00:00,5.8519,5.8705,5.8389,5.8705,0.06
2026-01-08 00:00:00+00:00,5.8712,5.9262,5.8486,5.8713,6.02
2026-01-08 04:00:00+00:00,5.871,5.8712,5.7707,5.8325,5.48
2026-01-08 08:00:00+00:00,5.8311,5.8574,5.8102,5.8485,0.52
2026-01-08 12:00:00+00:00,5.8472,5.8847,5.6971,5.7953,11.73
2026-01-08 16:00:00+00:00,5.7969,5.8125,5.7797,5.7887,3.29
2026-01-08 20:00:00+00:00,5.7883,5.8102,5.7873,5.8018,0.08
2026-01-09 00:00:00+00:00,5.8016,5.8556,5.7357,5.823,6.38
2026-01-09 04:00:00+00:00,5.8225,5.88,5.8159,5.8526,3.23
2026-01-09 08:00:00+00:00,5.8522,5.9052,5.8324,5.9034,0.4
2026-01-09 12:00:00+00:00,5.9032,5.9361,5.8756,5.9185,9.94
2026-01-09 16:00:00+00:00,5.9198,5.9302,5.8887,5.8892,2.28
2026-01-09 20:00:00+00:00,5.8887,5.8945,5.8791,5.8895,0.08
2026-01-11 20:00:00+00:00,5.9097,5.9462,5.8977,5.9372,0.03
2026-01-12 00:00:00+00:00,5.9369,6.0232,5.932,6.0052,5.63
2026-01-12 04:00:00+00:00,6.0054,6.0217,5.9704,6.0205,1.96
2026-01-12 08:00:00+00:00,6.0199,6.0418,5.9876,6.0236,0.38
2026-01-12 12:00:00+00:00,6.0232,6.0677,5.9273,6.0062,11.97
2026-01-12 16:00:00+00:00,6.0056,6.0362,5.9994,6.0174,3.24
2026-01-12 20:00:00+00:00,6.0181,6.0185,5.9801,5.9908,0.11
2026-01-13 00:00:00+00:00,5.9911,6.04,5.9451,6.0165,6.08
2026-01-13 04:00:00+00:00,6.0162,6.0271,5.9619,5.9994,3.84
2026-01-13 08:00:00+00:00,5.9986,6.0679,5.9977,6.0564,0.6
2026-01-13 12:00:00+00:00,6.0557,6.0917,5.9823,6.0322,10.23
2026-01-13 16:00:00+00:00,6.0322,6.0335,5.9996,6.0102,3.16
2026-01-13 20:00:00+00:00,6.0092,6.0134,5.9878,6.0122,0.31
2026-01-14 00:00:00+00:00,6.0122,6.1519,6.0111,6.1472,4.62
2026-01-14 04:00:00+00:00,6.1459,6.1519,6.0402,6.0591,4.74
2026-01-14 08:00:00+00:00,6.058,6.0628,6.0215,6.0486,0.65
2026-01-14 12:00:00+00:00,6.0489,6.0865,6.0113,6.0494,11.42
2026-01-14 16:00:00+00:00,6.0499,6.0947,6.012,6.0844,4.04
2026-01-14 20:00:00+00:00,6.0846,6.1072,6.0303,6.0531,0.64
2026-01-15 00:00:00+00:00,6.0537,6.0657,5.9231,5.9417,6.99
2026-01-15 04:00:00+00:00,5.941,6.0062,5.9061,5.9795,3.79
2026-01-15 08:00:00+00:00,5.9797,6.0085,5.9366,6.0071,0.67
2026-01-15 12:00:00+00:00,6.0066,6.0195,5.9062,5.9732,10.7
2026-01-15 16:00:00+00:00,5.9732,6.006,5.9621,5.9877,3.45
2026-01-15 20:00:00+00:00,5.9882,5.9973,5.9637,5.9853,0.07
2026-01-16 00:00:00+00:00,5.9852,6.0225,5.8979,5.9127,5.91
2026-01-16 04:00:00+00:00,5.9128,5.9297,5.8286,5.8759,3.17
2026-01-16 08:00:00+00:00,5.8752,5.9168,5.8666,5.9119,0.28
2026-01-16 12:00:00+00:00,5.9121,5.9158,5.7701,5.7972,11.82
2026-01-16 16:00:00+00:00,5.7964,5.8405,5.7953,5.8326,4.04
2026-01-16 20:00:00+00:00,5.8322,5.851,5.8289,5.8472,0.07
2026-01-18 20:00:00+00:00,5.8602,5.9115,5.8602,5.8979,0.36
2026-01-19 00:00:00+00:00,5.8975,5.9322,5.8717,5.9013,4.7
2026-01-19 04:00:00+00:00,5.9015,5.9227,5.8315,5.8337,0.92
2026-01-19 08:00:00+00:00,5.8352,5.8835,5.8352,5.8596,0.53
2026-01-19 12:00:00+00:00,5.8595,5.936,5.8462,5.8985,4.72
2026-01-19 16:00:00+00:00,5.8984,5.909,5.8895,5.9041,0.38
2026-01-19 20:00:00+00:00,5.9049,5.9112,5.8918,5.8942,0.03
2026-01-20 00:00:00+00:00,5.8943,5.902,5.8429,5.8699,3.27
2026-01-20 04:00:00+00:00,5.8694,5.897,5.8548,5.8951,1.77
2026-01-20 08:00:00+00:00,5.8943,5.8943,5.8108,5.8773,1.11
2026-01-20 12:00:00+00:00,5.8774,5.8822,5.7422,5.7747,10.15
2026-01-20 16:00:00+00:00,5.7744,5.8172,5.7727,5.8046,3.46
2026-01-20 20:00:00+00:00,5.8046,5.8317,5.7985,5.8269,0.09
2026-01-21 00:00:00+00:00,5.8265,5.8472,5.7817,5.8341,3.69
2026-01-21 04:00:00+00:00,5.8345,5.8936,5.8272,5.8551,2.71
2026-01-21 08:00:00+00:00,5.856,5.8772,5.8324,5.8582,0.37
2026-01-21 12:00:00+00:00,5.8562,5.8658,5.7889,5.82,10.34
2026-01-21 16:00:00+00:00,5.8202,5.821,5.7332,5.7702,6.81
2026-01-21 20:00:00+00:00,5.7694,5.8112,5.7672,5.7747,0.99
2026-01-22 00:00:00+00:00,5.775,5.8115,5.7501,5.8013,2.88
2026-01-22 04:00:00+00:00,5.8018,5.8144,5.7609,5.7632,0.88
2026-01-22 08:00:00+00:00,5.7687,5.7692,5.694,5.712,0.99
2026-01-22 12:00:00+00:00,5.711,5.7702,5.7021,5.7404,7.13
2026-01-22 16:00:00+00:00,5.7406,5.8163,5.7328,5.7971,2.81
2026-01-22 20:00:00+00:00,5.7964,5.8101,5.7912,5.8068,0.11
2026-01-23 00:00:00+00:00,5.8057,5.8437,5.8002,5.8232,3.88
2026-01-23 04:00:00+00:00,5.8235,5.8617,5.8051,5.8156,1.59
2026-01-23 08:00:00+00:00,5.8168,5.8583,5.7877,5.8444,0.82
2026-01-23 12:00:00+00:00,5.8447,5.9589,5.8447,5.9393,10.11
2026-01-23 16:00:00+00:00,5.9396,5.9652,5.9152,5.9314,4.46
2026-01-23 20:00:00+00:00,5.9311,5.9456,5.9254,5.9357,0.09
2026-01-25 20:00:00+00:00,5.979,5.983,5.9339,5.98,0.38
2026-01-26 00:00:00+00:00,5.9795,5.9902,5.9306,5.9442,5.25
2026-01-26 04:00:00+00:00,5.9442,5.9612,5.8865,5.9394,2.35
2026-01-26 08:00:00+00:00,5.9392,5.9727,5.9234,5.9722,0.58
2026-01-26 12:00:00+00:00,5.9717,6.032,5.9552,5.9982,9.97
2026-01-26 16:00:00+00:00,5.9977,6.0265,5.9114,5.9263,8.64
2026-01-26 20:00:00+00:00,5.9269,5.9477,5.9,5.9112,2.02
2026-01-27 00:00:00+00:00,5.9115,5.9229,5.8708,5.8904,4.35
2026-01-27 04:00:00+00:00,5.8901,5.9432,5.8636,5.9152,2.06
2026-01-27 08:00:00+00:00,5.9146,5.9175,5.8767,5.8954,0.84
2026-01-27 12:00:00+00:00,5.8932,5.9129,5.8081,5.8602,10.1
2026-01-27 16:00:00+00:00,5.8609,5.8982,5.8486,5.8971,3.64
2026-01-27 20:00:00+00:00,5.8969,5.964,5.8969,5.9483,1.85
2026-01-28 00:00:00+00:00,5.9477,5.9986,5.9082,5.9699,4.61
2026-01-28 04:00:00+00:00,5.9695,5.9982,5.9524,5.9641,2.75
2026-01-28 08:00:00+00:00,5.9632,5.9929,5.9076,5.9189,1.2
2026-01-28 12:00:00+00:00,5.9198,5.9577,5.8957,5.9054,9.75
2026-01-28 16:00:00+00:00,5.9056,5.9582,5.9015,5.955,5.04
2026-01-28 20:00:00+00:00,5.9539,6.0277,5.9516,6.0081,2.43
2026-01-29 00:00:00+00:00,6.0084,6.2885,5.9531,6.262,8.99
2026-01-29 04:00:00+00:00,6.2627,6.3822,6.2377,6.3016,9.39
2026-01-29 08:00:00+00:00,6.3011,6.3315,6.268,6.2819,4.63
2026-01-29 12:00:00+00:00,6.2809,6.582,6.0219,6.1094,21.79
2026-01-29 16:00:00+00:00,6.1089,6.2762,6.0854,6.1801,17.33
2026-01-29 20:00:00+00:00,6.1811,6.3843,6.1712,6.348,3.83
2026-01-30 00:00:00+00:00,6.3463,6.3842,5.9,6.0146,11.71
2026-01-30 04:00:00+00:00,6.0137,6.1065,5.9599,5.9986,9.24
2026-01-30 08:00:00+00:00,6.0012,6.099,5.9021,6.0888,11.12
2026-01-30 12:00:00+00:00,6.0883,6.0995,5.9427,6.0102,17.14
2026-01-30 16:00:00+00:00,6.0098,6.012,5.765,5.9418,16.68
2026-01-30 20:00:00+00:00,5.9424,5.9807,5.9053,5.9642,3.95
2026-02-01 20:00:00+00:00,5.9007,5.9007,5.7339,5.7684,2.35
2026-02-02 00:00:00+00:00,5.7707,5.8882,5.6514,5.6702,12.24
2026-02-02 04:00:00+00:00,5.6704,5.7407,5.5618,5.7152,10.46
2026-02-02 08:00:00+00:00,5.7153,5.8392,5.7014,5.7947,7.34
2026-02-02 12:00:00+00:00,5.7962,5.8956,5.7505,5.8011,16.75
2026-02-02 16:00:00+00:00,5.802,5.8631,5.7736,5.8309,8.08
2026-02-02 20:00:00+00:00,5.8306,5.8887,5.8054,5.8868,1.2
2026-02-03 00:00:00+00:00,5.8869,5.9413,5.8339,5.903,9.26
2026-02-03 04:00:00+00:00,5.9021,6.092,5.8786,6.0505,6.46
2026-02-03 08:00:00+00:00,6.0487,6.0944,5.9783,6.0185,2.73
2026-02-03 12:00:00+00:00,6.0195,6.1136,6.0163,6.063,12.32
2026-02-03 16:00:00+00:00,6.0627,6.1052,6.0214,6.0697,10.15
2026-02-03 20:00:00+00:00,6.0692,6.1112,6.0527,6.0771,1.03
2026-02-04 00:00:00+00:00,6.0781,6.1132,6.0016,6.047,5.23
2026-02-04 04:00:00+00:00,6.0473,6.089,6.0187,6.086,1.98
2026-02-04 08:00:00+00:00,6.0859,6.092,6.0142,6.0452,1.54
2026-02-04 12:00:00+00:00,6.0455,6.0464,5.8974,5.9019,11.25
2026-02-04 16:00:00+00:00,5.9016,5.933,5.8307,5.894,9.17
2026-02-04 20:00:00+00:00,5.8941,5.959,5.8734,5.9362,0.31
2026-02-05 00:00:00+00:00,5.9358,5.9487,5.7821,5.8007,9.48
2026-02-05 04:00:00+00:00,5.8013,5.857,5.7729,5.8554,4.65
2026-02-05 08:00:00+00:00,5.8589,5.8772,5.8065,5.8432,1.26
2026-02-05 12:00:00+00:00,5.8429,5.8473,5.7491,5.7691,12.05
2026-02-05 16:00:00+00:00,5.7697,5.8305,5.766,5.7808,5.53
2026-02-05 20:00:00+00:00,5.781,5.794,5.6534,5.674,1.57
2026-02-06 00:00:00+00:00,5.6742,5.8082,5.5927,5.755,9.75
2026-02-06 04:00:00+00:00,5.7563,5.7962,5.7209,5.7441,2.73
2026-02-06 08:00:00+00:00,5.7422,5.8316,5.7297,5.8265,1.03
2026-02-06 12:00:00+00:00,5.8248,5.8755,5.7876,5.8467,9.7
2026-02-06 16:00:00+00:00,5.847,5.8899,5.8369,5.8789,3.32
2026-02-06 20:00:00+00:00,5.8792,5.889,5.8741,5.8855,0.15
2026-02-08 20:00:00+00:00,5.8969,5.9772,5.8963,5.9474,0.19
2026-02-09 00:00:00+00:00,5.9477,5.9547,5.8623,5.8887,4.5
2026-02-09 04:00:00+00:00,5.8889,5.9128,5.872,5.8916,1.37
2026-02-09 08:00:00+00:00,5.8936,5.9086,5.8411,5.8972,0.91
2026-02-09 12:00:00+00:00,5.899,5.9394,5.8645,5.9299,6.63
2026-02-09 16:00:00+00:00,5.9316,5.972,5.9297,5.9682,2.11
2026-02-09 20:00:00+00:00,5.9675,5.975,5.9367,5.9416,0.14
2026-02-10 00:00:00+00:00,5.943,5.9545,5.9037,5.9072,2.03
2026-02-10 04:00:00+00:00,5.908,5.9237,5.8874,5.9052,0.41
2026-02-10 08:00:00+00:00,5.9036,5.935,5.8884,5.9163,0.41
2026-02-10 12:00:00+00:00,5.9165,5.9427,5.8955,5.9066,4.89
2026-02-10 16:00:00+00:00,5.9069,5.9202,5.8867,5.9113,1.52
2026-02-10 20:00:00+00:00,5.9109,5.9177,5.8989,5.9023,0.19
2026-02-11 00:00:00+00:00,5.9027,5.9297,5.8907,5.9252,1.47
2026-02-11 04:00:00+00:00,5.9252,5.9517,5.9198,5.9377,0.69
2026-02-11 08:00:00+00:00,5.9387,6.0852,5.9374,6.0675,2.46
2026-02-11 12:00:00+00:00,6.0682,6.0755,5.8999,5.9346,11.53
2026-02-11 16:00:00+00:00,5.934,5.9807,5.9159,5.964,3.37
2026-02-11 20:00:00+00:00,5.9637,5.994,5.9594,5.984,1.25
2026-02-12 00:00:00+00:00,5.9839,5.9917,5.9551,5.9656,1.88
2026-02-12 04:00:00+00:00,5.9651,5.9842,5.9495,5.9836,0.53
2026-02-12 08:00:00+00:00,5.9842,6.0189,5.9694,5.9867,0.63
2026-02-12 12:00:00+00:00,5.9885,5.9925,5.9274,5.9376,5.52
2026-02-12 16:00:00+00:00,5.9379,5.9392,5.7526,5.7865,11.84
2026-02-12 20:00:00+00:00,5.7861,5.8297,5.7555,5.8297,0.55
2026-02-13 00:00:00+00:00,5.8289,5.9007,5.8266,5.8914,4.36
2026-02-13 04:00:00+00:00,5.8914,5.9075,5.834,5.868,2.67
2026-02-13 08:00:00+00:00,5.868,5.8812,5.7351,5.7621,2.36
2026-02-13 12:00:00+00:00,5.7619,5.8625,5.7501,5.8243,8.98
2026-02-13 16:00:00+00:00,5.8246,5.8802,5.8245,5.8387,3.66
2026-02-13 20:00:00+00:00,5.839,5.8495,5.8336,5.8451,0.26
2026-02-15 20:00:00+00:00,5.8442,5.8442,5.8103,5.8348,0.02
2026-02-16 00:00:00+00:00,5.8352,5.8556,5.7947,5.8041,0.3
2026-02-16 04:00:00+00:00,5.8039,5.8467,5.8013,5.8265,0.17
2026-02-16 08:00:00+00:00,5.8277,5.8582,5.8239,5.8564,0.27
2026-02-16 12:00:00+00:00,5.8554,5.8585,5.8199,5.8335,0.35
2026-02-16 16:00:00+00:00,5.8335,5.8425,5.8156,5.822,0.08
2026-02-16 20:00:00+00:00,5.8227,5.83,5.8154,5.8167,0.01
2026-02-17 00:00:00+00:00,5.8168,5.8196,5.7656,5.7755,1.65
2026-02-17 04:00:00+00:00,5.777,5.777,5.7386,5.7732,1.08
2026-02-17 08:00:00+00:00,5.7739,5.7875,5.7448,5.76,0.85
2026-02-17 12:00:00+00:00,5.7602,5.7627,5.6871,5.709,5.86
2026-02-17 16:00:00+00:00,5.7088,5.748,5.6934,5.7369,3.32
2026-02-17 20:00:00+00:00,5.7372,5.7412,5.7258,5.7283,0.23
2026-02-18 00:00:00+00:00,5.7279,5.7455,5.7261,5.742,0.05
2026-02-18 04:00:00+00:00,5.7413,5.7699,5.7401,5.7463,0.2
2026-02-18 08:00:00+00:00,5.7457,5.7827,5.7449,5.7661,0.31
2026-02-18 12:00:00+00:00,5.7664,5.8512,5.7561,5.8491,2.95
2026-02-18 16:00:00+00:00,5.8497,5.8691,5.8151,5.8189,1.84
2026-02-18 20:00:00+00:00,5.8197,5.8432,5.8168,5.8351,0.53
2026-02-19 00:00:00+00:00,5.8355,5.8517,5.8277,5.8451,0.1
2026-02-19 04:00:00+00:00,5.8455,5.87,5.8296,5.8571,0.15
2026-02-19 08:00:00+00:00,5.8575,5.8583,5.7716,5.7722,0.88
2026-02-19 12:00:00+00:00,5.7702,5.8251,5.7373,5.8177,4.33
2026-02-19 16:00:00+00:00,5.8185,5.8335,5.7896,5.8093,1.68
2026-02-19 20:00:00+00:00,5.8094,5.83,5.8086,5.8208,0.13
2026-02-20 00:00:00+00:00,5.8211,5.8314,5.7894,5.791,0.67
2026-02-20 04:00:00+00:00,5.7914,5.8386,5.7887,5.8123,0.44
2026-02-20 08:00:00+00:00,5.8109,5.8549,5.8102,5.8156,1.61
2026-02-20 12:00:00+00:00,5.8161,5.8858,5.7913,5.8645,6.08
2026-02-20 16:00:00+00:00,5.8655,5.9295,5.8582,5.922,6.24
2026-02-20 20:00:00+00:00,5.9211,5.9362,5.9208,5.9276,0.14
2026-02-22 20:00:00+00:00,5.9247,5.9625,5.9214,5.9599,0.31
2026-02-23 00:00:00+00:00,5.9591,5.9602,5.874,5.8895,1.59
2026-02-23 04:00:00+00:00,5.8886,5.8894,5.8676,5.8861,0.26
2026-02-23 08:00:00+00:00,5.8846,5.9017,5.8666,5.8822,0.49
2026-02-23 12:00:00+00:00,5.8817,5.8834,5.8401,5.8413,3.82
2026-02-23 16:00:00+00:00,5.8406,5.856,5.8097,5.8466,2.73
2026-02-23 20:00:00+00:00,5.8467,5.8662,5.8432,5.8599,0.09
2026-02-24 00:00:00+00:00,5.8597,5.9617,5.8438,5.9371,3.12
2026-02-24 04:00:00+00:00,5.9364,5.961,5.908,5.9085,0.4
2026-02-24 08:00:00+00:00,5.911,5.9367,5.898,5.923,0.39
2026-02-24 12:00:00+00:00,5.9227,5.9832,5.9127,5.9699,4.93
2026-02-24 16:00:00+00:00,5.971,5.9965,5.9513,5.9557,0.98
2026-02-24 20:00:00+00:00,5.9552,5.9755,5.9507,5.96,0.05
2026-02-25 00:00:00+00:00,5.9602,6.0225,5.9527,6.0107,1.84
2026-02-25 04:00:00+00:00,6.0094,6.0331,5.9941,6.0054,1.28
2026-02-25 08:00:00+00:00,6.0046,6.0409,5.9901,6.0211,0.45
2026-02-25 12:00:00+00:00,6.0209,6.0487,5.996,6.0233,4.59
2026-02-25 16:00:00+00:00,6.025,6.052,6.0205,6.0506,0.71
2026-02-25 20:00:00+00:00,6.0502,6.0662,6.0264,6.0382,0.35
2026-02-26 00:00:00+00:00,6.0377,6.0522,5.9826,6.0167,1.9
2026-02-26 04:00:00+00:00,6.0172,6.0492,6.0167,6.0275,0.43
2026-02-26 08:00:00+00:00,6.0267,6.0452,5.9934,6.019,0.38
2026-02-26 12:00:00+00:00,6.0196,6.044,5.9636,6.0349,7.13
2026-02-26 16:00:00+00:00,6.0351,6.0572,5.9952,6.0247,3.69
2026-02-26 20:00:00+00:00,6.0255,6.036,6.0111,6.0153,0.18
2026-02-27 00:00:00+00:00,6.0151,6.0557,5.9956,6.0397,1.58
2026-02-27 04:00:00+00:00,6.04,6.1282,6.0351,6.1117,1.93
2026-02-27 08:00:00+00:00,6.1111,6.1312,6.0971,6.1219,0.54
2026-02-27 12:00:00+00:00,6.1217,6.1395,6.0681,6.0797,9.06
2026-02-27 16:00:00+00:00,6.0799,6.0817,6.0297,6.0325,4.81
2026-02-27 20:00:00+00:00,6.0327,6.0645,6.0326,6.0586,0.22
2026-03-01 20:00:00+00:00,6.012,6.0837,6.0115,6.0525,0.3
2026-03-02 00:00:00+00:00,6.0521,6.0872,5.9931,6.05,3.65
2026-03-02 04:00:00+00:00,6.051,6.0922,6.0237,6.0724,1.08
2026-03-02 08:00:00+00:00,6.0721,6.0765,6.0094,6.0439,0.83
2026-03-02 12:00:00+00:00,6.0445,6.049,5.9415,5.9526,9.2
2026-03-02 16:00:00+00:00,5.9527,5.971,5.9249,5.9692,4.11
2026-03-02 20:00:00+00:00,5.9698,5.982,5.9586,5.9652,0.48
2026-03-03 00:00:00+00:00,5.9653,6.0096,5.9389,5.9992,3.65
2026-03-03 04:00:00+00:00,5.9989,6.0002,5.8952,5.9324,4.29
2026-03-03 08:00:00+00:00,5.9318,5.9342,5.7447,5.791,7.7
2026-03-03 12:00:00+00:00,5.7905,5.857,5.7694,5.8268,11.84
2026-03-03 16:00:00+00:00,5.8272,5.871,5.8193,5.8565,8.2
2026-03-03 20:00:00+00:00,5.8572,5.8706,5.8121,5.8447,0.41
2026-03-04 00:00:00+00:00,5.844,5.9272,5.8244,5.9215,6.49
2026-03-04 04:00:00+00:00,5.9212,5.9332,5.8812,5.9163,3.35
2026-03-04 08:00:00+00:00,5.915,5.9622,5.907,5.9252,3.82
2026-03-04 12:00:00+00:00,5.925,5.9442,5.8714,5.8946,11.6
2026-03-04 16:00:00+00:00,5.8945,5.9268,5.8804,5.9047,4.34
2026-03-04 20:00:00+00:00,5.905,5.9077,5.8877,5.9061,0.18
2026-03-05 00:00:00+00:00,5.9056,5.951,5.8845,5.8886,5.26
2026-03-05 04:00:00+00:00,5.8881,5.9055,5.8214,5.8662,4.79
2026-03-05 08:00:00+00:00,5.8677,5.8839,5.8136,5.8265,4.6
2026-03-05 12:00:00+00:00,5.8275,5.8537,5.7732,5.8529,11.95
2026-03-05 16:00:00+00:00,5.8532,5.856,5.7826,5.7935,10.2
2026-03-05 20:00:00+00:00,5.7936,5.8417,5.7896,5.8341,1.03
2026-03-06 00:00:00+00:00,5.8355,5.8757,5.8071,5.8686,3.85
2026-03-06 04:00:00+00:00,5.8681,5.8702,5.8301,5.8469,2.01
2026-03-06 08:00:00+00:00,5.8465,5.879,5.7812,5.7904,3.17
2026-03-06 12:00:00+00:00,5.7916,5.8396,5.7785,5.8019,12.92
2026-03-06 16:00:00+00:00,5.8032,5.8317,5.7997,5.8251,7.82
2026-03-06 20:00:00+00:00,5.8257,5.8428,5.8188,5.8357,0.93
2026-03-08 20:00:00+00:00,5.8107,5.8182,5.6374,5.6622,2.33
2026-03-09 00:00:00+00:00,5.6637,5.7797,5.6521,5.7565,9.16
2026-03-09 04:00:00+00:00,5.7561,5.7832,5.7285,5.738,5.3
2026-03-09 08:00:00+00:00,5.7385,5.8025,5.7294,5.7398,4.41
2026-03-09 12:00:00+00:00,5.7403,5.8386,5.7371,5.8259,11.16
2026-03-09 16:00:00+00:00,5.8264,5.8928,5.8172,5.8885,5.32
2026-03-09 20:00:00+00:00,5.8881,5.9042,5.8816,5.8842,0.13
2026-03-10 00:00:00+00:00,5.8836,5.9325,5.8612,5.8965,6.56
2026-03-10 04:00:00+00:00,5.8963,5.9375,5.89,5.9367,1.86
2026-03-10 08:00:00+00:00,5.9365,5.9547,5.8929,5.8972,2.1
2026-03-10 12:00:00+00:00,5.896,5.9565,5.8691,5.9494,9.17
2026-03-10 16:00:00+00:00,5.9502,5.9607,5.9123,5.9174,8.36
2026-03-10 20:00:00+00:00,5.9179,5.9222,5.913,5.9209,0.04
2026-03-11 00:00:00+00:00,5.9216,5.9415,5.9181,5.9328,3.1
2026-03-11 04:00:00+00:00,5.9326,5.9407,5.8655,5.8742,2.83
2026-03-11 08:00:00+00:00,5.8737,5.875,5.8349,5.8439,2.59
2026-03-11 12:00:00+00:00,5.8442,5.9092,5.8331,5.8715,10.24
2026-03-11 16:00:00+00:00,5.8717,5.9267,5.8571,5.9227,5.26
2026-03-11 20:00:00+00:00,5.9219,5.9221,5.874,5.8772,0.1
2026-03-12 00:00:00+00:00,5.8766,5.8937,5.8294,5.8375,3.36
2026-03-12 04:00:00+00:00,5.8368,5.887,5.8191,5.887,0.98
2026-03-12 08:00:00+00:00,5.8875,5.9019,5.8783,5.8972,0.93
2026-03-12 12:00:00+00:00,5.8981,5.9002,5.8266,5.8629,11.26
2026-03-12 16:00:00+00:00,5.864,5.8777,5.8264,5.8301,7.89
2026-03-12 20:00:00+00:00,5.83,5.8316,5.8064,5.8261,0.16
2026-03-13 00:00:00+00:00,5.8249,5.8547,5.817,5.8259,2.62
2026-03-13 04:00:00+00:00,5.8254,5.8312,5.7814,5.7827,2.47
2026-03-13 08:00:00+00:00,5.7806,5.8181,5.7652,5.7973,2.51
2026-03-13 12:00:00+00:00,5.7992,5.8387,5.7739,5.7752,11.92
2026-03-13 16:00:00+00:00,5.776,5.7815,5.6939,5.7003,6.6
2026-03-13 20:00:00+00:00,5.7001,5.7007,5.6575,5.6737,0.13
2026-03-15 20:00:00+00:00,5.6752,5.6989,5.6542,5.6912,0.23
2026-03-16 00:00:00+00:00,5.6912,5.7547,5.6912,5.7368,6.29
2026-03-16 04:00:00+00:00,5.7365,5.773,5.7256,5.7301,2.07
2026-03-16 08:00:00+00:00,5.7289,5.7737,5.7137,5.7737,2.97
2026-03-16 12:00:00+00:00,5.7732,5.8572,5.773,5.832,8.85
2026-03-16 16:00:00+00:00,5.8322,5.8482,5.815,5.8403,4.2
2026-03-16 20:00:00+00:00,5.8407,5.842,5.8295,5.8361,0.02
2026-03-17 00:00:00+00:00,5.837,5.8522,5.816,5.8202,1.96
2026-03-17 04:00:00+00:00,5.8202,5.8367,5.7671,5.7739,1.81
2026-03-17 08:00:00+00:00,5.7736,5.7807,5.7471,5.7609,1.16
2026-03-17 12:00:00+00:00,5.7617,5.7987,5.7403,5.7589,7.82
2026-03-17 16:00:00+00:00,5.76,5.7761,5.7514,5.7669,2.96
2026-03-17 20:00:00+00:00,5.7672,5.7725,5.7594,5.7625,0.03
2026-03-18 00:00:00+00:00,5.761,5.7765,5.713,5.7195,2.5
2026-03-18 04:00:00+00:00,5.7199,5.7447,5.6963,5.7159,2.46
2026-03-18 08:00:00+00:00,5.7152,5.7432,5.6954,5.7085,1.61
2026-03-18 12:00:00+00:00,5.7087,5.711,5.5582,5.5992,14.95
2026-03-18 16:00:00+00:00,5.5987,5.6142,5.5,5.5064,5.9
2026-03-18 20:00:00+00:00,5.5058,5.5105,5.4591,5.506,0.48
2026-03-19 00:00:00+00:00,5.5053,5.5521,5.5001,5.5169,4.08
2026-03-19 04:00:00+00:00,5.5162,5.5202,5.427,5.4374,6.41
2026-03-19 08:00:00+00:00,5.4356,5.4742,5.4166,5.4344,8.51
2026-03-19 12:00:00+00:00,5.431,5.5082,5.2954,5.4844,21.39
2026-03-19 16:00:00+00:00,5.4837,5.538,5.4548,5.5154,10.96
2026-03-19 20:00:00+00:00,5.5164,5.533,5.5096,5.5154,0.06
2026-03-20 00:00:00+00:00,5.5146,5.5617,5.4994,5.5449,4.74
2026-03-20 04:00:00+00:00,5.5448,5.551,5.4736,5.5151,3.97
2026-03-20 08:00:00+00:00,5.5144,5.5233,5.4389,5.461,3.95
2026-03-20 12:00:00+00:00,5.4614,5.4775,5.3499,5.3597,15.37
2026-03-20 16:00:00+00:00,5.3595,5.4007,5.2871,5.2987,8.29
2026-03-20 20:00:00+00:00,5.297,5.3083,5.2691,5.3009,0.24
2026-03-22 20:00:00+00:00,5.2903,5.315,5.2531,5.3082,0.39
2026-03-23 00:00:00+00:00,5.3085,5.3494,5.2439,5.303,10.76
2026-03-23 04:00:00+00:00,5.3028,5.3205,5.2515,5.2584,8.73
2026-03-23 08:00:00+00:00,5.2592,5.5756,5.2592,5.4146,8.79
2026-03-23 12:00:00+00:00,5.4142,5.5425,5.3875,5.4574,16.65
2026-03-23 16:00:00+00:00,5.4571,5.5122,5.4493,5.5051,8.52
2026-03-23 20:00:00+00:00,5.4818,5.499,5.4706,5.492,0.12
2026-03-24 00:00:00+00:00,5.4906,5.4924,5.3974,5.4023,8.73
2026-03-24 04:00:00+00:00,5.3994,5.4493,5.3537,5.4146,7.67
2026-03-24 08:00:00+00:00,5.4122,5.422,5.38,5.4157,5.91
2026-03-24 12:00:00+00:00,5.4171,5.476,5.3844,5.4496,13.51
2026-03-24 16:00:00+00:00,5.4498,5.4717,5.4193,5.4529,9.43
2026-03-24 20:00:00+00:00,5.4532,5.5626,5.4516,5.5521,2.05
2026-03-25 00:00:00+00:00,5.5531,5.5772,5.5127,5.5309,7.06
2026-03-25 04:00:00+00:00,5.5299,5.5426,5.4979,5.5044,3.3
2026-03-25 08:00:00+00:00,5.5029,5.5517,5.5029,5.5449,2.83
2026-03-25 12:00:00+00:00,5.5496,5.5915,5.5047,5.5403,13.16
2026-03-25 16:00:00+00:00,5.54,5.5697,5.5092,5.5306,6.06
2026-03-25 20:00:00+00:00,5.5306,5.5323,5.5029,5.517,0.1
2026-03-26 00:00:00+00:00,5.5161,5.537,5.4764,5.4829,3.91
2026-03-26 04:00:00+00:00,5.4827,5.5043,5.4586,5.49,3.27
2026-03-26 08:00:00+00:00,5.4892,5.537,5.4869,5.5085,3.46
2026-03-26 12:00:00+00:00,5.5107,5.539,5.4874,5.5032,11.6
2026-03-26 16:00:00+00:00,5.5024,5.5054,5.4434,5.4524,5.69
2026-03-26 20:00:00+00:00,5.452,5.4897,5.4456,5.4877,0.97
2026-03-27 00:00:00+00:00,5.4869,5.5377,5.4607,5.5356,3.05
2026-03-27 04:00:00+00:00,5.5356,5.5667,5.5039,5.5065,2.6
2026-03-27 08:00:00+00:00,5.5062,5.5138,5.4562,5.4665,2.17
2026-03-27 12:00:00+00:00,5.466,5.5297,5.4573,5.5041,11.41
2026-03-27 16:00:00+00:00,5.5047,5.5082,5.458,5.4671,5.18
2026-03-27 20:00:00+00:00,5.4666,5.4701,5.4541,5.4591,0.09
2026-03-29 20:00:00+00:00,5.4415,5.4498,5.403,5.4232,0.52
2026-03-30 00:00:00+00:00,5.4317,5.506,5.4105,5.5006,7.1
2026-03-30 04:00:00+00:00,5.5011,5.5232,5.4906,5.5216,2.21
2026-03-30 08:00:00+00:00,5.5221,5.5282,5.5021,5.5251,1.82
2026-03-30 12:00:00+00:00,5.5254,5.539,5.4811,5.5129,8.7
2026-03-30 16:00:00+00:00,5.5137,5.5139,5.4742,5.4928,3.36
2026-03-30 20:00:00+00:00,5.4923,5.4924,5.4747,5.4804,0.03
2026-03-31 00:00:00+00:00,5.4813,5.5465,5.4621,5.4979,6.51
2026-03-31 04:00:00+00:00,5.4981,5.547,5.4831,5.5304,2.8
2026-03-31 08:00:00+00:00,5.5302,5.5372,5.4954,5.537,3.41
2026-03-31 12:00:00+00:00,5.5402,5.5897,5.5232,5.5682,12.24
2026-03-31 16:00:00+00:00,5.5682,5.636,5.5668,5.6317,8.66
2026-03-31 20:00:00+00:00,5.6321,5.654,5.6306,5.6424,0.2
2026-04-01 00:00:00+00:00,5.6326,5.653,5.6226,5.6281,4.27
2026-04-01 04:00:00+00:00,5.6288,5.6607,5.6154,5.6357,3.12
2026-04-01 08:00:00+00:00,5.636,5.6582,5.5937,5.6157,2.86
2026-04-01 12:00:00+00:00,5.6146,5.6375,5.5832,5.6292,9.85
2026-04-01 16:00:00+00:00,5.6294,5.6517,5.5962,5.6235,4.35
2026-04-01 20:00:00+00:00,5.6229,5.6288,5.615,5.6228,0.04
2026-04-02 00:00:00+00:00,5.6208,5.636,5.5488,5.5522,6.1
2026-04-02 04:00:00+00:00,5.5529,5.573,5.5294,5.5721,3.41
2026-04-02 08:00:00+00:00,5.569,5.5728,5.5111,5.5183,1.25
2026-04-02 12:00:00+00:00,5.5203,5.6157,5.5134,5.5873,10.61
2026-04-02 16:00:00+00:00,5.5871,5.7259,5.5745,5.6266,4.28
2026-04-02 20:00:00+00:00,5.6265,5.6971,5.6244,5.6807,0.22
2026-04-05 20:00:00+00:00,5.666,5.6665,5.6121,5.6375,0.28
2026-04-06 00:00:00+00:00,5.6377,5.652,5.6017,5.6042,0.28
2026-04-06 04:00:00+00:00,5.6052,5.6277,5.5844,5.6107,0.32
2026-04-06 08:00:00+00:00,5.6111,5.6952,5.6084,5.6699,0.56
2026-04-06 12:00:00+00:00,5.6702,5.6803,5.5723,5.5882,6.07
2026-04-06 16:00:00+00:00,5.5883,5.6137,5.5875,5.6114,2.04
2026-04-06 20:00:00+00:00,5.6122,5.6215,5.6032,5.6066,0.05
2026-04-07 00:00:00+00:00,5.6063,5.639,5.594,5.6181,3.92
2026-04-07 04:00:00+00:00,5.6186,5.6327,5.6009,5.6249,1.91
2026-04-07 08:00:00+00:00,5.6252,5.6352,5.573,5.5812,3.76
2026-04-07 12:00:00+00:00,5.5811,5.5975,5.5406,5.5687,10.55
2026-04-07 16:00:00+00:00,5.5688,5.5865,5.5367,5.5772,6.61
2026-04-07 20:00:00+00:00,5.5774,5.7467,5.5733,5.6767,2.97
2026-04-08 00:00:00+00:00,5.6779,5.7277,5.6701,5.7013,4.22
2026-04-08 04:00:00+00:00,5.7021,5.767,5.7021,5.7279,2.68
2026-04-08 08:00:00+00:00,5.7262,5.7732,5.7215,5.7497,2.44
2026-04-08 12:00:00+00:00,5.7507,5.776,5.7301,5.7522,11.52
2026-04-08 16:00:00+00:00,5.7516,5.7845,5.7387,5.7605,5.88
2026-04-08 20:00:00+00:00,5.7604,5.7622,5.7411,5.7447,0.03
2026-04-09 00:00:00+00:00,5.745,5.7462,5.703,5.7173,2.02
2026-04-09 04:00:00+00:00,5.7178,5.7362,5.7061,5.7122,1.13
2026-04-09 08:00:00+00:00,5.7162,5.7267,5.6894,5.7115,0.69
2026-04-09 12:00:00+00:00,5.7113,5.7705,5.7108,5.7583,7.97
2026-04-09 16:00:00+00:00,5.7579,5.7762,5.754,5.7544,3.93
2026-04-09 20:00:00+00:00,5.7546,5.7584,5.7426,5.7481,0.05
2026-04-10 00:00:00+00:00,5.7475,5.7874,5.7359,5.7738,1.36
2026-04-10 04:00:00+00:00,5.775,5.81,5.7687,5.7952,1.8
2026-04-10 08:00:00+00:00,5.7949,5.8645,5.7696,5.8638,1.45
2026-04-10 12:00:00+00:00,5.8641,5.9345,5.8627,5.8703,10.42
2026-04-10 16:00:00+00:00,5.8702,5.8932,5.8641,5.866,3.22
2026-04-10 20:00:00+00:00,5.8659,5.869,5.8598,5.8668,0.03
2026-04-12 20:00:00+00:00,5.7902,5.7952,5.7624,5.7939,0.47
2026-04-13 00:00:00+00:00,5.7924,5.8175,5.7856,5.8087,3.02
2026-04-13 04:00:00+00:00,5.8093,5.8821,5.8051,5.8654,1.84
2026-04-13 08:00:00+00:00,5.8652,5.875,5.8436,5.8709,1.1
2026-04-13 12:00:00+00:00,5.8686,5.9752,5.8526,5.9587,10.53
2026-04-13 16:00:00+00:00,5.9592,6.0228,5.9515,6.0067,4.77
2026-04-13 20:00:00+00:00,6.0072,6.0082,5.9919,6.0069,0.04
2026-04-14 00:00:00+00:00,6.0072,6.0489,6.002,6.0076,3.45
2026-04-14 04:00:00+00:00,6.0087,6.0351,5.9946,6.0222,2.03
2026-04-14 08:00:00+00:00,6.0241,6.0597,6.022,6.0402,0.91
2026-04-14 12:00:00+00:00,6.0402,6.0932,6.0122,6.0898,8.59
2026-04-14 16:00:00+00:00,6.09,6.0935,6.0744,6.087,1.47
2026-04-14 20:00:00+00:00,6.0877,6.0902,6.077,6.0819,0.09
2026-04-15 00:00:00+00:00,6.0813,6.1457,6.0782,6.1033,3.97
2026-04-15 04:00:00+00:00,6.1032,6.1075,6.0756,6.0998,2.24
2026-04-15 08:00:00+00:00,6.1012,6.1037,6.0638,6.0769,1.54
2026-04-15 12:00:00+00:00,6.0777,6.0965,6.0614,6.0765,7.29
2026-04-15 16:00:00+00:00,6.0772,6.097,6.0766,6.089,2.31
2026-04-15 20:00:00+00:00,6.0881,6.0954,6.0732,6.0934,0.03
2026-04-16 00:00:00+00:00,6.0942,6.1192,6.0928,6.1101,1.37
2026-04-16 04:00:00+00:00,6.1098,6.1292,6.0968,6.1009,1.34
2026-04-16 08:00:00+00:00,6.1005,6.109,6.0683,6.0757,0.53
2026-04-16 12:00:00+00:00,6.0756,6.103,6.0446,6.0892,6.61
2026-04-16 16:00:00+00:00,6.0895,6.0905,6.0301,6.0327,2.54
2026-04-16 20:00:00+00:00,6.0329,6.1082,6.0259,6.1064,0.17
2026-04-17 00:00:00+00:00,6.1071,6.114,6.0737,6.0988,2.43
2026-04-17 04:00:00+00:00,6.0987,6.1187,6.0906,6.1126,1.54
2026-04-17 08:00:00+00:00,6.1164,6.143,6.0871,6.1045,1.0
2026-04-17 12:00:00+00:00,6.1043,6.1832,6.0939,6.1672,10.65
2026-04-17 16:00:00+00:00,6.1669,6.1794,6.1376,6.144,3.24
2026-04-17 20:00:00+00:00,6.144,6.1497,6.1362,6.1365,0.04
2026-04-19 20:00:00+00:00,6.0765,6.0957,6.0361,6.095,0.64
2026-04-20 00:00:00+00:00,6.0944,6.1547,6.0825,6.1312,4.53
2026-04-20 04:00:00+00:00,6.1312,6.1312,6.0851,6.0912,3.87
2026-04-20 08:00:00+00:00,6.0892,6.0944,6.0687,6.0936,2.49
2026-04-20 12:00:00+00:00,6.0932,6.1327,6.0806,6.1065,6.68
2026-04-20 16:00:00+00:00,6.106,6.1162,6.0893,6.1049,1.76
2026-04-20 20:00:00+00:00,6.1051,6.1074,6.1019,6.1027,0.35
2026-04-21 00:00:00+00:00,6.103,6.1072,6.0648,6.0698,3.55
2026-04-21 04:00:00+00:00,6.0695,6.1022,6.0658,6.0906,2.83
2026-04-21 08:00:00+00:00,6.0904,6.1145,6.0805,6.1137,1.56
2026-04-21 12:00:00+00:00,6.1134,6.1315,6.0769,6.0813,11.4
2026-04-21 16:00:00+00:00,6.0822,6.0871,6.0265,6.0312,7.39
2026-04-21 20:00:00+00:00,6.0322,6.0877,6.0295,6.0732,0.87
2026-04-22 00:00:00+00:00,6.0731,6.1079,6.073,6.1011,2.42
2026-04-22 04:00:00+00:00,6.1011,6.1277,6.0961,6.1162,2.26
2026-04-22 08:00:00+00:00,6.1194,6.1382,6.107,6.1131,1.34
2026-04-22 12:00:00+00:00,6.1129,6.1865,6.1057,6.1825,8.44
2026-04-22 16:00:00+00:00,6.183,6.2052,6.1784,6.1967,2.5
2026-04-22 20:00:00+00:00,6.1965,6.197,6.1876,6.1917,0.08
2026-04-23 00:00:00+00:00,6.1917,6.2067,6.0715,6.09,7.23
2026-04-23 04:00:00+00:00,6.0894,6.1195,6.084,6.0957,4.18
2026-04-23 08:00:00+00:00,6.0984,6.109,6.0766,6.1065,3.11
2026-04-23 12:00:00+00:00,6.1056,6.1676,6.1046,6.1379,9.86
2026-04-23 16:00:00+00:00,6.1376,6.1435,6.0712,6.102,8.27
2026-04-23 20:00:00+00:00,6.1019,6.1019,6.0703,6.0969,0.3
2026-04-24 00:00:00+00:00,6.0994,6.1057,6.0505,6.0542,4.4
2026-04-24 04:00:00+00:00,6.054,6.0788,6.0491,6.0749,2.9
2026-04-24 08:00:00+00:00,6.0757,6.0917,6.0424,6.0847,2.09
2026-04-24 12:00:00+00:00,6.0856,6.106,6.0581,6.0972,6.77
2026-04-24 16:00:00+00:00,6.0961,6.0992,6.0754,6.0881,2.48
2026-04-24 20:00:00+00:00,6.0886,6.0927,6.0831,6.0865,0.04
2026-04-26 20:00:00+00:00,6.0882,6.0882,6.0589,6.0765,0.03
2026-04-27 00:00:00+00:00,6.0766,6.134,6.0705,6.1242,2.34
2026-04-27 04:00:00+00:00,6.124,6.1283,6.0884,6.1024,1.32
2026-04-27 08:00:00+00:00,6.1021,6.1137,6.0771,6.0857,0.89
2026-04-27 12:00:00+00:00,6.0879,6.094,6.0484,6.0606,8.71
2026-04-27 16:00:00+00:00,6.0604,6.0968,6.0552,6.084,1.91
2026-04-27 20:00:00+00:00,6.0837,6.0882,6.0779,6.088,0.0
2026-04-28 00:00:00+00:00,6.0886,6.097,6.051,6.0746,3.25
2026-04-28 04:00:00+00:00,6.0752,6.0752,6.0448,6.05,2.71
2026-04-28 08:00:00+00:00,6.0471,6.05,5.9297,5.9424,3.47
2026-04-28 12:00:00+00:00,5.9449,5.992,5.9371,5.9788,12.33
2026-04-28 16:00:00+00:00,5.9777,5.9822,5.9619,5.9726,2.69
2026-04-28 20:00:00+00:00,5.9729,5.9787,5.9702,5.9779,0.0
2026-04-29 00:00:00+00:00,5.9774,6.019,5.9626,6.0077,3.11
2026-04-29 04:00:00+00:00,6.0076,6.0212,5.9885,5.9956,1.5
2026-04-29 08:00:00+00:00,5.9962,6.0144,5.9716,5.9938,1.82
2026-04-29 12:00:00+00:00,5.9933,6.0012,5.9331,5.9377,8.2
2026-04-29 16:00:00+00:00,5.9378,5.9513,5.9023,5.9305,5.02
2026-04-29 20:00:00+00:00,5.93,5.9435,5.9151,5.9417,0.74
2026-04-30 00:00:00+00:00,5.9422,5.9746,5.9389,5.9489,3.11
2026-04-30 04:00:00+00:00,5.9491,5.9823,5.9236,5.9817,3.06
2026-04-30 08:00:00+00:00,5.9811,6.0142,5.9744,5.9888,2.97
2026-04-30 12:00:00+00:00,5.9887,5.991,5.9412,5.9662,8.72
2026-04-30 16:00:00+00:00,5.9657,6.0229,5.9632,6.0116,2.05
2026-04-30 20:00:00+00:00,6.0102,6.035,6.0086,6.0209,0.16
2026-05-01 00:00:00+00:00,6.013,6.0385,6.0107,6.0111,0.34
2026-05-01 04:00:00+00:00,6.0114,6.014,5.9851,5.9872,0.58
2026-05-01 08:00:00+00:00,5.9946,6.0092,5.9659,5.9682,0.92
2026-05-01 12:00:00+00:00,5.968,6.0207,5.9571,5.9747,6.04
2026-05-01 16:00:00+00:00,5.9752,5.993,5.9601,5.9673,2.13
2026-05-01 20:00:00+00:00,5.9676,5.9691,5.9551,5.9624,0.07
2026-05-03 20:00:00+00:00,5.9833,5.9957,5.9769,5.981,0.08
2026-05-04 00:00:00+00:00,5.9795,5.9983,5.9314,5.9972,0.55
2026-05-04 04:00:00+00:00,5.9977,5.9977,5.9463,5.9499,0.53
2026-05-04 08:00:00+00:00,5.9494,5.9504,5.8379,5.8944,2.87
2026-05-04 12:00:00+00:00,5.8959,5.9518,5.8236,5.8402,7.97
2026-05-04 16:00:00+00:00,5.838,5.8745,5.8186,5.8604,3.53
2026-05-04 20:00:00+00:00,5.8597,5.8717,5.8534,5.8692,0.12
2026-05-05 00:00:00+00:00,5.8732,5.8933,5.8592,5.8859,0.94
2026-05-05 04:00:00+00:00,5.8864,5.9472,5.8824,5.9353,0.86
2026-05-05 08:00:00+00:00,5.9337,5.9892,5.9337,5.9857,0.79
2026-05-05 12:00:00+00:00,5.9861,6.0182,5.9736,6.0089,5.47
2026-05-05 16:00:00+00:00,6.0086,6.0093,5.9744,5.9774,1.6
2026-05-05 20:00:00+00:00,5.9779,6.0075,5.9764,5.9996,0.4
2026-05-06 00:00:00+00:00,6.0014,6.0859,5.995,6.0812,3.66
2026-05-06 04:00:00+00:00,6.0812,6.1227,6.0744,6.1162,2.74
2026-05-06 08:00:00+00:00,6.1156,6.2144,6.096,6.181,5.43
2026-05-06 12:00:00+00:00,6.182,6.2041,6.1603,6.1879,11.65
2026-05-06 16:00:00+00:00,6.1879,6.1949,6.1703,6.1762,2.06
2026-05-06 20:00:00+00:00,6.1765,6.1917,6.1697,6.1763,0.27
2026-05-07 00:00:00+00:00,6.1772,6.1995,6.1657,6.1874,2.23
2026-05-07 04:00:00+00:00,6.1872,6.2401,6.1759,6.2379,2.15
2026-05-07 08:00:00+00:00,6.24,6.2414,6.196,6.2189,1.18
2026-05-07 12:00:00+00:00,6.2186,6.2416,6.1872,6.1924,7.37
2026-05-07 16:00:00+00:00,6.1918,6.1925,6.1409,6.1493,4.5
2026-05-07 20:00:00+00:00,6.1491,6.1645,6.0938,6.1406,0.6
2026-05-08 00:00:00+00:00,6.1447,6.1814,6.132,6.1757,2.11
2026-05-08 04:00:00+00:00,6.1761,6.32,6.1705,6.2693,5.89
2026-05-08 08:00:00+00:00,6.2699,6.3042,6.2659,6.2842,1.68
2026-05-08 12:00:00+00:00,6.2848,6.309,6.2547,6.3015,9.82
2026-05-08 16:00:00+00:00,6.3017,6.3077,6.2814,6.2947,2.06
2026-05-08 20:00:00+00:00,6.2952,6.296,6.2736,6.2819,0.05
2026-05-10 20:00:00+00:00,6.259,6.2912,6.2482,6.2858,0.08
2026-05-11 00:00:00+00:00,6.2826,6.3525,6.2751,6.3402,5.2
2026-05-11 04:00:00+00:00,6.3399,6.3435,6.3049,6.3267,2.27
2026-05-11 08:00:00+00:00,6.3277,6.4089,6.3159,6.4031,1.67
2026-05-11 12:00:00+00:00,6.4031,6.5068,6.3718,6.4887,14.24
2026-05-11 16:00:00+00:00,6.4884,6.4955,6.4462,6.4787,3.0
2026-05-11 20:00:00+00:00,6.4789,6.4981,6.4731,6.4906,0.21
2026-05-12 00:00:00+00:00,6.4896,6.5077,6.4407,6.4924,5.08
2026-05-12 04:00:00+00:00,6.4925,6.5142,6.4381,6.4595,4.46
2026-05-12 08:00:00+00:00,6.4599,6.5032,6.4599,6.4843,2.35
2026-05-12 12:00:00+00:00,6.4846,6.5637,6.4635,6.5321,15.34
2026-05-12 16:00:00+00:00,6.5334,6.6548,6.5184,6.6517,5.76
2026-05-12 20:00:00+00:00,6.6528,6.657,6.6239,6.6246,0.14
2026-05-13 00:00:00+00:00,6.6244,6.688,6.5994,6.6422,6.29
2026-05-13 04:00:00+00:00,6.6418,6.6657,6.6219,6.6327,3.41
2026-05-13 08:00:00+00:00,6.6274,6.664,6.6104,6.6508,1.63
2026-05-13 12:00:00+00:00,6.6496,6.7112,6.6056,6.6778,13.17
2026-05-13 16:00:00+00:00,6.6759,6.6915,6.5826,6.6248,3.55
2026-05-13 20:00:00+00:00,6.6243,6.6299,6.6096,6.6247,0.03
2026-05-14 00:00:00+00:00,6.6267,6.651,6.5457,6.5627,5.84
2026-05-14 04:00:00+00:00,6.5635,6.6047,6.5512,6.5797,3.37
2026-05-14 08:00:00+00:00,6.5767,6.6472,6.5767,6.6307,2.07
2026-05-14 12:00:00+00:00,6.6303,6.6359,6.5639,6.5939,11.04
2026-05-14 16:00:00+00:00,6.5949,6.6142,6.5726,6.5806,3.15
2026-05-14 20:00:00+00:00,6.5808,6.5847,6.5661,6.5774,0.09
2026-05-15 00:00:00+00:00,6.5774,6.5853,6.3712,6.4274,7.5
2026-05-15 04:00:00+00:00,6.4274,6.432,6.3394,6.3606,6.63
2026-05-15 08:00:00+00:00,6.3626,6.3727,6.3014,6.322,5.72
2026-05-15 12:00:00+00:00,6.3206,6.3235,6.2694,6.2882,14.34
2026-05-15 16:00:00+00:00,6.2882,6.3055,6.2811,6.2833,4.2
2026-05-15 20:00:00+00:00,6.2827,6.2875,6.2664,6.2874,0.33
2026-05-17 20:00:00+00:00,6.2915,6.3175,6.2725,6.2845,0.56
2026-05-18 00:00:00+00:00,6.2864,6.2925,6.2036,6.2346,8.26
2026-05-18 04:00:00+00:00,6.2351,6.2735,6.2209,6.2513,4.07
2026-05-18 08:00:00+00:00,6.2517,6.2877,6.2222,6.262,3.16
2026-05-18 12:00:00+00:00,6.2627,6.3266,6.2531,6.3062,14.04
2026-05-18 16:00:00+00:00,6.306,6.3306,6.2746,6.3217,5.81
2026-05-18 20:00:00+00:00,6.3232,6.3446,6.3226,6.3323,0.17
2026-05-19 00:00:00+00:00,6.3339,6.3377,6.2437,6.2502,4.85
2026-05-19 04:00:00+00:00,6.2497,6.2852,6.2361,6.28,3.19
2026-05-19 08:00:00+00:00,6.2879,6.2889,6.2204,6.2277,2.31
2026-05-19 12:00:00+00:00,6.2273,6.2412,6.1595,6.1864,11.91
2026-05-19 16:00:00+00:00,6.1867,6.2119,6.1798,6.1936,2.45
2026-05-19 20:00:00+00:00,6.1937,6.2145,6.1849,6.2021,0.06
2026-05-20 00:00:00+00:00,6.2019,6.2046,6.146,6.1672,6.39
2026-05-20 04:00:00+00:00,6.1676,6.236,6.1616,6.2164,3.27
2026-05-20 08:00:00+00:00,6.2143,6.2549,6.2143,6.2432,1.04
2026-05-20 12:00:00+00:00,6.2438,6.3402,6.2303,6.3217,12.57
2026-05-20 16:00:00+00:00,6.3206,6.3495,6.3061,6.3386,3.89
2026-05-20 20:00:00+00:00,6.3386,6.3424,6.3183,6.3297,0.38
2026-05-21 00:00:00+00:00,6.3302,6.371,6.2959,6.3093,3.61
2026-05-21 04:00:00+00:00,6.3087,6.3222,6.2399,6.2492,3.88
2026-05-21 08:00:00+00:00,6.2491,6.2846,6.2386,6.2605,3.53
2026-05-21 12:00:00+00:00,6.26,6.2967,6.2407,6.2932,11.91
2026-05-21 16:00:00+00:00,6.2932,6.3718,6.2892,6.3485,7.22
2026-05-21 20:00:00+00:00,6.3495,6.3511,6.3341,6.3494,0.06
2026-05-22 00:00:00+00:00,6.3486,6.3755,6.3324,6.3624,3.53
2026-05-22 04:00:00+00:00,6.3624,6.3977,6.3482,6.353,3.36
2026-05-22 08:00:00+00:00,6.3644,6.3934,6.3241,6.3412,1.44
2026-05-22 12:00:00+00:00,6.3417,6.3792,6.3256,6.3772,9.03
2026-05-22 16:00:00+00:00,6.3775,6.4067,6.3689,6.3944,3.39
2026-05-22 20:00:00+00:00,6.3922,6.3922,6.3751,6.3784,0.02
2026-05-24 20:00:00+00:00,6.4273,6.47,6.4273,6.4421,0.3
2026-05-25 00:00:00+00:00,6.443,6.4525,6.4124,6.4233,2.6
2026-05-25 04:00:00+00:00,6.423,6.4365,6.3816,6.4265,0.74
2026-05-25 08:00:00+00:00,6.4266,6.468,6.4134,6.4478,0.13
2026-05-25 12:00:00+00:00,6.448,6.486,6.4248,6.4569,3.55
2026-05-25 16:00:00+00:00,6.458,6.4762,6.4547,6.4682,0.31
2026-05-25 20:00:00+00:00,6.4652,6.4677,6.4481,6.4501,0.02
2026-05-26 00:00:00+00:00,6.4499,6.4537,6.3806,6.4075,3.77
2026-05-26 04:00:00+00:00,6.4071,6.4149,6.3733,6.3861,2.11
2026-05-26 08:00:00+00:00,6.3869,6.3952,6.3612,6.374,0.82
2026-05-26 12:00:00+00:00,6.3735,6.4122,6.3684,6.3894,6.71
2026-05-26 16:00:00+00:00,6.3903,6.4245,6.3841,6.4204,1.47
2026-05-26 20:00:00+00:00,6.4204,6.4352,6.4141,6.4312,0.02
2026-05-27 00:00:00+00:00,6.4297,6.4744,6.4119,6.4362,2.93
2026-05-27 04:00:00+00:00,6.4355,6.4485,6.3765,6.3896,2.26
2026-05-27 08:00:00+00:00,6.3886,6.4085,6.3315,6.3415,1.08
2026-05-27 12:00:00+00:00,6.3411,6.4122,6.3247,6.3263,9.19
2026-05-27 16:00:00+00:00,6.3266,6.3482,6.3121,6.3306,1.58
2026-05-27 20:00:00+00:00,6.3304,6.3402,6.3237,6.3268,0.1
2026-05-28 00:00:00+00:00,6.3267,6.3501,6.2522,6.258,4.36
2026-05-28 04:00:00+00:00,6.2575,6.3263,6.2392,6.3236,3.35
2026-05-28 08:00:00+00:00,6.3245,6.3442,6.3153,6.3289,0.61
2026-05-28 12:00:00+00:00,6.3294,6.4066,6.3204,6.4016,8.26
2026-05-28 16:00:00+00:00,6.4021,6.4295,6.4004,6.4176,2.24
2026-05-28 20:00:00+00:00,6.4172,6.425,6.4115,6.4159,0.01
2026-05-29 00:00:00+00:00,6.4164,6.4385,6.4063,6.4125,2.23
2026-05-29 04:00:00+00:00,6.413,6.424,6.3931,6.4196,0.88
2026-05-29 08:00:00+00:00,6.4117,6.4125,6.3833,6.4008,0.93
2026-05-29 12:00:00+00:00,6.4017,6.4357,6.3694,6.3997,7.28
2026-05-29 16:00:00+00:00,6.4005,6.4074,6.3721,6.3917,1.44
2026-05-29 20:00:00+00:00,6.3899,6.3964,6.3854,6.393,0.05
2026-05-31 20:00:00+00:00,6.3852,6.4161,6.3801,6.4072,0.16
2026-06-01 00:00:00+00:00,6.4074,6.4645,6.4059,6.4352,1.84
2026-06-01 04:00:00+00:00,6.4362,6.4867,6.4293,6.4851,1.39
2026-06-01 08:00:00+00:00,6.486,6.5782,6.4781,6.575,1.97
2026-06-01 12:00:00+00:00,6.5752,6.5784,6.4634,6.5397,8.36
2026-06-01 16:00:00+00:00,6.5407,6.5839,6.5282,6.5657,2.54
2026-06-01 20:00:00+00:00,6.5657,6.57,6.5547,6.567,0.05
2026-06-02 00:00:00+00:00,6.5649,6.598,6.5249,6.5639,3.34
2026-06-02 04:00:00+00:00,6.5655,6.6415,6.5594,6.6383,1.66
2026-06-02 08:00:00+00:00,6.6369,6.6462,6.6041,6.6398,0.56
2026-06-02 12:00:00+00:00,6.6397,6.694,6.6331,6.694,6.2
2026-06-02 16:00:00+00:00,6.6954,6.6957,6.6509,6.6712,1.1
2026-06-02 20:00:00+00:00,6.6692,6.681,6.6422,6.6627,0.03
2026-06-03 00:00:00+00:00,6.663,6.6809,6.6368,6.6626,1.87
2026-06-03 04:00:00+00:00,6.6632,6.6708,6.5651,6.5762,2.21
2026-06-03 08:00:00+00:00,6.5752,6.6243,6.5676,6.6056,0.79
2026-06-03 12:00:00+00:00,6.606,6.6204,6.4977,6.5132,8.13
2026-06-03 16:00:00+00:00,6.5119,6.5162,6.4858,6.4882,1.42
2026-06-03 20:00:00+00:00,6.4882,6.4947,6.4706,6.4924,0.19
2026-06-04 00:00:00+00:00,6.4912,6.4971,6.4274,6.4648,3.0
2026-06-04 04:00:00+00:00,6.4647,6.4752,6.4187,6.46,1.37
2026-06-04 08:00:00+00:00,6.4597,6.5395,6.4597,6.5318,1.48
2026-06-04 12:00:00+00:00,6.532,6.561,6.5081,6.5316,7.14
2026-06-04 16:00:00+00:00,6.5317,6.551,6.5218,6.536,1.01
2026-06-04 20:00:00+00:00,6.5357,6.5357,6.5065,6.5099,0.03
2026-06-05 00:00:00+00:00,6.5071,6.5097,6.4109,6.4266,3.34
2026-06-05 04:00:00+00:00,6.4267,6.4384,6.3955,6.4142,1.93
2026-06-05 08:00:00+00:00,6.4132,6.4452,6.3972,6.4439,0.55
2026-06-05 12:00:00+00:00,6.444,6.4645,6.2807,6.2821,9.72
2026-06-05 16:00:00+00:00,6.2815,6.2947,6.2512,6.2608,3.7
2026-06-05 20:00:00+00:00,6.261,6.2748,6.2449,6.2742,0.08
2026-06-07 20:00:00+00:00,6.304,6.304,6.2335,6.2641,0.28
2026-06-08 00:00:00+00:00,6.2646,6.3047,6.2436,6.2893,5.26
2026-06-08 04:00:00+00:00,6.2894,6.3004,6.2478,6.29,3.97
2026-06-08 08:00:00+00:00,6.2896,6.3815,6.2896,6.3697,2.58
2026-06-08 12:00:00+00:00,6.3695,6.3952,6.3521,6.3683,8.47
2026-06-08 16:00:00+00:00,6.363,6.3677,6.3234,6.3347,2.0
2026-06-08 20:00:00+00:00,6.3337,6.3372,6.3192,6.3224,0.06
2026-06-09 00:00:00+00:00,6.3267,6.3431,6.2985,6.3247,3.41
2026-06-09 04:00:00+00:00,6.3241,6.3855,6.3132,6.3818,2.08
2026-06-09 08:00:00+00:00,6.3772,6.4338,6.3671,6.4279,1.25
2026-06-09 12:00:00+00:00,6.4289,6.4597,6.3447,6.3467,45.1
2026-06-09 16:00:00+00:00,6.3461,6.3597,6.3065,6.3404,32.38
2026-06-09 20:00:00+00:00,6.3402,6.3545,6.3231,6.3337,2.36
2026-06-10 00:00:00+00:00,6.3336,6.3545,6.2994,6.3107,19.49
2026-06-10 04:00:00+00:00,6.3099,6.3245,6.2654,6.3027,16.78
2026-06-10 08:00:00+00:00,6.3027,6.3027,6.225,6.2424,17.09
2026-06-10 12:00:00+00:00,6.2442,6.3382,6.2244,6.2872,14.61
2026-06-10 16:00:00+00:00,6.2865,6.294,6.2036,6.2051,9.82
2026-06-10 20:00:00+00:00,6.2047,6.2067,6.1699,6.1838,0.84
2026-06-11 00:00:00+00:00,6.1945,6.2587,6.1837,6.2115,7.04
2026-06-11 04:00:00+00:00,6.2114,6.2423,6.2074,6.2377,2.83
2026-06-11 08:00:00+00:00,6.2423,6.2592,6.1948,6.2527,1.24
2026-06-11 12:00:00+00:00,6.2542,6.2839,6.2084,6.2794,12.38
2026-06-11 16:00:00+00:00,6.2792,6.4052,6.2607,6.3927,10.3
2026-06-11 20:00:00+00:00,6.3931,6.3992,6.3807,6.3925,0.4
2026-06-12 00:00:00+00:00,6.3936,6.4272,6.37,6.4226,5.54
2026-06-12 04:00:00+00:00,6.4222,6.4222,6.3556,6.3768,3.69
2026-06-12 08:00:00+00:00,6.377,6.4413,6.3725,6.3912,3.49
2026-06-12 12:00:00+00:00,6.391,6.4442,6.3595,6.4086,9.5
2026-06-12 16:00:00+00:00,6.4078,6.4907,6.4074,6.4893,4.26
2026-06-12 20:00:00+00:00,6.4895,6.4952,6.4698,6.4722,0.04
2026-06-14 20:00:00+00:00,6.5163,6.5447,6.4974,6.522,0.53
2026-06-15 00:00:00+00:00,6.5185,6.5601,6.4933,6.5399,4.52
2026-06-15 04:00:00+00:00,6.542,6.5587,6.5031,6.5169,2.42
2026-06-15 08:00:00+00:00,6.5151,6.5222,6.4751,6.5101,1.07
2026-06-15 12:00:00+00:00,6.5104,6.5186,6.4697,6.4847,5.95
2026-06-15 16:00:00+00:00,6.4834,6.5035,6.4809,6.5016,1.42
2026-06-15 20:00:00+00:00,6.5024,6.5036,6.4762,6.4794,0.03
2026-06-16 00:00:00+00:00,6.4802,6.4872,6.4234,6.4642,2.56
2026-06-16 04:00:00+00:00,6.4657,6.4798,6.4307,6.445,1.8
2026-06-16 08:00:00+00:00,6.4471,6.5034,6.4378,6.5022,0.91
2026-06-16 12:00:00+00:00,6.5024,6.5362,6.4845,6.5033,7.93
2026-06-16 16:00:00+00:00,6.5024,6.5188,6.4845,6.4952,1.72
2026-06-16 20:00:00+00:00,6.4934,6.4952,6.4739,6.4837,0.03
2026-06-17 00:00:00+00:00,6.4845,6.5422,6.4799,6.5151,2.14
2026-06-17 04:00:00+00:00,6.5152,6.5502,6.5101,6.5452,2.15
2026-06-17 08:00:00+00:00,6.5444,6.5454,6.4996,6.5163,1.14
2026-06-17 12:00:00+00:00,6.5172,6.5249,6.4591,6.4919,6.6
2026-06-17 16:00:00+00:00,6.4922,6.508,6.3244,6.3464,4.08
2026-06-17 20:00:00+00:00,6.347,6.4575,6.3466,6.457,0.55
2026-06-18 00:00:00+00:00,6.4501,6.4825,6.4262,6.4567,6.14
2026-06-18 04:00:00+00:00,6.4579,6.4997,6.4354,6.486,3.96
2026-06-18 08:00:00+00:00,6.4872,6.4945,6.4144,6.4171,2.37
2026-06-18 12:00:00+00:00,6.4187,6.5102,6.4134,6.459,7.68
2026-06-18 16:00:00+00:00,6.4581,6.4615,6.4266,6.4395,2.17
2026-06-18 20:00:00+00:00,6.4406,6.4502,6.4259,6.4312,0.07
2026-06-19 00:00:00+00:00,6.4316,6.4375,6.3642,6.3688,0.77
2026-06-19 04:00:00+00:00,6.3696,6.406,6.3319,6.402,1.85
2026-06-19 08:00:00+00:00,6.4015,6.4315,6.4009,6.4117,0.81
2026-06-19 12:00:00+00:00,6.4125,6.4451,6.3886,6.3972,1.81
2026-06-19 16:00:00+00:00,6.3974,6.4072,6.3922,6.4011,0.07
2026-06-21 20:00:00+00:00,6.3796,6.412,6.3565,6.389,0.12
2026-06-22 00:00:00+00:00,6.3893,6.4662,6.3441,6.375,4.34
2026-06-22 04:00:00+00:00,6.3754,6.4362,6.3714,6.4069,1.87
2026-06-22 08:00:00+00:00,6.4087,6.461,6.4019,6.4397,1.43
2026-06-22 12:00:00+00:00,6.4402,6.4636,6.4119,6.4186,8.96
2026-06-22 16:00:00+00:00,6.4176,6.4315,6.4027,6.4264,2.88
2026-06-22 20:00:00+00:00,6.4294,6.432,6.4111,6.4142,0.03
2026-06-23 00:00:00+00:00,6.4136,6.4217,6.3412,6.3452,5.42
2026-06-23 04:00:00+00:00,6.3452,6.351,6.2377,6.2431,5.78
2026-06-23 08:00:00+00:00,6.2448,6.2634,6.216,6.2326,3.28
2026-06-23 12:00:00+00:00,6.2312,6.2517,6.2073,6.2176,18.36
2026-06-23 16:00:00+00:00,6.2184,6.2272,6.1743,6.1875,3.26
2026-06-23 20:00:00+00:00,6.1889,6.1977,6.1765,6.1972,0.34
2026-06-24 00:00:00+00:00,6.197,6.211,6.1555,6.1742,5.52
2026-06-24 04:00:00+00:00,6.1743,6.2266,6.1599,6.1909,3.44
2026-06-24 08:00:00+00:00,6.1917,6.208,6.1044,6.1227,3.59
2026-06-24 12:00:00+00:00,6.1234,6.1305,6.023,6.0389,12.5
2026-06-24 16:00:00+00:00,6.0397,6.0417,5.985,6.0195,8.52
2026-06-24 20:00:00+00:00,6.0199,6.0542,6.0159,6.0372,0.65
2026-06-25 00:00:00+00:00,6.0372,6.0659,6.0114,6.064,5.55
2026-06-25 04:00:00+00:00,6.0647,6.0757,6.0259,6.0588,2.9
2026-06-25 08:00:00+00:00,6.0609,6.1088,6.0609,6.0858,1.59
2026-06-25 12:00:00+00:00,6.0865,6.1462,6.0707,6.1432,12.6
2026-06-25 16:00:00+00:00,6.1439,6.1522,6.1199,6.1319,3.56
2026-06-25 20:00:00+00:00,6.1322,6.1417,6.0935,6.1156,0.09
2026-06-26 00:00:00+00:00,6.116,6.118,6.0281,6.0407,7.75
2026-06-26 04:00:00+00:00,6.0411,6.0968,6.0214,6.0922,5.58
2026-06-26 08:00:00+00:00,6.0925,6.1892,6.0866,6.1757,3.03
2026-06-26 12:00:00+00:00,6.1764,6.2413,6.152,6.2048,10.98
2026-06-26 16:00:00+00:00,6.2062,6.2142,6.1753,6.1857,2.86
2026-06-26 20:00:00+00:00,6.1851,6.2025,6.1784,6.1965,0.34
2026-06-28 20:00:00+00:00,6.1838,6.2007,6.1813,6.1864,0.19
2026-06-29 00:00:00+00:00,6.1848,6.2082,6.1484,6.1982,7.17
2026-06-29 04:00:00+00:00,6.1985,6.2383,6.1719,6.1947,4.07
2026-06-29 08:00:00+00:00,6.1953,6.2032,6.1651,6.1972,1.45
2026-06-29 12:00:00+00:00,6.1983,6.204,6.1326,6.1642,6.85
2026-06-29 16:00:00+00:00,6.1635,6.1782,6.1586,6.1734,0.43
2026-06-29 20:00:00+00:00,6.1729,6.1827,6.1694,6.1741,0.06
2026-06-30 00:00:00+00:00,6.1737,6.1914,6.1072,6.1746,6.29
2026-06-30 04:00:00+00:00,6.1746,6.2867,6.1704,6.2634,5.18
2026-06-30 08:00:00+00:00,6.2642,6.2723,6.2164,6.2558,2.03
2026-06-30 12:00:00+00:00,6.2574,6.32,6.2258,6.2543,9.17
2026-06-30 16:00:00+00:00,6.2537,6.2724,6.2427,6.2513,1.72
2026-06-30 20:00:00+00:00,6.2516,6.2557,6.2431,6.2464,0.15
2026-07-01 00:00:00+00:00,6.2474,6.2495,6.1299,6.1497,3.8
2026-07-01 04:00:00+00:00,6.15,6.1647,6.1185,6.1479,2.64
2026-07-01 08:00:00+00:00,6.1476,6.1652,6.0843,6.1513,2.46
2026-07-01 12:00:00+00:00,6.151,6.2342,6.1331,6.1807,10.06
2026-07-01 16:00:00+00:00,6.1809,6.1997,6.1577,6.1606,2.25
2026-07-01 20:00:00+00:00,6.1605,6.1605,6.1459,6.1533,0.12
2026-07-02 00:00:00+00:00,6.1522,6.1842,6.1414,6.1797,5.56
2026-07-02 04:00:00+00:00,6.1796,6.1812,6.1137,6.127,3.88
2026-07-02 08:00:00+00:00,6.1275,6.1677,6.1244,6.143,1.25
2026-07-02 12:00:00+00:00,6.1429,6.2256,6.1332,6.1812,11.42
2026-07-02 16:00:00+00:00,6.182,6.184,6.1439,6.1738,2.68
2026-07-02 20:00:00+00:00,6.1735,6.1804,6.1667,6.1769,0.08
2026-07-03 00:00:00+00:00,6.1763,6.265,6.1684,6.2484,5.16
2026-07-03 04:00:00+00:00,6.248,6.2592,6.231,6.2401,1.84
2026-07-03 08:00:00+00:00,6.2417,6.2462,6.2148,6.2219,0.24
2026-07-03 12:00:00+00:00,6.2216,6.2257,6.2015,6.2079,1.62
2026-07-03 16:00:00+00:00,6.2079,6.226,6.2073,6.2255,0.03
2026-07-05 20:00:00+00:00,6.2165,6.2437,6.2155,6.2315,0.13
2026-07-06 00:00:00+00:00,6.235,6.2602,6.2059,6.2115,5.99
2026-07-06 04:00:00+00:00,6.2112,6.2525,6.1978,6.2496,2.32
2026-07-06 08:00:00+00:00,6.2497,6.255,6.2051,6.2234,0.81
2026-07-06 12:00:00+00:00,6.2236,6.2385,6.1682,6.2237,4.74
2026-07-06 16:00:00+00:00,6.2233,6.2596,6.2151,6.2562,0.96
2026-07-06 20:00:00+00:00,6.2564,6.2567,6.2382,6.2392,0.03
2026-07-07 00:00:00+00:00,6.2381,6.2673,6.1999,6.2065,4.11
2026-07-07 04:00:00+00:00,6.2064,6.2237,6.1826,6.2063,2.47
2026-07-07 08:00:00+00:00,6.2067,6.2495,6.2067,6.232,0.89
2026-07-07 12:00:00+00:00,6.2349,6.2812,6.2033,6.2074,6.44
2026-07-07 16:00:00+00:00,6.2075,6.2315,6.1646,6.1878,3.28
2026-07-07 20:00:00+00:00,6.1877,6.1877,6.1593,6.1614,0.1
2026-07-08 00:00:00+00:00,6.1646,6.2175,6.1573,6.2063,4.19
2026-07-08 04:00:00+00:00,6.2064,6.2187,6.1495,6.1646,3.02
2026-07-08 08:00:00+00:00,6.1654,6.1757,6.0617,6.0781,6.02
2026-07-08 12:00:00+00:00,6.0789,6.1112,6.0612,6.0761,11.61
2026-07-08 16:00:00+00:00,6.0756,6.1347,6.0708,6.1272,3.87
2026-07-08 20:00:00+00:00,6.1274,6.1296,6.1102,6.1231,0.07
2026-07-09 00:00:00+00:00,6.123,6.1372,6.0991,6.1162,4.23
2026-07-09 04:00:00+00:00,6.1164,6.212,6.1058,6.2063,3.65
2026-07-09 08:00:00+00:00,6.2067,6.2452,6.2029,6.2364,1.29
2026-07-09 12:00:00+00:00,6.2369,6.2762,6.2267,6.2714,7.71
2026-07-09 16:00:00+00:00,6.2717,6.294,6.2446,6.2485,1.75
2026-07-09 20:00:00+00:00,6.2487,6.2512,6.24,6.2498,0.04
2026-07-10 00:00:00+00:00,6.2499,6.3172,6.2385,6.3143,3.28
2026-07-10 04:00:00+00:00,6.3146,6.3225,6.2701,6.2828,2.13
2026-07-10 08:00:00+00:00,6.2831,6.2837,6.249,6.2575,1.13
2026-07-10 12:00:00+00:00,6.2571,6.2889,6.2341,6.2831,6.59
2026-07-10 16:00:00+00:00,6.2836,6.2922,6.2734,6.2806,0.94
2026-07-10 20:00:00+00:00,6.2807,6.286,6.2792,6.2829,0.02
2026-07-12 20:00:00+00:00,6.2671,6.2731,6.2419,6.2602,0.14
2026-07-13 00:00:00+00:00,6.2607,6.2685,6.2046,6.2072,5.48
2026-07-13 04:00:00+00:00,6.2061,6.2415,6.1947,6.2393,3.36
2026-07-13 08:00:00+00:00,6.2397,6.3205,6.2391,6.3119,2.25
2026-07-13 12:00:00+00:00,6.3124,6.3544,6.2873,6.3027,8.87
2026-07-13 16:00:00+00:00,6.3021,6.3069,6.2669,6.2754,2.26
2026-07-13 20:00:00+00:00,6.2745,6.2762,6.2641,6.2754,0.09
2026-07-14 00:00:00+00:00,6.2756,6.3292,6.2613,6.3279,7.5
2026-07-14 04:00:00+00:00,6.3284,6.3917,6.3284,6.3709,4.81
2026-07-14 08:00:00+00:00,6.3717,6.3963,6.3649,6.3765,2.5
2026-07-14 12:00:00+00:00,6.3767,6.4424,6.3484,6.3806,14.03
2026-07-14 16:00:00+00:00,6.3806,6.3855,6.3558,6.367,2.26
2026-07-14 20:00:00+00:00,6.3665,6.3712,6.3588,6.3657,0.06
2026-07-15 00:00:00+00:00,6.3666,6.3965,6.363,6.3793,3.69
2026-07-15 04:00:00+00:00,6.3794,6.3819,6.3302,6.3597,3.16
2026-07-15 08:00:00+00:00,6.3659,6.3895,6.3534,6.3788,1.27
2026-07-15 12:00:00+00:00,6.3781,6.416,6.3608,6.3659,7.01
2026-07-15 16:00:00+00:00,6.3657,6.3967,6.3307,6.3874,2.7
2026-07-15 20:00:00+00:00,6.3875,6.3882,6.3761,6.3772,0.09
2026-07-16 00:00:00+00:00,6.3766,6.4102,6.3401,6.4102,4.16
2026-07-16 04:00:00+00:00,6.4101,6.4172,6.3713,6.3799,3.19
2026-07-16 08:00:00+00:00,6.3791,6.4047,6.3661,6.3841,1.86
2026-07-16 12:00:00+00:00,6.3852,6.3967,6.3412,6.364,8.12
2026-07-16 16:00:00+00:00,6.3647,6.365,6.2756,6.2941,3.54
2026-07-16 20:00:00+00:00,6.2929,6.2932,6.2799,6.2896,0.08
2026-07-17 00:00:00+00:00,6.2891,6.2957,6.2253,6.2288,5.0
2026-07-17 04:00:00+00:00,6.2293,6.2518,6.2041,6.2357,4.3
2026-07-17 08:00:00+00:00,6.2353,6.2485,6.1991,6.2176,2.55
2026-07-17 12:00:00+00:00,6.2181,6.2798,6.1919,6.2736,11.05
2026-07-17 16:00:00+00:00,6.2732,6.2792,6.2497,6.2622,2.74
2026-07-17 20:00:00+00:00,6.2626,6.2695,6.2581,6.2692,0.02
2026-07-19 20:00:00+00:00,6.213,6.2726,6.213,6.2707,0.21
2026-07-20 00:00:00+00:00,6.2717,6.3018,6.2546,6.2958,6.29
2026-07-20 04:00:00+00:00,6.2965,6.3275,6.2539,6.3226,4.4
2026-07-20 08:00:00+00:00,6.3221,6.3372,6.3042,6.3357,1.76
2026-07-20 12:00:00+00:00,6.3356,6.3538,6.3069,6.3419,9.91
2026-07-20 16:00:00+00:00,6.3415,6.3607,6.3312,6.3457,3.64
2026-07-20 20:00:00+00:00,6.3453,6.3461,6.3276,6.338,0.08
2026-07-21 00:00:00+00:00,6.3383,6.4175,6.3305,6.4172,3.53
2026-07-21 04:00:00+00:00,6.4167,6.4952,6.4046,6.4948,2.6
2026-07-21 08:00:00+00:00,6.5012,6.5306,6.4779,6.5242,1.94
2026-07-21 12:00:00+00:00,6.524,6.5486,6.4906,6.5466,8.85
2026-07-21 16:00:00+00:00,6.5472,6.5647,6.5204,6.5272,1.86
2026-07-21 20:00:00+00:00,6.5275,6.5359,6.5191,6.5292,0.03
2026-07-22 00:00:00+00:00,6.5297,6.5615,6.5165,6.5221,3.4
2026-07-22 04:00:00+00:00,6.5228,6.5302,6.4903,6.5012,3.04
2026-07-22 08:00:00+00:00,6.5018,6.5307,6.4978,6.5126,1.25
2026-07-22 12:00:00+00:00,6.5137,6.5248,6.4936,6.5012,5.91
2026-07-22 16:00:00+00:00,6.5004,6.505,6.4659,6.4827,1.24
2026-07-22 20:00:00+00:00,6.4832,6.4917,6.4692,6.4827,0.3
2026-07-23 00:00:00+00:00,6.4829,6.5312,6.4753,6.5292,4.61
2026-07-23 04:00:00+00:00,6.5283,6.5329,6.4412,6.4572,3.82
2026-07-23 08:00:00+00:00,6.4575,6.4772,6.4377,6.466,2.29
2026-07-23 12:00:00+00:00,6.4661,6.4678,6.3288,6.3466,9.4
2026-07-23 16:00:00+00:00,6.3369,6.3434,6.3098,6.3186,1.99
2026-07-23 20:00:00+00:00,6.319,6.337,6.3186,6.3265,0.13
2026-07-24 00:00:00+00:00,6.3271,6.3405,6.3074,6.3187,4.76
2026-07-24 04:00:00+00:00,6.3182,6.3748,6.311,6.3484,3.65
2026-07-24 08:00:00+00:00,6.3448,6.3659,6.3321,6.3576,1.06
2026-07-24 12:00:00+00:00,6.359,6.374,6.3291,6.3662,8.51
2026-07-24 16:00:00+00:00,6.3657,6.3692,6.3301,6.3343,1.88
2026-07-24 20:00:00+00:00,6.3352,6.3377,6.3299,6.3375,0.01
2026-07-26 20:00:00+00:00,6.3604,6.3907,6.3531,6.3653,0.19
2026-07-27 00:00:00+00:00,6.3648,6.386,6.3417,6.3441,5.37
2026-07-27 04:00:00+00:00,6.3452,6.3792,6.3371,6.3522,1.9
2026-07-27 08:00:00+00:00,6.3576,6.4063,6.3531,6.3962,2.02
2026-07-27 12:00:00+00:00,6.396,6.4088,6.3588,6.3796,9.62
2026-07-27 16:00:00+00:00,6.3804,6.4107,6.3701,6.4036,3.88
2026-07-27 20:00:00+00:00,6.4033,6.4042,6.3826,6.3852,0.07
2026-07-28 00:00:00+00:00,6.3854,6.3895,6.3292,6.3644,3.95
2026-07-28 04:00:00+00:00,6.3645,6.3652,6.3186,6.3277,1.8
2026-07-28 08:00:00+00:00,6.3277,6.3469,6.2955,6.3093,2.4
2026-07-28 12:00:00+00:00,6.3092,6.3687,6.296,6.3685,10.51
2026-07-28 16:00:00+00:00,6.3688,6.3725,6.3289,6.3367,1.39
2026-07-28 20:00:00+00:00,6.337,6.3442,6.3284,6.3411,0.18
2026-07-29 00:00:00+00:00,6.341,6.3534,6.2896,6.2912,4.94
2026-07-29 04:00:00+00:00,6.2914,6.3472,6.28,6.3357,3.05
2026-07-29 08:00:00+00:00,6.3362,6.3374,6.3053,6.3186,1.24
2026-07-29 12:00:00+00:00,6.3197,6.3297,6.283,6.2965,8.33
2026-07-29 16:00:00+00:00,6.2956,6.4325,6.2867,6.3397,8.93
2026-07-29 20:00:00+00:00,6.3407,6.388,6.3316,6.3741,1.12
2026-07-30 00:00:00+00:00,6.3744,6.4247,6.3549,6.3673,7.36
2026-07-30 04:00:00+00:00,6.3676,6.3977,6.3373,6.3584,6.09
2026-07-30 08:00:00+00:00,6.3581,6.4576,6.3533,6.4531,3.85
2026-07-30 12:00:00+00:00,6.4537,6.4912,6.429,6.4635,11.33
2026-07-30 16:00:00+00:00,6.4628,6.5033,6.4616,6.4954,2.93
2026-07-30 20:00:00+00:00,6.4962,6.5055,6.4865,6.4982,0.27
2026-07-31 00:00:00+00:00,6.4987,6.515,6.4781,6.4954,3.84
2026-07-31 04:00:00+00:00,6.4935,6.5259,6.4863,6.5184,2.68
2026-07-31 08:00:00+00:00,6.5197,6.5254,6.473,6.4796,2.41
2026-07-31 12:00:00+00:00,6.4799,6.5062,6.4281,6.4852,12.25
2026-07-31 16:00:00+00:00,6.4853,6.5435,6.4581,6.5354,3.21
2026-07-31 20:00:00+00:00,6.5354,6.537,6.5027,6.5059,0.36
2026-08-02 20:00:00+00:00,6.5521,6.5612,6.5366,6.5388,0.12
2026-08-03 00:00:00+00:00,6.539,6.5455,6.5146,6.5319,4.38
2026-08-03 04:00:00+00:00,6.5322,6.5755,6.5291,6.5637,3.0
2026-08-03 08:00:00+00:00,6.5632,6.5647,6.5049,6.5071,1.51
2026-08-03 12:00:00+00:00,6.508,6.5256,6.4486,6.5189,8.89
2026-08-03 16:00:00+00:00,6.5192,6.5499,6.5062,6.545,2.65
2026-08-03 20:00:00+00:00,6.5447,6.5532,6.5347,6.5519,0.06
2026-08-04 00:00:00+00:00,6.5525,6.6072,6.5376,6.6007,4.4
2026-08-04 04:00:00+00:00,6.6008,6.6281,6.581,6.622,2.26
2026-08-04 08:00:00+00:00,6.6222,6.6762,6.6101,6.6582,2.79
2026-08-04 12:00:00+00:00,6.6577,6.685,6.6264,6.6572,9.44
2026-08-04 16:00:00+00:00,6.657,6.6592,6.623,6.6262,1.83
2026-08-04 20:00:00+00:00,6.6259,6.6365,6.6184,6.6223,0.15
2026-08-05 00:00:00+00:00,6.6239,6.6572,6.6096,6.6408,3.48
2026-08-05 04:00:00+00:00,6.6403,6.6717,6.6349,6.6551,3.1
2026-08-05 08:00:00+00:00,6.6522,6.6652,6.6291,6.6647,1.34
2026-08-05 12:00:00+00:00,6.6646,6.7115,6.6619,6.6917,11.16
2026-08-05 16:00:00+00:00,6.6922,6.7635,6.6872,6.738,3.85
2026-08-05 20:00:00+00:00,6.7377,6.7561,6.7346,6.7522,0.15
2026-08-06 00:00:00+00:00,6.7529,6.754,6.7035,6.7117,4.49
2026-08-06 04:00:00+00:00,6.713,6.7352,6.6899,6.7104,2.37
2026-08-06 08:00:00+00:00,6.7097,6.8602,6.706,6.7889,2.8
2026-08-06 12:00:00+00:00,6.7885,6.794,6.6746,6.6751,8.98
2026-08-06 16:00:00+00:00,6.6754,6.7365,6.6701,6.73,2.46
2026-08-06 20:00:00+00:00,6.7297,6.7315,6.7132,6.7236,0.03
2026-08-07 00:00:00+00:00,6.7224,6.7633,6.7031,6.7457,4.41
2026-08-07 04:00:00+00:00,6.7461,6.7535,6.7184,6.725,2.84
2026-08-07 08:00:00+00:00,6.7247,6.7353,6.6149,6.637,1.75
2026-08-07 12:00:00+00:00,6.6359,6.6838,6.5909,6.6044,11.7
2026-08-07 16:00:00+00:00,6.6044,6.6192,6.5816,6.5878,2.72
2026-08-07 20:00:00+00:00,6.588,6.5892,6.5709,6.5818,0.06
2026-08-09 20:00:00+00:00,6.5874,6.6124,6.5866,6.592,0.08
2026-08-10 00:00:00+00:00,6.5939,6.616,6.5833,6.594,2.64
2026-08-10 04:00:00+00:00,6.5937,6.6473,6.5914,6.6452,1.93
2026-08-10 08:00:00+00:00,6.6474,6.6523,6.6087,6.6207,0.73
2026-08-10 12:00:00+00:00,6.6202,6.6455,6.5811,6.6432,4.66
2026-08-10 16:00:00+00:00,6.6438,6.6457,6.6078,6.6317,1.17
2026-08-10 20:00:00+00:00,6.6317,6.6347,6.6254,6.6278,0.01
2026-08-11 00:00:00+00:00,6.6285,6.6686,6.6182,6.6502,3.57
2026-08-11 04:00:00+00:00,6.6504,6.6564,6.6067,6.6422,2.18
2026-08-11 08:00:00+00:00,6.6424,6.6987,6.6379,6.6632,1.19
2026-08-11 12:00:00+00:00,6.6642,6.6697,6.6231,6.6374,6.35
2026-08-11 16:00:00+00:00,6.6379,6.6415,6.6176,6.6322,1.04
2026-08-11 20:00:00+00:00,6.632,6.6377,6.6216,6.6365,0.04
2026-08-12 00:00:00+00:00,6.6367,6.659,6.6199,6.6557,1.84
2026-08-12 04:00:00+00:00,6.6554,6.681,6.6299,6.6735,1.94
2026-08-12 08:00:00+00:00,6.6713,6.7042,6.664,6.6818,1.07
2026-08-12 12:00:00+00:00,6.682,6.71,6.6156,6.6272,9.96
2026-08-12 16:00:00+00:00,6.6267,6.6357,6.6004,6.6038,1.42
2026-08-12 20:00:00+00:00,6.6034,6.6119,6.5991,6.6024,0.05
2026-08-13 00:00:00+00:00,6.603,6.6225,6.5466,6.5532,2.66
2026-08-13 04:00:00+00:00,6.5522,6.5687,6.5031,6.5082,1.74
2026-08-13 08:00:00+00:00,6.5074,6.5957,6.494,6.5927,0.89
2026-08-13 12:00:00+00:00,6.5917,6.6372,6.5859,6.6006,8.27
2026-08-13 16:00:00+00:00,6.6015,6.617,6.5764,6.5801,1.25
2026-08-13 20:00:00+00:00,6.581,6.591,6.5786,6.5834,0.09
2026-08-14 00:00:00+00:00,6.5847,6.5945,6.5541,6.5653,1.87
2026-08-14 04:00:00+00:00,6.5656,6.5963,6.5517,6.5874,1.53
2026-08-14 08:00:00+00:00,6.5869,6.6055,6.5656,6.5857,0.35
2026-08-14 12:00:00+00:00,6.5857,6.6222,6.5737,6.6047,6.91
2026-08-14 16:00:00+00:00,6.606,6.618,6.5946,6.5998,1.16
2026-08-14 20:00:00+00:00,6.6005,6.6105,6.599,6.6047,0.03
2026-08-16 20:00:00+00:00,6.6106,6.6457,6.6106,6.6278,0.13
2026-08-17 00:00:00+00:00,6.6277,6.7371,6.6248,6.7259,3.17
2026-08-17 04:00:00+00:00,6.7262,6.7397,6.6808,6.6839,1.45
2026-08-17 08:00:00+00:00,6.6787,6.707,6.6648,6.6766,0.74
2026-08-17 12:00:00+00:00,6.6774,6.6797,6.5771,6.6139,7.34
2026-08-17 16:00:00+00:00,6.6136,6.6196,6.5954,6.6114,0.9
2026-08-17 20:00:00+00:00,6.611,6.6132,6.6027,6.6126,0.09
2026-08-18 00:00:00+00:00,6.6133,6.6157,6.553,6.5603,3.25
2026-08-18 04:00:00+00:00,6.5601,6.5857,6.5452,6.5467,1.87
2026-08-18 08:00:00+00:00,6.5396,6.5621,6.5137,6.5567,1.38
2026-08-18 12:00:00+00:00,6.5569,6.5657,6.3733,6.4986,7.81
2026-08-18 16:00:00+00:00,6.4996,6.5083,6.4591,6.4662,1.41
2026-08-18 20:00:00+00:00,6.4659,6.5552,6.4544,6.5456,0.17
2026-08-19 00:00:00+00:00,6.5476,6.5687,6.5366,6.5595,5.2
2026-08-19 04:00:00+00:00,6.5597,6.574,6.5242,6.532,4.48
2026-08-19 08:00:00+00:00,6.528,6.5431,6.5031,6.529,3.01
2026-08-19 12:00:00+00:00,6.5286,6.598,6.5136,6.5977,9.96
2026-08-19 16:00:00+00:00,6.5974,6.6082,6.5677,6.5937,3.48
2026-08-19 20:00:00+00:00,6.5939,6.6114,6.5899,6.5926,0.29
2026-08-20 00:00:00+00:00,6.5908,6.6117,6.5641,6.588,4.94
2026-08-20 04:00:00+00:00,6.5882,6.5892,6.5428,6.563,3.0
2026-08-20 08:00:00+00:00,6.558,6.5759,6.5171,6.5192,3.28
2026-08-20 12:00:00+00:00,6.5189,6.588,6.5019,6.5641,6.95
2026-08-20 16:00:00+00:00,6.5647,6.5861,6.5588,6.5834,3.21
2026-08-20 20:00:00+00:00,6.5831,6.5926,6.5769,6.5875,0.12
2026-08-21 00:00:00+00:00,6.5868,6.6452,6.5839,6.6371,5.59
2026-08-21 04:00:00+00:00,6.6364,6.6712,6.6304,6.6686,3.15
2026-08-21 08:00:00+00:00,6.6691,6.7155,6.6675,6.7084,2.98
2026-08-21 12:00:00+00:00,6.709,6.716,6.656,6.678,7.5
2026-08-21 16:00:00+00:00,6.6782,6.6927,6.6661,6.6817,2.85
2026-08-21 20:00:00+00:00,6.6817,6.6837,6.6773,6.6794,0.29
2026-08-23 20:00:00+00:00,6.6901,6.6901,6.6683,6.6852,0.15
2026-08-24 00:00:00+00:00,6.6857,6.6909,6.6416,6.6502,4.6
2026-08-24 04:00:00+00:00,6.6501,6.6952,6.6411,6.682,3.2
2026-08-24 08:00:00+00:00,6.6912,6.7135,6.6833,6.6915,2.52
2026-08-24 12:00:00+00:00,6.6909,6.7447,6.6859,6.7134,9.12
2026-08-24 16:00:00+00:00,6.7136,6.7272,6.6883,6.7017,2.91
2026-08-24 20:00:00+00:00,6.7017,6.722,6.6992,6.7196,0.07
2026-08-25 00:00:00+00:00,6.7191,6.7334,6.6766,6.6875,4.97
2026-08-25 04:00:00+00:00,6.6874,6.7187,6.6767,6.7005,2.3
2026-08-25 08:00:00+00:00,6.7062,6.7655,6.6808,6.7467,3.71
2026-08-25 12:00:00+00:00,6.7454,6.8172,6.7081,6.8171,8.01
2026-08-25 16:00:00+00:00,6.8174,6.8265,6.7957,6.812,2.26
2026-08-25 20:00:00+00:00,6.8125,6.8137,6.7936,6.7956,0.22
2026-08-26 00:00:00+00:00,6.7966,6.8637,6.7791,6.8554,3.52
2026-08-26 04:00:00+00:00,6.8552,6.8772,6.8145,6.818,2.31
2026-08-26 08:00:00+00:00,6.815,6.8335,6.7824,6.7982,1.24
2026-08-26 12:00:00+00:00,6.7982,6.809,6.6982,6.7006,8.6
2026-08-26 16:00:00+00:00,6.7004,6.7107,6.6874,6.6989,1.62
2026-08-26 20:00:00+00:00,6.6997,6.7205,6.6857,6.7169,0.26
2026-08-27 00:00:00+00:00,6.718,6.7312,6.7022,6.7067,2.91
2026-08-27 04:00:00+00:00,6.7063,6.7107,6.6525,6.663,2.74
2026-08-27 08:00:00+00:00,6.6627,6.6799,6.6269,6.6655,1.48
2026-08-27 12:00:00+00:00,6.6656,6.689,6.6536,6.6874,6.36
2026-08-27 16:00:00+00:00,6.6872,6.6977,6.6681,6.6876,1.65
2026-08-27 20:00:00+00:00,6.6876,6.6945,6.6816,6.6828,0.11
2026-08-28 00:00:00+00:00,6.6831,6.7097,6.6701,6.6938,4.89
2026-08-28 04:00:00+00:00,6.6937,6.7087,6.6746,6.7051,3.65
2026-08-28 08:00:00+00:00,6.7048,6.7437,6.6871,6.7224,3.3
2026-08-28 12:00:00+00:00,6.7229,6.7377,6.6638,6.6664,11.75
2026-08-28 16:00:00+00:00,6.6672,6.6722,6.6263,6.6349,7.14
2026-08-28 20:00:00+00:00,6.6343,6.6405,6.6289,6.6392,0.1
2026-08-30 20:00:00+00:00,6.6338,6.6445,6.6125,6.6204,0.32
2026-08-31 00:00:00+00:00,6.6209,6.6495,6.5923,6.6452,6.02
2026-08-31 04:00:00+00:00,6.6459,6.6927,6.6371,6.6826,2.42
2026-08-31 08:00:00+00:00,6.6833,6.6975,6.6584,6.6875,0.95
2026-08-31 12:00:00+00:00,6.6871,6.7252,6.6637,6.6659,8.78
2026-08-31 16:00:00+00:00,6.6654,6.694,6.6596,6.6883,2.2
2026-08-31 20:00:00+00:00,6.6881,6.6975,6.6856,6.6949,0.15
2026-09-01 00:00:00+00:00,6.6957,6.7387,6.6957,6.7177,4.16
2026-09-01 04:00:00+00:00,6.7179,6.7365,6.6901,6.7144,3.91
2026-09-01 08:00:00+00:00,6.7138,6.7152,6.5803,6.5947,6.42
2026-09-01 12:00:00+00:00,6.5937,6.6247,6.5678,6.6187,9.96
2026-09-01 16:00:00+00:00,6.619,6.6235,6.5112,6.5243,3.93
2026-09-01 20:00:00+00:00,6.5244,6.5475,6.5194,6.5447,0.23
2026-09-02 00:00:00+00:00,6.5473,6.5602,6.5048,6.5153,6.59
2026-09-02 04:00:00+00:00,6.5157,6.5594,6.5087,6.5418,3.39
2026-09-02 08:00:00+00:00,6.5403,6.6226,6.5246,6.6164,4.33
2026-09-02 12:00:00+00:00,6.6172,6.6387,6.5994,6.6052,7.59
2026-09-02 16:00:00+00:00,6.6049,6.6075,6.5822,6.6066,1.66
2026-09-02 20:00:00+00:00,6.6064,6.6102,6.5997,6.5997,0.07
2026-09-03 00:00:00+00:00,6.5987,6.6177,6.5889,6.6122,2.45
2026-09-03 04:00:00+00:00,6.6106,6.6127,6.5711,6.5912,2.63
2026-09-03 08:00:00+00:00,6.5911,6.6375,6.586,6.6277,3.66
2026-09-03 12:00:00+00:00,6.6279,6.6689,6.6187,6.6462,9.45
2026-09-03 16:00:00+00:00,6.6467,6.679,6.6431,6.6715,2.25
2026-09-03 20:00:00+00:00,6.672,6.6752,6.6634,6.6722,0.14
2026-09-04 00:00:00+00:00,6.6732,6.7012,6.6564,6.6582,3.16
2026-09-04 04:00:00+00:00,6.6585,6.6745,6.6326,6.6702,2.27
2026-09-04 08:00:00+00:00,6.6702,6.684,6.6354,6.6608,1.9
2026-09-04 12:00:00+00:00,6.6611,6.689,6.6149,6.6785,10.11
2026-09-04 16:00:00+00:00,6.6787,6.6872,6.6455,6.6682,1.72
2026-09-04 20:00:00+00:00,6.6673,6.6685,6.6636,6.6668,0.06
2026-09-06 20:00:00+00:00,6.6668,6.6703,6.6604,6.6629,0.23
2026-09-07 00:00:00+00:00,6.6632,6.6777,6.6337,6.6449,4.05
2026-09-07 04:00:00+00:00,6.6457,6.7115,6.6407,6.7093,3.37
2026-09-07 08:00:00+00:00,6.7095,6.714,6.6714,6.6799,1.65
2026-09-07 12:00:00+00:00,6.6804,6.7316,6.6701,6.7164,3.1
2026-09-07 16:00:00+00:00,6.7158,6.7195,6.7012,6.7039,0.18
2026-09-07 20:00:00+00:00,6.7049,6.7315,6.7049,6.7292,0.19
2026-09-08 00:00:00+00:00,6.7269,6.8075,6.7269,6.7937,6.07
2026-09-08 04:00:00+00:00,6.7941,6.8065,6.7526,6.7692,5.52
2026-09-08 08:00:00+00:00,6.7664,6.8499,6.7549,6.8252,5.48
2026-09-08 12:00:00+00:00,6.8258,6.871,6.7844,6.8345,11.57
2026-09-08 16:00:00+00:00,6.8347,6.8358,6.7654,6.7692,4.55
2026-09-08 20:00:00+00:00,6.7687,6.776,6.7627,6.7725,0.3
2026-09-09 00:00:00+00:00,6.7733,6.7999,6.7371,6.7408,4.58
2026-09-09 04:00:00+00:00,6.7422,6.8023,6.7392,6.7837,3.83
2026-09-09 08:00:00+00:00,6.7829,6.7921,6.7476,6.7552,3.67
2026-09-09 12:00:00+00:00,6.7554,6.8553,6.7501,6.8521,10.53
2026-09-09 16:00:00+00:00,6.8527,6.8922,6.8411,6.8534,4.0
2026-09-09 20:00:00+00:00,6.853,6.8662,6.8455,6.8492,0.11
2026-09-10 00:00:00+00:00,6.8492,6.8647,6.8326,6.8469,6.15
2026-09-10 04:00:00+00:00,6.8472,6.8867,6.8407,6.8442,4.37
2026-09-10 08:00:00+00:00,6.8441,6.8485,6.5403,6.5651,9.01
2026-09-10 12:00:00+00:00,6.5653,6.5932,6.5287,6.5482,14.55
2026-09-10 16:00:00+00:00,6.5472,6.5517,6.5051,6.523,5.88
2026-09-10 20:00:00+00:00,6.5229,6.5357,6.5129,6.5215,0.32
2026-09-11 00:00:00+00:00,6.52,6.5511,6.5172,6.5221,7.68
2026-09-11 04:00:00+00:00,6.5216,6.5907,6.5202,6.5482,6.32
2026-09-11 08:00:00+00:00,6.5484,6.5577,6.5195,6.5228,4.52
2026-09-11 12:00:00+00:00,6.5223,6.5725,6.5009,6.5496,11.74
2026-09-11 16:00:00+00:00,6.5504,6.5576,6.5371,6.545,2.77
2026-09-11 20:00:00+00:00,6.5454,6.5571,6.5434,6.5553,0.26
2026-09-13 20:00:00+00:00,6.5197,6.5404,6.5041,6.5237,0.42
2026-09-14 00:00:00+00:00,6.5231,6.5392,6.4601,6.4656,5.9
2026-09-14 04:00:00+00:00,6.4656,6.4848,6.4479,6.4522,5.28
2026-09-14 08:00:00+00:00,6.4497,6.463,6.3994,6.4233,5.08
2026-09-14 12:00:00+00:00,6.4228,6.4262,6.3514,6.3804,10.53
2026-09-14 16:00:00+00:00,6.38,6.4162,6.3726,6.3876,2.9
2026-09-14 20:00:00+00:00,6.3877,6.4057,6.3854,6.3895,0.18
2026-09-15 00:00:00+00:00,6.391,6.4077,6.3673,6.3967,4.79
2026-09-15 04:00:00+00:00,6.3963,6.4062,6.3602,6.3627,4.53
2026-09-15 08:00:00+00:00,6.3627,6.4182,6.3427,6.4085,3.48
2026-09-15 12:00:00+00:00,6.4083,6.4497,6.4002,6.4342,7.81
