timestamp,open,high,low,close,volume
2023-09-14 00:00:00+00:00,147.329,147.386,147.018,147.085,32469.58
2023-09-14 04:00:00+00:00,147.085,147.293,147.038,147.276,36286.15
2023-09-14 08:00:00+00:00,147.277,147.391,147.246,147.338,50709.02
2023-09-14 12:00:00+00:00,147.337,147.564,147.016,147.173,133646.52
2023-09-14 16:00:00+00:00,147.172,147.489,147.05,147.448,48683.57
2023-09-14 20:00:00+00:00,147.449,147.506,147.412,147.46,21949.54
2023-09-15 00:00:00+00:00,147.46,147.519,147.336,147.467,60121.02
2023-09-15 04:00:00+00:00,147.466,147.801,147.367,147.752,86454.88
2023-09-15 08:00:00+00:00,147.754,147.95,147.7,147.791,74271.1
2023-09-15 12:00:00+00:00,147.79,147.945,147.596,147.833,135939.42
2023-09-15 16:00:00+00:00,147.832,147.891,147.719,147.856,35146.76
2023-09-15 20:00:00+00:00,147.856,147.891,147.819,147.819,3340.65
2023-09-17 20:00:00+00:00,147.674,147.877,147.664,147.863,5115.92
2023-09-18 00:00:00+00:00,147.864,147.873,147.707,147.735,26181.66
2023-09-18 04:00:00+00:00,147.739,147.741,147.555,147.717,42035.5
2023-09-18 08:00:00+00:00,147.717,147.754,147.576,147.614,57028.83
2023-09-18 12:00:00+00:00,147.615,147.771,147.592,147.628,89596.82
2023-09-18 16:00:00+00:00,147.628,147.757,147.587,147.606,40080.06
2023-09-18 20:00:00+00:00,147.608,147.647,147.533,147.613,10495.29
2023-09-19 00:00:00+00:00,147.613,147.777,147.503,147.761,47541.32
2023-09-19 04:00:00+00:00,147.76,147.892,147.638,147.647,57393.85
2023-09-19 08:00:00+00:00,147.645,147.739,147.567,147.688,60450.92
2023-09-19 12:00:00+00:00,147.687,147.835,147.623,147.802,98568.9
2023-09-19 16:00:00+00:00,147.803,147.92,147.789,147.847,36836.18
2023-09-19 20:00:00+00:00,147.847,147.877,147.688,147.758,15425.07
2023-09-20 00:00:00+00:00,147.757,147.845,147.704,147.816,36413.45
2023-09-20 04:00:00+00:00,147.813,148.165,147.799,148.141,64956.75
2023-09-20 08:00:00+00:00,148.141,148.149,147.819,147.879,48150.92
2023-09-20 12:00:00+00:00,147.878,147.931,147.622,147.734,77403.64
2023-09-20 16:00:00+00:00,147.734,148.206,147.472,148.178,113060.34
2023-09-20 20:00:00+00:00,148.177,148.356,148.177,148.319,27082.56
2023-09-21 00:00:00+00:00,148.318,148.457,148.189,148.286,47620.88
2023-09-21 04:00:00+00:00,148.286,148.408,148.23,148.253,60729.9
2023-09-21 08:00:00+00:00,148.253,148.267,147.698,147.959,73667.18
2023-09-21 12:00:00+00:00,147.96,148.058,147.319,147.419,127513.24
2023-09-21 16:00:00+00:00,147.418,147.58,147.39,147.569,35954.33
2023-09-21 20:00:00+00:00,147.569,147.658,147.502,147.645,14299.66
2023-09-22 00:00:00+00:00,147.646,148.178,147.506,148.109,77719.93
2023-09-22 04:00:00+00:00,148.112,148.418,147.901,148.266,94138.24
2023-09-22 08:00:00+00:00,148.267,148.373,148.133,148.256,84887.59
2023-09-22 12:00:00+00:00,148.257,148.355,147.958,148.234,113029.86
2023-09-22 16:00:00+00:00,148.234,148.403,148.233,148.388,43840.2
2023-09-22 20:00:00+00:00,148.388,148.411,148.332,148.341,2503.67
2023-09-24 20:00:00+00:00,148.207,148.444,148.207,148.432,13725.65
2023-09-25 00:00:00+00:00,148.433,148.481,148.284,148.368,36595.98
2023-09-25 04:00:00+00:00,148.368,148.455,148.322,148.436,49796.42
2023-09-25 08:00:00+00:00,148.44,148.707,148.433,148.673,64407.35
2023-09-25 12:00:00+00:00,148.676,148.961,148.645,148.743,99114.82
2023-09-25 16:00:00+00:00,148.741,148.866,148.724,148.824,31666.16
2023-09-25 20:00:00+00:00,148.824,148.895,148.779,148.821,15312.3
2023-09-26 00:00:00+00:00,148.822,148.952,148.701,148.87,39791.45
2023-09-26 04:00:00+00:00,148.871,149.185,148.8,148.879,66140.27
2023-09-26 08:00:00+00:00,148.878,148.991,148.759,148.894,63616.23
2023-09-26 12:00:00+00:00,148.893,148.987,148.794,148.902,103111.69
2023-09-26 16:00:00+00:00,148.902,149.086,148.862,149.038,38022.25
2023-09-26 20:00:00+00:00,149.039,149.097,148.981,149.052,16304.66
2023-09-27 00:00:00+00:00,149.059,149.077,148.86,149.017,40808.61
2023-09-27 04:00:00+00:00,149.023,149.151,148.995,149.029,51335.33
2023-09-27 08:00:00+00:00,149.028,149.247,148.972,149.18,56053.18
2023-09-27 12:00:00+00:00,149.181,149.498,149.148,149.485,95952.8
2023-09-27 16:00:00+00:00,149.484,149.708,149.46,149.594,50779.48
2023-09-27 20:00:00+00:00,149.594,149.66,149.296,149.494,17985.13
2023-09-28 00:00:00+00:00,149.494,149.559,149.371,149.422,41999.48
2023-09-28 04:00:00+00:00,149.421,149.454,149.205,149.315,57418.02
2023-09-28 08:00:00+00:00,149.318,149.428,149.209,149.326,63371.73
2023-09-28 12:00:00+00:00,149.327,149.501,149.143,149.185,133778.32
2023-09-28 16:00:00+00:00,149.185,149.383,149.165,149.229,49763.66
2023-09-28 20:00:00+00:00,149.23,149.37,149.199,149.334,13650.41
2023-09-29 00:00:00+00:00,149.33,149.449,149.28,149.384,38701.59
2023-09-29 04:00:00+00:00,149.384,149.5,148.525,148.768,62141.27
2023-09-29 08:00:00+00:00,148.768,149.255,148.765,149.24,87023.79
2023-09-29 12:00:00+00:00,149.241,149.44,148.942,149.431,133589.25
2023-09-29 16:00:00+00:00,149.432,149.488,149.329,149.442,54919.53
2023-09-29 20:00:00+00:00,149.442,149.452,149.311,149.334,7859.83
2023-10-01 20:00:00+00:00,149.606,149.631,149.429,149.528,15176.54
2023-10-02 00:00:00+00:00,149.528,149.799,149.454,149.777,26384.02
2023-10-02 04:00:00+00:00,149.78,149.821,149.554,149.748,55622.75
2023-10-02 08:00:00+00:00,149.75,149.789,149.633,149.74,60272.45
2023-10-02 12:00:00+00:00,149.739,149.876,149.67,149.807,109299.0
2023-10-02 16:00:00+00:00,149.806,149.844,149.708,149.795,46127.09
2023-10-02 20:00:00+00:00,149.797,149.872,149.744,149.861,12481.2
2023-10-03 00:00:00+00:00,149.86,149.892,149.784,149.864,41088.61
2023-10-03 04:00:00+00:00,149.863,149.932,149.651,149.792,57009.37
2023-10-03 08:00:00+00:00,149.792,149.975,149.736,149.973,69603.47
2023-10-03 12:00:00+00:00,149.973,150.159,147.277,149.17,146513.6
2023-10-03 16:00:00+00:00,149.169,149.2,148.707,148.761,48034.85
2023-10-03 20:00:00+00:00,148.763,149.208,148.734,149.176,20768.73
2023-10-04 00:00:00+00:00,149.178,149.317,149.081,149.279,50443.03
2023-10-04 04:00:00+00:00,149.279,149.282,148.733,148.846,69516.76
2023-10-04 08:00:00+00:00,148.846,149.21,148.841,149.002,77539.19
2023-10-04 12:00:00+00:00,149.001,149.132,148.764,148.83,133060.71
2023-10-04 16:00:00+00:00,148.831,149.131,148.817,149.046,60599.57
2023-10-04 20:00:00+00:00,149.046,149.126,148.916,148.98,18134.07
2023-10-05 00:00:00+00:00,148.983,149.01,148.257,148.517,63176.99
2023-10-05 04:00:00+00:00,148.517,149.093,148.44,149.055,64536.67
2023-10-05 08:00:00+00:00,149.056,149.087,148.804,148.824,81362.97
2023-10-05 12:00:00+00:00,148.822,149.116,148.432,148.49,144272.08
2023-10-05 16:00:00+00:00,148.488,148.527,148.304,148.448,61176.97
2023-10-05 20:00:00+00:00,148.449,148.515,148.358,148.47,11206.04
2023-10-06 00:00:00+00:00,148.469,148.692,148.463,148.689,45099.77
2023-10-06 04:00:00+00:00,148.69,148.988,148.654,148.886,57299.79
2023-10-06 08:00:00+00:00,148.889,149.095,148.841,149.049,74384.22
2023-10-06 12:00:00+00:00,149.05,149.535,148.964,149.086,174398.23
2023-10-06 16:00:00+00:00,149.084,149.358,149.062,149.331,53258.46
2023-10-06 20:00:00+00:00,149.332,149.346,149.233,149.268,6138.75
2023-10-08 20:00:00+00:00,149.062,149.239,148.986,149.151,19001.14
2023-10-09 00:00:00+00:00,149.146,149.201,149.078,149.155,30320.88
2023-10-09 04:00:00+00:00,149.155,149.223,149.105,149.167,46628.33
2023-10-09 08:00:00+00:00,149.166,149.182,149.081,149.15,45649.06
2023-10-09 12:00:00+00:00,149.15,149.174,148.516,148.702,92237.07
2023-10-09 16:00:00+00:00,148.702,148.778,148.436,148.439,44424.23
2023-10-09 20:00:00+00:00,148.44,148.531,148.291,148.333,14118.43
2023-10-10 00:00:00+00:00,148.332,148.665,148.161,148.615,59838.0
2023-10-10 04:00:00+00:00,148.614,149.068,148.518,148.959,88444.01
2023-10-10 08:00:00+00:00,148.959,149.097,148.736,149.067,77163.96
2023-10-10 12:00:00+00:00,149.066,149.094,148.574,148.623,108349.19
2023-10-10 16:00:00+00:00,148.622,148.775,148.543,148.684,48617.62
2023-10-10 20:00:00+00:00,148.683,148.731,148.549,148.626,9912.93
2023-10-11 00:00:00+00:00,148.625,148.839,148.422,148.817,43656.84
2023-10-11 04:00:00+00:00,148.816,148.967,148.579,148.757,62629.87
2023-10-11 08:00:00+00:00,148.759,148.838,148.605,148.833,80228.98
2023-10-11 12:00:00+00:00,148.833,149.184,148.821,149.002,140667.47
2023-10-11 16:00:00+00:00,149.002,149.323,148.991,149.2,61181.58
2023-10-11 20:00:00+00:00,149.199,149.231,148.977,149.035,13500.63
2023-10-12 00:00:00+00:00,149.034,149.271,149.019,149.126,55056.04
2023-10-12 04:00:00+00:00,149.128,149.197,148.952,149.178,50054.3
2023-10-12 08:00:00+00:00,149.179,149.203,149.056,149.149,50606.47
2023-10-12 12:00:00+00:00,149.147,149.794,149.031,149.716,147720.54
2023-10-12 16:00:00+00:00,149.716,149.827,149.659,149.812,54506.37
2023-10-12 20:00:00+00:00,149.811,149.821,149.738,149.784,11138.14
2023-10-13 00:00:00+00:00,149.786,149.827,149.723,149.763,40415.62
2023-10-13 04:00:00+00:00,149.762,149.767,149.571,149.654,63003.75
2023-10-13 08:00:00+00:00,149.653,149.776,149.556,149.61,74716.73
2023-10-13 12:00:00+00:00,149.61,149.749,149.451,149.619,111949.25
2023-10-13 16:00:00+00:00,149.618,149.623,149.469,149.507,43781.85
2023-10-13 20:00:00+00:00,149.507,149.593,149.499,149.506,6398.07
2023-10-15 20:00:00+00:00,149.341,149.631,149.337,149.56,12844.27
2023-10-16 00:00:00+00:00,149.558,149.575,149.416,149.477,29987.34
2023-10-16 04:00:00+00:00,149.476,149.613,149.373,149.57,54108.26
2023-10-16 08:00:00+00:00,149.572,149.596,149.447,149.508,51906.38
2023-10-16 12:00:00+00:00,149.508,149.764,149.407,149.572,94133.21
2023-10-16 16:00:00+00:00,149.572,149.612,149.508,149.518,26636.18
2023-10-16 20:00:00+00:00,149.518,149.617,149.482,149.58,11585.05
2023-10-17 00:00:00+00:00,149.579,149.629,149.477,149.545,28594.57
2023-10-17 04:00:00+00:00,149.545,149.656,149.499,149.599,41358.13
2023-10-17 08:00:00+00:00,149.599,149.748,148.739,149.461,63923.05
2023-10-17 12:00:00+00:00,149.461,149.793,149.45,149.715,113475.87
2023-10-17 16:00:00+00:00,149.715,149.85,149.687,149.776,44433.53
2023-10-17 20:00:00+00:00,149.775,149.846,149.747,149.76,9448.31
2023-10-18 00:00:00+00:00,149.76,149.792,149.481,149.667,30041.17
2023-10-18 04:00:00+00:00,149.666,149.751,149.601,149.746,51285.73
2023-10-18 08:00:00+00:00,149.746,149.783,149.608,149.679,52288.13
2023-10-18 12:00:00+00:00,149.678,149.885,149.63,149.865,88312.45
2023-10-18 16:00:00+00:00,149.865,149.916,149.732,149.877,51474.83
2023-10-18 20:00:00+00:00,149.877,149.936,149.742,149.77,13614.8
2023-10-19 00:00:00+00:00,149.767,149.84,149.663,149.808,38632.89
2023-10-19 04:00:00+00:00,149.809,149.832,149.721,149.799,45249.75
2023-10-19 08:00:00+00:00,149.8,149.879,149.777,149.857,51642.47
2023-10-19 12:00:00+00:00,149.856,149.933,149.765,149.92,93688.57
2023-10-19 16:00:00+00:00,149.919,149.959,149.674,149.802,91366.2
2023-10-19 20:00:00+00:00,149.802,149.837,149.701,149.804,10240.8
2023-10-20 00:00:00+00:00,149.805,149.941,149.791,149.849,37225.59
2023-10-20 04:00:00+00:00,149.848,149.978,149.839,149.967,57543.79
2023-10-20 08:00:00+00:00,149.967,149.992,149.639,149.943,70699.05
2023-10-20 12:00:00+00:00,149.943,149.989,149.796,149.849,77258.35
2023-10-20 16:00:00+00:00,149.849,149.887,149.775,149.864,35347.7
2023-10-20 20:00:00+00:00,149.862,149.871,149.793,149.803,4091.74
2023-10-22 20:00:00+00:00,149.839,149.892,149.72,149.884,6316.85
2023-10-23 00:00:00+00:00,149.884,149.939,149.778,149.937,24926.06
2023-10-23 04:00:00+00:00,149.937,149.961,149.886,149.899,36627.43
2023-10-23 08:00:00+00:00,149.9,149.989,149.865,149.928,50062.4
2023-10-23 12:00:00+00:00,149.927,149.961,149.735,149.79,70888.16
2023-10-23 16:00:00+00:00,149.789,149.815,149.554,149.643,39216.42
2023-10-23 20:00:00+00:00,149.644,149.788,149.617,149.774,11127.76
2023-10-24 00:00:00+00:00,149.773,149.787,149.496,149.61,32970.5
2023-10-24 04:00:00+00:00,149.61,149.75,149.32,149.487,57293.7
2023-10-24 08:00:00+00:00,149.488,149.844,149.327,149.755,63663.32
2023-10-24 12:00:00+00:00,149.753,149.929,149.753,149.843,83055.04
2023-10-24 16:00:00+00:00,149.841,149.911,149.744,149.892,34260.94
2023-10-24 20:00:00+00:00,149.889,149.917,149.818,149.855,10301.32
2023-10-25 00:00:00+00:00,149.856,149.925,149.793,149.846,27357.3
2023-10-25 04:00:00+00:00,149.846,149.912,149.818,149.9,33075.82
2023-10-25 08:00:00+00:00,149.9,149.944,149.866,149.928,39261.11
2023-10-25 12:00:00+00:00,149.928,149.965,149.878,149.936,73598.65
2023-10-25 16:00:00+00:00,149.937,150.057,149.862,150.057,38809.42
2023-10-25 20:00:00+00:00,150.054,150.315,150.05,150.095,20151.33
2023-10-26 00:00:00+00:00,150.094,150.475,150.042,150.417,42292.3
2023-10-26 04:00:00+00:00,150.418,150.776,149.83,150.474,72610.82
2023-10-26 08:00:00+00:00,150.476,150.476,150.202,150.429,51451.09
2023-10-26 12:00:00+00:00,150.428,150.518,150.082,150.445,116861.61
2023-10-26 16:00:00+00:00,150.445,150.459,150.232,150.402,47063.56
2023-10-26 20:00:00+00:00,150.405,150.438,150.29,150.363,12719.32
2023-10-27 00:00:00+00:00,150.364,150.411,150.142,150.213,28879.8
2023-10-27 04:00:00+00:00,150.214,150.276,150.078,150.154,54433.33
2023-10-27 08:00:00+00:00,150.152,150.18,149.969,150.083,50827.28
2023-10-27 12:00:00+00:00,150.083,150.084,149.548,149.609,105692.86
2023-10-27 16:00:00+00:00,149.608,149.698,149.459,149.557,51298.86
2023-10-27 20:00:00+00:00,149.557,149.74,149.514,149.599,8940.03
2023-10-29 20:00:00+00:00,149.47,149.767,149.47,149.734,8914.53
2023-10-30 00:00:00+00:00,149.734,149.812,149.563,149.58,29189.1
2023-10-30 04:00:00+00:00,149.581,149.665,149.28,149.521,45137.46
2023-10-30 08:00:00+00:00,149.521,149.779,149.472,149.752,70088.65
2023-10-30 12:00:00+00:00,149.751,149.853,148.804,149.01,96119.05
2023-10-30 16:00:00+00:00,149.008,149.173,148.953,149.063,47701.14
2023-10-30 20:00:00+00:00,149.065,149.159,149.014,149.096,12389.15
2023-10-31 00:00:00+00:00,149.096,150.103,149.09,149.894,60268.48
2023-10-31 04:00:00+00:00,149.894,150.315,149.855,150.279,38949.0
2023-10-31 08:00:00+00:00,150.28,150.775,150.063,150.736,88595.18
2023-10-31 12:00:00+00:00,150.736,151.557,150.635,151.456,115125.29
2023-10-31 16:00:00+00:00,151.457,151.709,151.048,151.577,67427.34
2023-10-31 20:00:00+00:00,151.575,151.716,151.151,151.32,24546.72
2023-11-01 00:00:00+00:00,151.319,151.443,151.143,151.244,35127.13
2023-11-01 04:00:00+00:00,151.243,151.395,151.202,151.378,40708.02
2023-11-01 08:00:00+00:00,151.375,151.376,151.138,151.23,49945.24
2023-11-01 12:00:00+00:00,151.231,151.377,150.814,150.962,101885.47
2023-11-01 16:00:00+00:00,150.964,151.239,150.66,150.868,93737.45
2023-11-01 20:00:00+00:00,150.877,150.967,150.565,150.573,16722.76
2023-11-02 00:00:00+00:00,150.573,150.59,150.148,150.35,44800.8
2023-11-02 04:00:00+00:00,150.35,150.58,150.164,150.376,42669.1
2023-11-02 08:00:00+00:00,150.376,150.577,150.226,150.365,56347.85
2023-11-02 12:00:00+00:00,150.36,150.493,149.843,150.483,100484.56
2023-11-02 16:00:00+00:00,150.484,150.543,150.373,150.457,46036.31
2023-11-02 20:00:00+00:00,150.46,150.531,150.384,150.494,12343.29
2023-11-03 00:00:00+00:00,150.493,150.497,150.311,150.344,28055.08
2023-11-03 04:00:00+00:00,150.343,150.345,150.235,150.34,30552.97
2023-11-03 08:00:00+00:00,150.341,150.425,150.149,150.18,43956.56
2023-11-03 12:00:00+00:00,150.18,150.225,149.181,149.365,94609.37
2023-11-03 16:00:00+00:00,149.366,149.469,149.244,149.468,20526.33
2023-11-03 20:00:00+00:00,149.466,149.475,149.318,149.318,4174.21
2023-11-05 20:00:00+00:00,149.319,149.479,149.311,149.454,4307.48
2023-11-06 00:00:00+00:00,149.453,149.674,149.437,149.578,19859.45
2023-11-06 04:00:00+00:00,149.577,149.733,149.466,149.726,21667.6
2023-11-06 08:00:00+00:00,149.73,149.73,149.375,149.623,38231.33
2023-11-06 12:00:00+00:00,149.624,149.837,149.6,149.729,69432.76
2023-11-06 16:00:00+00:00,149.73,149.98,149.679,149.974,39254.66
2023-11-06 20:00:00+00:00,149.977,150.08,149.914,149.985,19530.76
2023-11-07 00:00:00+00:00,149.985,150.223,149.96,150.195,28656.58
2023-11-07 04:00:00+00:00,150.196,150.49,150.194,150.484,38244.95
2023-11-07 08:00:00+00:00,150.484,150.493,150.245,150.404,61538.11
2023-11-07 12:00:00+00:00,150.405,150.691,150.381,150.497,84585.46
2023-11-07 16:00:00+00:00,150.498,150.619,150.314,150.439,47694.2
2023-11-07 20:00:00+00:00,150.437,150.477,150.298,150.396,16588.6
2023-11-08 00:00:00+00:00,150.396,150.615,150.349,150.495,36218.05
2023-11-08 04:00:00+00:00,150.496,150.756,150.459,150.678,39333.15
2023-11-08 08:00:00+00:00,150.682,150.794,150.595,150.739,57214.89
2023-11-08 12:00:00+00:00,150.738,150.985,150.724,150.849,76085.52
2023-11-08 16:00:00+00:00,150.848,151.052,150.728,151.032,45607.97
2023-11-08 20:00:00+00:00,151.032,151.056,150.838,150.852,21583.63
2023-11-09 00:00:00+00:00,150.851,150.999,150.822,150.938,34643.07
2023-11-09 04:00:00+00:00,150.939,151.09,150.768,150.914,38310.9
2023-11-09 08:00:00+00:00,150.914,151.183,150.878,151.137,54713.26
2023-11-09 12:00:00+00:00,151.137,151.163,150.832,150.947,77034.7
2023-11-09 16:00:00+00:00,150.948,151.386,150.934,151.324,72922.11
2023-11-09 20:00:00+00:00,151.323,151.38,151.265,151.346,25357.08
2023-11-10 00:00:00+00:00,151.345,151.374,151.22,151.326,30276.71
2023-11-10 04:00:00+00:00,151.326,151.451,151.288,151.373,34452.24
2023-11-10 08:00:00+00:00,151.373,151.487,151.324,151.477,50810.83
2023-11-10 12:00:00+00:00,151.476,151.55,151.321,151.474,80618.77
2023-11-10 16:00:00+00:00,151.474,151.6,151.448,151.587,40266.64
2023-11-10 20:00:00+00:00,151.586,151.598,151.472,151.472,13400.3
2023-11-12 20:00:00+00:00,151.42,151.508,151.418,151.462,6171.89
2023-11-13 00:00:00+00:00,151.461,151.699,151.443,151.668,27922.3
2023-11-13 04:00:00+00:00,151.667,151.799,151.667,151.745,29986.0
2023-11-13 08:00:00+00:00,151.741,151.854,151.681,151.728,44034.28
2023-11-13 12:00:00+00:00,151.727,151.907,151.202,151.687,79204.51
2023-11-13 16:00:00+00:00,151.687,151.689,151.493,151.598,30815.64
2023-11-13 20:00:00+00:00,151.597,151.728,151.593,151.649,13411.81
2023-11-14 00:00:00+00:00,151.648,151.782,151.613,151.699,19832.25
2023-11-14 04:00:00+00:00,151.696,151.731,151.572,151.63,21775.75
2023-11-14 08:00:00+00:00,151.631,151.743,151.602,151.731,36807.59
2023-11-14 12:00:00+00:00,151.731,151.745,150.681,150.818,117040.03
2023-11-14 16:00:00+00:00,150.817,150.866,150.345,150.349,58631.03
2023-11-14 20:00:00+00:00,150.348,150.495,150.154,150.484,27067.06
2023-11-15 00:00:00+00:00,150.483,150.792,150.441,150.575,37711.55
2023-11-15 04:00:00+00:00,150.576,150.755,150.509,150.689,33410.21
2023-11-15 08:00:00+00:00,150.689,150.703,150.252,150.274,59254.6
2023-11-15 12:00:00+00:00,150.273,151.242,150.047,150.902,111625.27
2023-11-15 16:00:00+00:00,150.902,151.402,150.859,151.379,48769.63
2023-11-15 20:00:00+00:00,151.378,151.42,151.205,151.208,18917.04
2023-11-16 00:00:00+00:00,151.209,151.318,151.116,151.254,24150.37
2023-11-16 04:00:00+00:00,151.253,151.426,151.245,151.375,34880.34
2023-11-16 08:00:00+00:00,151.374,151.429,151.141,151.221,52708.61
2023-11-16 12:00:00+00:00,151.221,151.297,150.285,150.406,119571.01
2023-11-16 16:00:00+00:00,150.407,150.654,150.298,150.608,51545.52
2023-11-16 20:00:00+00:00,150.607,150.771,150.504,150.704,13503.73
2023-11-17 00:00:00+00:00,150.704,150.774,150.419,150.552,37469.79
2023-11-17 04:00:00+00:00,150.553,150.693,150.433,150.443,39695.81
2023-11-17 08:00:00+00:00,150.442,150.453,149.225,149.505,99638.29
2023-11-17 12:00:00+00:00,149.505,149.792,149.196,149.556,111291.11
2023-11-17 16:00:00+00:00,149.556,149.873,149.527,149.645,58327.04
2023-11-17 20:00:00+00:00,149.646,149.715,149.506,149.506,9517.33
2023-11-19 20:00:00+00:00,149.575,149.962,149.442,149.96,8398.48
2023-11-20 00:00:00+00:00,149.959,149.988,148.853,148.905,62610.75
2023-11-20 04:00:00+00:00,148.905,149.208,148.687,148.906,67797.73
2023-11-20 08:00:00+00:00,148.906,148.97,148.1,148.205,104543.32
2023-11-20 12:00:00+00:00,148.205,148.688,148.19,148.37,96131.73
2023-11-20 16:00:00+00:00,148.37,148.422,148.138,148.316,58381.63
2023-11-20 20:00:00+00:00,148.315,148.451,148.218,148.383,18533.79
2023-11-21 00:00:00+00:00,148.383,148.417,147.347,147.38,93868.64
2023-11-21 04:00:00+00:00,147.379,147.831,147.245,147.516,85406.07
2023-11-21 08:00:00+00:00,147.515,147.8,147.149,147.717,82916.93
2023-11-21 12:00:00+00:00,147.72,147.809,147.35,147.791,105441.96
2023-11-21 16:00:00+00:00,147.791,148.594,147.733,148.315,71460.47
2023-11-21 20:00:00+00:00,148.314,148.429,148.017,148.147,18648.88
2023-11-22 00:00:00+00:00,148.146,148.355,148.029,148.212,58836.94
2023-11-22 04:00:00+00:00,148.214,149.053,148.202,148.96,64884.03
2023-11-22 08:00:00+00:00,148.96,149.35,148.703,148.768,88739.15
2023-11-22 12:00:00+00:00,148.766,149.747,148.589,149.681,161383.31
2023-11-22 16:00:00+00:00,149.681,149.745,149.545,149.578,59231.37
2023-11-22 20:00:00+00:00,149.578,149.621,149.458,149.461,14473.18
2023-11-23 00:00:00+00:00,149.46,149.46,149.032,149.124,51402.29
2023-11-23 04:00:00+00:00,149.117,149.199,148.887,149.143,50617.56
2023-11-23 08:00:00+00:00,149.145,149.339,149.044,149.242,80212.81
2023-11-23 12:00:00+00:00,149.243,149.691,149.234,149.497,62687.7
2023-11-23 16:00:00+00:00,149.498,149.64,149.491,149.564,17281.05
2023-11-23 20:00:00+00:00,149.564,149.641,149.466,149.64,19645.52
2023-11-24 00:00:00+00:00,149.638,149.711,149.408,149.502,43682.71
2023-11-24 04:00:00+00:00,149.501,149.501,149.196,149.425,49811.73
2023-11-24 08:00:00+00:00,149.425,149.661,149.37,149.567,59289.29
2023-11-24 12:00:00+00:00,149.566,149.669,149.439,149.499,69249.89
2023-11-24 16:00:00+00:00,149.5,149.626,149.449,149.481,30324.03
2023-11-24 20:00:00+00:00,149.48,149.494,149.386,149.386,3309.93
2023-11-26 20:00:00+00:00,149.391,149.587,149.391,149.58,7498.16
2023-11-27 00:00:00+00:00,149.579,149.674,148.894,148.983,64082.48
2023-11-27 04:00:00+00:00,148.982,149.153,148.774,149.022,59314.27
2023-11-27 08:00:00+00:00,149.022,149.325,148.941,149.028,77435.64
2023-11-27 12:00:00+00:00,149.028,149.045,148.65,148.917,111811.08
2023-11-27 16:00:00+00:00,148.918,149.078,148.547,148.605,65938.26
2023-11-27 20:00:00+00:00,148.606,148.694,148.361,148.414,21797.02
2023-11-28 00:00:00+00:00,148.415,148.416,147.968,148.211,67275.47
2023-11-28 04:00:00+00:00,148.211,148.544,148.127,148.509,66806.11
2023-11-28 08:00:00+00:00,148.51,148.829,148.401,148.587,84281.04
2023-11-28 12:00:00+00:00,148.588,148.694,147.701,147.872,158793.14
2023-11-28 16:00:00+00:00,147.872,147.913,147.322,147.423,104901.09
2023-11-28 20:00:00+00:00,147.424,147.545,147.016,147.065,26400.56
2023-11-29 00:00:00+00:00,147.063,147.318,146.67,147.289,98127.94
2023-11-29 04:00:00+00:00,147.289,147.366,146.948,147.345,94944.54
2023-11-29 08:00:00+00:00,147.338,147.816,147.177,147.619,117298.34
2023-11-29 12:00:00+00:00,147.699,147.792,147.118,147.391,131640.04
2023-11-29 16:00:00+00:00,147.39,147.472,147.077,147.241,74557.14
2023-11-29 20:00:00+00:00,147.241,147.364,146.84,147.056,25609.13
2023-11-30 00:00:00+00:00,147.057,147.188,146.884,147.089,70809.76
2023-11-30 04:00:00+00:00,147.09,147.264,146.865,147.06,70023.11
2023-11-30 08:00:00+00:00,147.06,147.744,146.955,147.707,122259.91
2023-11-30 12:00:00+00:00,147.707,148.52,147.201,147.832,194709.72
2023-11-30 16:00:00+00:00,147.833,148.267,147.72,148.21,78925.95
2023-11-30 20:00:00+00:00,148.21,148.3,147.929,147.999,29396.53
2023-12-01 00:00:00+00:00,147.996,148.182,147.6,148.121,79672.98
2023-12-01 04:00:00+00:00,148.121,148.315,147.997,148.301,66220.21
2023-12-01 08:00:00+00:00,148.301,148.301,147.688,148.132,84882.91
2023-12-01 12:00:00+00:00,148.131,148.345,147.337,147.591,146405.17
2023-12-01 16:00:00+00:00,147.589,147.844,146.659,146.848,140632.61
2023-12-01 20:00:00+00:00,146.855,146.9,146.772,146.772,29662.11
2023-12-03 20:00:00+00:00,146.667,146.769,146.228,146.362,28330.56
2023-12-04 00:00:00+00:00,146.361,146.747,146.223,146.733,112118.24
2023-12-04 04:00:00+00:00,146.732,146.977,146.579,146.958,73732.33
2023-12-04 08:00:00+00:00,146.959,147.112,146.458,146.539,115697.27
2023-12-04 12:00:00+00:00,146.542,147.163,146.468,147.103,166382.39
2023-12-04 16:00:00+00:00,147.103,147.451,146.952,147.289,85125.93
2023-12-04 20:00:00+00:00,147.291,147.353,147.097,147.302,28707.69
2023-12-05 00:00:00+00:00,147.302,147.381,146.968,147.164,72883.37
2023-12-05 04:00:00+00:00,147.166,147.181,146.747,146.835,74284.32
2023-12-05 08:00:00+00:00,146.835,147.182,146.677,147.022,112121.21
2023-12-05 12:00:00+00:00,147.021,147.276,146.558,147.103,176849.63
2023-12-05 16:00:00+00:00,147.104,147.388,146.982,147.255,86334.44
2023-12-05 20:00:00+00:00,147.255,147.277,147.018,147.184,25323.49
2023-12-06 00:00:00+00:00,147.186,147.397,147.087,147.272,59730.58
2023-12-06 04:00:00+00:00,147.273,147.322,146.931,146.968,57923.71
2023-12-06 08:00:00+00:00,146.968,147.497,146.893,147.395,101245.29
2023-12-06 12:00:00+00:00,147.396,147.426,147.001,147.219,144389.06
2023-12-06 16:00:00+00:00,147.219,147.378,147.097,147.343,63621.0
2023-12-06 20:00:00+00:00,147.345,147.412,147.142,147.18,20819.48
2023-12-07 00:00:00+00:00,147.179,147.185,146.688,146.858,79047.2
2023-12-07 04:00:00+00:00,146.859,146.897,145.516,145.712,109136.22
2023-12-07 08:00:00+00:00,145.713,145.715,144.542,145.022,182572.91
2023-12-07 12:00:00+00:00,145.023,145.302,143.939,144.03,200471.68
2023-12-07 16:00:00+00:00,144.033,144.316,141.615,143.456,124912.47
2023-12-07 20:00:00+00:00,143.453,144.319,143.433,144.238,38939.4
2023-12-08 00:00:00+00:00,144.237,144.289,142.497,143.776,180668.69
2023-12-08 04:00:00+00:00,143.776,144.394,143.586,144.088,129486.45
2023-12-08 08:00:00+00:00,144.088,144.664,143.719,144.445,154874.56
2023-12-08 12:00:00+00:00,144.446,145.214,143.754,144.506,219951.83
2023-12-08 16:00:00+00:00,144.506,144.976,144.389,144.964,100902.04
2023-12-08 20:00:00+00:00,144.965,144.998,144.902,144.902,12410.18
2023-12-10 20:00:00+00:00,144.889,145.066,144.808,144.988,11526.61
2023-12-11 00:00:00+00:00,144.987,145.571,144.866,145.421,101302.18
2023-12-11 04:00:00+00:00,145.421,146.453,145.325,146.377,100734.16
2023-12-11 08:00:00+00:00,146.378,146.455,145.973,146.16,119280.23
2023-12-11 12:00:00+00:00,146.151,146.499,146.051,146.419,140706.51
2023-12-11 16:00:00+00:00,146.419,146.588,146.071,146.151,79666.47
2023-12-11 20:00:00+00:00,146.152,146.248,146.049,146.049,23450.95
2023-12-12 00:00:00+00:00,146.049,146.123,145.536,145.596,75287.96
2023-12-12 04:00:00+00:00,145.598,145.682,145.221,145.441,86116.39
2023-12-12 08:00:00+00:00,145.44,145.627,145.058,145.176,107213.56
2023-12-12 12:00:00+00:00,145.174,145.851,144.731,145.646,161589.6
2023-12-12 16:00:00+00:00,145.645,145.731,145.403,145.594,66016.77
2023-12-12 20:00:00+00:00,145.594,145.616,145.184,145.297,21673.61
2023-12-13 00:00:00+00:00,145.296,145.662,145.264,145.621,89237.67
2023-12-13 04:00:00+00:00,145.621,145.993,145.488,145.812,92968.6
2023-12-13 08:00:00+00:00,145.812,145.951,145.601,145.623,106517.59
2023-12-13 12:00:00+00:00,145.615,145.733,145.036,145.153,148142.86
2023-12-13 16:00:00+00:00,145.154,145.273,142.88,143.143,139541.95
2023-12-13 20:00:00+00:00,143.139,143.272,142.084,142.787,107430.73
2023-12-14 00:00:00+00:00,142.787,142.908,140.956,141.406,133955.92
2023-12-14 04:00:00+00:00,141.404,142.176,141.35,142.01,115712.36
2023-12-14 08:00:00+00:00,142.01,142.054,141.228,141.421,192811.3
2023-12-14 12:00:00+00:00,141.418,142.284,141.351,141.679,225689.99
2023-12-14 16:00:00+00:00,141.68,142.011,141.397,141.921,124346.43
2023-12-14 20:00:00+00:00,141.92,142.308,141.766,142.279,48399.65
2023-12-15 00:00:00+00:00,142.277,142.464,141.789,141.892,104357.3
2023-12-15 04:00:00+00:00,141.899,142.132,141.564,141.973,112234.09
2023-12-15 08:00:00+00:00,141.972,142.059,141.469,141.745,155794.23
2023-12-15 12:00:00+00:00,141.747,142.449,141.428,141.744,199844.42
2023-12-15 16:00:00+00:00,141.744,142.31,141.661,142.18,97964.09
2023-12-15 20:00:00+00:00,142.18,142.299,142.032,142.141,12419.19
2023-12-17 20:00:00+00:00,142.038,142.37,142.024,142.328,10090.28
2023-12-18 00:00:00+00:00,142.328,142.457,142.071,142.173,84207.77
2023-12-18 04:00:00+00:00,142.173,142.414,142.12,142.382,71436.74
2023-12-18 08:00:00+00:00,142.382,142.829,142.241,142.744,128890.94
2023-12-18 12:00:00+00:00,142.744,143.156,142.679,143.114,136501.29
2023-12-18 16:00:00+00:00,143.112,143.112,142.839,142.884,86846.25
2023-12-18 20:00:00+00:00,142.885,142.96,142.646,142.691,26982.05
2023-12-19 00:00:00+00:00,142.686,143.784,142.244,143.519,124015.31
2023-12-19 04:00:00+00:00,143.517,144.265,142.48,144.164,88668.54
2023-12-19 08:00:00+00:00,144.163,144.954,144.142,144.792,109117.88
2023-12-19 12:00:00+00:00,144.792,144.796,143.686,143.804,175012.41
2023-12-19 16:00:00+00:00,143.804,143.923,143.529,143.908,93934.76
2023-12-19 20:00:00+00:00,143.905,143.966,143.737,143.919,20395.08
2023-12-20 00:00:00+00:00,143.925,144.095,143.636,143.692,98296.13
2023-12-20 04:00:00+00:00,143.692,143.765,143.305,143.541,109915.56
2023-12-20 08:00:00+00:00,143.543,143.645,143.26,143.369,129894.85
2023-12-20 12:00:00+00:00,143.368,143.713,143.304,143.68,132687.5
2023-12-20 16:00:00+00:00,143.684,143.938,143.658,143.801,80159.72
2023-12-20 20:00:00+00:00,143.802,143.871,143.398,143.525,41212.06
2023-12-21 00:00:00+00:00,143.525,143.567,142.807,142.91,83063.0
2023-12-21 04:00:00+00:00,142.913,143.286,142.811,143.257,73197.54
2023-12-21 08:00:00+00:00,143.257,143.395,142.645,142.728,67523.47
2023-12-21 12:00:00+00:00,142.728,143.002,142.073,142.164,101690.94
2023-12-21 16:00:00+00:00,142.162,142.438,142.042,142.233,93935.09
2023-12-21 20:00:00+00:00,142.235,142.298,142.011,142.07,31271.84
2023-12-22 00:00:00+00:00,142.069,142.548,141.864,142.533,86922.84
2023-12-22 04:00:00+00:00,142.534,142.554,142.125,142.231,110969.88
2023-12-22 08:00:00+00:00,142.232,142.372,141.924,141.997,123882.64
2023-12-22 12:00:00+00:00,141.997,142.471,141.889,142.366,170815.73
2023-12-22 16:00:00+00:00,142.365,142.662,142.326,142.489,91731.37
2023-12-22 20:00:00+00:00,142.491,142.549,142.402,142.412,14514.79
2023-12-24 20:00:00+00:00,142.26,142.417,142.26,142.407,64.38
2023-12-25 00:00:00+00:00,142.408,142.479,142.112,142.113,1012.05
2023-12-25 04:00:00+00:00,142.113,142.477,142.101,142.346,1743.48
2023-12-25 20:00:00+00:00,142.204,142.356,142.14,142.24,6231.54
2023-12-26 00:00:00+00:00,142.239,142.352,142.09,142.199,35732.7
2023-12-26 04:00:00+00:00,142.197,142.395,142.185,142.326,39005.85
2023-12-26 08:00:00+00:00,142.327,142.526,142.314,142.376,49998.66
2023-12-26 12:00:00+00:00,142.374,142.6,142.235,142.595,77653.31
2023-12-26 16:00:00+00:00,142.599,142.633,142.4,142.475,47630.93
2023-12-26 20:00:00+00:00,142.476,142.488,142.28,142.487,25520.51
2023-12-27 00:00:00+00:00,142.487,142.848,142.434,142.566,69723.12
2023-12-27 04:00:00+00:00,142.566,142.837,142.525,142.785,63259.31
2023-12-27 08:00:00+00:00,142.786,142.807,142.445,142.545,65845.22
2023-12-27 12:00:00+00:00,142.544,142.647,142.198,142.205,91638.3
2023-12-27 16:00:00+00:00,142.204,142.237,141.55,141.885,87344.79
2023-12-27 20:00:00+00:00,141.886,141.896,141.379,141.44,30859.24
2023-12-28 00:00:00+00:00,141.439,141.666,141.168,141.309,84855.84
2023-12-28 04:00:00+00:00,141.308,141.323,140.709,140.82,94434.07
2023-12-28 08:00:00+00:00,140.82,141.072,140.648,140.813,106362.39
2023-12-28 12:00:00+00:00,140.817,141.136,140.248,140.881,109128.49
2023-12-28 16:00:00+00:00,140.88,141.584,140.858,141.456,77770.05
2023-12-28 20:00:00+00:00,141.456,141.458,141.249,141.437,32244.18
2023-12-29 00:00:00+00:00,141.436,141.665,141.34,141.483,75589.28
2023-12-29 04:00:00+00:00,141.483,141.488,141.136,141.411,66680.68
2023-12-29 08:00:00+00:00,141.401,141.912,141.328,141.544,94248.51
2023-12-29 12:00:00+00:00,141.544,141.881,140.896,140.995,115106.22
2023-12-29 16:00:00+00:00,140.999,141.104,140.797,141.022,76324.52
2023-12-29 20:00:00+00:00,141.022,141.082,140.95,140.975,12924.5
2024-01-01 20:00:00+00:00,140.843,141.128,140.811,141.11,8172.57
2024-01-02 00:00:00+00:00,141.11,141.669,141.096,141.499,45680.21
2024-01-02 04:00:00+00:00,141.501,141.604,141.335,141.544,46242.47
2024-01-02 08:00:00+00:00,141.543,141.887,141.29,141.825,78628.8
2024-01-02 12:00:00+00:00,141.825,142.216,141.499,141.925,95688.5
2024-01-02 16:00:00+00:00,141.924,142.001,141.711,141.946,40886.75
2024-01-02 20:00:00+00:00,141.947,142.181,141.803,142.173,15530.76
2024-01-03 00:00:00+00:00,142.174,142.174,141.858,141.889,24669.1
2024-01-03 04:00:00+00:00,141.886,142.468,141.858,142.418,37792.55
2024-01-03 08:00:00+00:00,142.417,142.98,142.396,142.932,70621.02
2024-01-03 12:00:00+00:00,142.931,143.727,142.789,143.599,163715.1
2024-01-03 16:00:00+00:00,143.599,143.731,143.136,143.235,109823.19
2024-01-03 20:00:00+00:00,143.237,143.307,142.948,142.995,33593.53
2024-01-04 00:00:00+00:00,142.995,143.486,142.853,143.343,63160.81
2024-01-04 04:00:00+00:00,143.343,143.893,143.179,143.373,96603.78
2024-01-04 08:00:00+00:00,143.373,144.293,143.36,144.255,131385.05
2024-01-04 12:00:00+00:00,144.254,144.85,144.062,144.661,122290.54
2024-01-04 16:00:00+00:00,144.66,144.71,144.459,144.578,63980.22
2024-01-04 20:00:00+00:00,144.577,144.775,144.513,144.772,16662.7
2024-01-05 00:00:00+00:00,144.772,144.953,144.659,144.924,77938.3
2024-01-05 04:00:00+00:00,144.923,145.367,144.658,145.075,107069.74
2024-01-05 08:00:00+00:00,145.074,145.374,144.852,145.266,100420.73
2024-01-05 12:00:00+00:00,145.269,145.976,143.806,144.127,209998.17
2024-01-05 16:00:00+00:00,144.127,144.894,144.065,144.66,118216.04
2024-01-05 20:00:00+00:00,144.659,144.789,144.549,144.603,14733.57
2024-01-07 20:00:00+00:00,144.453,144.917,144.382,144.721,9847.35
2024-01-08 00:00:00+00:00,144.721,144.797,144.312,144.488,61900.02
2024-01-08 04:00:00+00:00,144.488,144.538,144.089,144.415,77741.62
2024-01-08 08:00:00+00:00,144.415,144.611,144.185,144.578,121592.86
2024-01-08 12:00:00+00:00,144.578,144.683,143.852,143.935,139600.02
2024-01-08 16:00:00+00:00,143.933,144.182,143.661,144.103,77418.61
2024-01-08 20:00:00+00:00,144.104,144.28,144.071,144.224,23992.14
2024-01-09 00:00:00+00:00,144.223,144.258,143.419,143.625,78571.32
2024-01-09 04:00:00+00:00,143.625,144.152,143.569,144.063,66145.51
2024-01-09 08:00:00+00:00,144.064,144.314,143.742,144.072,123680.3
2024-01-09 12:00:00+00:00,144.072,144.362,143.651,144.309,134478.67
2024-01-09 16:00:00+00:00,144.31,144.623,144.239,144.546,86560.48
2024-01-09 20:00:00+00:00,144.546,144.546,144.314,144.431,23873.43
2024-01-10 00:00:00+00:00,144.431,144.934,144.416,144.846,51024.55
2024-01-10 04:00:00+00:00,144.848,145.15,144.667,144.938,70503.05
2024-01-10 08:00:00+00:00,144.938,145.127,144.761,144.993,94220.97
2024-01-10 12:00:00+00:00,144.994,145.674,144.981,145.613,133076.4
2024-01-10 16:00:00+00:00,145.613,145.824,145.512,145.688,53915.28
2024-01-10 20:00:00+00:00,145.688,145.828,145.578,145.723,22459.01
2024-01-11 00:00:00+00:00,145.724,145.778,145.303,145.31,82197.0
2024-01-11 04:00:00+00:00,145.308,145.544,145.277,145.406,52612.19
2024-01-11 08:00:00+00:00,145.405,145.592,145.328,145.394,76937.56
2024-01-11 12:00:00+00:00,145.393,146.414,144.968,145.952,160560.07
2024-01-11 16:00:00+00:00,145.954,146.187,145.44,145.483,120444.25
2024-01-11 20:00:00+00:00,145.483,145.544,144.938,145.1,24791.67
2024-01-12 00:00:00+00:00,145.1,145.405,144.843,144.914,65047.64
2024-01-12 04:00:00+00:00,144.916,145.286,144.896,145.148,56305.93
2024-01-12 08:00:00+00:00,145.149,145.28,144.869,145.234,96604.33
2024-01-12 12:00:00+00:00,145.234,145.566,144.354,144.708,168918.01
2024-01-12 16:00:00+00:00,144.708,145.018,144.565,144.87,80772.2
2024-01-12 20:00:00+00:00,144.869,144.943,144.822,144.904,13284.1
2024-01-14 20:00:00+00:00,144.78,145.171,144.78,145.148,6085.83
2024-01-15 00:00:00+00:00,145.149,145.232,144.933,145.132,65379.68
2024-01-15 04:00:00+00:00,145.132,145.552,145.097,145.445,62548.82
2024-01-15 08:00:00+00:00,145.445,145.823,145.315,145.669,83622.66
2024-01-15 12:00:00+00:00,145.67,145.941,145.665,145.791,88732.56
2024-01-15 16:00:00+00:00,145.79,145.857,145.678,145.79,26327.37
2024-01-15 20:00:00+00:00,145.789,145.868,145.654,145.79,8124.8
2024-01-16 00:00:00+00:00,145.79,146.194,145.583,146.096,102388.3
2024-01-16 04:00:00+00:00,146.096,146.271,145.993,146.157,80479.67
2024-01-16 08:00:00+00:00,146.158,146.748,146.002,146.603,146443.65
2024-01-16 12:00:00+00:00,146.603,146.795,146.281,146.704,165399.57
2024-01-16 16:00:00+00:00,146.703,147.31,146.694,147.25,118616.0
2024-01-16 20:00:00+00:00,147.25,147.289,147.048,147.242,23074.34
2024-01-17 00:00:00+00:00,147.242,147.483,147.097,147.33,82149.44
2024-01-17 04:00:00+00:00,147.33,147.966,147.281,147.869,110003.89
2024-01-17 08:00:00+00:00,147.87,147.925,147.565,147.661,115676.24
2024-01-17 12:00:00+00:00,147.662,148.524,147.585,148.447,155654.61
2024-01-17 16:00:00+00:00,148.448,148.518,148.164,148.268,78276.58
2024-01-17 20:00:00+00:00,148.268,148.289,148.044,148.134,18847.82
2024-01-18 00:00:00+00:00,148.134,148.249,147.868,148.019,83833.57
2024-01-18 04:00:00+00:00,148.019,148.065,147.686,147.785,82073.81
2024-01-18 08:00:00+00:00,147.786,147.961,147.654,147.82,101496.38
2024-01-18 12:00:00+00:00,147.82,148.299,147.752,148.175,162594.07
2024-01-18 16:00:00+00:00,148.175,148.261,148.002,148.227,88075.01
2024-01-18 20:00:00+00:00,148.226,148.275,148.034,148.122,22937.37
2024-01-19 00:00:00+00:00,148.122,148.473,147.938,148.222,71573.42
2024-01-19 04:00:00+00:00,148.222,148.802,148.192,148.269,58179.44
2024-01-19 08:00:00+00:00,148.269,148.353,147.838,147.977,86520.5
2024-01-19 12:00:00+00:00,147.976,148.532,147.959,148.1,135758.65
2024-01-19 16:00:00+00:00,148.099,148.309,148.022,148.189,85154.6
2024-01-19 20:00:00+00:00,148.189,148.2,148.04,148.04,14682.11
2024-01-21 20:00:00+00:00,148.207,148.259,148.001,148.123,8519.66
2024-01-22 00:00:00+00:00,148.124,148.23,147.73,147.916,83026.59
2024-01-22 04:00:00+00:00,147.917,148.131,147.83,148.036,87203.74
2024-01-22 08:00:00+00:00,148.035,148.302,147.855,147.884,100046.13
2024-01-22 12:00:00+00:00,147.887,147.954,147.615,147.845,118729.13
2024-01-22 16:00:00+00:00,147.845,148.144,147.844,148.031,63595.33
2024-01-22 20:00:00+00:00,148.03,148.149,147.917,148.145,25441.92
2024-01-23 00:00:00+00:00,148.144,148.548,147.851,147.891,71117.9
2024-01-23 04:00:00+00:00,147.892,148.206,146.975,147.582,81036.08
2024-01-23 08:00:00+00:00,147.583,148.155,147.252,148.025,94323.22
2024-01-23 12:00:00+00:00,148.027,148.541,147.874,148.48,119959.47
2024-01-23 16:00:00+00:00,148.483,148.694,148.295,148.378,56740.38
2024-01-23 20:00:00+00:00,148.376,148.411,148.209,148.248,18807.96
2024-01-24 00:00:00+00:00,148.235,148.26,147.75,147.802,72189.97
2024-01-24 04:00:00+00:00,147.802,148.012,147.7,147.793,48992.48
2024-01-24 08:00:00+00:00,147.793,147.793,147.376,147.515,83535.85
2024-01-24 12:00:00+00:00,147.514,147.519,146.648,146.942,168269.46
2024-01-24 16:00:00+00:00,146.942,147.594,146.883,147.562,90243.47
2024-01-24 20:00:00+00:00,147.561,147.638,147.385,147.586,22348.89
2024-01-25 00:00:00+00:00,147.585,147.851,147.543,147.651,75330.06
2024-01-25 04:00:00+00:00,147.649,147.879,147.534,147.669,71138.62
2024-01-25 08:00:00+00:00,147.67,147.842,147.475,147.514,89837.02
2024-01-25 12:00:00+00:00,147.512,147.936,147.081,147.579,186362.24
2024-01-25 16:00:00+00:00,147.578,147.899,147.506,147.838,95371.0
2024-01-25 20:00:00+00:00,147.837,147.847,147.498,147.721,30316.99
2024-01-26 00:00:00+00:00,147.721,147.849,147.478,147.663,68652.02
2024-01-26 04:00:00+00:00,147.664,147.882,147.647,147.771,74492.97
2024-01-26 08:00:00+00:00,147.77,148.088,147.596,147.715,75217.07
2024-01-26 12:00:00+00:00,147.716,148.165,147.393,148.077,159829.62
2024-01-26 16:00:00+00:00,148.076,148.209,147.883,148.098,71574.05
2024-01-26 20:00:00+00:00,148.098,148.159,148.047,148.149,13401.48
2024-01-28 20:00:00+00:00,148.087,148.185,148.023,148.18,10040.27
2024-01-29 00:00:00+00:00,148.178,148.333,148.025,148.136,52001.29
2024-01-29 04:00:00+00:00,148.135,148.136,147.751,147.801,63365.98
2024-01-29 08:00:00+00:00,147.8,147.925,147.708,147.875,46290.62
2024-01-29 12:00:00+00:00,147.874,148.091,147.62,147.664,56192.59
2024-01-29 16:00:00+00:00,147.664,147.736,147.582,147.646,29859.52
2024-01-29 20:00:00+00:00,147.647,147.647,147.25,147.485,24422.45
2024-01-30 00:00:00+00:00,147.486,147.486,147.19,147.393,53784.15
2024-01-30 04:00:00+00:00,147.392,147.406,147.158,147.223,63648.73
2024-01-30 08:00:00+00:00,147.224,147.55,147.207,147.381,97113.42
2024-01-30 12:00:00+00:00,147.381,147.89,147.096,147.846,123743.05
2024-01-30 16:00:00+00:00,147.847,147.926,147.58,147.602,71910.08
2024-01-30 20:00:00+00:00,147.602,147.665,147.332,147.332,23508.6
2024-01-31 00:00:00+00:00,147.333,147.746,147.186,147.728,45423.94
2024-01-31 04:00:00+00:00,147.731,147.898,147.577,147.655,75121.11
2024-01-31 08:00:00+00:00,147.656,147.882,147.403,147.843,110392.24
2024-01-31 12:00:00+00:00,147.842,147.882,146.135,146.178,159883.15
2024-01-31 16:00:00+00:00,146.179,146.872,146.007,146.375,92266.65
2024-01-31 20:00:00+00:00,146.382,147.444,146.302,147.006,58982.06
2024-02-01 00:00:00+00:00,147.005,147.08,146.473,146.704,55081.72
2024-02-01 04:00:00+00:00,146.704,147.049,146.617,146.802,46838.72
2024-02-01 08:00:00+00:00,146.804,146.91,146.586,146.842,66935.46
2024-02-01 12:00:00+00:00,146.841,147.114,146.247,146.312,198683.68
2024-02-01 16:00:00+00:00,146.311,146.481,145.896,146.27,143115.03
2024-02-01 20:00:00+00:00,146.269,146.511,146.254,146.459,37355.17
2024-02-02 00:00:00+00:00,146.46,146.494,146.24,146.377,57591.23
2024-02-02 04:00:00+00:00,146.379,146.636,146.318,146.622,78805.66
2024-02-02 08:00:00+00:00,146.625,146.798,146.459,146.531,87459.14
2024-02-02 12:00:00+00:00,146.53,148.342,146.508,148.277,195058.68
2024-02-02 16:00:00+00:00,148.278,148.583,148.194,148.327,110012.54
2024-02-02 20:00:00+00:00,148.328,148.404,148.245,148.308,19758.37
2024-02-04 20:00:00+00:00,148.381,148.673,148.33,148.512,9607.73
2024-02-05 00:00:00+00:00,148.512,148.82,148.351,148.4,87256.74
2024-02-05 04:00:00+00:00,148.399,148.502,148.266,148.477,84956.54
2024-02-05 08:00:00+00:00,148.478,148.605,148.307,148.435,91722.28
2024-02-05 12:00:00+00:00,148.434,148.875,148.394,148.874,151661.75
2024-02-05 16:00:00+00:00,148.874,148.892,148.503,148.698,81775.5
2024-02-05 20:00:00+00:00,148.699,148.765,148.597,148.664,28172.01
2024-02-06 00:00:00+00:00,148.663,148.671,148.464,148.629,58540.48
2024-02-06 04:00:00+00:00,148.628,148.63,148.358,148.513,79840.96
2024-02-06 08:00:00+00:00,148.514,148.787,148.491,148.679,100756.87
2024-02-06 12:00:00+00:00,148.679,148.784,147.997,148.093,153808.8
2024-02-06 16:00:00+00:00,148.095,148.187,147.815,147.962,97641.53
2024-02-06 20:00:00+00:00,147.964,147.964,147.74,147.818,29184.82
2024-02-07 00:00:00+00:00,147.82,147.988,147.709,147.898,35361.58
2024-02-07 04:00:00+00:00,147.899,148.06,147.749,147.821,46225.59
2024-02-07 08:00:00+00:00,147.819,148.155,147.81,148.084,83345.49
2024-02-07 12:00:00+00:00,148.082,148.257,147.618,147.942,152247.48
2024-02-07 16:00:00+00:00,147.942,148.188,147.873,148.132,67454.46
2024-02-07 20:00:00+00:00,148.134,148.195,147.994,148.085,21201.97
2024-02-08 00:00:00+00:00,148.086,148.402,147.93,148.351,95347.99
2024-02-08 04:00:00+00:00,148.352,148.807,148.328,148.732,94393.51
2024-02-08 08:00:00+00:00,148.732,149.25,148.647,149.159,117154.28
2024-02-08 12:00:00+00:00,149.161,149.477,149.085,149.431,126161.95
2024-02-08 16:00:00+00:00,149.431,149.454,149.122,149.387,95700.52
2024-02-08 20:00:00+00:00,149.386,149.394,149.251,149.261,35486.26
2024-02-09 00:00:00+00:00,149.262,149.488,149.234,149.435,64011.18
2024-02-09 04:00:00+00:00,149.433,149.464,149.213,149.396,58135.29
2024-02-09 08:00:00+00:00,149.397,149.575,149.259,149.397,104737.46
2024-02-09 12:00:00+00:00,149.401,149.535,149.005,149.322,113464.61
2024-02-09 16:00:00+00:00,149.323,149.415,149.273,149.353,69256.22
2024-02-09 20:00:00+00:00,149.353,149.364,149.244,149.256,18957.27
2024-02-11 20:00:00+00:00,149.213,149.314,149.078,149.179,10155.28
2024-02-12 00:00:00+00:00,149.179,149.25,149.107,149.248,54264.13
2024-02-12 04:00:00+00:00,149.249,149.251,149.044,149.094,75461.22
2024-02-12 08:00:00+00:00,149.095,149.194,148.987,149.022,87749.89
2024-02-12 12:00:00+00:00,149.022,149.476,148.926,149.459,98409.31
2024-02-12 16:00:00+00:00,149.46,149.478,149.238,149.411,68419.0
2024-02-12 20:00:00+00:00,149.412,149.412,149.263,149.404,25001.6
2024-02-13 00:00:00+00:00,149.404,149.529,149.28,149.529,58118.71
2024-02-13 04:00:00+00:00,149.53,149.651,149.445,149.588,71631.48
2024-02-13 08:00:00+00:00,149.588,149.692,149.374,149.374,78721.88
2024-02-13 12:00:00+00:00,149.376,150.607,149.224,150.592,113722.2
2024-02-13 16:00:00+00:00,150.594,150.883,150.512,150.869,71775.66
2024-02-13 20:00:00+00:00,150.87,150.875,150.562,150.723,31645.82
2024-02-14 00:00:00+00:00,150.722,150.775,150.496,150.515,56173.61
2024-02-14 04:00:00+00:00,150.517,150.553,150.343,150.451,52606.5
2024-02-14 08:00:00+00:00,150.45,150.682,150.396,150.576,52890.15
2024-02-14 12:00:00+00:00,150.576,150.75,150.49,150.617,74405.9
2024-02-14 16:00:00+00:00,150.617,150.62,150.35,150.559,55622.44
2024-02-14 20:00:00+00:00,150.56,150.624,150.419,150.556,20782.62
2024-02-15 00:00:00+00:00,150.555,150.555,150.139,150.269,52983.14
2024-02-15 04:00:00+00:00,150.269,150.272,150.053,150.202,48979.57
2024-02-15 08:00:00+00:00,150.203,150.217,149.921,150.072,43745.15
2024-02-15 12:00:00+00:00,150.073,150.134,149.523,150.05,111634.11
2024-02-15 16:00:00+00:00,150.052,150.245,149.853,149.954,64859.76
2024-02-15 20:00:00+00:00,149.954,150.006,149.823,149.959,21736.7
2024-02-16 00:00:00+00:00,149.958,150.365,149.923,150.31,91600.48
2024-02-16 04:00:00+00:00,150.311,150.348,150.138,150.233,71091.43
2024-02-16 08:00:00+00:00,150.234,150.306,150.141,150.179,81691.55
2024-02-16 12:00:00+00:00,150.178,150.645,150.111,150.24,126828.41
2024-02-16 16:00:00+00:00,150.24,150.394,150.084,150.231,54340.38
2024-02-16 20:00:00+00:00,150.23,150.286,150.163,150.181,13835.34
2024-02-18 20:00:00+00:00,150.078,150.195,150.032,150.148,7955.75
2024-02-19 00:00:00+00:00,150.147,150.147,149.871,149.933,45941.02
2024-02-19 04:00:00+00:00,149.934,150.039,149.93,149.975,35551.79
2024-02-19 08:00:00+00:00,149.975,150.003,149.89,149.985,43160.2
2024-02-19 12:00:00+00:00,149.986,150.161,149.936,150.159,50542.84
2024-02-19 16:00:00+00:00,150.161,150.191,150.129,150.135,15013.31
2024-02-19 20:00:00+00:00,150.136,150.301,150.062,150.271,12136.77
2024-02-20 00:00:00+00:00,150.27,150.366,150.191,150.319,57251.4
2024-02-20 04:00:00+00:00,150.318,150.437,150.289,150.359,44808.03
2024-02-20 08:00:00+00:00,150.359,150.387,150.106,150.226,53669.45
2024-02-20 12:00:00+00:00,150.226,150.226,149.683,149.784,85009.68
2024-02-20 16:00:00+00:00,149.784,150.027,149.741,150.02,54690.49
2024-02-20 20:00:00+00:00,150.02,150.069,149.884,149.964,27219.21
2024-02-21 00:00:00+00:00,149.966,150.091,149.851,149.872,48486.53
2024-02-21 04:00:00+00:00,149.873,150.15,149.865,150.144,51993.82
2024-02-21 08:00:00+00:00,150.146,150.186,149.979,150.067,64808.95
2024-02-21 12:00:00+00:00,150.066,150.262,149.932,150.248,66944.34
2024-02-21 16:00:00+00:00,150.248,150.391,150.128,150.197,69598.88
2024-02-21 20:00:00+00:00,150.197,150.381,150.173,150.339,33093.73
2024-02-22 00:00:00+00:00,150.338,150.456,150.296,150.426,56840.6
2024-02-22 04:00:00+00:00,150.425,150.45,150.082,150.132,46166.22
2024-02-22 08:00:00+00:00,150.133,150.288,150.015,150.218,43363.5
2024-02-22 12:00:00+00:00,150.218,150.643,150.206,150.504,66469.48
2024-02-22 16:00:00+00:00,150.503,150.688,150.476,150.551,61367.89
2024-02-22 20:00:00+00:00,150.551,150.569,150.448,150.473,21468.65
2024-02-23 00:00:00+00:00,150.473,150.559,150.37,150.481,33308.34
2024-02-23 04:00:00+00:00,150.479,150.65,150.456,150.555,32488.11
2024-02-23 08:00:00+00:00,150.556,150.767,150.527,150.653,61449.73
2024-02-23 12:00:00+00:00,150.654,150.654,150.32,150.528,71633.04
2024-02-23 16:00:00+00:00,150.528,150.537,150.292,150.457,38799.82
2024-02-23 20:00:00+00:00,150.456,150.544,150.441,150.473,14849.43
2024-02-25 20:00:00+00:00,150.46,150.562,150.336,150.5,8970.44
2024-02-26 00:00:00+00:00,150.501,150.501,150.292,150.475,32653.14
2024-02-26 04:00:00+00:00,150.476,150.518,150.363,150.454,41429.64
2024-02-26 08:00:00+00:00,150.452,150.696,150.402,150.686,46463.56
2024-02-26 12:00:00+00:00,150.686,150.807,150.523,150.749,74483.54
2024-02-26 16:00:00+00:00,150.748,150.837,150.72,150.763,45001.97
2024-02-26 20:00:00+00:00,150.763,150.763,150.503,150.572,23147.17
2024-02-27 00:00:00+00:00,150.57,150.609,150.423,150.423,23229.54
2024-02-27 04:00:00+00:00,150.422,150.537,150.322,150.353,22506.43
2024-02-27 08:00:00+00:00,150.354,150.375,150.116,150.312,39460.73
2024-02-27 12:00:00+00:00,150.312,150.547,150.073,150.436,61138.96
2024-02-27 16:00:00+00:00,150.436,150.581,150.298,150.53,46345.58
2024-02-27 20:00:00+00:00,150.53,150.535,150.456,150.513,15512.97
2024-02-28 00:00:00+00:00,150.516,150.539,150.373,150.53,42610.86
2024-02-28 04:00:00+00:00,150.531,150.75,150.514,150.739,43906.63
2024-02-28 08:00:00+00:00,150.74,150.797,150.608,150.631,51099.73
2024-02-28 12:00:00+00:00,150.629,150.842,150.525,150.81,72800.48
2024-02-28 16:00:00+00:00,150.81,150.816,150.641,150.695,63851.26
2024-02-28 20:00:00+00:00,150.695,150.724,150.533,150.658,27011.31
2024-02-29 00:00:00+00:00,150.656,150.656,149.711,149.812,45352.0
2024-02-29 04:00:00+00:00,149.812,150.105,149.622,149.661,47155.99
2024-02-29 08:00:00+00:00,149.669,150.106,149.61,149.971,54615.24
2024-02-29 12:00:00+00:00,149.971,150.15,149.208,149.641,82237.83
2024-02-29 16:00:00+00:00,149.641,150.045,149.634,149.966,57227.06
2024-02-29 20:00:00+00:00,149.966,150.179,149.903,150.068,30153.54
2024-03-01 00:00:00+00:00,150.07,150.413,150.058,150.324,73782.31
2024-03-01 04:00:00+00:00,150.323,150.497,150.323,150.496,54996.39
2024-03-01 08:00:00+00:00,150.498,150.685,150.306,150.388,83109.77
2024-03-01 12:00:00+00:00,150.39,150.72,150.084,150.122,131363.42
2024-03-01 16:00:00+00:00,150.122,150.267,150.05,150.115,89873.62
2024-03-01 20:00:00+00:00,150.114,150.16,150.051,150.064,12985.78
2024-03-03 20:00:00+00:00,149.944,150.153,149.944,150.13,6774.56
2024-03-04 00:00:00+00:00,150.129,150.208,149.837,150.16,40873.22
2024-03-04 04:00:00+00:00,150.159,150.399,150.139,150.308,34866.18
2024-03-04 08:00:00+00:00,150.307,150.465,150.173,150.423,54715.05
2024-03-04 12:00:00+00:00,150.422,150.568,150.31,150.485,65389.66
2024-03-04 16:00:00+00:00,150.485,150.563,150.431,150.55,47858.54
2024-03-04 20:00:00+00:00,150.551,150.557,150.38,150.453,23384.75
2024-03-05 00:00:00+00:00,150.457,150.537,150.351,150.5,38096.08
2024-03-05 04:00:00+00:00,150.499,150.545,150.347,150.419,45193.72
2024-03-05 08:00:00+00:00,150.419,150.485,150.343,150.417,53017.79
2024-03-05 12:00:00+00:00,150.416,150.439,149.701,149.983,117039.73
2024-03-05 16:00:00+00:00,149.982,150.226,149.924,149.934,72987.27
2024-03-05 20:00:00+00:00,149.933,150.079,149.815,150.049,27298.7
2024-03-06 00:00:00+00:00,150.05,150.084,149.891,149.979,21414.51
2024-03-06 04:00:00+00:00,149.976,150.021,149.324,149.534,35404.01
2024-03-06 08:00:00+00:00,149.535,149.865,149.53,149.711,36322.3
2024-03-06 12:00:00+00:00,149.71,149.741,149.261,149.365,62130.26
2024-03-06 16:00:00+00:00,149.366,149.448,149.094,149.344,43139.0
2024-03-06 20:00:00+00:00,149.344,149.47,149.193,149.261,21048.05
2024-03-07 00:00:00+00:00,149.259,149.259,148.557,148.667,49688.44
2024-03-07 04:00:00+00:00,148.669,148.681,147.935,147.938,51175.86
2024-03-07 08:00:00+00:00,147.938,148.109,147.768,147.838,55833.95
2024-03-07 12:00:00+00:00,147.836,148.297,147.582,148.139,98185.14
2024-03-07 16:00:00+00:00,148.138,148.234,147.89,148.005,46905.36
2024-03-07 20:00:00+00:00,148.005,148.108,147.827,147.864,16478.96
2024-03-08 00:00:00+00:00,147.862,148.117,147.521,147.812,41472.8
2024-03-08 04:00:00+00:00,147.812,148.044,147.773,147.881,32183.74
2024-03-08 08:00:00+00:00,147.882,147.968,146.874,147.099,49705.38
2024-03-08 12:00:00+00:00,147.098,147.496,146.481,147.031,86019.45
2024-03-08 16:00:00+00:00,147.032,147.258,146.986,147.048,63378.44
2024-03-08 20:00:00+00:00,147.048,147.111,147.03,147.03,9541.97
2024-03-10 20:00:00+00:00,146.915,147.126,146.706,146.795,16467.13
2024-03-11 00:00:00+00:00,146.796,147.087,146.537,146.936,31829.52
2024-03-11 04:00:00+00:00,146.935,147.081,146.731,146.747,30448.65
2024-03-11 08:00:00+00:00,146.747,146.855,146.483,146.642,51474.83
2024-03-11 12:00:00+00:00,146.647,147.144,146.619,146.857,99988.94
2024-03-11 16:00:00+00:00,146.857,147.053,146.741,146.965,73324.73
2024-03-11 20:00:00+00:00,146.964,146.978,146.714,146.735,25901.58
2024-03-12 00:00:00+00:00,146.737,147.432,146.619,147.39,65882.69
2024-03-12 04:00:00+00:00,147.389,147.594,147.209,147.334,84349.45
2024-03-12 08:00:00+00:00,147.334,147.567,147.28,147.435,71817.95
2024-03-12 12:00:00+00:00,147.436,148.161,147.065,147.693,138778.64
2024-03-12 16:00:00+00:00,147.693,147.796,147.641,147.677,66255.69
2024-03-12 20:00:00+00:00,147.678,147.692,147.544,147.62,15907.17
2024-03-13 00:00:00+00:00,147.62,147.635,147.232,147.38,47925.29
2024-03-13 04:00:00+00:00,147.378,147.788,147.373,147.678,48728.62
2024-03-13 08:00:00+00:00,147.677,148.045,147.64,147.972,76941.66
2024-03-13 12:00:00+00:00,147.973,148.013,147.684,147.737,99360.66
2024-03-13 16:00:00+00:00,147.738,147.855,147.458,147.842,68467.29
2024-03-13 20:00:00+00:00,147.842,147.85,147.585,147.589,15595.56
2024-03-14 00:00:00+00:00,147.588,147.926,147.527,147.856,61730.57
2024-03-14 04:00:00+00:00,147.857,147.971,147.811,147.867,69327.94
2024-03-14 08:00:00+00:00,147.865,147.916,147.668,147.7,69922.15
2024-03-14 12:00:00+00:00,147.7,148.319,147.43,148.189,218394.45
2024-03-14 16:00:00+00:00,148.189,148.355,148.101,148.233,79041.54
2024-03-14 20:00:00+00:00,148.233,148.339,148.209,148.303,14024.38
2024-03-15 00:00:00+00:00,148.302,148.659,148.267,148.375,48942.1
2024-03-15 04:00:00+00:00,148.375,148.6,148.03,148.568,51468.26
2024-03-15 08:00:00+00:00,148.567,148.831,148.567,148.649,53688.87
2024-03-15 12:00:00+00:00,148.65,149.142,148.62,149.136,78982.5
2024-03-15 16:00:00+00:00,149.137,149.163,148.976,149.076,47456.01
2024-03-15 20:00:00+00:00,149.079,149.097,148.979,148.982,6517.35
2024-03-17 20:00:00+00:00,148.944,149.088,148.935,148.955,11522.06
2024-03-18 00:00:00+00:00,148.955,149.328,148.907,149.09,47658.13
2024-03-18 04:00:00+00:00,149.09,149.311,149.065,149.121,43090.1
2024-03-18 08:00:00+00:00,149.121,149.244,149.015,149.028,42229.79
2024-03-18 12:00:00+00:00,149.027,149.3,149.008,149.134,49772.3
2024-03-18 16:00:00+00:00,149.134,149.209,148.918,149.188,29682.18
2024-03-18 20:00:00+00:00,149.189,149.191,149.029,149.154,10404.66
2024-03-19 00:00:00+00:00,149.153,149.921,149.001,149.702,75816.07
2024-03-19 04:00:00+00:00,149.701,150.483,149.67,150.257,120659.46
2024-03-19 08:00:00+00:00,150.259,150.7,150.196,150.388,54759.53
2024-03-19 12:00:00+00:00,150.386,150.851,150.34,150.731,98430.41
2024-03-19 16:00:00+00:00,150.73,150.962,150.712,150.891,57008.28
2024-03-19 20:00:00+00:00,150.894,151.065,150.763,151.023,19369.4
2024-03-20 00:00:00+00:00,151.021,151.34,151.001,151.315,79517.04
2024-03-20 04:00:00+00:00,151.316,151.583,151.313,151.484,90276.23
2024-03-20 08:00:00+00:00,151.484,151.764,151.421,151.707,41836.35
2024-03-20 12:00:00+00:00,151.708,151.816,151.533,151.661,40254.5
2024-03-20 16:00:00+00:00,151.661,151.709,150.715,151.214,76579.01
2024-03-20 20:00:00+00:00,151.214,151.402,150.678,150.738,36623.18
2024-03-21 00:00:00+00:00,150.737,150.865,150.263,150.488,60664.56
2024-03-21 04:00:00+00:00,150.487,151.224,150.449,151.22,46932.5
2024-03-21 08:00:00+00:00,151.22,151.456,150.869,151.11,61788.9
2024-03-21 12:00:00+00:00,151.109,151.668,151.011,151.593,70796.51
2024-03-21 16:00:00+00:00,151.592,151.752,151.569,151.684,22560.04
2024-03-21 20:00:00+00:00,151.683,151.699,151.542,151.633,14306.21
2024-03-22 00:00:00+00:00,151.629,151.862,151.419,151.567,62447.25
2024-03-22 04:00:00+00:00,151.566,151.605,151.256,151.418,56540.89
2024-03-22 08:00:00+00:00,151.42,151.649,151.301,151.466,40071.46
2024-03-22 12:00:00+00:00,151.466,151.489,151.003,151.348,62987.48
2024-03-22 16:00:00+00:00,151.347,151.484,151.332,151.424,30047.57
2024-03-22 20:00:00+00:00,151.425,151.451,151.343,151.431,4805.39
2024-03-24 20:00:00+00:00,151.305,151.435,151.084,151.312,9664.48
2024-03-25 00:00:00+00:00,151.311,151.424,151.052,151.235,57391.65
2024-03-25 04:00:00+00:00,151.234,151.385,151.168,151.322,42464.47
2024-03-25 08:00:00+00:00,151.322,151.44,151.221,151.295,44971.16
2024-03-25 12:00:00+00:00,151.295,151.431,151.122,151.419,48408.34
2024-03-25 16:00:00+00:00,151.421,151.544,151.416,151.444,52023.9
2024-03-25 20:00:00+00:00,151.444,151.468,151.357,151.379,15046.6
2024-03-26 00:00:00+00:00,151.377,151.442,151.217,151.405,60801.72
2024-03-26 04:00:00+00:00,151.403,151.424,151.26,151.319,52157.43
2024-03-26 08:00:00+00:00,151.32,151.39,151.206,151.385,68235.32
2024-03-26 12:00:00+00:00,151.388,151.602,151.3,151.581,85531.64
2024-03-26 16:00:00+00:00,151.58,151.584,151.441,151.578,63258.85
2024-03-26 20:00:00+00:00,151.577,151.581,151.494,151.52,14741.4
2024-03-27 00:00:00+00:00,151.521,151.97,151.446,151.696,73145.03
2024-03-27 04:00:00+00:00,151.699,151.804,151.592,151.705,59397.94
2024-03-27 08:00:00+00:00,151.706,151.837,151.025,151.231,123302.68
2024-03-27 12:00:00+00:00,151.231,151.379,151.165,151.343,44921.5
2024-03-27 16:00:00+00:00,151.345,151.425,151.278,151.323,28769.15
2024-03-27 20:00:00+00:00,151.322,151.4,151.241,151.293,33520.26
2024-03-28 00:00:00+00:00,151.292,151.544,151.258,151.361,67647.47
2024-03-28 04:00:00+00:00,151.367,151.448,151.25,151.436,52665.62
2024-03-28 08:00:00+00:00,151.436,151.502,151.332,151.366,48298.69
2024-03-28 12:00:00+00:00,151.368,151.4,151.149,151.34,64782.52
2024-03-28 16:00:00+00:00,151.341,151.423,151.244,151.387,35800.22
2024-03-28 20:00:00+00:00,151.387,151.47,151.355,151.443,12509.01
2024-03-29 00:00:00+00:00,151.442,151.496,151.181,151.287,34251.42
2024-03-29 04:00:00+00:00,151.288,151.474,151.265,151.342,24479.99
2024-03-29 08:00:00+00:00,151.342,151.363,151.281,151.345,12960.9
2024-03-29 12:00:00+00:00,151.337,151.367,151.167,151.225,18375.42
2024-03-29 16:00:00+00:00,151.221,151.39,151.218,151.323,14537.75
2024-03-29 20:00:00+00:00,151.328,151.375,151.283,151.307,698.77
2024-03-31 20:00:00+00:00,151.246,151.428,151.219,151.401,11250.26
2024-04-01 00:00:00+00:00,151.401,151.429,151.248,151.346,30911.25
2024-04-01 04:00:00+00:00,151.345,151.409,151.301,151.339,26842.72
2024-04-01 08:00:00+00:00,151.34,151.401,151.326,151.389,33120.13
2024-04-01 12:00:00+00:00,151.389,151.771,151.384,151.722,91516.74
2024-04-01 16:00:00+00:00,151.722,151.742,151.573,151.646,40535.49
2024-04-01 20:00:00+00:00,151.646,151.678,151.57,151.594,16013.28
2024-04-02 00:00:00+00:00,151.594,151.783,151.501,151.76,56526.48
2024-04-02 04:00:00+00:00,151.761,151.801,151.66,151.674,57734.53
2024-04-02 08:00:00+00:00,151.673,151.714,151.554,151.653,58229.88
2024-04-02 12:00:00+00:00,151.653,151.714,151.461,151.549,93761.0
2024-04-02 16:00:00+00:00,151.549,151.615,151.537,151.566,45013.02
2024-04-02 20:00:00+00:00,151.566,151.597,151.49,151.545,15017.44
2024-04-03 00:00:00+00:00,151.545,151.639,151.439,151.561,44734.44
2024-04-03 04:00:00+00:00,151.561,151.734,151.532,151.676,48286.68
2024-04-03 08:00:00+00:00,151.677,151.799,151.677,151.772,45888.3
2024-04-03 12:00:00+00:00,151.771,151.953,151.644,151.677,99494.99
2024-04-03 16:00:00+00:00,151.678,151.761,151.577,151.679,36300.76
2024-04-03 20:00:00+00:00,151.679,151.703,151.563,151.581,17065.64
2024-04-04 00:00:00+00:00,151.581,151.722,151.537,151.671,58206.29
2024-04-04 04:00:00+00:00,151.674,151.755,151.597,151.688,54618.87
2024-04-04 08:00:00+00:00,151.688,151.76,151.611,151.742,50711.41
2024-04-04 12:00:00+00:00,151.742,151.77,151.503,151.662,83591.97
2024-04-04 16:00:00+00:00,151.662,151.685,151.119,151.231,84384.79
2024-04-04 20:00:00+00:00,151.231,151.351,151.187,151.293,25207.06
2024-04-05 00:00:00+00:00,151.292,151.338,150.81,151.261,91764.6
2024-04-05 04:00:00+00:00,151.262,151.353,151.091,151.336,65106.71
2024-04-05 08:00:00+00:00,151.336,151.45,151.306,151.373,62713.02
2024-04-05 12:00:00+00:00,151.372,151.75,151.27,151.59,139031.46
2024-04-05 16:00:00+00:00,151.59,151.649,151.526,151.646,62444.01
2024-04-05 20:00:00+00:00,151.646,151.647,151.604,151.617,4857.42
2024-04-07 20:00:00+00:00,151.569,151.729,151.54,151.68,16656.06
2024-04-08 00:00:00+00:00,151.679,151.816,151.67,151.767,62531.43
2024-04-08 04:00:00+00:00,151.769,151.876,151.752,151.869,60111.79
2024-04-08 08:00:00+00:00,151.87,151.922,151.825,151.918,42096.7
2024-04-08 12:00:00+00:00,151.918,151.941,151.717,151.785,44918.99
2024-04-08 16:00:00+00:00,151.787,151.844,151.717,151.833,21836.73
2024-04-08 20:00:00+00:00,151.832,151.858,151.74,151.832,12922.87
2024-04-09 00:00:00+00:00,151.833,151.92,151.788,151.855,42489.81
2024-04-09 04:00:00+00:00,151.856,151.935,151.847,151.902,40974.23
2024-04-09 08:00:00+00:00,151.903,151.911,151.726,151.828,53837.65
2024-04-09 12:00:00+00:00,151.827,151.843,151.568,151.729,83542.89
2024-04-09 16:00:00+00:00,151.729,151.787,151.653,151.736,44987.66
2024-04-09 20:00:00+00:00,151.736,151.787,151.687,151.776,11180.32
2024-04-10 00:00:00+00:00,151.777,151.782,151.68,151.754,64562.69
2024-04-10 04:00:00+00:00,151.754,151.842,151.744,151.841,50537.58
2024-04-10 08:00:00+00:00,151.841,151.883,151.808,151.841,38234.62
2024-04-10 12:00:00+00:00,151.838,152.943,151.772,152.902,143399.59
2024-04-10 16:00:00+00:00,152.902,152.982,152.637,152.96,41848.78
2024-04-10 20:00:00+00:00,152.96,153.238,152.808,152.951,19966.11
2024-04-11 00:00:00+00:00,152.951,153.004,152.759,152.946,45910.76
2024-04-11 04:00:00+00:00,152.946,153.205,152.865,153.135,49516.93
2024-04-11 08:00:00+00:00,153.131,153.288,153.022,153.088,56750.75
2024-04-11 12:00:00+00:00,153.086,153.318,152.796,153.193,106356.65
2024-04-11 16:00:00+00:00,153.192,153.303,153.086,153.2,48320.68
2024-04-11 20:00:00+00:00,153.2,153.282,153.166,153.194,11550.12
2024-04-12 00:00:00+00:00,153.195,153.298,152.962,153.204,39616.72
2024-04-12 04:00:00+00:00,153.206,153.383,153.131,153.248,42121.25
2024-04-12 08:00:00+00:00,153.247,153.35,153.156,153.16,49114.74
2024-04-12 12:00:00+00:00,153.16,153.183,152.59,153.121,103897.03
2024-04-12 16:00:00+00:00,153.12,153.244,153.048,153.237,48190.83
2024-04-12 20:00:00+00:00,153.238,153.324,153.213,153.24,4278.51
2024-04-14 20:00:00+00:00,153.034,153.32,152.966,153.308,15254.44
2024-04-15 00:00:00+00:00,153.305,153.744,153.279,153.671,41730.19
2024-04-15 04:00:00+00:00,153.671,153.968,153.666,153.905,55162.92
2024-04-15 08:00:00+00:00,153.905,153.951,153.695,153.911,56186.38
2024-04-15 12:00:00+00:00,153.911,154.445,153.855,154.257,116195.88
2024-04-15 16:00:00+00:00,154.256,154.322,154.113,154.222,34222.51
2024-04-15 20:00:00+00:00,154.223,154.274,154.144,154.213,11709.77
2024-04-16 00:00:00+00:00,154.216,154.42,154.13,154.352,37491.79
2024-04-16 04:00:00+00:00,154.347,154.604,154.233,154.39,55191.17
2024-04-16 08:00:00+00:00,154.39,154.704,154.376,154.618,52251.87
2024-04-16 12:00:00+00:00,154.618,154.767,153.898,154.572,94820.03
2024-04-16 16:00:00+00:00,154.573,154.784,154.537,154.628,50026.98
2024-04-16 20:00:00+00:00,154.629,154.73,154.629,154.699,13231.76
2024-04-17 00:00:00+00:00,154.698,154.733,154.601,154.648,27878.28
2024-04-17 04:00:00+00:00,154.646,154.677,154.454,154.61,38559.68
2024-04-17 08:00:00+00:00,154.611,154.659,154.47,154.63,30535.98
2024-04-17 12:00:00+00:00,154.629,154.71,154.524,154.611,38873.97
2024-04-17 16:00:00+00:00,154.612,154.612,154.157,154.333,38842.4
2024-04-17 20:00:00+00:00,154.333,154.403,154.177,154.339,15903.75
2024-04-18 00:00:00+00:00,154.338,154.408,153.956,154.236,50725.23
2024-04-18 04:00:00+00:00,154.237,154.353,154.066,154.266,42051.97
2024-04-18 08:00:00+00:00,154.267,154.51,154.254,154.37,41501.98
2024-04-18 12:00:00+00:00,154.372,154.647,154.317,154.612,80137.71
2024-04-18 16:00:00+00:00,154.611,154.679,154.549,154.619,27620.04
2024-04-18 20:00:00+00:00,154.62,154.678,154.534,154.613,7714.51
2024-04-19 00:00:00+00:00,154.614,154.672,153.586,154.309,104677.57
2024-04-19 04:00:00+00:00,154.31,154.526,154.208,154.474,86062.98
2024-04-19 08:00:00+00:00,154.476,154.607,154.342,154.6,60748.01
2024-04-19 12:00:00+00:00,154.599,154.631,154.457,154.546,48453.83
2024-04-19 16:00:00+00:00,154.548,154.638,154.542,154.603,25334.73
2024-04-19 20:00:00+00:00,154.604,154.653,154.519,154.562,4372.04
2024-04-21 20:00:00+00:00,154.547,154.69,154.387,154.633,9406.8
2024-04-22 00:00:00+00:00,154.637,154.736,154.584,154.686,28733.87
2024-04-22 04:00:00+00:00,154.685,154.761,154.592,154.656,37393.44
2024-04-22 08:00:00+00:00,154.659,154.779,154.626,154.761,30476.5
2024-04-22 12:00:00+00:00,154.761,154.787,154.682,154.772,37737.1
2024-04-22 16:00:00+00:00,154.773,154.848,154.754,154.833,24481.05
2024-04-22 20:00:00+00:00,154.833,154.844,154.77,154.813,7129.83
2024-04-23 00:00:00+00:00,154.813,154.824,154.655,154.751,28528.58
2024-04-23 04:00:00+00:00,154.751,154.86,154.715,154.821,27408.74
2024-04-23 08:00:00+00:00,154.819,154.862,154.761,154.801,28695.25
2024-04-23 12:00:00+00:00,154.801,154.875,154.571,154.817,71294.89
2024-04-23 16:00:00+00:00,154.815,154.835,154.55,154.821,26920.21
2024-04-23 20:00:00+00:00,154.82,154.835,154.729,154.748,8633.11
2024-04-24 00:00:00+00:00,154.747,154.853,154.739,154.846,22867.18
2024-04-24 04:00:00+00:00,154.848,154.969,154.768,154.901,32442.06
2024-04-24 08:00:00+00:00,154.9,154.944,154.861,154.927,24840.85
2024-04-24 12:00:00+00:00,154.926,155.17,154.763,155.117,67389.96
2024-04-24 16:00:00+00:00,155.117,155.372,155.061,155.297,26542.53
2024-04-24 20:00:00+00:00,155.296,155.37,155.195,155.268,10353.45
2024-04-25 00:00:00+00:00,155.268,155.516,155.243,155.461,31242.88
2024-04-25 04:00:00+00:00,155.46,155.739,155.449,155.628,45421.64
2024-04-25 08:00:00+00:00,155.628,155.691,155.493,155.555,34950.48
2024-04-25 12:00:00+00:00,155.556,155.747,155.305,155.518,109292.67
2024-04-25 16:00:00+00:00,155.522,155.642,155.474,155.63,37244.73
2024-04-25 20:00:00+00:00,155.63,155.651,155.508,155.621,11059.36
2024-04-26 00:00:00+00:00,155.621,156.141,155.41,155.942,40947.83
2024-04-26 04:00:00+00:00,155.943,156.82,155.908,156.701,42784.19
2024-04-26 08:00:00+00:00,156.703,156.865,154.965,156.817,65560.74
2024-04-26 12:00:00+00:00,156.816,157.671,156.606,157.62,116810.9
2024-04-26 16:00:00+00:00,157.62,157.896,157.579,157.889,34458.11
2024-04-26 20:00:00+00:00,157.889,158.439,157.854,158.291,8913.2
2024-04-28 20:00:00+00:00,157.806,158.431,157.703,158.2,17366.75
2024-04-29 00:00:00+00:00,158.201,160.203,158.048,159.396,48183.37
2024-04-29 04:00:00+00:00,159.396,159.594,154.523,155.561,185400.86
2024-04-29 08:00:00+00:00,155.561,156.383,155.062,156.225,77468.07
2024-04-29 12:00:00+00:00,156.225,156.891,156.091,156.715,82605.88
2024-04-29 16:00:00+00:00,156.713,156.731,155.086,156.037,60823.67
2024-04-29 20:00:00+00:00,156.035,156.387,156.013,156.332,18988.27
2024-04-30 00:00:00+00:00,156.325,156.999,156.166,156.734,45646.58
2024-04-30 04:00:00+00:00,156.733,156.948,156.472,156.864,49755.83
2024-04-30 08:00:00+00:00,156.862,156.978,156.817,156.955,25597.34
2024-04-30 12:00:00+00:00,156.957,157.573,156.809,157.545,56836.33
2024-04-30 16:00:00+00:00,157.54,157.76,157.435,157.707,15116.86
2024-04-30 20:00:00+00:00,157.711,157.842,157.633,157.747,27727.84
2024-05-01 00:00:00+00:00,157.747,157.932,157.685,157.914,40255.8
2024-05-01 04:00:00+00:00,157.915,157.985,157.816,157.88,32908.66
2024-05-01 08:00:00+00:00,157.882,157.981,157.856,157.874,24773.34
2024-05-01 12:00:00+00:00,157.874,157.922,157.383,157.646,63152.73
2024-05-01 16:00:00+00:00,157.648,157.756,157.002,157.477,82863.34
2024-05-01 20:00:00+00:00,157.493,157.585,152.989,155.727,82501.5
2024-05-02 00:00:00+00:00,155.726,156.283,155.652,155.943,43915.56
2024-05-02 04:00:00+00:00,155.942,156.074,155.163,155.498,48214.02
2024-05-02 08:00:00+00:00,155.497,155.553,154.668,154.741,71074.74
2024-05-02 12:00:00+00:00,154.739,154.865,153.472,153.782,155077.8
2024-05-02 16:00:00+00:00,153.782,153.924,153.056,153.188,74478.15
2024-05-02 20:00:00+00:00,153.188,153.821,152.876,153.134,31513.7
2024-05-03 00:00:00+00:00,153.132,153.446,152.748,153.006,51296.8
2024-05-03 04:00:00+00:00,153.005,153.313,152.81,153.298,58588.3
2024-05-03 08:00:00+00:00,153.297,153.332,152.95,153.202,57753.02
2024-05-03 12:00:00+00:00,153.199,153.306,151.857,152.857,158185.46
2024-05-03 16:00:00+00:00,152.854,152.981,152.749,152.889,37398.56
2024-05-03 20:00:00+00:00,152.888,153.008,152.848,153.008,4691.47
2024-05-05 20:00:00+00:00,152.886,153.703,152.764,153.655,11932.19
2024-05-06 00:00:00+00:00,153.658,153.969,153.318,153.918,42408.15
2024-05-06 04:00:00+00:00,153.924,154.005,153.659,153.802,36995.58
2024-05-06 08:00:00+00:00,153.801,153.878,153.683,153.75,34600.91
2024-05-06 12:00:00+00:00,153.75,154.001,153.411,153.855,51883.68
2024-05-06 16:00:00+00:00,153.856,153.963,153.817,153.938,41281.92
2024-05-06 20:00:00+00:00,153.936,154.281,153.843,154.239,9535.47
2024-05-07 00:00:00+00:00,154.239,154.592,153.87,154.55,54361.15
2024-05-07 04:00:00+00:00,154.551,154.649,154.079,154.113,45588.86
2024-05-07 08:00:00+00:00,154.114,154.63,153.976,154.525,58652.15
2024-05-07 12:00:00+00:00,154.525,154.629,154.236,154.592,56396.31
2024-05-07 16:00:00+00:00,154.588,154.746,154.458,154.635,34772.22
2024-05-07 20:00:00+00:00,154.635,154.84,154.496,154.771,12986.66
2024-05-08 00:00:00+00:00,154.771,155.263,154.688,155.162,41713.57
2024-05-08 04:00:00+00:00,155.161,155.36,155.081,155.327,40459.15
2024-05-08 08:00:00+00:00,155.327,155.516,155.21,155.491,55859.7
2024-05-08 12:00:00+00:00,155.492,155.683,155.341,155.424,52284.35
2024-05-08 16:00:00+00:00,155.426,155.658,155.419,155.633,35864.6
2024-05-08 20:00:00+00:00,155.632,155.644,155.346,155.376,13097.3
2024-05-09 00:00:00+00:00,155.375,155.694,155.152,155.552,42424.28
2024-05-09 04:00:00+00:00,155.553,155.846,155.538,155.837,31509.57
2024-05-09 08:00:00+00:00,155.837,155.951,155.796,155.879,42413.72
2024-05-09 12:00:00+00:00,155.877,155.917,155.43,155.683,72632.98
2024-05-09 16:00:00+00:00,155.682,155.709,155.409,155.427,31934.1
2024-05-09 20:00:00+00:00,155.426,155.487,155.264,155.394,10437.82
2024-05-10 00:00:00+00:00,155.396,155.772,155.358,155.731,30610.06
2024-05-10 04:00:00+00:00,155.729,155.779,155.497,155.687,45808.09
2024-05-10 08:00:00+00:00,155.686,155.775,155.621,155.741,44255.7
2024-05-10 12:00:00+00:00,155.74,155.903,155.601,155.853,76653.77
2024-05-10 16:00:00+00:00,155.853,155.895,155.751,155.774,22242.76
2024-05-10 20:00:00+00:00,155.773,155.802,155.733,155.761,2335.07
2024-05-12 20:00:00+00:00,155.629,155.833,155.629,155.83,7043.35
2024-05-13 00:00:00+00:00,155.83,155.955,155.502,155.759,37266.92
2024-05-13 04:00:00+00:00,155.761,155.925,155.754,155.882,31982.24
2024-05-13 08:00:00+00:00,155.883,155.917,155.825,155.878,30970.08
2024-05-13 12:00:00+00:00,155.879,156.222,155.684,156.175,60203.08
2024-05-13 16:00:00+00:00,156.175,156.247,156.113,156.214,22992.83
2024-05-13 20:00:00+00:00,156.219,156.241,156.088,156.228,10673.25
2024-05-14 00:00:00+00:00,156.228,156.496,156.223,156.411,26195.89
2024-05-14 04:00:00+00:00,156.414,156.542,156.374,156.462,29249.89
2024-05-14 08:00:00+00:00,156.462,156.49,156.286,156.451,27163.21
2024-05-14 12:00:00+00:00,156.45,156.783,156.229,156.504,78121.67
2024-05-14 16:00:00+00:00,156.504,156.542,156.382,156.462,24359.97
2024-05-14 20:00:00+00:00,156.461,156.524,156.391,156.521,8343.0
2024-05-15 00:00:00+00:00,156.521,156.56,156.306,156.395,23623.21
2024-05-15 04:00:00+00:00,156.393,156.395,155.959,156.097,38944.9
2024-05-15 08:00:00+00:00,156.098,156.121,155.572,155.674,65248.96
2024-05-15 12:00:00+00:00,155.675,155.802,154.74,155.024,118851.17
2024-05-15 16:00:00+00:00,155.024,155.127,154.69,154.967,54499.81
2024-05-15 20:00:00+00:00,154.968,154.969,154.151,154.3,27104.78
2024-05-16 00:00:00+00:00,154.301,154.534,153.598,153.97,71806.79
2024-05-16 04:00:00+00:00,153.969,154.449,153.802,154.414,49603.14
2024-05-16 08:00:00+00:00,154.416,154.942,154.334,154.877,62257.27
2024-05-16 12:00:00+00:00,154.876,155.532,154.608,155.255,96402.89
2024-05-16 16:00:00+00:00,155.256,155.422,155.211,155.417,34165.33
2024-05-16 20:00:00+00:00,155.417,155.454,155.313,155.399,12139.14
2024-05-17 00:00:00+00:00,155.397,155.927,155.348,155.792,49023.49
2024-05-17 04:00:00+00:00,155.793,155.851,155.595,155.822,42246.87
2024-05-17 08:00:00+00:00,155.823,155.977,155.78,155.854,35490.76
2024-05-17 12:00:00+00:00,155.853,155.892,155.247,155.576,63845.96
2024-05-17 16:00:00+00:00,155.575,155.693,155.465,155.672,30905.39
2024-05-17 20:00:00+00:00,155.674,155.722,155.572,155.603,2856.16
2024-05-19 20:00:00+00:00,155.534,155.819,155.525,155.763,6748.17
2024-05-20 00:00:00+00:00,155.763,155.935,155.679,155.721,39165.35
2024-05-20 04:00:00+00:00,155.721,155.798,155.493,155.732,41471.52
2024-05-20 08:00:00+00:00,155.733,155.785,155.634,155.745,39835.56
2024-05-20 12:00:00+00:00,155.746,156.231,155.731,156.094,69239.67
2024-05-20 16:00:00+00:00,156.094,156.301,156.048,156.289,28252.37
2024-05-20 20:00:00+00:00,156.29,156.402,156.152,156.401,10342.13
2024-05-21 00:00:00+00:00,156.4,156.496,156.34,156.475,48174.07
2024-05-21 04:00:00+00:00,156.477,156.545,156.028,156.232,77690.53
2024-05-21 08:00:00+00:00,156.232,156.321,156.083,156.225,63530.45
2024-05-21 12:00:00+00:00,156.226,156.432,155.841,156.081,119977.71
2024-05-21 16:00:00+00:00,156.081,156.25,156.07,156.168,37592.51
2024-05-21 20:00:00+00:00,156.168,156.288,156.07,156.271,8576.68
2024-05-22 00:00:00+00:00,156.271,156.349,156.139,156.31,29330.7
2024-05-22 04:00:00+00:00,156.312,156.471,156.282,156.401,25284.79
2024-05-22 08:00:00+00:00,156.399,156.615,156.382,156.583,49004.59
2024-05-22 12:00:00+00:00,156.583,156.601,156.347,156.5,70918.11
2024-05-22 16:00:00+00:00,156.501,156.724,156.445,156.706,37403.12
2024-05-22 20:00:00+00:00,156.706,156.84,156.654,156.732,17688.46
2024-05-23 00:00:00+00:00,156.733,156.902,156.644,156.758,34699.76
2024-05-23 04:00:00+00:00,156.759,156.786,156.556,156.756,35453.99
2024-05-23 08:00:00+00:00,156.757,156.791,156.557,156.586,38806.25
2024-05-23 12:00:00+00:00,156.585,157.194,156.528,157.055,105011.39
2024-05-23 16:00:00+00:00,157.055,157.071,156.826,156.876,33350.57
2024-05-23 20:00:00+00:00,156.877,157.011,156.857,156.991,9964.85
2024-05-24 00:00:00+00:00,156.991,157.145,156.92,157.054,25286.28
2024-05-24 04:00:00+00:00,157.054,157.117,156.996,157.056,19698.82
2024-05-24 08:00:00+00:00,157.053,157.088,156.932,157.029,27806.27
2024-05-24 12:00:00+00:00,157.028,157.127,156.846,156.903,70538.09
2024-05-24 16:00:00+00:00,156.905,156.994,156.82,156.93,25225.82
2024-05-24 20:00:00+00:00,156.93,156.986,156.902,156.943,2058.19
2024-05-26 20:00:00+00:00,156.806,156.944,156.787,156.866,5867.88
2024-05-27 00:00:00+00:00,156.867,156.926,156.661,156.703,22457.88
2024-05-27 04:00:00+00:00,156.702,156.956,156.687,156.909,25736.67
2024-05-27 08:00:00+00:00,156.909,156.949,156.819,156.877,23791.95
2024-05-27 12:00:00+00:00,156.878,156.893,156.705,156.866,31388.35
2024-05-27 16:00:00+00:00,156.867,156.913,156.843,156.879,19540.32
2024-05-27 20:00:00+00:00,156.881,156.947,156.797,156.836,8100.65
2024-05-28 00:00:00+00:00,156.838,156.928,156.623,156.657,25021.71
2024-05-28 04:00:00+00:00,156.656,156.921,156.618,156.893,32506.23
2024-05-28 08:00:00+00:00,156.892,156.992,156.772,156.8,37657.76
2024-05-28 12:00:00+00:00,156.801,156.959,156.579,156.904,69803.85
2024-05-28 16:00:00+00:00,156.906,157.156,156.875,157.137,38005.26
2024-05-28 20:00:00+00:00,157.137,157.286,157.101,157.271,7606.26
2024-05-29 00:00:00+00:00,157.272,157.405,157.205,157.313,23753.26
2024-05-29 04:00:00+00:00,157.314,157.346,156.894,157.151,45410.42
2024-05-29 08:00:00+00:00,157.148,157.292,157.066,157.269,44783.38
2024-05-29 12:00:00+00:00,157.266,157.639,157.157,157.625,60999.32
2024-05-29 16:00:00+00:00,157.627,157.707,157.612,157.687,28871.52
2024-05-29 20:00:00+00:00,157.687,157.703,157.557,157.626,13018.47
2024-05-30 00:00:00+00:00,157.624,157.625,157.26,157.377,41030.1
2024-05-30 04:00:00+00:00,157.374,157.382,156.534,156.968,67303.24
2024-05-30 08:00:00+00:00,156.968,157.112,156.678,156.728,60581.75
2024-05-30 12:00:00+00:00,156.727,156.854,156.37,156.638,100347.95
2024-05-30 16:00:00+00:00,156.638,156.856,156.635,156.842,31499.74
2024-05-30 20:00:00+00:00,156.844,156.995,156.735,156.992,12101.87
2024-05-31 00:00:00+00:00,156.991,157.023,156.571,156.804,56526.3
2024-05-31 04:00:00+00:00,156.803,157.151,156.671,157.141,56670.41
2024-05-31 08:00:00+00:00,157.14,157.364,157.062,157.167,50420.36
2024-05-31 12:00:00+00:00,157.171,157.278,156.557,157.19,106305.56
2024-05-31 16:00:00+00:00,157.191,157.345,157.148,157.264,27892.79
2024-05-31 20:00:00+00:00,157.264,157.344,157.234,157.279,4934.07
2024-06-02 20:00:00+00:00,157.124,157.338,157.11,157.182,11980.01
2024-06-03 00:00:00+00:00,157.182,157.47,156.994,157.419,46679.73
2024-06-03 04:00:00+00:00,157.421,157.461,157.111,157.136,44667.45
2024-06-03 08:00:00+00:00,157.137,157.146,156.636,156.857,60232.6
2024-06-03 12:00:00+00:00,156.855,156.937,155.948,156.038,90506.91
2024-06-03 16:00:00+00:00,156.039,156.286,156.017,156.234,51625.23
2024-06-03 20:00:00+00:00,156.237,156.251,155.988,156.089,13408.38
2024-06-04 00:00:00+00:00,156.091,156.484,155.98,156.385,40228.72
2024-06-04 04:00:00+00:00,156.386,156.417,155.361,155.387,69853.9
2024-06-04 08:00:00+00:00,155.386,155.47,154.702,154.865,112177.69
2024-06-04 12:00:00+00:00,154.867,155.248,154.548,154.873,145946.8
2024-06-04 16:00:00+00:00,154.872,154.872,154.548,154.77,46962.89
2024-06-04 20:00:00+00:00,154.771,155.18,154.769,155.116,12879.9
2024-06-05 00:00:00+00:00,155.113,155.593,155.094,155.485,73621.32
2024-06-05 04:00:00+00:00,155.484,156.185,155.443,156.142,68684.93
2024-06-05 08:00:00+00:00,156.146,156.304,155.957,156.145,64150.31
2024-06-05 12:00:00+00:00,156.144,156.485,155.684,156.209,132288.05
2024-06-05 16:00:00+00:00,156.209,156.242,156.068,156.087,31039.18
2024-06-05 20:00:00+00:00,156.088,156.157,155.799,155.913,12048.88
2024-06-06 00:00:00+00:00,155.912,155.925,155.354,155.569,42869.64
2024-06-06 04:00:00+00:00,155.568,156.308,155.564,156.279,49492.13
2024-06-06 08:00:00+00:00,156.278,156.379,155.895,156.192,43521.18
2024-06-06 12:00:00+00:00,156.191,156.445,155.872,155.978,73441.53
2024-06-06 16:00:00+00:00,155.979,156.065,155.471,155.609,41954.93
2024-06-06 20:00:00+00:00,155.611,155.714,155.507,155.678,13917.78
2024-06-07 00:00:00+00:00,155.676,155.934,155.579,155.752,39512.8
2024-06-07 04:00:00+00:00,155.752,155.759,155.119,155.418,72829.26
2024-06-07 08:00:00+00:00,155.419,155.636,155.312,155.59,66585.76
2024-06-07 12:00:00+00:00,155.59,157.076,155.309,156.596,146026.17
2024-06-07 16:00:00+00:00,156.596,156.763,156.513,156.746,44360.05
2024-06-07 20:00:00+00:00,156.746,156.767,156.674,156.7,2707.3
2024-06-09 20:00:00+00:00,156.717,156.94,156.564,156.822,11959.3
2024-06-10 00:00:00+00:00,156.821,157.193,156.719,157.151,63859.34
2024-06-10 04:00:00+00:00,157.149,157.181,156.93,157.001,55962.93
2024-06-10 08:00:00+00:00,157.001,157.037,156.743,156.881,70412.37
2024-06-10 12:00:00+00:00,156.882,157.007,156.797,156.934,54870.23
2024-06-10 16:00:00+00:00,156.934,157.095,156.91,157.013,36870.11
2024-06-10 20:00:00+00:00,157.012,157.071,156.913,157.044,11549.25
2024-06-11 00:00:00+00:00,157.042,157.332,157.031,157.217,57239.38
2024-06-11 04:00:00+00:00,157.217,157.365,157.148,157.341,44076.1
2024-06-11 08:00:00+00:00,157.34,157.392,157.049,157.099,55807.86
2024-06-11 12:00:00+00:00,157.099,157.384,156.803,157.324,104546.9
2024-06-11 16:00:00+00:00,157.324,157.402,156.933,157.086,47914.08
2024-06-11 20:00:00+00:00,157.086,157.177,157.021,157.112,9791.01
2024-06-12 00:00:00+00:00,157.111,157.241,157.043,157.181,40490.58
2024-06-12 04:00:00+00:00,157.181,157.355,157.126,157.265,44056.62
2024-06-12 08:00:00+00:00,157.267,157.37,157.25,157.332,48744.44
2024-06-12 12:00:00+00:00,157.331,157.35,155.716,155.881,134548.65
2024-06-12 16:00:00+00:00,155.881,156.872,155.717,156.837,97124.67
2024-06-12 20:00:00+00:00,156.84,156.9,156.552,156.801,19299.12
2024-06-13 00:00:00+00:00,156.8,157.053,156.694,157.005,57213.55
2024-06-13 04:00:00+00:00,157.007,157.306,156.99,157.276,61516.66
2024-06-13 08:00:00+00:00,157.276,157.311,157.123,157.21,51971.7
2024-06-13 12:00:00+00:00,157.212,157.268,156.579,156.773,121459.96
2024-06-13 16:00:00+00:00,156.774,157.074,156.69,157.06,56597.25
2024-06-13 20:00:00+00:00,157.062,157.143,156.951,157.122,12997.42
2024-06-14 00:00:00+00:00,157.123,157.98,156.795,157.819,61521.41
2024-06-14 04:00:00+00:00,157.819,158.255,157.625,157.67,108878.64
2024-06-14 08:00:00+00:00,157.671,157.785,156.882,157.061,120758.52
2024-06-14 12:00:00+00:00,157.062,157.496,156.949,157.285,121472.52
2024-06-14 16:00:00+00:00,157.285,157.351,157.224,157.307,25963.89
2024-06-14 20:00:00+00:00,157.305,157.441,157.287,157.36,3356.47
2024-06-16 20:00:00+00:00,157.253,157.662,157.235,157.556,12575.34
2024-06-17 00:00:00+00:00,157.56,157.56,157.291,157.365,43079.5
2024-06-17 04:00:00+00:00,157.366,157.558,157.155,157.55,60591.43
2024-06-17 08:00:00+00:00,157.551,157.867,157.54,157.846,55708.23
2024-06-17 12:00:00+00:00,157.845,157.959,157.782,157.808,71958.58
2024-06-17 16:00:00+00:00,157.807,157.813,157.679,157.73,30138.37
2024-06-17 20:00:00+00:00,157.73,157.733,157.613,157.695,5990.73
2024-06-18 00:00:00+00:00,157.695,157.729,157.515,157.638,28872.88
2024-06-18 04:00:00+00:00,157.637,158.132,157.581,158.129,49409.14
2024-06-18 08:00:00+00:00,158.13,158.229,157.994,158.085,49478.7
2024-06-18 12:00:00+00:00,158.083,158.125,157.624,157.816,56836.74
2024-06-18 16:00:00+00:00,157.815,157.896,157.637,157.861,29480.27
2024-06-18 20:00:00+00:00,157.862,157.888,157.792,157.864,8638.37
2024-06-19 00:00:00+00:00,157.87,157.923,157.722,157.855,27303.57
2024-06-19 04:00:00+00:00,157.856,157.868,157.602,157.745,39884.38
2024-06-19 08:00:00+00:00,157.746,157.908,157.735,157.903,23898.66
2024-06-19 12:00:00+00:00,157.905,157.95,157.869,157.931,20915.56
2024-06-19 16:00:00+00:00,157.93,158.043,157.894,158.007,8961.36
2024-06-19 20:00:00+00:00,158.005,158.131,157.773,157.956,12074.44
2024-06-20 00:00:00+00:00,157.955,158.139,157.954,158.078,26893.0
2024-06-20 04:00:00+00:00,158.078,158.278,158.051,158.273,42196.6
2024-06-20 08:00:00+00:00,158.27,158.47,158.269,158.43,57719.13
2024-06-20 12:00:00+00:00,158.43,158.779,158.244,158.775,66225.24
2024-06-20 16:00:00+00:00,158.773,158.91,158.695,158.908,27268.6
2024-06-20 20:00:00+00:00,158.906,158.95,158.815,158.935,10672.29
2024-06-21 00:00:00+00:00,158.936,159.125,158.822,158.886,44580.83
2024-06-21 04:00:00+00:00,158.887,159.001,158.669,158.774,42926.75
2024-06-21 08:00:00+00:00,158.771,159.017,158.675,158.9,36821.1
2024-06-21 12:00:00+00:00,158.899,159.628,158.85,159.45,89317.72
2024-06-21 16:00:00+00:00,159.451,159.605,159.412,159.603,35589.4
2024-06-21 20:00:00+00:00,159.604,159.835,159.567,159.765,3369.12
2024-06-23 20:00:00+00:00,159.751,159.905,159.596,159.897,9693.95
2024-06-24 00:00:00+00:00,159.897,159.927,159.62,159.699,26120.68
2024-06-24 04:00:00+00:00,159.7,159.816,159.646,159.688,26771.78
2024-06-24 08:00:00+00:00,159.687,159.807,158.74,159.463,76465.78
2024-06-24 12:00:00+00:00,159.462,159.754,159.323,159.711,72615.81
2024-06-24 16:00:00+00:00,159.712,159.758,159.539,159.641,26849.0
2024-06-24 20:00:00+00:00,159.646,159.703,159.516,159.697,11795.6
2024-06-25 00:00:00+00:00,159.7,159.701,159.186,159.482,54149.74
2024-06-25 04:00:00+00:00,159.48,159.549,159.273,159.485,44955.62
2024-06-25 08:00:00+00:00,159.485,159.519,159.29,159.46,47542.1
2024-06-25 12:00:00+00:00,159.46,159.756,159.428,159.682,61798.34
2024-06-25 16:00:00+00:00,159.681,159.746,159.603,159.623,33654.08
2024-06-25 20:00:00+00:00,159.622,159.707,159.607,159.699,10647.2
2024-06-26 00:00:00+00:00,159.7,159.9,159.663,159.833,40312.78
2024-06-26 04:00:00+00:00,159.833,159.929,159.741,159.897,30866.82
2024-06-26 08:00:00+00:00,159.897,160.394,159.854,160.303,67358.9
2024-06-26 12:00:00+00:00,160.305,160.821,160.012,160.682,84278.63
2024-06-26 16:00:00+00:00,160.682,160.843,160.59,160.792,38557.44
2024-06-26 20:00:00+00:00,160.795,160.865,160.588,160.627,11298.34
2024-06-27 00:00:00+00:00,160.627,160.716,160.38,160.429,51415.72
2024-06-27 04:00:00+00:00,160.429,160.561,160.301,160.546,54585.54
2024-06-27 08:00:00+00:00,160.548,160.605,160.391,160.546,41579.26
2024-06-27 12:00:00+00:00,160.547,160.728,160.28,160.7,83449.62
2024-06-27 16:00:00+00:00,160.7,160.822,160.665,160.819,37947.04
2024-06-27 20:00:00+00:00,160.819,160.819,160.63,160.703,16809.74
2024-06-28 00:00:00+00:00,160.704,161.282,160.649,160.987,74339.65
2024-06-28 04:00:00+00:00,160.985,161.13,160.837,160.925,55970.31
2024-06-28 08:00:00+00:00,160.927,160.962,160.433,160.647,68663.78
2024-06-28 12:00:00+00:00,160.648,160.963,160.261,160.882,113090.92
2024-06-28 16:00:00+00:00,160.881,160.903,160.704,160.861,30090.39
2024-06-28 20:00:00+00:00,160.861,160.944,160.802,160.802,4143.22
2024-06-30 20:00:00+00:00,160.811,160.941,160.683,160.922,11430.29
2024-07-01 00:00:00+00:00,160.922,161.186,160.737,161.05,53205.19
2024-07-01 04:00:00+00:00,161.049,161.121,160.867,161.012,49404.76
2024-07-01 08:00:00+00:00,161.013,161.148,160.95,161.099,26901.65
2024-07-01 12:00:00+00:00,161.1,161.728,160.959,161.557,88133.59
2024-07-01 16:00:00+00:00,161.556,161.598,161.404,161.473,30708.17
2024-07-01 20:00:00+00:00,161.475,161.539,161.363,161.513,10390.83
2024-07-02 00:00:00+00:00,161.513,161.678,161.458,161.659,32737.75
2024-07-02 04:00:00+00:00,161.66,161.742,161.587,161.658,35631.33
2024-07-02 08:00:00+00:00,161.657,161.695,161.556,161.623,25164.43
2024-07-02 12:00:00+00:00,161.623,161.623,161.266,161.534,71928.79
2024-07-02 16:00:00+00:00,161.535,161.603,161.422,161.457,20691.7
2024-07-02 20:00:00+00:00,161.455,161.523,161.381,161.488,9152.5
2024-07-03 00:00:00+00:00,161.489,161.655,161.442,161.629,27545.79
2024-07-03 04:00:00+00:00,161.628,161.938,161.609,161.766,43087.67
2024-07-03 08:00:00+00:00,161.766,161.949,161.759,161.919,40267.26
2024-07-03 12:00:00+00:00,161.921,161.931,160.768,161.481,91591.72
2024-07-03 16:00:00+00:00,161.481,161.738,161.401,161.702,30367.16
2024-07-03 20:00:00+00:00,161.704,161.75,161.521,161.586,9224.26
2024-07-04 00:00:00+00:00,161.585,161.601,161.134,161.53,38620.25
2024-07-04 04:00:00+00:00,161.531,161.572,161.265,161.281,28674.66
2024-07-04 08:00:00+00:00,161.281,161.324,160.946,161.001,38427.79
2024-07-04 12:00:00+00:00,160.999,161.194,160.947,161.139,34552.43
2024-07-04 16:00:00+00:00,161.141,161.254,161.11,161.211,12206.72
2024-07-04 20:00:00+00:00,161.212,161.395,161.191,161.36,15212.25
2024-07-05 00:00:00+00:00,161.361,161.394,160.53,160.614,46496.44
2024-07-05 04:00:00+00:00,160.613,160.852,160.53,160.771,34171.82
2024-07-05 08:00:00+00:00,160.77,160.88,160.613,160.82,32355.69
2024-07-05 12:00:00+00:00,160.819,161.329,160.33,160.731,104805.4
2024-07-05 16:00:00+00:00,160.73,160.948,160.706,160.766,37992.1
2024-07-05 20:00:00+00:00,160.766,160.837,160.715,160.719,3867.6
2024-07-07 20:00:00+00:00,160.721,160.819,160.575,160.638,14728.69
2024-07-08 00:00:00+00:00,160.637,160.73,160.26,160.486,64633.47
2024-07-08 04:00:00+00:00,160.486,160.956,160.472,160.897,61634.31
2024-07-08 08:00:00+00:00,160.899,161.117,160.868,161.012,45610.84
2024-07-08 12:00:00+00:00,161.011,161.02,160.474,160.777,92616.71
2024-07-08 16:00:00+00:00,160.777,160.818,160.69,160.791,42169.53
2024-07-08 20:00:00+00:00,160.793,160.872,160.728,160.859,8349.6
2024-07-09 00:00:00+00:00,160.859,161.131,160.763,161.05,44495.81
2024-07-09 04:00:00+00:00,161.051,161.06,160.739,160.924,43683.32
2024-07-09 08:00:00+00:00,160.922,161.178,160.887,161.119,36242.77
2024-07-09 12:00:00+00:00,161.118,161.515,160.891,161.398,84921.71
2024-07-09 16:00:00+00:00,161.398,161.405,161.227,161.284,36844.89
2024-07-09 20:00:00+00:00,161.287,161.365,161.244,161.33,9041.6
2024-07-10 00:00:00+00:00,161.329,161.591,161.301,161.43,26502.88
2024-07-10 04:00:00+00:00,161.43,161.561,161.339,161.496,41913.54
2024-07-10 08:00:00+00:00,161.496,161.611,161.425,161.482,53373.09
2024-07-10 12:00:00+00:00,161.482,161.753,161.426,161.737,58626.17
2024-07-10 16:00:00+00:00,161.736,161.804,161.647,161.734,31045.76
2024-07-10 20:00:00+00:00,161.734,161.749,161.553,161.592,6719.46
2024-07-11 00:00:00+00:00,161.594,161.682,161.476,161.634,27959.26
2024-07-11 04:00:00+00:00,161.637,161.758,161.54,161.633,34783.74
2024-07-11 08:00:00+00:00,161.633,161.633,161.471,161.538,26811.5
2024-07-11 12:00:00+00:00,161.538,161.621,157.409,158.582,150842.75
2024-07-11 16:00:00+00:00,158.582,158.893,158.532,158.821,40411.92
2024-07-11 20:00:00+00:00,158.824,159.445,157.747,158.273,40034.57
2024-07-12 00:00:00+00:00,158.275,159.384,157.974,159.231,64706.71
2024-07-12 04:00:00+00:00,159.23,159.318,158.866,159.217,40039.86
2024-07-12 08:00:00+00:00,159.218,159.262,158.934,158.972,31863.7
2024-07-12 12:00:00+00:00,158.974,159.155,157.359,157.901,143595.84
2024-07-12 16:00:00+00:00,157.902,158.021,157.796,157.834,32412.47
2024-07-12 20:00:00+00:00,157.838,157.943,157.7,157.7,3396.13
2024-07-14 20:00:00+00:00,158.068,158.419,157.979,158.287,15369.37
2024-07-15 00:00:00+00:00,158.286,158.365,157.91,157.97,56345.64
2024-07-15 04:00:00+00:00,157.97,158.236,157.831,157.929,58027.21
2024-07-15 08:00:00+00:00,157.926,158.173,157.749,158.114,69316.26
2024-07-15 12:00:00+00:00,158.114,158.162,157.81,157.89,74567.16
2024-07-15 16:00:00+00:00,157.891,158.02,157.163,157.919,54674.52
2024-07-15 20:00:00+00:00,157.923,158.251,157.881,158.15,12555.42
2024-07-16 00:00:00+00:00,158.15,158.725,158.104,158.632,47768.98
2024-07-16 04:00:00+00:00,158.633,158.787,158.355,158.495,54376.44
2024-07-16 08:00:00+00:00,158.496,158.59,158.32,158.343,52752.88
2024-07-16 12:00:00+00:00,158.343,158.854,158.252,158.573,89664.98
2024-07-16 16:00:00+00:00,158.572,158.631,158.32,158.387,34813.67
2024-07-16 20:00:00+00:00,158.386,158.407,158.259,158.36,15704.07
2024-07-17 00:00:00+00:00,158.361,158.624,158.306,158.376,38132.92
2024-07-17 04:00:00+00:00,158.376,158.386,157.009,157.072,98047.84
2024-07-17 08:00:00+00:00,157.07,157.097,156.099,156.509,125829.03
2024-07-17 12:00:00+00:00,156.51,156.741,156.149,156.565,119751.39
2024-07-17 16:00:00+00:00,156.566,156.594,156.059,156.185,67694.11
2024-07-17 20:00:00+00:00,156.184,156.344,155.37,155.675,47553.6
2024-07-18 00:00:00+00:00,155.675,156.572,155.457,156.435,80182.39
2024-07-18 04:00:00+00:00,156.434,156.536,155.796,156.248,96732.87
2024-07-18 08:00:00+00:00,156.246,156.586,156.172,156.494,93337.69
2024-07-18 12:00:00+00:00,156.493,156.982,156.181,156.976,110401.0
2024-07-18 16:00:00+00:00,156.972,157.397,156.873,157.363,55109.97
2024-07-18 20:00:00+00:00,157.366,157.397,157.112,157.176,16536.62
2024-07-19 00:00:00+00:00,157.176,157.529,157.062,157.374,57853.87
2024-07-19 04:00:00+00:00,157.375,157.862,156.952,157.32,83474.47
2024-07-19 08:00:00+00:00,157.318,157.574,157.145,157.467,57194.5
2024-07-19 12:00:00+00:00,157.468,157.698,157.263,157.389,102448.13
2024-07-19 16:00:00+00:00,157.389,157.524,157.34,157.499,33007.37
2024-07-19 20:00:00+00:00,157.497,157.527,157.401,157.475,1963.11
2024-07-21 20:00:00+00:00,157.329,157.499,157.155,157.424,13918.27
2024-07-22 00:00:00+00:00,157.423,157.61,157.33,157.48,49997.42
2024-07-22 04:00:00+00:00,157.476,157.512,156.284,156.81,110805.78
2024-07-22 08:00:00+00:00,156.809,156.96,156.555,156.854,100748.91
2024-07-22 12:00:00+00:00,156.854,157.146,156.692,157.086,104457.14
2024-07-22 16:00:00+00:00,157.086,157.17,157.031,157.079,40749.31
2024-07-22 20:00:00+00:00,157.08,157.101,156.864,156.903,15207.8
2024-07-23 00:00:00+00:00,156.901,156.927,156.197,156.279,72635.63
2024-07-23 04:00:00+00:00,156.279,156.635,155.929,156.04,99972.83
2024-07-23 08:00:00+00:00,156.04,156.189,155.819,156.153,103173.11
2024-07-23 12:00:00+00:00,156.154,156.265,155.942,156.021,103098.91
2024-07-23 16:00:00+00:00,156.02,156.054,155.577,155.638,41124.09
2024-07-23 20:00:00+00:00,155.639,155.817,155.528,155.76,13660.71
2024-07-24 00:00:00+00:00,155.761,155.99,155.046,155.055,98351.91
2024-07-24 04:00:00+00:00,155.054,155.054,154.351,154.591,134610.96
2024-07-24 08:00:00+00:00,154.59,154.943,154.056,154.188,82890.86
2024-07-24 12:00:00+00:00,154.187,154.224,153.105,153.382,160883.25
2024-07-24 16:00:00+00:00,153.383,154.096,153.342,154.015,65175.55
2024-07-24 20:00:00+00:00,154.015,154.016,153.518,153.916,28705.04
2024-07-25 00:00:00+00:00,153.914,153.968,152.229,152.317,94085.46
2024-07-25 04:00:00+00:00,152.315,152.97,152.051,152.193,69661.41
2024-07-25 08:00:00+00:00,152.193,152.747,151.941,152.72,65484.16
2024-07-25 12:00:00+00:00,152.722,154.193,152.551,153.978,163959.0
2024-07-25 16:00:00+00:00,153.979,154.318,153.748,153.919,108970.06
2024-07-25 20:00:00+00:00,153.917,154.046,153.373,153.7,31032.19
2024-07-26 00:00:00+00:00,153.699,154.139,153.366,153.753,75760.34
2024-07-26 04:00:00+00:00,153.753,154.17,153.499,153.918,97646.54
2024-07-26 08:00:00+00:00,153.916,154.737,153.862,154.61,107337.68
2024-07-26 12:00:00+00:00,154.611,154.725,153.096,153.868,154973.65
2024-07-26 16:00:00+00:00,153.868,153.872,153.673,153.754,66025.71
2024-07-26 20:00:00+00:00,153.756,153.795,153.709,153.718,2095.83
2024-07-28 20:00:00+00:00,153.652,154.212,153.475,154.143,35430.63
2024-07-29 00:00:00+00:00,154.149,154.351,153.014,153.511,109725.59
2024-07-29 04:00:00+00:00,153.517,153.723,153.138,153.617,120611.35
2024-07-29 08:00:00+00:00,153.618,153.915,153.586,153.833,120420.49
2024-07-29 12:00:00+00:00,153.833,154.207,153.731,153.964,147176.52
2024-07-29 16:00:00+00:00,153.965,154.091,153.887,153.999,52540.54
2024-07-29 20:00:00+00:00,153.998,154.068,153.765,153.835,30048.89
2024-07-30 00:00:00+00:00,153.833,154.247,153.615,154.069,71671.39
2024-07-30 04:00:00+00:00,154.073,155.213,154.061,154.894,64569.26
2024-07-30 08:00:00+00:00,154.898,154.933,154.602,154.884,28065.82
2024-07-30 12:00:00+00:00,154.884,155.021,153.646,153.726,184641.28
2024-07-30 16:00:00+00:00,153.726,153.855,152.979,153.275,99202.11
2024-07-30 20:00:00+00:00,153.276,153.282,152.417,152.658,63161.61
2024-07-31 00:00:00+00:00,152.658,153.828,151.587,153.57,108322.95
2024-07-31 04:00:00+00:00,153.586,153.894,150.607,150.921,142053.21
2024-07-31 08:00:00+00:00,150.921,150.983,150.049,150.183,161527.13
2024-07-31 12:00:00+00:00,150.189,150.674,149.625,150.38,175447.17
2024-07-31 16:00:00+00:00,150.38,151.257,149.606,149.786,154108.26
2024-07-31 20:00:00+00:00,149.786,150.318,149.667,149.786,49738.48
2024-08-01 00:00:00+00:00,149.786,149.895,148.508,149.56,143869.22
2024-08-01 04:00:00+00:00,149.562,150.335,149.339,149.861,155338.35
2024-08-01 08:00:00+00:00,149.859,150.621,149.426,150.523,153581.86
2024-08-01 12:00:00+00:00,150.523,150.89,149.831,150.06,194682.69
2024-08-01 16:00:00+00:00,150.063,150.135,149.47,149.771,106789.67
2024-08-01 20:00:00+00:00,149.771,149.783,148.872,149.208,52081.85
2024-08-02 00:00:00+00:00,149.205,149.772,148.935,149.491,135527.33
2024-08-02 04:00:00+00:00,149.49,149.579,148.623,149.208,136337.62
2024-08-02 08:00:00+00:00,149.21,149.321,148.73,149.008,89912.13
2024-08-02 12:00:00+00:00,149.009,149.113,146.417,146.979,266040.17
2024-08-02 16:00:00+00:00,146.981,147.458,146.436,146.582,124673.13
2024-08-02 20:00:00+00:00,146.584,146.619,146.489,146.498,7284.0
2024-08-04 20:00:00+00:00,146.441,146.563,145.279,145.589,60735.14
2024-08-05 00:00:00+00:00,145.589,145.94,144.163,144.361,172135.52
2024-08-05 04:00:00+00:00,144.36,144.427,141.676,143.478,163929.16
2024-08-05 08:00:00+00:00,143.474,143.56,141.741,142.306,132916.22
2024-08-05 12:00:00+00:00,142.304,143.99,141.831,143.962,182160.88
2024-08-05 16:00:00+00:00,143.961,144.887,143.388,143.739,127124.47
2024-08-05 20:00:00+00:00,143.738,145.826,143.619,145.794,59608.83
2024-08-06 00:00:00+00:00,145.8,146.365,144.302,145.35,124785.16
2024-08-06 04:00:00+00:00,145.348,146.285,145.101,145.291,126053.46
2024-08-06 08:00:00+00:00,145.289,145.458,144.357,145.152,101422.95
2024-08-06 12:00:00+00:00,145.147,145.207,144.045,145.111,119749.8
2024-08-06 16:00:00+00:00,145.113,145.417,144.729,144.729,61558.46
2024-08-06 20:00:00+00:00,144.734,144.82,144.149,144.738,41606.61
2024-08-07 00:00:00+00:00,144.743,147.488,144.543,147.131,125556.03
2024-08-07 04:00:00+00:00,147.129,147.897,146.081,146.687,111035.29
2024-08-07 08:00:00+00:00,146.689,147.636,146.62,147.198,119285.34
2024-08-07 12:00:00+00:00,147.203,147.686,146.648,147.416,84414.18
2024-08-07 16:00:00+00:00,147.42,147.496,146.68,146.847,66943.12
2024-08-07 20:00:00+00:00,146.847,146.906,145.564,146.283,54886.28
2024-08-08 00:00:00+00:00,146.297,146.871,145.426,146.376,153033.31
2024-08-08 04:00:00+00:00,146.384,146.4,145.627,145.868,175334.19
2024-08-08 08:00:00+00:00,145.873,146.486,145.754,146.161,150848.03
2024-08-08 12:00:00+00:00,146.159,147.542,145.947,147.091,192456.85
2024-08-08 16:00:00+00:00,147.091,147.433,147.073,147.145,78304.3
2024-08-08 20:00:00+00:00,147.147,147.813,147.097,147.694,44196.26
2024-08-09 00:00:00+00:00,147.694,147.768,147.019,147.225,148463.11
2024-08-09 04:00:00+00:00,147.226,147.255,146.71,147.204,122569.73
2024-08-09 08:00:00+00:00,147.203,147.32,146.823,147.011,142169.06
2024-08-09 12:00:00+00:00,147.013,147.033,146.267,146.495,176172.4
2024-08-09 16:00:00+00:00,146.491,146.761,146.477,146.641,77081.0
2024-08-09 20:00:00+00:00,146.641,146.699,146.591,146.634,6927.96
2024-08-11 20:00:00+00:00,146.484,147.128,146.468,147.072,23603.85
2024-08-12 00:00:00+00:00,147.071,147.22,146.698,147.196,85813.47
2024-08-12 04:00:00+00:00,147.202,147.32,147.025,147.218,107472.11
2024-08-12 08:00:00+00:00,147.217,147.666,147.19,147.571,79153.04
2024-08-12 12:00:00+00:00,147.575,148.222,147.245,147.542,168539.02
2024-08-12 16:00:00+00:00,147.544,147.572,147.04,147.181,107946.56
2024-08-12 20:00:00+00:00,147.181,147.28,146.914,147.022,28695.68
2024-08-13 00:00:00+00:00,147.023,147.513,147.003,147.48,92155.66
2024-08-13 04:00:00+00:00,147.481,147.945,147.43,147.854,97599.09
2024-08-13 08:00:00+00:00,147.854,147.919,147.311,147.348,118890.37
2024-08-13 12:00:00+00:00,147.349,147.509,146.846,146.972,163929.92
2024-08-13 16:00:00+00:00,146.971,146.971,146.596,146.83,100054.87
2024-08-13 20:00:00+00:00,146.828,147.013,146.602,146.943,34988.83
2024-08-14 00:00:00+00:00,146.944,147.185,146.068,146.776,101814.7
2024-08-14 04:00:00+00:00,146.775,147.422,146.752,147.407,93433.52
2024-08-14 08:00:00+00:00,147.405,147.501,146.828,146.89,56369.97
2024-08-14 12:00:00+00:00,146.889,147.578,146.505,146.866,90517.89
2024-08-14 16:00:00+00:00,146.865,147.378,146.817,147.342,38805.64
2024-08-14 20:00:00+00:00,147.341,147.439,147.147,147.272,14636.52
2024-08-15 00:00:00+00:00,147.273,147.609,147.154,147.402,45413.29
2024-08-15 04:00:00+00:00,147.402,147.416,147.053,147.21,39355.76
2024-08-15 08:00:00+00:00,147.212,147.448,147.178,147.219,40391.62
2024-08-15 12:00:00+00:00,147.218,149.322,147.184,148.913,136130.59
2024-08-15 16:00:00+00:00,148.913,149.185,148.85,149.042,48476.58
2024-08-15 20:00:00+00:00,149.042,149.396,149.018,149.227,27444.71
2024-08-16 00:00:00+00:00,149.227,149.268,148.738,148.931,69846.77
2024-08-16 04:00:00+00:00,148.931,149.095,148.831,149.015,60683.34
2024-08-16 08:00:00+00:00,149.016,149.054,147.957,148.045,126564.68
2024-08-16 12:00:00+00:00,148.045,148.267,147.613,148.132,131867.87
2024-08-16 16:00:00+00:00,148.134,148.192,147.632,147.699,63257.27
2024-08-16 20:00:00+00:00,147.699,147.701,147.569,147.587,6455.51
2024-08-18 20:00:00+00:00,147.555,148.051,147.484,147.963,19865.51
2024-08-19 00:00:00+00:00,147.962,148.0,146.311,146.458,100081.3
2024-08-19 04:00:00+00:00,146.459,146.623,145.182,146.103,112516.27
2024-08-19 08:00:00+00:00,146.102,146.52,145.902,146.036,135213.29
2024-08-19 12:00:00+00:00,146.038,146.711,145.93,146.424,146621.73
2024-08-19 16:00:00+00:00,146.423,146.688,146.389,146.634,48627.25
2024-08-19 20:00:00+00:00,146.634,146.866,146.521,146.709,14927.98
2024-08-20 00:00:00+00:00,146.711,147.161,145.845,147.066,114052.5
2024-08-20 04:00:00+00:00,147.062,147.345,146.327,146.556,97177.95
2024-08-20 08:00:00+00:00,146.556,146.582,146.232,146.374,124202.5
2024-08-20 12:00:00+00:00,146.374,146.489,145.518,145.695,157124.03
2024-08-20 16:00:00+00:00,145.695,145.744,145.323,145.336,54535.6
2024-08-20 20:00:00+00:00,145.336,145.36,144.943,145.322,40697.59
2024-08-21 00:00:00+00:00,145.322,145.584,144.93,145.474,89101.94
2024-08-21 04:00:00+00:00,145.476,146.226,145.39,146.142,95200.73
2024-08-21 08:00:00+00:00,146.144,146.225,145.878,146.061,103013.84
2024-08-21 12:00:00+00:00,146.06,146.889,145.028,145.198,169492.84
2024-08-21 16:00:00+00:00,145.2,145.241,144.45,145.006,64006.57
2024-08-21 20:00:00+00:00,145.006,145.29,144.843,145.123,21412.67
2024-08-22 00:00:00+00:00,145.122,145.641,144.939,145.264,61490.35
2024-08-22 04:00:00+00:00,145.263,145.474,144.982,145.244,70235.28
2024-08-22 08:00:00+00:00,145.246,146.146,145.246,145.99,96030.17
2024-08-22 12:00:00+00:00,145.99,146.525,145.821,145.976,109603.46
2024-08-22 16:00:00+00:00,145.975,146.49,145.963,146.294,59636.05
2024-08-22 20:00:00+00:00,146.294,146.372,146.018,146.208,16035.28
2024-08-23 00:00:00+00:00,146.208,146.334,145.293,145.667,81229.24
2024-08-23 04:00:00+00:00,145.667,145.978,145.29,145.826,55482.39
2024-08-23 08:00:00+00:00,145.831,146.175,145.747,146.031,43501.52
2024-08-23 12:00:00+00:00,146.031,146.481,144.597,144.862,98742.88
2024-08-23 16:00:00+00:00,144.861,144.979,144.047,144.232,42348.92
2024-08-23 20:00:00+00:00,144.23,144.404,144.221,144.352,7126.29
2024-08-25 20:00:00+00:00,144.227,144.34,143.558,143.919,25791.97
2024-08-26 00:00:00+00:00,143.92,144.09,143.444,143.968,63117.6
2024-08-26 04:00:00+00:00,143.97,144.215,143.597,143.885,43997.04
2024-08-26 08:00:00+00:00,143.885,144.227,143.777,144.133,69482.58
2024-08-26 12:00:00+00:00,144.132,144.604,143.855,144.51,143937.97
2024-08-26 16:00:00+00:00,144.512,144.652,144.318,144.598,48272.79
2024-08-26 20:00:00+00:00,144.598,144.608,144.229,144.504,19311.58
2024-08-27 00:00:00+00:00,144.504,144.97,144.45,144.831,61489.66
2024-08-27 04:00:00+00:00,144.832,145.175,144.573,144.996,94297.25
2024-08-27 08:00:00+00:00,144.997,145.149,144.506,144.53,94800.37
2024-08-27 12:00:00+00:00,144.53,144.601,144.15,144.266,128813.15
2024-08-27 16:00:00+00:00,144.266,144.291,143.916,143.974,52725.25
2024-08-27 20:00:00+00:00,143.973,144.009,143.679,143.965,22519.58
2024-08-28 00:00:00+00:00,143.964,144.489,143.908,144.408,76795.46
2024-08-28 04:00:00+00:00,144.408,144.603,144.289,144.561,83825.83
2024-08-28 08:00:00+00:00,144.564,144.576,144.059,144.324,92151.79
2024-08-28 12:00:00+00:00,144.323,145.036,144.309,144.473,132172.77
2024-08-28 16:00:00+00:00,144.472,144.809,144.465,144.701,69285.36
2024-08-28 20:00:00+00:00,144.701,144.769,144.218,144.435,37139.86
2024-08-29 00:00:00+00:00,144.435,144.695,144.269,144.525,72465.79
2024-08-29 04:00:00+00:00,144.525,144.86,144.457,144.727,81087.71
2024-08-29 08:00:00+00:00,144.726,144.74,144.443,144.59,121286.04
2024-08-29 12:00:00+00:00,144.591,145.553,144.516,144.983,180258.29
2024-08-29 16:00:00+00:00,144.983,145.043,144.726,144.913,85940.83
2024-08-29 20:00:00+00:00,144.915,145.072,144.833,144.891,27603.22
2024-08-30 00:00:00+00:00,144.89,144.941,144.653,144.792,47772.01
2024-08-30 04:00:00+00:00,144.793,145.09,144.774,144.932,72219.01
2024-08-30 08:00:00+00:00,144.93,145.456,144.848,145.426,80113.68
2024-08-30 12:00:00+00:00,145.422,145.969,145.247,145.954,167695.76
2024-08-30 16:00:00+00:00,145.955,146.246,145.908,146.183,78341.23
2024-08-30 20:00:00+00:00,146.184,146.212,146.088,146.113,8740.55
2024-09-01 20:00:00+00:00,145.971,146.597,145.931,146.4,16222.93
2024-09-02 00:00:00+00:00,146.401,146.544,145.828,145.948,66689.92
2024-09-02 04:00:00+00:00,145.948,146.475,145.773,146.471,68210.37
2024-09-02 08:00:00+00:00,146.471,146.99,146.432,146.986,95905.23
2024-09-02 12:00:00+00:00,146.986,147.172,146.834,146.95,57952.52
2024-09-02 16:00:00+00:00,146.95,146.985,146.803,146.885,13657.46
2024-09-02 20:00:00+00:00,146.905,146.963,146.713,146.748,7676.7
2024-09-03 00:00:00+00:00,146.751,147.207,146.446,146.54,84215.72
2024-09-03 04:00:00+00:00,146.542,146.594,145.888,145.945,113842.59
2024-09-03 08:00:00+00:00,145.945,146.237,145.606,146.174,118055.57
2024-09-03 12:00:00+00:00,146.176,146.286,145.097,145.821,178018.16
2024-09-03 16:00:00+00:00,145.825,145.921,145.562,145.628,66280.94
2024-09-03 20:00:00+00:00,145.629,145.711,145.089,145.363,40827.61
2024-09-04 00:00:00+00:00,145.365,145.552,144.889,145.31,81483.42
2024-09-04 04:00:00+00:00,145.311,145.538,144.753,144.983,108707.11
2024-09-04 08:00:00+00:00,144.984,145.268,144.86,144.885,80730.25
2024-09-04 12:00:00+00:00,144.89,145.215,143.998,144.306,195302.61
2024-09-04 16:00:00+00:00,144.307,144.37,143.793,143.822,85414.96
2024-09-04 20:00:00+00:00,143.83,143.872,143.183,143.335,33429.31
2024-09-05 00:00:00+00:00,143.334,143.903,143.298,143.76,98060.37
2024-09-05 04:00:00+00:00,143.76,143.852,143.048,143.611,87956.7
2024-09-05 08:00:00+00:00,143.61,143.749,143.414,143.449,98273.67
2024-09-05 12:00:00+00:00,143.448,144.228,142.847,143.433,201484.41
2024-09-05 16:00:00+00:00,143.432,143.541,143.194,143.458,92830.23
2024-09-05 20:00:00+00:00,143.458,143.488,143.323,143.385,22256.06
2024-09-06 00:00:00+00:00,143.386,143.417,142.983,143.03,49402.4
2024-09-06 04:00:00+00:00,143.03,143.031,142.053,142.523,120366.18
2024-09-06 08:00:00+00:00,142.522,143.126,142.48,143.058,111165.08
2024-09-06 12:00:00+00:00,143.061,144.041,141.762,142.142,257427.01
2024-09-06 16:00:00+00:00,142.142,142.69,142.077,142.42,122549.81
2024-09-06 20:00:00+00:00,142.416,142.437,142.239,142.251,11468.73
2024-09-08 20:00:00+00:00,142.172,142.525,141.948,142.487,30963.89
2024-09-09 00:00:00+00:00,142.487,142.989,142.414,142.757,96538.63
2024-09-09 04:00:00+00:00,142.758,143.358,142.739,143.158,122329.83
2024-09-09 08:00:00+00:00,143.159,143.795,143.096,143.609,105061.63
2024-09-09 12:00:00+00:00,143.603,143.696,142.65,142.925,141851.24
2024-09-09 16:00:00+00:00,142.925,142.961,142.715,142.955,73109.65
2024-09-09 20:00:00+00:00,142.953,143.295,142.852,143.181,21153.67
2024-09-10 00:00:00+00:00,143.18,143.543,143.113,143.235,80206.26
2024-09-10 04:00:00+00:00,143.237,143.614,143.031,143.602,80653.81
2024-09-10 08:00:00+00:00,143.61,143.708,142.948,143.126,103597.19
2024-09-10 12:00:00+00:00,143.124,143.189,142.258,142.287,98999.17
2024-09-10 16:00:00+00:00,142.286,142.568,142.192,142.308,79617.73
2024-09-10 20:00:00+00:00,142.308,142.489,142.209,142.229,20118.33
2024-09-11 00:00:00+00:00,142.231,142.425,141.255,141.396,101730.41
2024-09-11 04:00:00+00:00,141.396,141.543,140.707,141.387,139359.47
2024-09-11 08:00:00+00:00,141.386,141.822,141.289,141.689,114559.62
2024-09-11 12:00:00+00:00,141.69,142.546,141.247,141.726,198918.52
2024-09-11 16:00:00+00:00,141.726,142.411,141.724,142.373,95830.31
2024-09-11 20:00:00+00:00,142.373,142.674,142.225,142.635,35611.62
2024-09-12 00:00:00+00:00,142.637,142.949,142.256,142.59,90170.19
2024-09-12 04:00:00+00:00,142.591,143.044,142.465,142.766,114172.49
2024-09-12 08:00:00+00:00,142.764,142.776,142.369,142.567,131492.25
2024-09-12 12:00:00+00:00,142.564,142.661,141.909,142.24,177838.77
2024-09-12 16:00:00+00:00,142.24,142.655,141.749,141.88,113315.22
2024-09-12 20:00:00+00:00,141.878,141.924,141.426,141.509,36983.47
2024-09-13 00:00:00+00:00,141.509,141.557,140.774,140.976,95695.16
2024-09-13 04:00:00+00:00,140.976,141.412,140.644,140.912,113488.34
2024-09-13 08:00:00+00:00,140.914,140.979,140.361,140.831,133414.99
2024-09-13 12:00:00+00:00,140.832,141.019,140.281,140.662,132144.25
2024-09-13 16:00:00+00:00,140.668,141.007,140.589,140.929,84713.96
2024-09-13 20:00:00+00:00,140.928,140.937,140.768,140.78,11842.15
2024-09-15 20:00:00+00:00,140.704,140.898,140.451,140.844,18885.65
2024-09-16 00:00:00+00:00,140.845,140.849,140.047,140.12,66831.18
2024-09-16 04:00:00+00:00,140.12,140.3,139.576,139.875,107112.97
2024-09-16 08:00:00+00:00,139.876,140.275,139.732,139.886,126211.42
2024-09-16 12:00:00+00:00,139.884,140.912,139.752,140.8,161548.71
2024-09-16 16:00:00+00:00,140.797,140.881,140.6,140.7,78733.03
2024-09-16 20:00:00+00:00,140.7,141.24,140.549,140.796,28576.67
2024-09-17 00:00:00+00:00,140.795,140.843,140.32,140.597,85161.76
2024-09-17 04:00:00+00:00,140.594,140.803,140.348,140.6,94459.07
2024-09-17 08:00:00+00:00,140.598,140.741,140.438,140.605,79929.3
2024-09-17 12:00:00+00:00,140.604,141.901,140.541,141.774,193198.7
2024-09-17 16:00:00+00:00,141.775,142.297,141.689,142.223,91610.69
2024-09-17 20:00:00+00:00,142.221,142.464,141.894,142.006,33817.11
2024-09-18 00:00:00+00:00,142.008,142.02,141.29,141.391,71597.69
2024-09-18 04:00:00+00:00,141.39,141.928,141.223,141.878,68122.52
2024-09-18 08:00:00+00:00,141.882,141.994,141.549,141.846,77700.46
2024-09-18 12:00:00+00:00,141.846,142.066,141.677,141.934,115070.09
2024-09-18 16:00:00+00:00,141.933,142.711,140.435,142.439,190132.8
2024-09-18 20:00:00+00:00,142.439,142.751,141.876,142.699,66220.48
2024-09-19 00:00:00+00:00,142.698,143.944,142.698,143.164,133657.31
2024-09-19 04:00:00+00:00,143.168,143.292,142.039,142.506,118345.62
2024-09-19 08:00:00+00:00,142.508,143.253,142.455,142.917,131298.17
2024-09-19 12:00:00+00:00,142.919,143.766,142.706,142.883,178333.67
2024-09-19 16:00:00+00:00,142.882,143.133,142.526,142.632,75623.47
2024-09-19 20:00:00+00:00,142.633,142.923,142.504,142.862,36455.24
2024-09-20 00:00:00+00:00,142.86,142.892,141.952,142.289,85771.4
2024-09-20 04:00:00+00:00,142.29,143.644,141.736,143.628,121589.93
2024-09-20 08:00:00+00:00,143.628,144.43,143.477,144.216,137515.74
2024-09-20 12:00:00+00:00,144.217,144.495,143.466,143.907,184598.56
2024-09-20 16:00:00+00:00,143.911,144.151,143.647,143.917,120343.3
2024-09-20 20:00:00+00:00,143.918,144.048,143.808,143.808,17836.33
2024-09-22 20:00:00+00:00,143.754,144.089,143.669,144.079,20563.92
2024-09-23 00:00:00+00:00,144.086,144.459,144.025,144.315,58939.74
2024-09-23 04:00:00+00:00,144.316,144.35,143.55,143.666,101107.97
2024-09-23 08:00:00+00:00,143.665,143.744,143.162,143.609,136751.09
2024-09-23 12:00:00+00:00,143.615,144.345,143.454,143.593,165090.56
2024-09-23 16:00:00+00:00,143.592,143.627,143.251,143.489,88455.64
2024-09-23 20:00:00+00:00,143.49,143.778,143.455,143.633,21269.61
2024-09-24 00:00:00+00:00,143.632,143.908,143.374,143.772,67827.96
2024-09-24 04:00:00+00:00,143.772,144.679,143.75,144.452,93813.69
2024-09-24 08:00:00+00:00,144.453,144.635,143.828,143.976,110337.52
2024-09-24 12:00:00+00:00,143.981,144.205,143.429,143.777,139381.49
2024-09-24 16:00:00+00:00,143.776,143.794,143.221,143.239,60209.76
2024-09-24 20:00:00+00:00,143.239,143.257,142.887,142.946,21754.12
2024-09-25 00:00:00+00:00,142.945,143.494,142.906,143.298,68721.78
2024-09-25 04:00:00+00:00,143.297,143.907,143.18,143.878,69561.82
2024-09-25 08:00:00+00:00,143.879,144.442,143.879,144.303,72751.43
2024-09-25 12:00:00+00:00,144.301,144.603,143.858,144.403,143955.12
2024-09-25 16:00:00+00:00,144.403,144.768,144.372,144.759,92899.24
2024-09-25 20:00:00+00:00,144.758,144.841,144.563,144.714,24867.48
2024-09-26 00:00:00+00:00,144.714,145.035,144.443,144.929,53451.13
2024-09-26 04:00:00+00:00,144.928,145.169,144.615,145.024,102359.08
2024-09-26 08:00:00+00:00,145.024,145.198,144.156,144.164,113252.93
2024-09-26 12:00:00+00:00,144.163,145.212,144.109,144.677,155395.26
2024-09-26 16:00:00+00:00,144.677,144.902,144.508,144.661,83324.99
2024-09-26 20:00:00+00:00,144.66,145.142,144.658,145.082,22257.56
2024-09-27 00:00:00+00:00,145.081,145.576,144.935,145.251,76557.29
2024-09-27 04:00:00+00:00,145.252,146.491,142.778,143.193,113047.79
2024-09-27 08:00:00+00:00,143.191,143.769,142.949,143.107,81120.51
2024-09-27 12:00:00+00:00,143.105,143.22,142.388,142.599,154652.44
2024-09-27 16:00:00+00:00,142.599,142.702,142.066,142.154,79278.73
2024-09-27 20:00:00+00:00,142.161,142.282,142.13,142.15,7813.93
2024-09-29 20:00:00+00:00,142.129,142.952,142.094,142.786,24545.57
2024-09-30 00:00:00+00:00,142.786,142.842,142.267,142.45,80126.5
2024-09-30 04:00:00+00:00,142.449,142.501,141.642,142.367,92949.17
2024-09-30 08:00:00+00:00,142.369,142.798,142.342,142.556,106606.32
2024-09-30 12:00:00+00:00,142.555,143.368,142.542,143.262,157293.61
2024-09-30 16:00:00+00:00,143.256,143.915,142.924,143.729,117442.96
2024-09-30 20:00:00+00:00,143.729,143.745,143.37,143.714,24887.66
2024-10-01 00:00:00+00:00,143.714,144.331,143.657,144.276,58950.16
2024-10-01 04:00:00+00:00,144.278,144.529,143.879,144.173,88155.38
2024-10-01 08:00:00+00:00,144.172,144.225,143.56,143.753,150309.9
2024-10-01 12:00:00+00:00,143.755,144.071,142.969,143.673,152733.41
2024-10-01 16:00:00+00:00,143.672,143.919,143.271,143.558,114203.84
2024-10-01 20:00:00+00:00,143.56,143.76,143.421,143.723,32443.97
2024-10-02 00:00:00+00:00,143.724,144.185,143.559,144.132,63190.54
2024-10-02 04:00:00+00:00,144.132,144.186,143.53,144.066,104367.51
2024-10-02 08:00:00+00:00,144.066,144.889,143.948,144.698,118741.69
2024-10-02 12:00:00+00:00,144.698,146.265,144.674,146.046,181603.09
2024-10-02 16:00:00+00:00,146.046,146.478,145.91,146.442,59427.7
2024-10-02 20:00:00+00:00,146.443,146.91,146.282,146.575,44354.27
2024-10-03 00:00:00+00:00,146.577,147.239,146.462,146.85,77235.68
2024-10-03 04:00:00+00:00,146.852,146.932,146.301,146.45,92930.77
2024-10-03 08:00:00+00:00,146.452,146.992,146.391,146.664,101662.22
2024-10-03 12:00:00+00:00,146.665,147.179,146.472,146.829,180909.56
2024-10-03 16:00:00+00:00,146.83,146.927,146.577,146.859,78495.63
2024-10-03 20:00:00+00:00,146.858,146.967,146.719,146.842,17067.31
2024-10-04 00:00:00+00:00,146.841,146.929,146.352,146.374,67905.61
2024-10-04 04:00:00+00:00,146.371,146.383,145.918,146.304,99228.07
2024-10-04 08:00:00+00:00,146.305,146.63,146.247,146.589,86627.88
2024-10-04 12:00:00+00:00,146.592,148.805,146.402,148.696,123863.14
2024-10-04 16:00:00+00:00,148.696,149.004,148.674,148.767,86215.59
2024-10-04 20:00:00+00:00,148.767,148.77,148.631,148.631,13838.88
2024-10-06 20:00:00+00:00,148.653,149.125,148.653,148.794,17900.68
2024-10-07 00:00:00+00:00,148.792,148.792,148.217,148.404,89487.35
2024-10-07 04:00:00+00:00,148.405,148.616,148.152,148.272,85668.22
2024-10-07 08:00:00+00:00,148.274,148.685,148.061,148.271,122638.35
2024-10-07 12:00:00+00:00,148.269,148.275,147.83,148.126,170447.03
2024-10-07 16:00:00+00:00,148.124,148.192,147.885,148.077,73292.94
2024-10-07 20:00:00+00:00,148.073,148.209,147.57,148.127,35043.77
2024-10-08 00:00:00+00:00,148.129,148.191,147.51,147.914,84677.6
2024-10-08 04:00:00+00:00,147.914,148.162,147.343,147.591,108419.88
2024-10-08 08:00:00+00:00,147.592,147.999,147.528,147.853,88191.9
2024-10-08 12:00:00+00:00,147.852,148.362,147.852,148.226,123926.47
2024-10-08 16:00:00+00:00,148.227,148.382,148.04,148.283,62062.05
2024-10-08 20:00:00+00:00,148.282,148.323,148.112,148.141,21623.47
2024-10-09 00:00:00+00:00,148.141,148.431,148.01,148.319,57708.61
2024-10-09 04:00:00+00:00,148.319,148.653,148.264,148.541,75911.43
2024-10-09 08:00:00+00:00,148.542,148.755,148.48,148.721,83091.29
2024-10-09 12:00:00+00:00,148.72,149.265,148.671,149.198,91413.29
2024-10-09 16:00:00+00:00,149.198,149.365,149.157,149.319,44512.16
2024-10-09 20:00:00+00:00,149.319,149.355,149.008,149.159881,11348.96
2024-10-10 00:00:00+00:00,149.151905,149.29,149.001,149.221,44728.41
2024-10-10 04:00:00+00:00,149.226,149.544,148.902,149.018,79958.67
2024-10-10 08:00:00+00:00,149.018,149.21,148.775,148.953,75317.77
2024-10-10 12:00:00+00:00,148.955,149.565,148.226,148.567,150322.2
2024-10-10 16:00:00+00:00,148.567,149.08,148.439,148.565,87611.44
2024-10-10 20:00:00+00:00,148.564,148.746,148.496,148.707,15588.46
2024-10-11 00:00:00+00:00,148.712,148.796,148.401,148.711,45393.79
2024-10-11 04:00:00+00:00,148.71,148.856,148.603,148.773,60682.84
2024-10-11 08:00:00+00:00,148.774,149.14,148.67,149.003,59998.76
2024-10-11 12:00:00+00:00,149.004,149.282,148.771,149.123,103054.51
2024-10-11 16:00:00+00:00,149.121,149.15,148.955,149.138,28522.34
2024-10-11 20:00:00+00:00,149.138,149.173,149.071,149.091,4123.49
2024-10-13 20:00:00+00:00,149.029,149.391,148.987,149.305,9931.39
2024-10-14 00:00:00+00:00,149.306,149.367,149.14,149.327,38176.56
2024-10-14 04:00:00+00:00,149.327,149.393,149.167,149.357,40111.28
2024-10-14 08:00:00+00:00,149.358,149.726,149.324,149.639,40823.45
2024-10-14 12:00:00+00:00,149.641,149.959,149.626,149.825,46555.54
2024-10-14 16:00:00+00:00,149.825,149.981,149.707,149.76,32290.26
2024-10-14 20:00:00+00:00,149.763,149.837,149.666,149.715,11962.79
2024-10-15 00:00:00+00:00,149.722,149.744,149.441,149.708,45309.44
2024-10-15 04:00:00+00:00,149.711,149.758,149.168,149.233,59927.66
2024-10-15 08:00:00+00:00,149.235,149.369,148.848,149.35,80774.03
2024-10-15 12:00:00+00:00,149.353,149.415,148.933,149.22,120937.52
2024-10-15 16:00:00+00:00,149.221,149.539,149.165,149.239,42862.08
2024-10-15 20:00:00+00:00,149.24,149.336,149.072,149.088,19788.43
2024-10-16 00:00:00+00:00,149.089,149.299,148.861,149.171,57929.13
2024-10-16 04:00:00+00:00,149.17,149.486,149.133,149.451,76747.53
2024-10-16 08:00:00+00:00,149.449,149.488,149.146,149.172,60267.48
2024-10-16 12:00:00+00:00,149.173,149.745,149.144,149.717,103786.26
2024-10-16 16:00:00+00:00,149.716,149.805,149.694,149.718,35704.11
2024-10-16 20:00:00+00:00,149.718,149.725,149.522,149.562,14477.99
2024-10-17 00:00:00+00:00,149.563,149.617,149.24,149.553,53188.49
2024-10-17 04:00:00+00:00,149.554,149.792,149.394,149.773,61699.53
2024-10-17 08:00:00+00:00,149.772,149.869,149.486,149.524,48811.29
2024-10-17 12:00:00+00:00,149.526,150.152,149.461,150.126,132353.32
2024-10-17 16:00:00+00:00,150.127,150.321,150.118,150.22,45985.01
2024-10-17 20:00:00+00:00,150.218,150.284,150.068,150.101,12084.37
2024-10-18 00:00:00+00:00,150.103,150.148,149.854,149.889,56373.52
2024-10-18 04:00:00+00:00,149.89,150.135,149.769,150.093,63603.05
2024-10-18 08:00:00+00:00,150.093,150.155,149.578,150.004,69607.73
2024-10-18 12:00:00+00:00,150.006,150.083,149.513,149.58,73298.11
2024-10-18 16:00:00+00:00,149.579,149.646,149.363,149.52,47451.45
2024-10-18 20:00:00+00:00,149.52,149.547,149.451,149.503,6034.39
2024-10-20 20:00:00+00:00,149.439,149.641,149.412,149.602,7582.39
2024-10-21 00:00:00+00:00,149.603,149.615,149.086,149.223,53167.67
2024-10-21 04:00:00+00:00,149.223,149.855,149.199,149.835,64687.55
2024-10-21 08:00:00+00:00,149.835,150.09,149.821,149.923,63371.04
2024-10-21 12:00:00+00:00,149.924,150.485,149.745,150.469,102402.29
2024-10-21 16:00:00+00:00,150.469,150.838,150.441,150.772,45657.35
2024-10-21 20:00:00+00:00,150.773,150.884,150.598,150.62,19234.09
2024-10-22 00:00:00+00:00,150.62,150.983,150.494,150.922,50189.54
2024-10-22 04:00:00+00:00,150.922,151.102,150.662,151.0,79133.92
2024-10-22 08:00:00+00:00,151.004,151.034,150.749,150.863,59189.38
2024-10-22 12:00:00+00:00,150.865,151.144,150.602,151.106,80020.65
2024-10-22 16:00:00+00:00,151.106,151.194,150.898,151.117,31294.91
2024-10-22 20:00:00+00:00,151.118,151.159,150.953,151.153,12179.69
2024-10-23 00:00:00+00:00,151.152,151.83,151.135,151.749,62746.87
2024-10-23 04:00:00+00:00,151.748,152.557,151.73,152.369,90939.25
2024-10-23 08:00:00+00:00,152.369,153.073,152.316,153.052,95474.67
2024-10-23 12:00:00+00:00,153.053,153.185,152.76,152.82,130117.72
2024-10-23 16:00:00+00:00,152.821,152.931,152.47,152.591,70532.43
2024-10-23 20:00:00+00:00,152.589,152.827,152.553,152.769,28858.66
2024-10-24 00:00:00+00:00,152.767,152.792,152.339,152.398,79444.68
2024-10-24 04:00:00+00:00,152.397,152.398,152.025,152.127,92537.16
2024-10-24 08:00:00+00:00,152.126,152.248,151.766,152.05,80357.77
2024-10-24 12:00:00+00:00,152.051,152.325,151.782,151.869,160837.13
2024-10-24 16:00:00+00:00,151.871,151.901,151.552,151.836,80581.23
2024-10-24 20:00:00+00:00,151.84,151.867,151.582,151.789,18985.1
2024-10-25 00:00:00+00:00,151.792,152.104,151.737,151.846,52039.75
2024-10-25 04:00:00+00:00,151.846,152.037,151.452,151.955,93135.24
2024-10-25 08:00:00+00:00,151.952,152.095,151.697,151.794,66937.81
2024-10-25 12:00:00+00:00,151.792,152.161,151.792,152.082,115844.85
2024-10-25 16:00:00+00:00,152.082,152.378,152.053,152.255,65456.45
2024-10-25 20:00:00+00:00,152.255,152.352,152.181,152.244,11679.69
2024-10-27 20:00:00+00:00,153.176,153.221,152.652,152.955,32469.14
2024-10-28 00:00:00+00:00,152.955,153.879,152.767,153.629,84001.15
2024-10-28 04:00:00+00:00,153.63,153.744,153.159,153.332,62123.59
2024-10-28 08:00:00+00:00,153.333,153.428,152.458,152.731,102707.8
2024-10-28 12:00:00+00:00,152.729,153.233,152.407,153.213,97590.91
2024-10-28 16:00:00+00:00,153.216,153.376,153.131,153.228,40157.51
2024-10-28 20:00:00+00:00,153.228,153.359,153.14,153.142,13470.38
2024-10-29 00:00:00+00:00,153.141,153.242,152.85,153.041,68357.2
2024-10-29 04:00:00+00:00,153.046,153.277,152.754,153.165,59084.51
2024-10-29 08:00:00+00:00,153.165,153.673,153.155,153.673,81113.18
2024-10-29 12:00:00+00:00,153.676,153.865,152.99,153.494,120160.74
2024-10-29 16:00:00+00:00,153.497,153.596,153.308,153.424,58306.68
2024-10-29 20:00:00+00:00,153.425,153.443,153.161,153.262,16824.61
2024-10-30 00:00:00+00:00,153.263,153.439,153.07,153.339,75028.05
2024-10-30 04:00:00+00:00,153.337,153.462,153.189,153.329,55930.62
2024-10-30 08:00:00+00:00,153.328,153.361,152.778,153.031,101754.66
2024-10-30 12:00:00+00:00,153.033,153.49,152.869,153.155,126530.69
2024-10-30 16:00:00+00:00,153.153,153.431,153.002,153.299,63749.56
2024-10-30 20:00:00+00:00,153.298,153.427,153.203,153.239,17519.23
2024-10-31 00:00:00+00:00,153.238,153.611,152.941,153.051,52057.36
2024-10-31 04:00:00+00:00,153.05,153.084,152.05,152.248,80253.62
2024-10-31 08:00:00+00:00,152.246,152.847,151.921,152.719,108806.39
2024-10-31 12:00:00+00:00,152.718,153.048,152.079,152.356,149713.22
2024-10-31 16:00:00+00:00,152.354,152.507,151.833,151.931,89054.11
2024-10-31 20:00:00+00:00,151.936,152.137,151.788,151.979,27768.22
2024-11-01 00:00:00+00:00,151.979,152.422,151.874,152.414,69331.98
2024-11-01 04:00:00+00:00,152.415,152.652,152.202,152.545,61352.85
2024-11-01 08:00:00+00:00,152.546,152.845,152.522,152.675,74246.01
2024-11-01 12:00:00+00:00,152.672,153.065,151.789,152.942,173619.17
2024-11-01 16:00:00+00:00,152.942,153.067,152.828,152.968,59037.94
2024-11-01 20:00:00+00:00,152.967,153.093,152.932,152.946,4420.33
2024-11-03 20:00:00+00:00,152.26,152.551,152.181,152.288,16368.26
2024-11-04 00:00:00+00:00,152.288,152.288,151.598,151.738,86968.76
2024-11-04 04:00:00+00:00,151.739,152.277,151.69,152.176,74256.01
2024-11-04 08:00:00+00:00,152.18,152.227,151.531,151.55,89847.27
2024-11-04 12:00:00+00:00,151.553,152.104,151.544,151.99,105804.51
2024-11-04 16:00:00+00:00,151.991,152.196,151.891,152.146,101977.56
2024-11-04 20:00:00+00:00,152.148,152.29,152.054,152.276,32059.7
2024-11-05 00:00:00+00:00,152.276,152.442,152.113,152.381,83153.0
2024-11-05 04:00:00+00:00,152.382,152.543,152.177,152.271,82037.31
2024-11-05 08:00:00+00:00,152.27,152.383,152.086,152.153,86632.88
2024-11-05 12:00:00+00:00,152.153,152.337,151.77,152.042,128492.07
2024-11-05 16:00:00+00:00,152.043,152.095,151.334,151.451,103162.77
2024-11-05 20:00:00+00:00,151.451,151.905,151.391,151.44,43524.29
2024-11-06 00:00:00+00:00,151.439,154.333,151.283,153.935,285979.47
2024-11-06 04:00:00+00:00,153.934,154.38,153.125,153.937,271939.97
2024-11-06 08:00:00+00:00,153.937,154.251,153.798,154.215,242117.33
2024-11-06 12:00:00+00:00,154.216,154.474,153.979,154.349,231472.41
2024-11-06 16:00:00+00:00,154.349,154.697,154.209,154.442,122332.01
2024-11-06 20:00:00+00:00,154.444,154.659,154.207,154.31,34998.78
2024-11-07 00:00:00+00:00,154.307,154.708,154.22,154.318,120453.47
2024-11-07 04:00:00+00:00,154.32,154.374,153.649,154.0,124299.48
2024-11-07 08:00:00+00:00,154.0,154.132,153.815,154.062,116091.05
2024-11-07 12:00:00+00:00,154.061,154.108,152.851,152.961,193813.0
2024-11-07 16:00:00+00:00,152.962,153.472,152.847,153.079,136281.83
2024-11-07 20:00:00+00:00,153.081,153.188,152.689,153.172,59768.27
2024-11-08 00:00:00+00:00,153.173,153.366,152.73,152.812,109376.85
2024-11-08 04:00:00+00:00,152.811,152.954,152.548,152.638,118124.54
2024-11-08 08:00:00+00:00,152.639,152.745,152.139,152.425,139497.4
2024-11-08 12:00:00+00:00,152.423,152.857,152.329,152.42,153100.35
2024-11-08 16:00:00+00:00,152.42,152.814,152.406,152.672,112475.37
2024-11-08 20:00:00+00:00,152.674,152.753,152.433,152.608,24748.32
2024-11-10 20:00:00+00:00,152.631,152.946,152.602,152.907,10138.57
2024-11-11 00:00:00+00:00,152.91,153.46,152.87,153.447,78909.62
2024-11-11 04:00:00+00:00,153.447,153.667,153.314,153.635,88534.85
2024-11-11 08:00:00+00:00,153.639,153.853,153.551,153.754,99320.39
2024-11-11 12:00:00+00:00,153.754,153.952,153.643,153.857,100971.29
2024-11-11 16:00:00+00:00,153.858,153.909,153.729,153.764,63356.86
2024-11-11 20:00:00+00:00,153.765,153.769,153.469,153.521,29616.83
2024-11-12 00:00:00+00:00,153.52,154.061,153.483,153.654,100640.54
2024-11-12 04:00:00+00:00,153.654,153.891,153.403,153.821,92267.58
2024-11-12 08:00:00+00:00,153.82,154.166,153.704,154.071,123182.44
2024-11-12 12:00:00+00:00,154.072,154.548,153.999,154.518,128162.38
2024-11-12 16:00:00+00:00,154.52,154.923,154.459,154.748,101791.92
2024-11-12 20:00:00+00:00,154.748,154.783,154.503,154.656,37047.76
2024-11-13 00:00:00+00:00,154.656,154.938,154.539,154.803,105804.55
2024-11-13 04:00:00+00:00,154.803,155.154,154.748,155.112,104661.23
2024-11-13 08:00:00+00:00,155.113,155.236,154.794,154.818,106111.64
2024-11-13 12:00:00+00:00,154.818,155.137,154.338,154.985,210590.74
2024-11-13 16:00:00+00:00,154.985,155.622,154.981,155.543,113860.64
2024-11-13 20:00:00+00:00,155.544,155.596,155.259,155.416,42577.7
2024-11-14 00:00:00+00:00,155.416,156.06,155.404,155.946,96884.38
2024-11-14 04:00:00+00:00,155.945,156.133,155.7,155.837,91872.46
2024-11-14 08:00:00+00:00,155.836,156.24,155.741,155.921,113618.93
2024-11-14 12:00:00+00:00,155.922,156.193,155.518,155.952,163378.15
2024-11-14 16:00:00+00:00,155.953,156.039,155.674,155.921,90378.35
2024-11-14 20:00:00+00:00,155.921,156.535,155.886,156.481,71456.97
2024-11-15 00:00:00+00:00,156.48,156.746,156.272,156.5,75440.11
2024-11-15 04:00:00+00:00,156.5,156.548,155.759,155.778,109288.42
2024-11-15 08:00:00+00:00,155.777,155.777,155.218,155.493,133879.13
2024-11-15 12:00:00+00:00,155.493,155.779,154.84,154.947,197476.91
2024-11-15 16:00:00+00:00,154.948,155.014,153.858,154.213,158896.27
2024-11-15 20:00:00+00:00,154.217,154.476,154.173,154.248,36099.24
2024-11-17 20:00:00+00:00,154.349,154.746,154.222,154.64,16036.95
2024-11-18 00:00:00+00:00,154.639,155.138,153.838,154.651,142310.34
2024-11-18 04:00:00+00:00,154.652,154.764,154.296,154.566,127696.63
2024-11-18 08:00:00+00:00,154.567,155.123,154.501,155.056,150045.65
2024-11-18 12:00:00+00:00,155.057,155.356,154.583,154.992,147000.24
2024-11-18 16:00:00+00:00,154.992,155.068,154.571,154.737,108626.67
2024-11-18 20:00:00+00:00,154.736,154.739,154.432,154.613,35174.1
2024-11-19 00:00:00+00:00,154.614,154.614,153.948,154.175,89129.28
2024-11-19 04:00:00+00:00,154.17,154.653,154.112,154.526,91515.47
2024-11-19 08:00:00+00:00,154.527,154.573,153.279,154.084,233150.92
2024-11-19 12:00:00+00:00,154.083,154.231,153.408,153.956,222800.57
2024-11-19 16:00:00+00:00,153.957,154.797,153.915,154.694,93535.4
2024-11-19 20:00:00+00:00,154.693,154.755,154.525,154.718,29174.5
2024-11-20 00:00:00+00:00,154.72,154.986,154.584,154.954,95676.85
2024-11-20 04:00:00+00:00,154.953,155.681,154.942,155.657,102962.75
2024-11-20 08:00:00+00:00,155.658,155.861,155.58,155.832,112359.67
2024-11-20 12:00:00+00:00,155.834,155.886,155.054,155.529,128542.79
2024-11-20 16:00:00+00:00,155.528,155.61,155.182,155.365,96724.42
2024-11-20 20:00:00+00:00,155.368,155.538,155.233,155.272,37828.91
2024-11-21 00:00:00+00:00,155.271,155.299,154.874,154.925,111079.91
2024-11-21 04:00:00+00:00,154.925,155.261,154.554,154.904,113380.08
2024-11-21 08:00:00+00:00,154.903,155.034,154.081,154.532,187037.97
2024-11-21 12:00:00+00:00,154.532,154.714,153.905,154.319,183522.48
2024-11-21 16:00:00+00:00,154.32,154.697,154.307,154.504,135999.05
2024-11-21 20:00:00+00:00,154.504,154.59,154.104,154.154,51929.95
2024-11-22 00:00:00+00:00,154.155,154.493,153.963,154.262,107377.97
2024-11-22 04:00:00+00:00,154.263,154.954,154.263,154.726,109755.09
2024-11-22 08:00:00+00:00,154.728,154.867,154.251,154.312,173813.02
2024-11-22 12:00:00+00:00,154.312,155.022,154.189,154.897,193144.92
2024-11-22 16:00:00+00:00,154.898,154.92,154.661,154.801,107289.53
2024-11-22 20:00:00+00:00,154.802,154.886,154.708,154.73,25520.41
2024-11-24 20:00:00+00:00,154.117,154.389,154.052,154.147,18687.86
2024-11-25 00:00:00+00:00,154.148,154.233,153.548,153.945,137408.81
2024-11-25 04:00:00+00:00,153.944,154.557,153.937,154.538,125667.76
2024-11-25 08:00:00+00:00,154.536,154.722,154.314,154.504,132018.15
2024-11-25 12:00:00+00:00,154.504,154.561,153.627,154.368,179416.55
2024-11-25 16:00:00+00:00,154.371,154.517,153.991,154.135,131186.38
2024-11-25 20:00:00+00:00,154.135,154.485,153.878,154.38,56871.72
2024-11-26 00:00:00+00:00,154.38,154.413,153.721,153.741,147551.28
2024-11-26 04:00:00+00:00,153.741,154.219,153.544,154.038,115797.12
2024-11-26 08:00:00+00:00,154.036,154.119,153.707,153.777,122208.97
2024-11-26 12:00:00+00:00,153.777,153.802,152.987,153.461,175050.94
2024-11-26 16:00:00+00:00,153.463,153.681,153.082,153.109,139652.5
2024-11-26 20:00:00+00:00,153.109,153.23,152.93,152.931,49710.33
2024-11-27 00:00:00+00:00,152.93,153.032,152.382,152.45,115140.19
2024-11-27 04:00:00+00:00,152.449,152.475,151.838,151.951,115876.34
2024-11-27 08:00:00+00:00,151.951,151.956,151.222,151.484,177910.93
2024-11-27 12:00:00+00:00,151.485,151.803,150.93,151.1,188629.18
2024-11-27 16:00:00+00:00,151.102,151.373,150.453,151.022,127342.54
2024-11-27 20:00:00+00:00,151.021,151.379,150.855,151.337,48055.8
2024-11-28 00:00:00+00:00,151.338,151.746,151.281,151.624,88848.0
2024-11-28 04:00:00+00:00,151.624,151.773,151.36,151.753,92177.73
2024-11-28 08:00:00+00:00,151.754,151.948,151.694,151.833,106337.84
2024-11-28 12:00:00+00:00,151.833,151.845,151.403,151.517,82008.07
2024-11-28 16:00:00+00:00,151.518,151.569,151.454,151.495,27848.67
2024-11-28 20:00:00+00:00,151.493,151.552,150.983,151.185,14769.78
2024-11-29 00:00:00+00:00,151.182,151.206,149.848,150.097,159229.87
2024-11-29 04:00:00+00:00,150.096,150.27,149.531,149.99,119194.73
2024-11-29 08:00:00+00:00,149.993,150.363,149.83,150.037,122121.01
2024-11-29 12:00:00+00:00,150.036,150.347,149.875,150.179,133251.4
2024-11-29 16:00:00+00:00,150.178,150.529,149.464,149.603,142679.95
2024-11-29 20:00:00+00:00,149.602,149.724,149.536,149.724,67125.86
2024-12-01 20:00:00+00:00,149.514,150.066,149.486,149.865,25430.81
2024-12-02 00:00:00+00:00,149.865,150.742,149.802,150.527,129629.46
2024-12-02 04:00:00+00:00,150.525,150.747,149.988,150.247,132010.1
2024-12-02 08:00:00+00:00,150.247,150.44,150.045,150.148,123395.68
2024-12-02 12:00:00+00:00,150.148,150.35,149.721,149.871,188409.52
2024-12-02 16:00:00+00:00,149.871,149.948,149.077,149.522,132588.87
2024-12-02 20:00:00+00:00,149.522,149.823,149.224,149.515,55231.61
2024-12-03 00:00:00+00:00,149.516,150.135,149.497,150.092,108266.5
2024-12-03 04:00:00+00:00,150.093,150.234,149.873,150.004,89963.63
2024-12-03 08:00:00+00:00,150.006,150.182,149.681,149.73,126486.91
2024-12-03 12:00:00+00:00,149.731,149.872,148.646,149.15,184981.26
2024-12-03 16:00:00+00:00,149.152,149.538,148.962,149.505,135011.02
2024-12-03 20:00:00+00:00,149.505,149.698,149.402,149.613,31365.43
2024-12-04 00:00:00+00:00,149.613,150.079,149.52,149.932,77737.07
2024-12-04 04:00:00+00:00,149.933,150.436,149.856,150.381,69728.57
2024-12-04 08:00:00+00:00,150.382,151.046,150.297,150.885,123198.43
2024-12-04 12:00:00+00:00,150.886,151.228,150.281,150.394,171290.24
2024-12-04 16:00:00+00:00,150.395,150.592,149.991,150.438,118329.79
2024-12-04 20:00:00+00:00,150.438,150.774,150.436,150.547,45151.31
2024-12-05 00:00:00+00:00,150.547,150.68,150.185,150.287,102330.99
2024-12-05 04:00:00+00:00,150.285,150.424,149.659,149.785,110075.25
2024-12-05 08:00:00+00:00,149.783,150.348,149.654,150.157,125887.77
2024-12-05 12:00:00+00:00,150.155,150.695,150.144,150.248,183599.92
2024-12-05 16:00:00+00:00,150.249,150.349,149.918,150.018,104095.8
2024-12-05 20:00:00+00:00,150.02,150.231,149.929,150.118,31504.65
2024-12-06 00:00:00+00:00,150.121,150.272,149.768,149.876,96005.24
2024-12-06 04:00:00+00:00,149.878,150.169,149.77,150.091,83718.65
2024-12-06 08:00:00+00:00,150.094,150.698,150.09,150.506,90286.21
2024-12-06 12:00:00+00:00,150.507,150.656,149.36,149.866,201439.18
2024-12-06 16:00:00+00:00,149.868,150.132,149.674,149.969,94207.66
2024-12-06 20:00:00+00:00,149.969,150.06,149.945,149.989,19140.23
2024-12-08 20:00:00+00:00,149.864,150.072,149.84,149.89,10576.36
2024-12-09 00:00:00+00:00,149.89,150.049,149.689,149.977,84981.8
2024-12-09 04:00:00+00:00,149.977,150.348,149.838,150.343,87574.84
2024-12-09 08:00:00+00:00,150.347,150.52,150.314,150.489,96538.14
2024-12-09 12:00:00+00:00,150.491,151.241,150.438,151.021,118043.5
2024-12-09 16:00:00+00:00,151.026,151.347,150.968,151.239,69604.0
2024-12-09 20:00:00+00:00,151.239,151.43,151.13,151.387,32350.28
2024-12-10 00:00:00+00:00,151.387,151.547,151.032,151.068,92878.4
2024-12-10 04:00:00+00:00,151.068,151.581,150.894,151.555,94670.89
2024-12-10 08:00:00+00:00,151.554,151.783,151.413,151.704,107430.66
2024-12-10 12:00:00+00:00,151.705,152.169,151.528,152.125,120340.2
2024-12-10 16:00:00+00:00,152.125,152.18,151.844,151.93,85277.62
2024-12-10 20:00:00+00:00,151.93,151.981,151.78,151.838,28766.78
2024-12-11 00:00:00+00:00,151.839,151.869,151.414,151.544,74120.24
2024-12-11 04:00:00+00:00,151.545,151.793,151.419,151.654,82634.45
2024-12-11 08:00:00+00:00,151.653,152.791,151.004,152.549,160580.64
2024-12-11 12:00:00+00:00,152.549,152.856,151.918,152.457,158258.07
2024-12-11 16:00:00+00:00,152.456,152.717,152.242,152.643,74052.16
2024-12-11 20:00:00+00:00,152.64,152.646,152.233,152.257,25962.03
2024-12-12 00:00:00+00:00,152.109692,152.41,151.949,152.352,58830.89
2024-12-12 04:00:00+00:00,152.351,152.771,152.179,152.569,104132.54
2024-12-12 08:00:00+00:00,152.57,152.659,152.164,152.185,118615.38
2024-12-12 12:00:00+00:00,152.184,152.397,151.798,152.285,181784.44
2024-12-12 16:00:00+00:00,152.284,152.546,152.039,152.537,104033.02
2024-12-12 20:00:00+00:00,152.537,152.69,152.452,152.589,27782.66
2024-12-13 00:00:00+00:00,152.595,153.046,152.553,152.899,97874.75
2024-12-13 04:00:00+00:00,152.9,153.086,152.671,152.793,58920.56
2024-12-13 08:00:00+00:00,152.792,153.623,152.792,153.623,99420.93
2024-12-13 12:00:00+00:00,153.622,153.686,153.258,153.661,114711.83
2024-12-13 16:00:00+00:00,153.662,153.798,153.555,153.685,71980.59
2024-12-13 20:00:00+00:00,153.685,153.727,153.591,153.683,13392.73
2024-12-15 20:00:00+00:00,153.573,153.697,153.431,153.452,11408.95
2024-12-16 00:00:00+00:00,153.454,153.969,153.322,153.814,79024.35
2024-12-16 04:00:00+00:00,153.814,153.89,153.477,153.526,66655.75
2024-12-16 08:00:00+00:00,153.526,153.858,153.442,153.802,81392.96
2024-12-16 12:00:00+00:00,153.802,154.476,153.78,154.234,101557.45
2024-12-16 16:00:00+00:00,154.234,154.311,154.008,154.125,67017.28
2024-12-16 20:00:00+00:00,154.125,154.26,154.029,154.094,19050.0
2024-12-17 00:00:00+00:00,154.091,154.342,153.798,154.042,89276.76
2024-12-17 04:00:00+00:00,154.042,154.258,153.923,154.068,81758.88
2024-12-17 08:00:00+00:00,154.067,154.165,153.685,153.909,97149.3
2024-12-17 12:00:00+00:00,153.909,153.997,153.553,153.559,92262.21
2024-12-17 16:00:00+00:00,153.467,153.468,153.159,153.341,64208.67
2024-12-17 20:00:00+00:00,153.34,153.595,153.271,153.568,25089.07
2024-12-18 00:00:00+00:00,153.569,153.784,153.544,153.617,66664.92
2024-12-18 04:00:00+00:00,153.615,153.652,153.332,153.577,72789.33
2024-12-18 08:00:00+00:00,153.578,153.741,153.52,153.661,70490.98
2024-12-18 12:00:00+00:00,153.66,154.051,153.634,154.021,104621.83
2024-12-18 16:00:00+00:00,154.021,154.661,153.702,154.647,129390.59
2024-12-18 20:00:00+00:00,154.646,154.864,154.327,154.665,99981.9
2024-12-19 00:00:00+00:00,154.663,155.435,154.463,155.256,115109.91
2024-12-19 04:00:00+00:00,155.257,156.777,154.911,156.475,142696.49
2024-12-19 08:00:00+00:00,156.475,157.145,156.434,156.694,135597.64
2024-12-19 12:00:00+00:00,156.693,157.73,156.398,157.712,173270.54
2024-12-19 16:00:00+00:00,157.71,157.804,157.348,157.421,120861.72
2024-12-19 20:00:00+00:00,157.42,157.669,157.306,157.647,48263.44
2024-12-20 00:00:00+00:00,157.647,157.924,156.833,157.064,135802.95
2024-12-20 04:00:00+00:00,157.064,157.313,156.765,156.828,117843.84
2024-12-20 08:00:00+00:00,156.828,156.963,156.62,156.772,144167.94
2024-12-20 12:00:00+00:00,156.77,156.813,156.317,156.503,186071.67
2024-12-20 16:00:00+00:00,156.501,156.584,155.951,156.003,118652.63
2024-12-20 20:00:00+00:00,156.003,156.466,155.997,156.407,27849.14
2024-12-22 20:00:00+00:00,156.249,156.563,156.238,156.563,14257.49
2024-12-23 00:00:00+00:00,156.563,156.691,156.337,156.516,70426.94
2024-12-23 04:00:00+00:00,156.517,156.81,156.484,156.793,57257.68
2024-12-23 08:00:00+00:00,156.794,156.879,156.461,156.844,94582.91
2024-12-23 12:00:00+00:00,156.846,157.266,156.845,157.128,122163.76
2024-12-23 16:00:00+00:00,157.129,157.211,156.981,157.101,77615.95
2024-12-23 20:00:00+00:00,157.099,157.238,157.027,157.181,34752.7
2024-12-24 00:00:00+00:00,157.181,157.393,157.05,157.084,54436.01
2024-12-24 04:00:00+00:00,157.082,157.143,156.887,157.14,65884.21
2024-12-24 08:00:00+00:00,157.139,157.177,156.983,157.142,54209.64
2024-12-24 12:00:00+00:00,157.141,157.344,157.075,157.333,74376.66
2024-12-24 16:00:00+00:00,157.333,157.378,157.23,157.284,48895.06
2024-12-24 20:00:00+00:00,157.285,157.301,156.962,157.056,3394.08
2024-12-25 00:00:00+00:00,157.056,157.319,156.978,157.109,6785.52
2024-12-25 04:00:00+00:00,157.116,157.346,156.929,157.01,2559.21
2024-12-25 20:00:00+00:00,157.176,157.285,157.105,157.121,8200.59
2024-12-26 00:00:00+00:00,157.121,157.474,157.069,157.368,57361.52
2024-12-26 04:00:00+00:00,157.368,157.461,157.306,157.373,55667.98
2024-12-26 08:00:00+00:00,157.372,157.59,157.305,157.588,59555.83
2024-12-26 12:00:00+00:00,157.592,158.07,157.581,158.068,75045.81
2024-12-26 16:00:00+00:00,158.068,158.083,157.869,157.984,85234.44
2024-12-26 20:00:00+00:00,157.985,158.034,157.67,157.764,24519.12
2024-12-27 00:00:00+00:00,157.763,157.948,157.504,157.646,44037.67
2024-12-27 04:00:00+00:00,157.645,157.854,157.549,157.814,56010.19
2024-12-27 08:00:00+00:00,157.814,157.914,157.62,157.649,74567.09
2024-12-27 12:00:00+00:00,157.651,157.894,157.529,157.571,100852.6
2024-12-27 16:00:00+00:00,157.569,157.943,157.35,157.941,81923.56
2024-12-27 20:00:00+00:00,157.941,157.942,157.749,157.764,19319.89
2024-12-29 20:00:00+00:00,157.679,157.898,157.652,157.898,8027.63
2024-12-30 00:00:00+00:00,157.897,157.988,157.697,157.814,41267.32
2024-12-30 04:00:00+00:00,157.814,158.071,157.756,157.888,57704.78
2024-12-30 08:00:00+00:00,157.887,157.984,157.558,157.635,67330.91
2024-12-30 12:00:00+00:00,157.636,157.647,156.669,157.176,135165.55
2024-12-30 16:00:00+00:00,157.174,157.352,156.92,157.089,85349.71
2024-12-30 20:00:00+00:00,157.09,157.114,156.759,157.003,32134.61
2024-12-31 00:00:00+00:00,157.005,157.045,156.33,156.44,71807.27
2024-12-31 04:00:00+00:00,156.441,156.46,156.061,156.202,52905.98
2024-12-31 08:00:00+00:00,156.202,156.96,156.02,156.798,92292.7
2024-12-31 12:00:00+00:00,156.798,157.194,156.552,157.159,138774.36
2024-12-31 16:00:00+00:00,157.156,157.546,157.103,157.308,111483.12
2024-12-31 20:00:00+00:00,157.308,157.376,157.178,157.184,35182.71
2025-01-01 20:00:00+00:00,157.151,157.776,157.151,157.7,14713.51
2025-01-02 00:00:00+00:00,157.7,157.772,157.129,157.154,76791.03
2025-01-02 04:00:00+00:00,157.154,157.21,156.435,156.67,80661.33
2025-01-02 08:00:00+00:00,156.67,157.285,156.461,157.201,118875.8
2025-01-02 12:00:00+00:00,157.202,157.237,156.633,157.149,154619.68
2025-01-02 16:00:00+00:00,157.148,157.849,157.13,157.618,111638.8
2025-01-02 20:00:00+00:00,157.617,157.653,157.351,157.353,24692.29
2025-01-03 00:00:00+00:00,157.359,157.457,157.171,157.307,60549.98
2025-01-03 04:00:00+00:00,157.308,157.385,157.039,157.135,61879.59
2025-01-03 08:00:00+00:00,157.135,157.423,157.087,157.244,78002.47
2025-01-03 12:00:00+00:00,157.245,157.49,157.022,157.393,103368.36
2025-01-03 16:00:00+00:00,157.394,157.401,156.87,157.201,54881.82
2025-01-03 20:00:00+00:00,157.2,157.376,157.139,157.242,13796.38
2025-01-05 20:00:00+00:00,157.18,157.527,157.139,157.504,10887.54
2025-01-06 00:00:00+00:00,157.505,157.826,157.484,157.714,78709.62
2025-01-06 04:00:00+00:00,157.714,157.804,157.531,157.663,58752.84
2025-01-06 08:00:00+00:00,157.664,157.959,157.163,157.197,108133.74
2025-01-06 12:00:00+00:00,157.198,157.654,156.24,157.532,181437.43
2025-01-06 16:00:00+00:00,157.532,157.668,157.346,157.544,83913.56
2025-01-06 20:00:00+00:00,157.544,157.807,157.491,157.737,24203.22
2025-01-07 00:00:00+00:00,157.737,158.413,157.735,158.122,99191.24
2025-01-07 04:00:00+00:00,158.122,158.153,157.454,157.492,76766.09
2025-01-07 08:00:00+00:00,157.495,157.848,157.362,157.711,63802.49
2025-01-07 12:00:00+00:00,157.71,158.423,157.533,157.939,113673.5
2025-01-07 16:00:00+00:00,157.942,158.039,157.585,157.777,125918.94
2025-01-07 20:00:00+00:00,157.777,158.239,157.737,158.223,31265.49
2025-01-08 00:00:00+00:00,158.22,158.23,157.898,158.195,76803.91
2025-01-08 04:00:00+00:00,158.196,158.265,157.925,158.114,65544.69
2025-01-08 08:00:00+00:00,158.113,158.55,158.052,158.372,98496.17
2025-01-08 12:00:00+00:00,158.373,158.547,158.142,158.371,156369.11
2025-01-08 16:00:00+00:00,158.371,158.519,158.271,158.464,100596.05
2025-01-08 20:00:00+00:00,158.464,158.464,158.177,158.188,33046.26
2025-01-09 00:00:00+00:00,158.186,158.324,157.913,157.971,61718.05
2025-01-09 04:00:00+00:00,157.972,158.201,157.761,158.19,74595.97
2025-01-09 08:00:00+00:00,158.187,158.284,157.822,157.905,89990.24
2025-01-09 12:00:00+00:00,157.905,157.976,157.574,157.972,83328.23
2025-01-09 16:00:00+00:00,157.971,158.162,157.922,158.112,41166.86
2025-01-09 20:00:00+00:00,158.111,158.184,158.008,158.041,13999.51
2025-01-10 00:00:00+00:00,158.04,158.28,157.931,158.232,71511.49
2025-01-10 04:00:00+00:00,158.234,158.443,158.23,158.388,54131.52
2025-01-10 08:00:00+00:00,158.387,158.424,157.622,157.993,103019.07
2025-01-10 12:00:00+00:00,157.993,158.877,157.222,157.554,202764.31
2025-01-10 16:00:00+00:00,157.555,157.983,157.54,157.869,118399.06
2025-01-10 20:00:00+00:00,157.869,157.933,157.619,157.657,20477.81
2025-01-12 20:00:00+00:00,157.596,157.93,157.596,157.909,8508.37
2025-01-13 00:00:00+00:00,157.909,157.964,157.266,157.413,77294.57
2025-01-13 04:00:00+00:00,157.412,157.594,157.245,157.46,85917.0
2025-01-13 08:00:00+00:00,157.46,157.668,157.01,157.315,117332.08
2025-01-13 12:00:00+00:00,157.315,157.581,156.91,157.517,142725.71
2025-01-13 16:00:00+00:00,157.518,157.817,157.291,157.811,70604.92
2025-01-13 20:00:00+00:00,157.81,157.81,157.118,157.305,35398.25
2025-01-14 00:00:00+00:00,157.309,158.027,157.032,157.555,96861.21
2025-01-14 04:00:00+00:00,157.555,157.718,157.295,157.524,72016.18
2025-01-14 08:00:00+00:00,157.524,158.028,157.388,157.937,101144.32
2025-01-14 12:00:00+00:00,157.938,158.151,157.384,157.962,160268.45
2025-01-14 16:00:00+00:00,157.965,158.195,157.831,157.939,86616.12
2025-01-14 20:00:00+00:00,157.939,158.066,157.868,158.045,24509.4
2025-01-15 00:00:00+00:00,158.053,158.082,157.826,157.886,59680.38
2025-01-15 04:00:00+00:00,157.886,157.933,156.84,156.882,84587.57
2025-01-15 08:00:00+00:00,156.882,157.208,156.708,157.011,105373.36
2025-01-15 12:00:00+00:00,157.012,157.086,155.935,156.289,169186.99
2025-01-15 16:00:00+00:00,156.29,156.732,156.285,156.461,85860.16
2025-01-15 20:00:00+00:00,156.462,156.551,156.215,156.219,25441.29
2025-01-16 00:00:00+00:00,156.218,156.528,155.206,155.774,116815.31
2025-01-16 04:00:00+00:00,155.775,156.31,155.603,156.184,76110.8
2025-01-16 08:00:00+00:00,156.183,156.233,155.609,155.781,55093.78
2025-01-16 12:00:00+00:00,155.782,156.362,155.387,155.425,144439.71
2025-01-16 16:00:00+00:00,155.423,155.551,155.1,155.291,114861.64
2025-01-16 20:00:00+00:00,155.291,155.4,155.086,155.364,24315.83
2025-01-17 00:00:00+00:00,155.363,155.48,154.977,155.443,82540.68
2025-01-17 04:00:00+00:00,155.442,155.771,155.362,155.615,67861.89
2025-01-17 08:00:00+00:00,155.615,155.847,155.407,155.692,83731.86
2025-01-17 12:00:00+00:00,155.693,156.192,155.554,156.105,131263.72
2025-01-17 16:00:00+00:00,156.105,156.372,156.1,156.144,85028.59
2025-01-17 20:00:00+00:00,156.142,156.311,156.103,156.241,15762.93
2025-01-19 20:00:00+00:00,156.187,156.58,156.154,156.306,10425.96
2025-01-20 00:00:00+00:00,156.313,156.358,155.707,155.739,62811.23
2025-01-20 04:00:00+00:00,155.739,156.281,155.729,155.99,62518.87
2025-01-20 08:00:00+00:00,155.99,156.456,155.95,156.341,72679.26
2025-01-20 12:00:00+00:00,156.341,156.46,155.415,155.687,90315.83
2025-01-20 16:00:00+00:00,155.687,156.056,155.591,155.633,31961.04
2025-01-20 20:00:00+00:00,155.637,155.714,155.159,155.271,23817.15
2025-01-21 00:00:00+00:00,155.272,156.232,154.772,155.182,76515.77
2025-01-21 04:00:00+00:00,155.183,155.75,154.951,155.674,41345.04
2025-01-21 08:00:00+00:00,155.676,156.05,155.61,155.908,39047.08
2025-01-21 12:00:00+00:00,155.908,155.949,155.248,155.326,57584.55
2025-01-21 16:00:00+00:00,155.327,155.593,155.303,155.554,30978.81
2025-01-21 20:00:00+00:00,155.552,155.826,155.382,155.74,15295.87
2025-01-22 00:00:00+00:00,155.74,155.958,155.35,155.921,38061.12
2025-01-22 04:00:00+00:00,155.922,156.071,155.679,156.045,29652.55
2025-01-22 08:00:00+00:00,156.044,156.113,155.547,155.871,40484.5
2025-01-22 12:00:00+00:00,155.877,156.423,155.741,156.398,45472.09
2025-01-22 16:00:00+00:00,156.397,156.706,156.375,156.517,28298.6
2025-01-22 20:00:00+00:00,156.517,156.588,156.377,156.431,13237.43
2025-01-23 00:00:00+00:00,156.431,156.605,156.282,156.499,32739.27
2025-01-23 04:00:00+00:00,156.498,156.751,156.473,156.606,31661.71
2025-01-23 08:00:00+00:00,156.605,156.63,156.203,156.547,33076.23
2025-01-23 12:00:00+00:00,156.547,156.595,156.101,156.163,42606.64
2025-01-23 16:00:00+00:00,156.163,156.392,155.742,155.803,42263.49
2025-01-23 20:00:00+00:00,155.801,156.176,155.752,156.135,13471.49
2025-01-24 00:00:00+00:00,156.133,156.407,155.424,155.476,51586.6
2025-01-24 04:00:00+00:00,155.474,155.719,154.837,155.384,68904.57
2025-01-24 08:00:00+00:00,155.382,156.105,154.937,156.096,53026.43
2025-01-24 12:00:00+00:00,156.098,156.575,155.627,155.726,69514.79
2025-01-24 16:00:00+00:00,155.727,156.022,155.513,155.815,32719.06
2025-01-24 20:00:00+00:00,155.82,156.006,155.816,155.92,6791.97
2025-01-26 20:00:00+00:00,155.675,155.831,155.569,155.72,9511.85
2025-01-27 00:00:00+00:00,155.719,155.875,155.287,155.793,57648.61
2025-01-27 04:00:00+00:00,155.794,156.244,155.68,155.878,51748.22
2025-01-27 08:00:00+00:00,155.88,155.908,153.71,153.962,100201.46
2025-01-27 12:00:00+00:00,153.959,154.68,153.863,154.342,94611.81
2025-01-27 16:00:00+00:00,154.342,154.718,154.1,154.542,52008.18
2025-01-27 20:00:00+00:00,154.541,154.98,154.442,154.914,28122.29
2025-01-28 00:00:00+00:00,154.912,155.741,154.793,155.733,70588.01
2025-01-28 04:00:00+00:00,155.732,155.976,155.517,155.864,45979.88
2025-01-28 08:00:00+00:00,155.864,155.93,155.203,155.435,46607.02
2025-01-28 12:00:00+00:00,155.434,155.741,155.048,155.714,57879.7
2025-01-28 16:00:00+00:00,155.715,155.757,155.505,155.532,29972.78
2025-01-28 20:00:00+00:00,155.532,155.607,155.464,155.56,12420.37
2025-01-29 00:00:00+00:00,155.563,155.787,155.321,155.423,37214.23
2025-01-29 04:00:00+00:00,155.423,155.429,154.999,155.285,38849.91
2025-01-29 08:00:00+00:00,155.292,155.518,155.007,155.417,39645.16
2025-01-29 12:00:00+00:00,155.417,155.494,154.937,155.007,48294.82
2025-01-29 16:00:00+00:00,155.007,155.608,154.97,155.241,65233.68
2025-01-29 20:00:00+00:00,155.241,155.386,155.031,155.176,34804.95
2025-01-30 00:00:00+00:00,155.174,155.203,154.28,154.527,53535.22
2025-01-30 04:00:00+00:00,154.528,154.73,154.354,154.496,32723.12
2025-01-30 08:00:00+00:00,154.5,154.647,154.315,154.591,51841.52
2025-01-30 12:00:00+00:00,154.59,154.593,153.788,154.132,82207.61
2025-01-30 16:00:00+00:00,154.134,154.492,154.072,154.11,39882.67
2025-01-30 20:00:00+00:00,154.11,154.499,153.994,154.086,30948.1
2025-01-31 00:00:00+00:00,154.088,154.423,153.91,154.354,59007.38
2025-01-31 04:00:00+00:00,154.355,154.933,154.311,154.65,51866.55
2025-01-31 08:00:00+00:00,154.653,154.85,154.48,154.84,40093.51
2025-01-31 12:00:00+00:00,154.841,155.018,154.526,154.82,62666.71
2025-01-31 16:00:00+00:00,154.823,155.217,154.661,155.138,62680.37
2025-01-31 20:00:00+00:00,155.138,155.213,155.017,155.182,43939.28
2025-02-02 20:00:00+00:00,154.771,155.43,154.755,155.344,23050.56
2025-02-03 00:00:00+00:00,155.358,155.882,155.343,155.649,71349.63
2025-02-03 04:00:00+00:00,155.65,155.745,155.279,155.621,52449.12
2025-02-03 08:00:00+00:00,155.623,155.713,154.595,154.606,53344.85
2025-02-03 12:00:00+00:00,154.607,154.86,154.004,154.723,102393.19
2025-02-03 16:00:00+00:00,154.721,155.007,154.516,154.896,64536.88
2025-02-03 20:00:00+00:00,154.894,155.293,154.543,155.268,31193.96
2025-02-04 00:00:00+00:00,155.263,155.401,155.037,155.208,41295.72
2025-02-04 04:00:00+00:00,155.208,155.388,154.823,155.324,42463.25
2025-02-04 08:00:00+00:00,155.324,155.521,155.066,155.312,41908.88
2025-02-04 12:00:00+00:00,155.313,155.393,154.534,154.673,56391.57
2025-02-04 16:00:00+00:00,154.671,154.671,154.171,154.285,43597.34
2025-02-04 20:00:00+00:00,154.285,154.458,154.03,154.131,15532.26
2025-02-05 00:00:00+00:00,154.132,154.355,153.087,153.217,69739.36
2025-02-05 04:00:00+00:00,153.215,153.565,153.074,153.301,40928.43
2025-02-05 08:00:00+00:00,153.301,153.389,152.551,152.87,48595.4
2025-02-05 12:00:00+00:00,152.875,153.204,152.109,152.136,69886.8
2025-02-05 16:00:00+00:00,152.136,152.541,152.11,152.522,36329.29
2025-02-05 20:00:00+00:00,152.52,152.765,152.461,152.65,18068.71
2025-02-06 00:00:00+00:00,152.648,152.684,151.81,152.234,49261.28
2025-02-06 04:00:00+00:00,152.235,152.67,152.126,152.579,36539.55
2025-02-06 08:00:00+00:00,152.58,152.897,152.361,152.429,40293.26
2025-02-06 12:00:00+00:00,152.428,152.526,151.658,151.687,65867.34
2025-02-06 16:00:00+00:00,151.689,152.061,151.235,151.384,47814.68
2025-02-06 20:00:00+00:00,151.385,151.534,151.152,151.166,14942.36
2025-02-07 00:00:00+00:00,151.167,151.737,150.957,151.581,50509.64
2025-02-07 04:00:00+00:00,151.58,151.885,151.541,151.823,32502.34
2025-02-07 08:00:00+00:00,151.824,152.182,151.667,152.154,36288.05
2025-02-07 12:00:00+00:00,152.152,152.421,151.272,151.385,99907.81
2025-02-07 16:00:00+00:00,151.386,151.844,150.927,151.379,90342.38
2025-02-07 20:00:00+00:00,151.377,151.451,151.251,151.377,18094.53
2025-02-09 20:00:00+00:00,151.198,151.88,151.156,151.872,11711.35
2025-02-10 00:00:00+00:00,151.875,152.209,151.623,151.919,51169.21
2025-02-10 04:00:00+00:00,151.918,152.187,151.767,152.167,33785.16
2025-02-10 08:00:00+00:00,152.167,152.536,152.009,152.119,39391.73
2025-02-10 12:00:00+00:00,152.119,152.243,151.567,151.607,48371.31
2025-02-10 16:00:00+00:00,151.605,152.068,151.573,151.975,26665.58
2025-02-10 20:00:00+00:00,151.975,152.03,151.751,151.788,14466.22
2025-02-11 00:00:00+00:00,151.786,152.06,151.683,151.982,33557.08
2025-02-11 04:00:00+00:00,151.981,152.042,151.83,151.95,24183.61
2025-02-11 08:00:00+00:00,151.95,152.376,151.647,152.337,48287.6
2025-02-11 12:00:00+00:00,152.341,152.594,152.22,152.491,65116.46
2025-02-11 16:00:00+00:00,152.49,152.552,152.246,152.487,37118.73
2025-02-11 20:00:00+00:00,152.487,152.767,152.353,152.765,19137.98
2025-02-12 00:00:00+00:00,152.765,153.68,152.726,153.631,55526.02
2025-02-12 04:00:00+00:00,153.636,153.733,153.413,153.677,49354.35
2025-02-12 08:00:00+00:00,153.68,153.886,153.411,153.552,39121.56
2025-02-12 12:00:00+00:00,153.553,154.616,153.265,154.439,82144.67
2025-02-12 16:00:00+00:00,154.439,154.801,154.283,154.426,51120.79
2025-02-12 20:00:00+00:00,154.426,154.484,154.187,154.232,21516.41
2025-02-13 00:00:00+00:00,154.23,154.664,154.12,154.241,50958.2
2025-02-13 04:00:00+00:00,154.241,154.487,153.953,154.277,51755.45
2025-02-13 08:00:00+00:00,154.275,154.338,153.731,153.847,43173.51
2025-02-13 12:00:00+00:00,153.842,154.012,153.074,153.133,80003.2
2025-02-13 16:00:00+00:00,153.132,153.342,152.769,152.929,54567.94
2025-02-13 20:00:00+00:00,152.93,153.151,152.688,152.985,20960.48
2025-02-14 00:00:00+00:00,152.996,153.097,152.443,152.836,48652.62
2025-02-14 04:00:00+00:00,152.836,152.893,152.381,152.726,34059.81
2025-02-14 08:00:00+00:00,152.731,152.837,152.466,152.704,43658.38
2025-02-14 12:00:00+00:00,152.704,152.823,152.066,152.138,66835.05
2025-02-14 16:00:00+00:00,152.139,152.389,152.023,152.209,32841.64
2025-02-14 20:00:00+00:00,152.21,152.35,152.209,152.254,9037.72
2025-02-16 20:00:00+00:00,152.2,152.391,151.965,152.006,7493.55
2025-02-17 00:00:00+00:00,152.004,152.113,151.503,151.618,40157.31
2025-02-17 04:00:00+00:00,151.618,151.89,151.473,151.863,42602.91
2025-02-17 08:00:00+00:00,151.863,151.942,151.494,151.504,30127.96
2025-02-17 12:00:00+00:00,151.503,151.535,151.336,151.364,26933.34
2025-02-17 16:00:00+00:00,151.364,151.448,151.337,151.399,12768.63
2025-02-17 20:00:00+00:00,151.399,151.622,151.23,151.436,14632.53
2025-02-18 00:00:00+00:00,151.435,152.091,151.413,152.077,47761.79
2025-02-18 04:00:00+00:00,152.079,152.219,151.792,152.052,37655.64
2025-02-18 08:00:00+00:00,152.052,152.101,151.676,151.782,31699.86
2025-02-18 12:00:00+00:00,151.784,151.879,151.526,151.653,40000.9
2025-02-18 16:00:00+00:00,151.654,152.042,151.645,151.922,27376.64
2025-02-18 20:00:00+00:00,151.923,152.124,151.913,151.92,14517.76
2025-02-19 00:00:00+00:00,151.92,152.306,151.743,151.892,47975.56
2025-02-19 04:00:00+00:00,151.89,151.935,151.587,151.659,37342.29
2025-02-19 08:00:00+00:00,151.658,151.954,151.55,151.843,39572.31
2025-02-19 12:00:00+00:00,151.845,151.929,151.243,151.416,56803.81
2025-02-19 16:00:00+00:00,151.422,151.827,151.391,151.52,42117.57
2025-02-19 20:00:00+00:00,151.522,151.568,151.119,151.218,19678.54
2025-02-20 00:00:00+00:00,151.218,151.232,150.384,150.431,65257.99
2025-02-20 04:00:00+00:00,150.43,150.481,149.946,150.172,43917.54
2025-02-20 08:00:00+00:00,150.171,150.433,149.982,150.221,30550.55
2025-02-20 12:00:00+00:00,150.222,150.229,149.468,149.511,70386.33
2025-02-20 16:00:00+00:00,149.513,149.814,149.397,149.775,41145.42
2025-02-20 20:00:00+00:00,149.776,149.826,149.274,149.478,21678.93
2025-02-21 00:00:00+00:00,149.478,150.732,149.466,150.309,50901.5
2025-02-21 04:00:00+00:00,150.309,150.653,150.118,150.545,33524.52
2025-02-21 08:00:00+00:00,150.547,150.615,150.188,150.272,46214.48
2025-02-21 12:00:00+00:00,150.272,150.511,149.507,149.548,63829.99
2025-02-21 16:00:00+00:00,149.548,149.619,148.922,149.07,64691.8
2025-02-21 20:00:00+00:00,149.071,149.339,148.997,149.262,19015.71
2025-02-23 20:00:00+00:00,149.175,149.403,149.09,149.399,8188.22
2025-02-24 00:00:00+00:00,149.401,149.495,148.841,149.159,56758.55
2025-02-24 04:00:00+00:00,149.16,149.545,149.128,149.455,40038.45
2025-02-24 08:00:00+00:00,149.454,149.789,149.23,149.73,50992.77
2025-02-24 12:00:00+00:00,149.731,149.871,149.188,149.296,75509.79
2025-02-24 16:00:00+00:00,149.298,149.799,149.296,149.674,54731.05
2025-02-24 20:00:00+00:00,149.674,149.91,149.563,149.908,25905.32
2025-02-25 00:00:00+00:00,149.909,150.298,149.61,149.663,43349.78
2025-02-25 04:00:00+00:00,149.663,149.866,149.195,149.278,48693.88
2025-02-25 08:00:00+00:00,149.28,149.953,149.218,149.806,61105.62
2025-02-25 12:00:00+00:00,149.806,149.817,148.562,149.065,81533.04
2025-02-25 16:00:00+00:00,149.064,149.254,148.777,149.075,74272.33
2025-02-25 20:00:00+00:00,149.075,149.176,148.849,149.049,29479.68
2025-02-26 00:00:00+00:00,149.047,149.515,148.618,149.393,49232.5
2025-02-26 04:00:00+00:00,149.39,149.63,149.281,149.528,41238.63
2025-02-26 08:00:00+00:00,149.529,149.589,149.224,149.544,55827.89
2025-02-26 12:00:00+00:00,149.543,149.884,149.29,149.488,72778.88
2025-02-26 16:00:00+00:00,149.486,149.528,148.81,148.834,60557.43
2025-02-26 20:00:00+00:00,148.839,149.233,148.742,148.876,24257.38
2025-02-27 00:00:00+00:00,148.877,149.403,148.781,149.22,40129.03
2025-02-27 04:00:00+00:00,149.219,149.422,149.075,149.265,35436.08
2025-02-27 08:00:00+00:00,149.266,149.97,149.156,149.798,50659.3
2025-02-27 12:00:00+00:00,149.796,150.139,149.357,149.94,109275.02
2025-02-27 16:00:00+00:00,149.94,150.161,149.763,149.861,73021.55
2025-02-27 20:00:00+00:00,149.861,150.103,149.538,150.084,32420.98
2025-02-28 00:00:00+00:00,150.086,150.142,149.098,149.601,57401.66
2025-02-28 04:00:00+00:00,149.601,150.567,149.516,150.432,49993.39
2025-02-28 08:00:00+00:00,150.432,150.686,150.184,150.388,49094.86
2025-02-28 12:00:00+00:00,150.387,150.987,150.28,150.679,98420.8
2025-02-28 16:00:00+00:00,150.683,150.79,150.233,150.54,95025.36
2025-02-28 20:00:00+00:00,150.543,150.622,150.439,150.545,16348.64
2025-03-02 20:00:00+00:00,150.644,151.019,150.632,150.806,10126.23
2025-03-03 00:00:00+00:00,150.807,150.945,150.243,150.45,57854.28
2025-03-03 04:00:00+00:00,150.45,150.528,150.149,150.168,39485.33
2025-03-03 08:00:00+00:00,150.168,151.234,149.945,151.207,44636.82
2025-03-03 12:00:00+00:00,151.207,151.301,150.079,150.231,82106.14
2025-03-03 16:00:00+00:00,150.235,150.37,150.048,150.25,67761.04
2025-03-03 20:00:00+00:00,150.251,150.259,149.097,149.306,49900.39
2025-03-04 00:00:00+00:00,149.317,149.529,148.595,149.161,77680.17
2025-03-04 04:00:00+00:00,149.162,149.574,148.925,149.345,68405.44
2025-03-04 08:00:00+00:00,149.345,149.452,148.288,148.364,92914.61
2025-03-04 12:00:00+00:00,148.365,148.706,148.096,148.35,116779.04
2025-03-04 16:00:00+00:00,148.35,149.368,148.301,149.315,99915.15
2025-03-04 20:00:00+00:00,149.315,149.97,149.008,149.827,47299.3
2025-03-05 00:00:00+00:00,149.824,150.182,149.577,149.971,69178.63
2025-03-05 04:00:00+00:00,149.969,149.971,149.414,149.445,48697.25
2025-03-05 08:00:00+00:00,149.45,149.639,149.096,149.395,78034.53
2025-03-05 12:00:00+00:00,149.4,149.737,148.392,148.913,145805.69
2025-03-05 16:00:00+00:00,148.912,149.139,148.472,148.787,96749.66
2025-03-05 20:00:00+00:00,148.786,148.998,148.723,148.882,26201.95
2025-03-06 00:00:00+00:00,148.88,149.331,148.856,149.233,44020.56
2025-03-06 04:00:00+00:00,149.233,149.306,148.262,148.369,62715.05
2025-03-06 08:00:00+00:00,148.37,148.412,147.698,147.829,89395.84
2025-03-06 12:00:00+00:00,147.828,148.312,147.308,148.238,115660.64
2025-03-06 16:00:00+00:00,148.242,148.391,147.567,147.688,107083.37
2025-03-06 20:00:00+00:00,147.688,148.149,147.645,148.145,32797.42
2025-03-07 00:00:00+00:00,148.146,148.162,147.442,147.604,52217.88
2025-03-07 04:00:00+00:00,147.605,147.752,147.387,147.651,45667.52
2025-03-07 08:00:00+00:00,147.654,147.752,147.201,147.694,57957.31
2025-03-07 12:00:00+00:00,147.693,147.965,146.944,147.517,115834.25
2025-03-07 16:00:00+00:00,147.518,148.198,146.958,148.033,106893.22
2025-03-07 20:00:00+00:00,148.034,148.115,147.84,148.018,26954.64
2025-03-09 20:00:00+00:00,147.908,147.946,147.386,147.585,21098.55
2025-03-10 00:00:00+00:00,147.584,147.754,147.088,147.637,47369.9
2025-03-10 04:00:00+00:00,147.638,147.79,147.498,147.57,43147.16
2025-03-10 08:00:00+00:00,147.573,147.637,146.86,147.124,85673.95
2025-03-10 12:00:00+00:00,147.125,147.306,146.628,147.151,121957.49
2025-03-10 16:00:00+00:00,147.149,147.464,147.036,147.294,85966.52
2025-03-10 20:00:00+00:00,147.293,147.364,146.779,147.076,23097.74
2025-03-11 00:00:00+00:00,147.076,147.192,146.538,147.115,68679.97
2025-03-11 04:00:00+00:00,147.113,147.4,146.758,146.937,57210.6
2025-03-11 08:00:00+00:00,146.934,147.725,146.874,147.602,82405.72
2025-03-11 12:00:00+00:00,147.602,148.118,147.266,147.494,146635.54
2025-03-11 16:00:00+00:00,147.496,147.913,147.02,147.755,106057.99
2025-03-11 20:00:00+00:00,147.754,148.066,147.496,148.049,18267.2
2025-03-12 00:00:00+00:00,148.048,148.152,147.844,148.072,41462.42
2025-03-12 04:00:00+00:00,148.073,148.601,147.957,148.591,38361.67
2025-03-12 08:00:00+00:00,148.589,148.77,148.257,148.735,53365.12
2025-03-12 12:00:00+00:00,148.734,149.194,148.073,148.317,108929.51
2025-03-12 16:00:00+00:00,148.315,148.431,148.106,148.348,65364.27
2025-03-12 20:00:00+00:00,148.348,148.366,148.089,148.29,11270.66
2025-03-13 00:00:00+00:00,148.294,148.37,148.014,148.038,36675.89
2025-03-13 04:00:00+00:00,148.04,148.116,147.574,147.785,44627.45
2025-03-13 08:00:00+00:00,147.786,148.235,147.682,147.992,52320.75
2025-03-13 12:00:00+00:00,147.991,148.354,147.64,147.704,85900.31
2025-03-13 16:00:00+00:00,147.704,147.831,147.411,147.697,57908.92
2025-03-13 20:00:00+00:00,147.697,147.982,147.689,147.936,12177.98
2025-03-14 00:00:00+00:00,147.922,148.428,147.846,148.332,37036.56
2025-03-14 04:00:00+00:00,148.331,149.02,148.321,148.748,41330.29
2025-03-14 08:00:00+00:00,148.748,148.996,148.606,148.727,43274.12
2025-03-14 12:00:00+00:00,148.731,148.896,148.345,148.517,71819.05
2025-03-14 16:00:00+00:00,148.516,148.66,148.256,148.642,36921.1
2025-03-14 20:00:00+00:00,148.642,148.668,148.559,148.606,4891.95
2025-03-16 20:00:00+00:00,148.753,148.839,148.46,148.602,13611.34
2025-03-17 00:00:00+00:00,148.605,148.895,148.459,148.726,36020.22
2025-03-17 04:00:00+00:00,148.728,149.095,148.719,148.835,38906.09
2025-03-17 08:00:00+00:00,148.833,148.979,148.416,148.454,51116.75
2025-03-17 12:00:00+00:00,148.459,149.094,148.26,148.555,95132.91
2025-03-17 16:00:00+00:00,148.555,149.283,148.519,149.158,43961.13
2025-03-17 20:00:00+00:00,149.156,149.396,149.053,149.395,13626.28
2025-03-18 00:00:00+00:00,149.394,149.723,149.253,149.688,33116.86
2025-03-18 04:00:00+00:00,149.688,149.877,149.513,149.83,32108.43
2025-03-18 08:00:00+00:00,149.831,149.9,149.561,149.744,43552.78
2025-03-18 12:00:00+00:00,149.745,149.934,149.415,149.491,73311.25
2025-03-18 16:00:00+00:00,149.491,149.649,149.094,149.273,44481.59
2025-03-18 20:00:00+00:00,149.274,149.475,149.186,149.438,10628.13
2025-03-19 00:00:00+00:00,149.439,149.645,149.202,149.321,29502.89
2025-03-19 04:00:00+00:00,149.322,150.019,149.14,149.272,45896.61
2025-03-19 08:00:00+00:00,149.276,149.882,149.276,149.828,40402.84
2025-03-19 12:00:00+00:00,149.828,150.146,149.598,150.031,54365.43
2025-03-19 16:00:00+00:00,150.03,150.031,148.66,148.842,63145.2
2025-03-19 20:00:00+00:00,148.846,148.899,148.456,148.456,19118.79
2025-03-20 00:00:00+00:00,148.456,148.519,148.179,148.364,27358.35
2025-03-20 04:00:00+00:00,148.368,148.641,148.178,148.588,24935.3
2025-03-20 08:00:00+00:00,148.589,148.78,148.392,148.457,45643.52
2025-03-20 12:00:00+00:00,148.457,148.959,148.398,148.847,72700.97
2025-03-20 16:00:00+00:00,148.847,148.958,148.712,148.785,41387.45
2025-03-20 20:00:00+00:00,148.783,148.823,148.585,148.619,13325.88
2025-03-21 00:00:00+00:00,148.621,149.247,148.587,149.208,39864.21
2025-03-21 04:00:00+00:00,149.207,149.66,149.202,149.31,39757.58
2025-03-21 08:00:00+00:00,149.31,149.534,148.854,148.886,39126.61
2025-03-21 12:00:00+00:00,148.887,148.994,148.602,148.979,74625.3
2025-03-21 16:00:00+00:00,148.982,149.342,148.934,149.334,42621.63
2025-03-21 20:00:00+00:00,149.332,149.363,149.265,149.269,2271.97
2025-03-23 20:00:00+00:00,149.329,149.688,149.329,149.66,11636.2
2025-03-24 00:00:00+00:00,149.664,149.951,149.454,149.806,29384.34
2025-03-24 04:00:00+00:00,149.809,149.866,149.534,149.648,28174.83
2025-03-24 08:00:00+00:00,149.645,149.796,149.491,149.75,37750.41
2025-03-24 12:00:00+00:00,149.754,150.754,149.703,150.738,66341.37
2025-03-24 16:00:00+00:00,150.74,150.753,150.482,150.643,32332.69
2025-03-24 20:00:00+00:00,150.643,150.859,150.605,150.777,11167.99
2025-03-25 00:00:00+00:00,150.784,150.942,150.582,150.619,28146.22
2025-03-25 04:00:00+00:00,150.619,150.74,150.416,150.72,26314.53
2025-03-25 08:00:00+00:00,150.72,150.766,150.059,150.175,42406.76
2025-03-25 12:00:00+00:00,150.174,150.174,149.546,149.763,59474.02
2025-03-25 16:00:00+00:00,149.765,149.938,149.703,149.857,23305.57
2025-03-25 20:00:00+00:00,149.857,150.006,149.841,149.941,7217.13
2025-03-26 00:00:00+00:00,149.939,150.466,149.838,150.433,35044.57
2025-03-26 04:00:00+00:00,150.432,150.622,150.363,150.393,28474.64
2025-03-26 08:00:00+00:00,150.395,150.407,150.017,150.206,29716.62
2025-03-26 12:00:00+00:00,150.206,150.743,150.113,150.68,74944.87
2025-03-26 16:00:00+00:00,150.683,150.716,150.312,150.574,54317.43
2025-03-26 20:00:00+00:00,150.573,150.596,150.28,150.472,18861.01
2025-03-27 00:00:00+00:00,150.47,150.62,150.083,150.15,29356.39
2025-03-27 04:00:00+00:00,150.149,150.545,150.058,150.534,36386.98
2025-03-27 08:00:00+00:00,150.535,151.023,150.49,151.02,42111.36
2025-03-27 12:00:00+00:00,151.019,151.088,150.58,150.967,74816.51
2025-03-27 16:00:00+00:00,150.969,151.156,150.912,151.037,37879.47
2025-03-27 20:00:00+00:00,151.038,151.114,150.764,150.85,12038.25
2025-03-28 00:00:00+00:00,150.849,151.208,150.701,150.805,32204.97
2025-03-28 04:00:00+00:00,150.806,150.94,150.382,150.393,31044.07
2025-03-28 08:00:00+00:00,150.393,150.863,150.359,150.802,39903.56
2025-03-28 12:00:00+00:00,150.805,150.932,149.906,150.259,88133.19
2025-03-28 16:00:00+00:00,150.257,150.294,149.745,149.749,36819.63
2025-03-28 20:00:00+00:00,149.749,149.883,149.682,149.818,4212.63
2025-03-30 20:00:00+00:00,149.721,149.796,149.302,149.617,16691.73
2025-03-31 00:00:00+00:00,149.617,149.635,148.719,148.922,61193.72
2025-03-31 04:00:00+00:00,148.919,149.245,148.698,149.143,60446.31
2025-03-31 08:00:00+00:00,149.143,149.432,148.959,149.373,54478.97
2025-03-31 12:00:00+00:00,149.376,149.957,149.346,149.907,109340.33
2025-03-31 16:00:00+00:00,149.911,150.264,149.8,149.959,52493.33
2025-03-31 20:00:00+00:00,149.959,150.14,149.831,149.946,16519.83
2025-04-01 00:00:00+00:00,149.946,149.982,149.633,149.658,39523.77
2025-04-01 04:00:00+00:00,149.658,149.99,149.531,149.617,50476.83
2025-04-01 08:00:00+00:00,149.617,149.719,149.12,149.197,63433.81
2025-04-01 12:00:00+00:00,149.194,149.542,148.97,149.405,108950.73
2025-04-01 16:00:00+00:00,149.405,149.741,149.234,149.616,68279.6
2025-04-01 20:00:00+00:00,149.616,149.888,149.495,149.75,14230.3
2025-04-02 00:00:00+00:00,149.749,149.951,149.686,149.747,35211.49
2025-04-02 04:00:00+00:00,149.746,150.0,149.63,149.671,36638.9
2025-04-02 08:00:00+00:00,149.672,149.716,149.19,149.22,54030.69
2025-04-02 12:00:00+00:00,149.219,150.088,149.1,149.988,93513.61
2025-04-02 16:00:00+00:00,149.989,150.252,149.918,150.024,57877.66
2025-04-02 20:00:00+00:00,150.024,150.484,147.683,147.878,73892.34
2025-04-03 00:00:00+00:00,147.876,148.335,147.113,147.268,83941.26
2025-04-03 04:00:00+00:00,147.269,147.636,146.805,147.266,83509.66
2025-04-03 08:00:00+00:00,147.263,147.361,146.022,146.04,76900.92
2025-04-03 12:00:00+00:00,146.038,146.361,145.183,146.045,139611.76
2025-04-03 16:00:00+00:00,146.045,146.516,145.965,146.247,93264.2
2025-04-03 20:00:00+00:00,146.248,146.304,145.539,146.253,35026.6
2025-04-04 00:00:00+00:00,146.252,146.405,145.62,145.663,71269.98
2025-04-04 04:00:00+00:00,145.663,146.298,145.298,146.271,89607.72
2025-04-04 08:00:00+00:00,146.27,146.546,144.55,145.397,141328.94
2025-04-04 12:00:00+00:00,145.397,146.22,145.017,145.921,188005.21
2025-04-04 16:00:00+00:00,145.921,147.429,145.854,146.826,130004.5
2025-04-04 20:00:00+00:00,146.831,147.001,146.758,146.95,14538.42
2025-04-06 20:00:00+00:00,145.475,145.684,144.813,145.434,58107.12
2025-04-07 00:00:00+00:00,145.429,146.843,145.182,146.286,112077.17
2025-04-07 04:00:00+00:00,146.287,146.464,145.069,145.79,123047.84
2025-04-07 08:00:00+00:00,145.79,146.622,145.699,146.385,131914.97
2025-04-07 12:00:00+00:00,146.385,147.979,146.38,147.961,194237.5
2025-04-07 16:00:00+00:00,147.964,148.147,147.523,147.94,138288.44
2025-04-07 20:00:00+00:00,147.941,148.139,147.617,147.79,35573.4
2025-04-08 00:00:00+00:00,147.789,147.963,147.25,147.593,89248.04
2025-04-08 04:00:00+00:00,147.593,147.798,146.966,147.393,86912.69
2025-04-08 08:00:00+00:00,147.393,147.515,146.771,146.906,102662.96
2025-04-08 12:00:00+00:00,146.904,147.667,146.662,147.023,160653.98
2025-04-08 16:00:00+00:00,147.021,147.097,145.962,146.278,181283.76
2025-04-08 20:00:00+00:00,146.278,146.477,145.598,145.849,49952.71
2025-04-09 00:00:00+00:00,145.848,145.939,145.131,145.329,121261.91
2025-04-09 04:00:00+00:00,145.33,145.638,144.578,145.523,147650.7
2025-04-09 08:00:00+00:00,145.524,145.779,144.647,144.648,104257.43
2025-04-09 12:00:00+00:00,144.642,145.097,143.992,145.096,156433.15
2025-04-09 16:00:00+00:00,145.096,148.277,144.567,147.948,136448.58
2025-04-09 20:00:00+00:00,147.946,148.019,147.233,147.4,44774.79
2025-04-10 00:00:00+00:00,147.402,147.46,146.606,146.828,86423.89
2025-04-10 04:00:00+00:00,146.829,147.142,146.24,146.27,88603.84
2025-04-10 08:00:00+00:00,146.27,146.426,145.336,145.526,99186.77
2025-04-10 12:00:00+00:00,145.527,145.596,144.004,144.344,145286.59
2025-04-10 16:00:00+00:00,144.341,145.132,144.066,144.658,139746.56
2025-04-10 20:00:00+00:00,144.658,144.833,143.712,143.749,45777.43
2025-04-11 00:00:00+00:00,143.754,143.783,142.875,143.19,100165.79
2025-04-11 04:00:00+00:00,143.19,144.142,142.799,142.835,96832.59
2025-04-11 08:00:00+00:00,142.834,143.218,142.06,142.599,121422.73
2025-04-11 12:00:00+00:00,142.602,143.719,142.217,143.58,125599.53
2025-04-11 16:00:00+00:00,143.58,144.199,143.509,143.595,71306.94
2025-04-11 20:00:00+00:00,143.591,143.644,143.432,143.436,6070.0
2025-04-13 20:00:00+00:00,143.876,144.06,143.503,143.691,33700.47
2025-04-14 00:00:00+00:00,143.692,143.745,142.248,143.021,74362.88
2025-04-14 04:00:00+00:00,143.019,143.275,142.227,143.076,68986.45
2025-04-14 08:00:00+00:00,143.079,143.357,142.761,143.241,62192.12
2025-04-14 12:00:00+00:00,143.241,144.08,142.89,142.971,103237.34
2025-04-14 16:00:00+00:00,142.97,143.348,142.779,143.024,65690.48
2025-04-14 20:00:00+00:00,143.024,143.331,142.85,143.215,19630.0
2025-04-15 00:00:00+00:00,143.214,143.592,143.049,143.127,37972.54
2025-04-15 04:00:00+00:00,143.128,143.509,142.844,143.299,50516.72
2025-04-15 08:00:00+00:00,143.299,143.305,142.682,142.898,63887.56
2025-04-15 12:00:00+00:00,142.899,143.263,142.596,143.1,89688.56
2025-04-15 16:00:00+00:00,143.099,143.249,143.04,143.188,40421.84
2025-04-15 20:00:00+00:00,143.189,143.278,142.912,143.157,18713.71
2025-04-16 00:00:00+00:00,143.157,143.17,142.496,142.523,35947.42
2025-04-16 04:00:00+00:00,142.523,142.673,142.041,142.097,57079.94
2025-04-16 08:00:00+00:00,142.098,142.95,142.066,142.657,66710.62
2025-04-16 12:00:00+00:00,142.655,142.858,142.318,142.576,94401.2
2025-04-16 16:00:00+00:00,142.575,142.693,141.641,142.109,74043.19
2025-04-16 20:00:00+00:00,142.107,142.198,141.611,141.925,21107.92
2025-04-17 00:00:00+00:00,141.927,142.861,141.845,142.607,53599.96
2025-04-17 04:00:00+00:00,142.609,142.913,142.487,142.891,50295.21
2025-04-17 08:00:00+00:00,142.893,143.087,142.458,142.594,53353.76
2025-04-17 12:00:00+00:00,142.598,142.695,141.899,142.333,87749.28
2025-04-17 16:00:00+00:00,142.335,142.715,142.186,142.396,50615.69
2025-04-17 20:00:00+00:00,142.39,142.499,142.299,142.372,13819.95
2025-04-18 00:00:00+00:00,142.351,142.442,142.196,142.322,106600.17
2025-04-18 04:00:00+00:00,142.324,142.41,142.285,142.389,74835.66
2025-04-18 08:00:00+00:00,142.39,142.396,142.275,142.323,48292.2
2025-04-18 12:00:00+00:00,142.322,142.358,142.226,142.242,50259.7
2025-04-18 16:00:00+00:00,142.237,142.29,142.114,142.178,73804.4
2025-04-18 20:00:00+00:00,142.176,142.189,142.091,142.096,4566.66
2025-04-20 20:00:00+00:00,142.065,142.129,141.496,141.588,20762.83
2025-04-21 00:00:00+00:00,141.589,141.589,140.615,140.756,52035.52
2025-04-21 04:00:00+00:00,140.756,140.976,140.546,140.553,35232.55
2025-04-21 08:00:00+00:00,140.556,141.073,140.467,140.791,36948.85
2025-04-21 12:00:00+00:00,140.79,141.039,140.568,140.813,62738.95
2025-04-21 16:00:00+00:00,140.813,140.973,140.556,140.859,35123.44
2025-04-21 20:00:00+00:00,140.858,140.977,140.649,140.871,15354.9
2025-04-22 00:00:00+00:00,140.872,141.172,140.096,140.203,48251.8
2025-04-22 04:00:00+00:00,140.203,140.512,139.885,140.283,56788.12
2025-04-22 08:00:00+00:00,140.282,140.629,140.169,140.252,45692.9
2025-04-22 12:00:00+00:00,140.252,140.921,140.208,140.874,78171.04
2025-04-22 16:00:00+00:00,140.873,141.634,140.791,141.609,61159.08
2025-04-22 20:00:00+00:00,141.608,143.218,141.452,142.701,43178.2
2025-04-23 00:00:00+00:00,142.701,142.714,141.662,142.191,56723.82
2025-04-23 04:00:00+00:00,142.191,142.244,141.527,141.866,51443.3
2025-04-23 08:00:00+00:00,141.868,142.188,141.576,141.647,45269.47
2025-04-23 12:00:00+00:00,141.652,142.788,141.573,142.641,103028.05
2025-04-23 16:00:00+00:00,142.641,143.495,142.566,143.392,61185.16
2025-04-23 20:00:00+00:00,143.397,143.571,142.881,143.194,20909.09
2025-04-24 00:00:00+00:00,143.192,143.338,142.598,142.864,42884.96
2025-04-24 04:00:00+00:00,142.863,142.958,142.548,142.579,35645.55
2025-04-24 08:00:00+00:00,142.579,142.736,142.304,142.593,41939.37
2025-04-24 12:00:00+00:00,142.595,142.775,142.276,142.655,67383.05
2025-04-24 16:00:00+00:00,142.654,142.83,142.488,142.693,28267.31
2025-04-24 20:00:00+00:00,142.693,142.928,142.521,142.851,13029.39
2025-04-25 00:00:00+00:00,142.853,143.666,142.817,143.644,42426.36
2025-04-25 04:00:00+00:00,143.643,143.849,143.223,143.397,49863.95
2025-04-25 08:00:00+00:00,143.401,143.732,143.223,143.373,44417.68
2025-04-25 12:00:00+00:00,143.372,144.029,143.303,143.749,64206.02
2025-04-25 16:00:00+00:00,143.75,143.846,143.442,143.648,34885.69
2025-04-25 20:00:00+00:00,143.646,143.836,143.617,143.623,2727.11
2025-04-27 20:00:00+00:00,143.539,143.877,143.449,143.85,11364.46
2025-04-28 00:00:00+00:00,143.851,143.859,143.342,143.582,31204.31
2025-04-28 04:00:00+00:00,143.583,143.893,143.288,143.63,32775.12
2025-04-28 08:00:00+00:00,143.63,143.706,143.327,143.371,33982.26
2025-04-28 12:00:00+00:00,143.373,143.437,142.598,142.703,65573.51
2025-04-28 16:00:00+00:00,142.703,142.711,142.038,142.064,33736.95
2025-04-28 20:00:00+00:00,142.062,142.314,141.938,142.179,11600.96
2025-04-29 00:00:00+00:00,142.18,142.49,142.065,142.428,28786.59
2025-04-29 04:00:00+00:00,142.429,142.577,142.3,142.387,30070.69
2025-04-29 08:00:00+00:00,142.386,142.756,142.323,142.739,30112.22
2025-04-29 12:00:00+00:00,142.739,142.755,142.007,142.294,66510.96
2025-04-29 16:00:00+00:00,142.295,142.379,141.968,142.314,32638.53
2025-04-29 20:00:00+00:00,142.318,142.445,142.131,142.259,10104.66
2025-04-30 00:00:00+00:00,142.259,142.548,142.17,142.513,29842.99
2025-04-30 04:00:00+00:00,142.514,142.888,142.416,142.801,25638.51
2025-04-30 08:00:00+00:00,142.805,143.152,142.72,143.014,26522.09
2025-04-30 12:00:00+00:00,143.013,143.047,142.491,142.63,85171.9
2025-04-30 16:00:00+00:00,142.629,143.007,142.593,142.91,36551.71
2025-04-30 20:00:00+00:00,142.911,143.188,142.9,143.019,15395.71
2025-05-01 00:00:00+00:00,143.018,143.752,142.878,143.687,26120.39
2025-05-01 04:00:00+00:00,143.687,144.742,143.687,144.365,41528.48
2025-05-01 08:00:00+00:00,144.366,144.554,144.126,144.481,29084.88
2025-05-01 12:00:00+00:00,144.481,145.652,144.147,145.475,73039.5
2025-05-01 16:00:00+00:00,145.481,145.734,145.351,145.538,36453.99
2025-05-01 20:00:00+00:00,145.535,145.608,145.239,145.404,13210.77
2025-05-02 00:00:00+00:00,145.406,145.924,145.144,145.221,40195.5
2025-05-02 04:00:00+00:00,145.221,145.422,145.041,145.125,41744.89
2025-05-02 08:00:00+00:00,145.124,145.206,144.363,144.556,44187.62
2025-05-02 12:00:00+00:00,144.557,144.956,143.727,144.524,96554.18
2025-05-02 16:00:00+00:00,144.524,145.084,144.487,144.98,42710.74
2025-05-02 20:00:00+00:00,144.986,145.06,144.847,144.905,4451.61
2025-05-04 20:00:00+00:00,144.662,144.989,144.509,144.648,10610.91
2025-05-05 00:00:00+00:00,144.649,144.797,144.064,144.291,27434.68
2025-05-05 04:00:00+00:00,144.291,144.422,143.964,144.36,31980.6
2025-05-05 08:00:00+00:00,144.361,144.367,143.747,143.848,36286.72
2025-05-05 12:00:00+00:00,143.85,144.012,143.539,143.976,62228.1
2025-05-05 16:00:00+00:00,143.981,144.233,143.697,143.764,26173.83
2025-05-05 20:00:00+00:00,143.763,143.802,143.556,143.702,11556.58
2025-05-06 00:00:00+00:00,143.702,144.275,143.651,143.787,31341.89
2025-05-06 04:00:00+00:00,143.788,143.927,143.201,143.327,33420.88
2025-05-06 08:00:00+00:00,143.326,143.355,142.744,142.778,41243.25
2025-05-06 12:00:00+00:00,142.778,142.961,142.353,142.771,62323.13
2025-05-06 16:00:00+00:00,142.769,143.034,142.355,142.394,39493.77
2025-05-06 20:00:00+00:00,142.396,143.307,142.354,143.087,28813.52
2025-05-07 00:00:00+00:00,143.089,143.303,142.745,143.105,47019.6
2025-05-07 04:00:00+00:00,143.105,143.325,142.826,143.174,33941.83
2025-05-07 08:00:00+00:00,143.173,143.453,143.156,143.392,29023.38
2025-05-07 12:00:00+00:00,143.388,143.472,143.118,143.472,55783.73
2025-05-07 16:00:00+00:00,143.472,143.976,142.902,143.811,65881.24
2025-05-07 20:00:00+00:00,143.81,143.997,143.651,143.861,13846.51
2025-05-08 00:00:00+00:00,143.86,143.953,143.443,143.599,40200.32
2025-05-08 04:00:00+00:00,143.599,144.518,143.548,144.32,43346.91
2025-05-08 08:00:00+00:00,144.321,145.004,144.257,144.643,38374.6
2025-05-08 12:00:00+00:00,144.644,145.591,144.432,145.462,81455.18
2025-05-08 16:00:00+00:00,145.469,146.176,145.451,145.915,41951.12
2025-05-08 20:00:00+00:00,145.915,146.067,145.739,145.95,14346.99
2025-05-09 00:00:00+00:00,145.948,146.185,145.46,145.656,40445.81
2025-05-09 04:00:00+00:00,145.657,145.657,145.132,145.169,35954.54
2025-05-09 08:00:00+00:00,145.171,145.403,144.93,145.126,37096.29
2025-05-09 12:00:00+00:00,145.125,145.35,144.823,145.15,56582.79
2025-05-09 16:00:00+00:00,145.152,145.369,145.055,145.297,24191.37
2025-05-09 20:00:00+00:00,145.297,145.378,145.289,145.299,1902.92
2025-05-11 20:00:00+00:00,146.213,146.233,145.698,145.838,14397.02
2025-05-12 00:00:00+00:00,145.836,146.283,145.717,145.727,38461.41
2025-05-12 04:00:00+00:00,145.725,147.994,145.715,147.915,57876.81
2025-05-12 08:00:00+00:00,147.916,148.59,147.623,147.876,81568.88
2025-05-12 12:00:00+00:00,147.88,148.328,147.809,148.096,81178.8
2025-05-12 16:00:00+00:00,148.096,148.651,148.043,148.382,31667.75
2025-05-12 20:00:00+00:00,148.383,148.478,148.19,148.256,10441.19
2025-05-13 00:00:00+00:00,148.257,148.257,147.729,147.751,36988.79
2025-05-13 04:00:00+00:00,147.751,148.053,147.644,147.85,38026.56
2025-05-13 08:00:00+00:00,147.853,148.136,147.731,148.116,35432.51
2025-05-13 12:00:00+00:00,148.116,148.272,147.656,147.752,77712.74
2025-05-13 16:00:00+00:00,147.752,147.799,147.373,147.424,26394.64
2025-05-13 20:00:00+00:00,147.426,147.544,147.299,147.521,8477.69
2025-05-14 00:00:00+00:00,147.521,147.67,147.002,147.084,35526.66
2025-05-14 04:00:00+00:00,147.082,147.215,146.838,146.977,34519.63
2025-05-14 08:00:00+00:00,146.977,146.985,145.601,146.175,61864.65
2025-05-14 12:00:00+00:00,146.175,146.651,145.763,146.55,72250.0
2025-05-14 16:00:00+00:00,146.551,147.117,146.437,146.82,38409.27
2025-05-14 20:00:00+00:00,146.82,146.893,146.425,146.635,11765.65
2025-05-15 00:00:00+00:00,146.636,146.749,145.951,146.09,36508.81
2025-05-15 04:00:00+00:00,146.089,146.17,145.479,145.883,43111.5
2025-05-15 08:00:00+00:00,145.887,146.099,145.639,146.083,35215.28
2025-05-15 12:00:00+00:00,146.081,146.252,145.409,145.615,72702.85
2025-05-15 16:00:00+00:00,145.615,145.766,145.534,145.618,25094.44
2025-05-15 20:00:00+00:00,145.618,145.697,145.424,145.569,10104.63
2025-05-16 00:00:00+00:00,145.571,145.619,144.96,145.262,34366.14
2025-05-16 04:00:00+00:00,145.259,145.383,144.92,145.235,30321.02
2025-05-16 08:00:00+00:00,145.237,145.678,145.226,145.644,32917.1
2025-05-16 12:00:00+00:00,145.643,146.071,145.398,146.02,55302.75
2025-05-16 16:00:00+00:00,146.021,146.097,145.828,145.959,19820.49
2025-05-16 20:00:00+00:00,145.96,145.96,145.549,145.581,7527.99
2025-05-18 20:00:00+00:00,145.284,145.447,145.003,145.234,12383.08
2025-05-19 00:00:00+00:00,145.236,145.334,144.805,145.241,41662.05
2025-05-19 04:00:00+00:00,145.241,145.342,144.66,144.849,41326.99
2025-05-19 08:00:00+00:00,144.85,145.042,144.701,144.898,40825.39
2025-05-19 12:00:00+00:00,144.897,145.215,144.783,144.989,61811.64
2025-05-19 16:00:00+00:00,144.988,145.111,144.797,144.848,24516.44
2025-05-19 20:00:00+00:00,144.847,145.01,144.774,144.975,8811.76
2025-05-20 00:00:00+00:00,144.976,145.512,144.723,144.809,41184.5
2025-05-20 04:00:00+00:00,144.809,144.85,144.089,144.124,47668.61
2025-05-20 08:00:00+00:00,144.127,144.669,144.123,144.59,37794.42
2025-05-20 12:00:00+00:00,144.591,144.972,144.515,144.721,62775.93
2025-05-20 16:00:00+00:00,144.722,144.885,144.429,144.542,26247.95
2025-05-20 20:00:00+00:00,144.54,144.568,144.161,144.318,13357.29
2025-05-21 00:00:00+00:00,144.319,144.349,143.723,143.788,43710.98
2025-05-21 04:00:00+00:00,143.789,143.959,143.459,143.903,50507.42
2025-05-21 08:00:00+00:00,143.902,144.191,143.465,143.75,53696.95
2025-05-21 12:00:00+00:00,143.75,143.894,143.557,143.684,75529.45
2025-05-21 16:00:00+00:00,143.683,143.769,143.282,143.682,53797.9
2025-05-21 20:00:00+00:00,143.681,144.398,143.551,143.693,21675.59
2025-05-22 00:00:00+00:00,143.691,143.728,143.143,143.313,42297.31
2025-05-22 04:00:00+00:00,143.315,143.434,143.0,143.051,45178.24
2025-05-22 08:00:00+00:00,143.051,143.779,142.802,143.36,51765.44
2025-05-22 12:00:00+00:00,143.36,144.048,143.27,143.894,88202.48
2025-05-22 16:00:00+00:00,143.894,144.328,143.861,143.998,32348.56
2025-05-22 20:00:00+00:00,143.997,144.081,143.761,143.857,11044.66
2025-05-23 00:00:00+00:00,143.859,144.013,143.413,143.433,37626.82
2025-05-23 04:00:00+00:00,143.437,143.582,143.233,143.306,39050.61
2025-05-23 08:00:00+00:00,143.307,143.428,142.506,142.626,57950.81
2025-05-23 12:00:00+00:00,142.629,142.895,142.452,142.61,103799.46
2025-05-23 16:00:00+00:00,142.61,142.785,142.422,142.498,34370.53
2025-05-23 20:00:00+00:00,142.498,142.58,142.486,142.538,3323.43
2025-05-25 20:00:00+00:00,142.441,143.08,142.409,142.822,16599.31
2025-05-26 00:00:00+00:00,142.821,142.883,142.225,142.456,38770.15
2025-05-26 04:00:00+00:00,142.456,142.916,142.456,142.895,34905.11
2025-05-26 08:00:00+00:00,142.894,142.988,142.753,142.929,20851.99
2025-05-26 12:00:00+00:00,142.929,143.032,142.747,142.846,21641.2
2025-05-26 16:00:00+00:00,142.846,142.871,142.709,142.771,3316.61
2025-05-26 20:00:00+00:00,142.77,142.97,142.614,142.628,7053.01
2025-05-27 00:00:00+00:00,142.627,142.627,142.112,142.443,31538.56
2025-05-27 04:00:00+00:00,142.444,143.864,142.383,143.74,54192.49
2025-05-27 08:00:00+00:00,143.738,144.176,143.619,144.097,42858.72
2025-05-27 12:00:00+00:00,144.095,144.46,143.874,144.38,63271.7
2025-05-27 16:00:00+00:00,144.38,144.436,144.24,144.322,22418.18
2025-05-27 20:00:00+00:00,144.322,144.411,144.131,144.133,9887.36
2025-05-28 00:00:00+00:00,144.133,144.767,143.851,144.356,49949.53
2025-05-28 04:00:00+00:00,144.359,144.771,144.07,144.148,45560.51
2025-05-28 08:00:00+00:00,144.148,144.429,143.991,144.422,35666.69
2025-05-28 12:00:00+00:00,144.421,145.076,144.309,145.047,68878.36
2025-05-28 16:00:00+00:00,145.046,145.049,144.753,144.904,31347.69
2025-05-28 20:00:00+00:00,144.904,146.023,144.748,145.717,31395.97
2025-05-29 00:00:00+00:00,145.724,146.285,145.597,145.739,61359.96
2025-05-29 04:00:00+00:00,145.741,146.092,145.2,145.259,49216.78
2025-05-29 08:00:00+00:00,145.26,145.359,144.88,145.082,47289.02
2025-05-29 12:00:00+00:00,145.082,145.082,144.053,144.093,80544.02
2025-05-29 16:00:00+00:00,144.092,144.256,143.959,144.138,35986.13
2025-05-29 20:00:00+00:00,144.133,144.241,143.741,143.751,14666.51
2025-05-30 00:00:00+00:00,143.751,144.037,143.437,143.858,46121.96
2025-05-30 04:00:00+00:00,143.857,144.158,143.694,144.025,41994.87
2025-05-30 08:00:00+00:00,144.025,144.223,143.784,143.846,45879.72
2025-05-30 12:00:00+00:00,143.848,144.442,143.467,144.181,89450.6
2025-05-30 16:00:00+00:00,144.181,144.186,143.79,143.875,38598.31
2025-05-30 20:00:00+00:00,143.874,144.085,143.867,144.006,5032.87
2025-06-01 20:00:00+00:00,143.795,143.986,143.716,143.792,7736.87
2025-06-02 00:00:00+00:00,143.798,143.798,143.325,143.519,38257.06
2025-06-02 04:00:00+00:00,143.519,143.612,142.825,142.899,44322.54
2025-06-02 08:00:00+00:00,142.899,142.973,142.621,142.755,52602.79
2025-06-02 12:00:00+00:00,142.755,143.071,142.538,142.773,70763.89
2025-06-02 16:00:00+00:00,142.772,143.001,142.669,142.708,26486.67
2025-06-02 20:00:00+00:00,142.708,142.742,142.378,142.425,13889.52
2025-06-03 00:00:00+00:00,142.425,143.267,142.423,143.157,36841.99
2025-06-03 04:00:00+00:00,143.157,143.216,142.606,142.827,35309.05
2025-06-03 08:00:00+00:00,142.827,143.16,142.673,143.081,36144.5
2025-06-03 12:00:00+00:00,143.08,143.99,143.048,143.94,57248.32
2025-06-03 16:00:00+00:00,143.938,144.107,143.838,144.071,22408.39
2025-06-03 20:00:00+00:00,144.072,144.076,143.786,143.818,8800.58
2025-06-04 00:00:00+00:00,143.818,144.284,143.669,144.058,35276.62
2025-06-04 04:00:00+00:00,144.056,144.392,143.794,144.086,34722.92
2025-06-04 08:00:00+00:00,144.088,144.314,143.844,144.269,30021.75
2025-06-04 12:00:00+00:00,144.27,144.272,142.913,142.917,70710.3
2025-06-04 16:00:00+00:00,142.917,142.924,142.603,142.882,23421.61
2025-06-04 20:00:00+00:00,142.882,142.897,142.53,142.724,9978.58
2025-06-05 00:00:00+00:00,142.724,143.025,142.569,142.991,41503.86
2025-06-05 04:00:00+00:00,142.993,143.392,142.899,143.345,33150.25
2025-06-05 08:00:00+00:00,143.346,143.403,143.029,143.268,28170.74
2025-06-05 12:00:00+00:00,143.268,143.971,142.772,143.863,87734.32
2025-06-05 16:00:00+00:00,143.861,143.975,143.471,143.685,36228.7
2025-06-05 20:00:00+00:00,143.685,143.779,143.308,143.553,12418.83
2025-06-06 00:00:00+00:00,143.554,143.899,143.527,143.757,26861.02
2025-06-06 04:00:00+00:00,143.756,144.137,143.732,143.907,28038.64
2025-06-06 08:00:00+00:00,143.908,144.189,143.879,144.154,27784.83
2025-06-06 12:00:00+00:00,144.155,145.086,144.077,144.876,94391.39
2025-06-06 16:00:00+00:00,144.878,144.981,144.77,144.786,25579.84
2025-06-06 20:00:00+00:00,144.785,144.887,144.781,144.816,2294.79
2025-06-08 20:00:00+00:00,144.807,144.809,144.6,144.692,5289.75
2025-06-09 00:00:00+00:00,144.69,144.947,144.346,144.492,28396.96
2025-06-09 04:00:00+00:00,144.491,144.494,144.101,144.143,25883.88
2025-06-09 08:00:00+00:00,144.143,144.527,143.974,144.489,29350.64
2025-06-09 12:00:00+00:00,144.492,144.771,144.345,144.371,45462.14
2025-06-09 16:00:00+00:00,144.368,144.597,144.365,144.56,14380.23
2025-06-09 20:00:00+00:00,144.563,144.649,144.446,144.563,7181.1
2025-06-10 00:00:00+00:00,144.564,145.287,144.402,144.827,32910.69
2025-06-10 04:00:00+00:00,144.827,144.949,144.425,144.741,35215.54
2025-06-10 08:00:00+00:00,144.743,144.771,144.481,144.584,20173.81
2025-06-10 12:00:00+00:00,144.584,144.947,144.442,144.913,30883.12
2025-06-10 16:00:00+00:00,144.911,145.042,144.78,144.902,14260.22
2025-06-10 20:00:00+00:00,144.901,145.163,144.796,144.84,12394.42
2025-06-11 00:00:00+00:00,144.836,145.15,144.651,145.004,26294.62
2025-06-11 04:00:00+00:00,145.008,145.244,144.889,145.121,23334.22
2025-06-11 08:00:00+00:00,145.122,145.335,144.921,145.281,22457.04
2025-06-11 12:00:00+00:00,145.28,145.463,144.321,144.487,55118.27
2025-06-11 16:00:00+00:00,144.489,144.652,144.329,144.63,24480.89
2025-06-11 20:00:00+00:00,144.629,144.691,144.116,144.181,13381.65
2025-06-12 00:00:00+00:00,144.18,144.344,143.724,143.894,33337.7
2025-06-12 04:00:00+00:00,143.896,144.139,143.633,143.878,26986.04
2025-06-12 08:00:00+00:00,143.878,143.942,143.401,143.619,35757.63
2025-06-12 12:00:00+00:00,143.617,143.903,143.183,143.647,52180.24
2025-06-12 16:00:00+00:00,143.647,143.737,143.471,143.574,20550.92
2025-06-12 20:00:00+00:00,143.574,143.595,143.074,143.094,10656.91
2025-06-13 00:00:00+00:00,143.094,143.744,142.79,143.495,67682.62
2025-06-13 04:00:00+00:00,143.495,143.872,143.377,143.796,46164.13
2025-06-13 08:00:00+00:00,143.798,144.444,143.665,144.129,39260.5
2025-06-13 12:00:00+00:00,144.126,144.481,143.954,144.044,49144.47
2025-06-13 16:00:00+00:00,144.043,144.196,143.85,143.934,28191.8
2025-06-13 20:00:00+00:00,143.932,144.149,143.923,144.038,6062.72
2025-06-15 20:00:00+00:00,143.946,144.749,143.86,144.568,16269.54
2025-06-16 00:00:00+00:00,144.568,144.603,144.157,144.478,29160.59
2025-06-16 04:00:00+00:00,144.481,144.481,143.972,144.181,29201.31
2025-06-16 08:00:00+00:00,144.182,144.35,143.975,144.115,21973.6
2025-06-16 12:00:00+00:00,144.114,144.282,143.651,144.133,43241.68
2025-06-16 16:00:00+00:00,144.132,144.875,144.087,144.859,19276.72
2025-06-16 20:00:00+00:00,144.86,144.864,144.571,144.682,13455.33
2025-06-17 00:00:00+00:00,144.682,145.111,144.615,144.657,33695.02
2025-06-17 04:00:00+00:00,144.657,145.022,144.402,144.528,31499.19
2025-06-17 08:00:00+00:00,144.528,144.942,144.468,144.613,29102.52
2025-06-17 12:00:00+00:00,144.613,145.289,144.383,145.04,41192.48
2025-06-17 16:00:00+00:00,145.039,145.38,144.904,145.211,30995.52
2025-06-17 20:00:00+00:00,145.213,145.432,145.107,145.382,10868.76
2025-06-18 00:00:00+00:00,145.384,145.44,145.041,145.069,26678.91
2025-06-18 04:00:00+00:00,145.069,145.111,144.853,144.955,23718.17
2025-06-18 08:00:00+00:00,144.957,145.128,144.801,144.846,20773.84
2025-06-18 12:00:00+00:00,144.844,144.965,144.551,144.578,39189.69
2025-06-18 16:00:00+00:00,144.578,145.224,144.327,145.12,53989.24
2025-06-18 20:00:00+00:00,145.124,145.187,144.894,144.953,12615.97
2025-06-19 00:00:00+00:00,144.953,145.22,144.734,145.072,27804.58
2025-06-19 04:00:00+00:00,145.067,145.402,145.023,145.385,26173.34
2025-06-19 08:00:00+00:00,145.389,145.77,145.248,145.669,26003.02
2025-06-19 12:00:00+00:00,145.67,145.757,145.349,145.634,25772.69
2025-06-19 16:00:00+00:00,145.634,145.733,145.343,145.434,11216.93
2025-06-19 20:00:00+00:00,145.434,145.56,145.195,145.232,13315.66
2025-06-20 00:00:00+00:00,145.228,145.364,145.12,145.275,24659.88
2025-06-20 04:00:00+00:00,145.277,145.485,145.243,145.41,20026.66
2025-06-20 08:00:00+00:00,145.412,145.614,145.251,145.59,19326.96
2025-06-20 12:00:00+00:00,145.593,145.956,145.45,145.925,36667.82
2025-06-20 16:00:00+00:00,145.926,146.193,145.778,146.177,17384.39
2025-06-20 20:00:00+00:00,146.177,146.214,146.054,146.054,3662.82
2025-06-22 20:00:00+00:00,146.671,146.671,146.207,146.211,12437.59
2025-06-23 00:00:00+00:00,146.21,146.764,146.143,146.697,29465.66
2025-06-23 04:00:00+00:00,146.698,147.396,146.698,147.333,31126.43
2025-06-23 08:00:00+00:00,147.33,148.025,147.326,147.591,30196.7
2025-06-23 12:00:00+00:00,147.591,147.634,146.332,146.468,55853.06
2025-06-23 16:00:00+00:00,146.467,146.539,146.009,146.144,43126.5
2025-06-23 20:00:00+00:00,146.142,146.172,145.696,145.92,20103.74
2025-06-24 00:00:00+00:00,145.92,145.937,145.286,145.415,37208.02
2025-06-24 04:00:00+00:00,145.414,145.514,144.994,145.316,33455.07
2025-06-24 08:00:00+00:00,145.316,145.332,144.85,144.963,29334.38
2025-06-24 12:00:00+00:00,144.967,145.192,144.512,144.9,48786.01
2025-06-24 16:00:00+00:00,144.902,144.963,144.559,144.771,20051.02
2025-06-24 20:00:00+00:00,144.77,144.973,144.737,144.933,8345.28
2025-06-25 00:00:00+00:00,144.934,145.045,144.606,144.972,25685.88
2025-06-25 04:00:00+00:00,144.973,145.371,144.864,145.311,20393.14
2025-06-25 08:00:00+00:00,145.313,145.798,145.238,145.748,20002.24
2025-06-25 12:00:00+00:00,145.75,145.949,145.525,145.594,35758.23
2025-06-25 16:00:00+00:00,145.595,145.603,145.099,145.238,17662.64
2025-06-25 20:00:00+00:00,145.239,145.331,144.874,144.912,10974.03
2025-06-26 00:00:00+00:00,144.911,144.942,144.567,144.784,24725.04
2025-06-26 04:00:00+00:00,144.782,144.965,143.93,144.064,29561.26
2025-06-26 08:00:00+00:00,144.063,144.444,143.75,144.389,29797.92
2025-06-26 12:00:00+00:00,144.391,144.537,144.122,144.339,50574.54
2025-06-26 16:00:00+00:00,144.339,144.417,144.054,144.369,22015.83
2025-06-26 20:00:00+00:00,144.371,144.741,144.259,144.673,11167.12
2025-06-27 00:00:00+00:00,144.666,144.807,144.193,144.456,27878.51
2025-06-27 04:00:00+00:00,144.455,144.591,144.176,144.482,24218.31
2025-06-27 08:00:00+00:00,144.48,144.68,144.259,144.492,22276.54
2025-06-27 12:00:00+00:00,144.491,144.945,144.362,144.735,51340.33
2025-06-27 16:00:00+00:00,144.738,144.903,144.54,144.749,27482.63
2025-06-27 20:00:00+00:00,144.75,144.76,144.614,144.614,4683.43
2025-06-29 20:00:00+00:00,144.3,144.663,144.298,144.503,10476.29
2025-06-30 00:00:00+00:00,144.5,144.762,144.087,144.217,26833.88
2025-06-30 04:00:00+00:00,144.218,144.234,143.779,144.123,28497.13
2025-06-30 08:00:00+00:00,144.128,144.342,144.014,144.331,21176.88
2025-06-30 12:00:00+00:00,144.33,144.509,144.153,144.166,43991.85
2025-06-30 16:00:00+00:00,144.162,144.387,143.992,144.035,24932.27
2025-06-30 20:00:00+00:00,144.032,144.054,143.774,143.805,10209.31
2025-07-01 00:00:00+00:00,143.806,143.89,143.437,143.879,25781.08
2025-07-01 04:00:00+00:00,143.88,143.933,143.067,143.069,25025.61
2025-07-01 08:00:00+00:00,143.073,143.166,142.704,142.735,34454.86
2025-07-01 12:00:00+00:00,142.739,143.666,142.679,143.578,49810.59
2025-07-01 16:00:00+00:00,143.578,143.802,143.575,143.77,25088.92
2025-07-01 20:00:00+00:00,143.771,143.771,143.34,143.371,8861.06
2025-07-02 00:00:00+00:00,143.372,143.746,143.319,143.528,25360.19
2025-07-02 04:00:00+00:00,143.526,144.05,143.459,143.899,24183.22
2025-07-02 08:00:00+00:00,143.898,144.244,143.777,144.183,23727.48
2025-07-02 12:00:00+00:00,144.183,144.213,143.482,143.76,53901.62
2025-07-02 16:00:00+00:00,143.759,143.807,143.572,143.615,15934.34
2025-07-02 20:00:00+00:00,143.615,143.7,143.479,143.519,7251.43
2025-07-03 00:00:00+00:00,143.519,143.879,143.443,143.848,20160.93
2025-07-03 04:00:00+00:00,143.849,143.931,143.67,143.859,16414.26
2025-07-03 08:00:00+00:00,143.861,143.896,143.737,143.863,15766.29
2025-07-03 12:00:00+00:00,143.863,145.232,143.725,144.968,67281.23
2025-07-03 16:00:00+00:00,144.967,145.212,144.946,145.035,10001.63
2025-07-03 20:00:00+00:00,145.042,145.084,144.683,144.707,8250.6
2025-07-04 00:00:00+00:00,144.707,144.79,144.46,144.521,17026.46
2025-07-04 04:00:00+00:00,144.522,144.526,144.181,144.408,22516.08
2025-07-04 08:00:00+00:00,144.407,144.416,144.276,144.393,19651.9
2025-07-04 12:00:00+00:00,144.392,144.568,144.355,144.531,30024.02
2025-07-04 16:00:00+00:00,144.531,144.58,144.437,144.566,30686.8
2025-07-04 20:00:00+00:00,144.566,144.58,144.404,144.417,15487.42
2025-07-06 20:00:00+00:00,144.376,144.632,144.314,144.487,5367.16
2025-07-07 00:00:00+00:00,144.487,144.847,144.223,144.833,22842.55
2025-07-07 04:00:00+00:00,144.83,145.199,144.782,145.197,22999.99
2025-07-07 08:00:00+00:00,145.197,145.53,145.111,145.492,22895.8
2025-07-07 12:00:00+00:00,145.493,145.892,145.478,145.869,27107.46
2025-07-07 16:00:00+00:00,145.867,146.239,145.735,146.055,33506.31
2025-07-07 20:00:00+00:00,146.055,146.155,145.837,145.879,11821.44
2025-07-08 00:00:00+00:00,145.878,146.441,145.83,146.072,30301.99
2025-07-08 04:00:00+00:00,146.071,146.28,145.88,146.038,24926.44
2025-07-08 08:00:00+00:00,146.039,146.649,146.033,146.587,27536.32
2025-07-08 12:00:00+00:00,146.588,146.976,146.459,146.814,33306.8
2025-07-08 16:00:00+00:00,146.813,146.862,146.614,146.622,27096.45
2025-07-08 20:00:00+00:00,146.624,146.875,146.509,146.868,11691.44
2025-07-09 00:00:00+00:00,146.866,147.182,146.73,147.103,25644.65
2025-07-09 04:00:00+00:00,147.103,147.147,146.682,146.841,19895.96
2025-07-09 08:00:00+00:00,146.843,146.868,146.54,146.765,21430.16
2025-07-09 12:00:00+00:00,146.766,146.766,146.269,146.531,36460.58
2025-07-09 16:00:00+00:00,146.53,146.53,146.251,146.314,17410.05
2025-07-09 20:00:00+00:00,146.313,146.485,146.07,146.105,9016.42
2025-07-10 00:00:00+00:00,146.103,146.256,145.753,146.254,24344.93
2025-07-10 04:00:00+00:00,146.257,146.463,146.065,146.278,19863.06
2025-07-10 08:00:00+00:00,146.277,146.409,146.083,146.25,17839.64
2025-07-10 12:00:00+00:00,146.25,146.786,146.207,146.465,36963.99
2025-07-10 16:00:00+00:00,146.463,146.509,146.167,146.238,16213.19
2025-07-10 20:00:00+00:00,146.237,146.297,146.136,146.278,6771.28
2025-07-11 00:00:00+00:00,146.276,147.04,146.245,146.95,28437.72
2025-07-11 04:00:00+00:00,146.949,147.184,146.721,146.851,22931.7
2025-07-11 08:00:00+00:00,146.85,147.082,146.752,147.022,22980.33
2025-07-11 12:00:00+00:00,147.021,147.52,146.786,147.291,32790.22
2025-07-11 16:00:00+00:00,147.289,147.478,147.253,147.374,14531.34
2025-07-11 20:00:00+00:00,147.372,147.468,147.344,147.379,2666.65
2025-07-13 20:00:00+00:00,147.135,147.568,147.135,147.293,8813.73
2025-07-14 00:00:00+00:00,147.292,147.383,146.849,147.302,25868.82
2025-07-14 04:00:00+00:00,147.302,147.484,147.2,147.369,23383.02
2025-07-14 08:00:00+00:00,147.37,147.464,147.152,147.411,20233.87
2025-07-14 12:00:00+00:00,147.413,147.701,147.218,147.69,33144.67
2025-07-14 16:00:00+00:00,147.692,147.766,147.659,147.723,14667.67
2025-07-14 20:00:00+00:00,147.723,147.887,147.659,147.783,5936.28
2025-07-15 00:00:00+00:00,147.782,147.82,147.554,147.672,16687.58
2025-07-15 04:00:00+00:00,147.669,147.786,147.552,147.733,15247.75
2025-07-15 08:00:00+00:00,147.736,147.947,147.61,147.915,15397.92
2025-07-15 12:00:00+00:00,147.914,149.019,147.647,148.757,50819.45
2025-07-15 16:00:00+00:00,148.757,148.995,148.714,148.846,25698.84
2025-07-15 20:00:00+00:00,148.847,148.938,148.725,148.778,10492.78
2025-07-16 00:00:00+00:00,148.781,149.088,148.701,149.039,19245.31
2025-07-16 04:00:00+00:00,149.036,149.184,148.616,148.883,23765.21
2025-07-16 08:00:00+00:00,148.885,148.899,148.623,148.763,17248.38
2025-07-16 12:00:00+00:00,148.764,148.927,146.908,148.106,81174.0
2025-07-16 16:00:00+00:00,148.11,148.375,147.485,147.844,41445.28
2025-07-16 20:00:00+00:00,147.845,148.07,147.701,147.994,11121.0
2025-07-17 00:00:00+00:00,147.995,148.659,147.982,148.545,22713.59
2025-07-17 04:00:00+00:00,148.546,148.804,148.367,148.721,23007.84
2025-07-17 08:00:00+00:00,148.72,148.834,148.52,148.765,32771.7
2025-07-17 12:00:00+00:00,148.766,149.087,148.379,148.552,50924.45
2025-07-17 16:00:00+00:00,148.551,148.753,148.471,148.585,23008.81
2025-07-17 20:00:00+00:00,148.584,148.619,148.285,148.443,11664.67
2025-07-18 00:00:00+00:00,148.443,148.67,148.33,148.665,35062.26
2025-07-18 04:00:00+00:00,148.664,148.882,148.616,148.777,23936.69
2025-07-18 08:00:00+00:00,148.778,148.778,148.454,148.503,22736.06
2025-07-18 12:00:00+00:00,148.504,148.563,148.185,148.551,37446.24
2025-07-18 16:00:00+00:00,148.554,148.807,148.51,148.744,17813.41
2025-07-18 20:00:00+00:00,148.744,148.846,148.694,148.749,3887.46
2025-07-20 20:00:00+00:00,147.902,148.662,147.894,148.453,9508.43
2025-07-21 00:00:00+00:00,148.453,148.559,148.24,148.461,19760.2
2025-07-21 04:00:00+00:00,148.462,148.522,147.773,148.101,24326.72
2025-07-21 08:00:00+00:00,148.1,148.132,147.505,147.545,19876.86
2025-07-21 12:00:00+00:00,147.546,147.723,147.257,147.269,50069.05
2025-07-21 16:00:00+00:00,147.268,147.381,147.084,147.358,14895.92
2025-07-21 20:00:00+00:00,147.358,147.495,147.197,147.398,6053.18
2025-07-22 00:00:00+00:00,147.399,147.712,147.393,147.574,17835.59
2025-07-22 04:00:00+00:00,147.574,147.947,147.537,147.705,16652.58
2025-07-22 08:00:00+00:00,147.706,147.763,147.156,147.196,19318.99
2025-07-22 12:00:00+00:00,147.198,147.254,146.324,146.368,42336.28
2025-07-22 16:00:00+00:00,146.367,146.603,146.309,146.561,15956.66
2025-07-22 20:00:00+00:00,146.562,146.941,146.245,146.761,14847.46
2025-07-23 00:00:00+00:00,146.755,147.203,146.197,146.924,41016.78
2025-07-23 04:00:00+00:00,146.922,147.215,146.595,146.751,26785.06
2025-07-23 08:00:00+00:00,146.749,146.903,146.107,146.207,22045.18
2025-07-23 12:00:00+00:00,146.205,146.729,146.162,146.548,36105.86
2025-07-23 16:00:00+00:00,146.548,146.623,146.371,146.528,23186.55
2025-07-23 20:00:00+00:00,146.527,146.532,146.24,146.346,7874.68
2025-07-24 00:00:00+00:00,146.35,146.49,145.853,146.008,28716.12
2025-07-24 04:00:00+00:00,146.009,146.46,145.93,146.417,24928.69
2025-07-24 08:00:00+00:00,146.416,146.658,146.308,146.482,20629.24
2025-07-24 12:00:00+00:00,146.483,146.943,146.355,146.926,43261.51
2025-07-24 16:00:00+00:00,146.927,146.967,146.752,146.934,21491.7
2025-07-24 20:00:00+00:00,146.933,147.231,146.884,147.007,9976.15
2025-07-25 00:00:00+00:00,147.009,147.493,146.989,147.214,25723.68
2025-07-25 04:00:00+00:00,147.215,147.413,146.808,147.376,24041.76
2025-07-25 08:00:00+00:00,147.376,147.939,147.359,147.678,24438.52
2025-07-25 12:00:00+00:00,147.677,147.935,147.527,147.783,41985.68
2025-07-25 16:00:00+00:00,147.783,147.835,147.53,147.615,12345.73
2025-07-25 20:00:00+00:00,147.613,147.689,147.612,147.612,1870.32
2025-07-27 20:00:00+00:00,147.694,147.875,147.617,147.782,5667.22
2025-07-28 00:00:00+00:00,147.781,148.019,147.518,147.712,25985.49
2025-07-28 04:00:00+00:00,147.712,148.337,147.622,148.289,26407.46
2025-07-28 08:00:00+00:00,148.292,148.445,148.074,148.14,28712.74
2025-07-28 12:00:00+00:00,148.141,148.491,147.938,148.456,38560.13
2025-07-28 16:00:00+00:00,148.457,148.575,148.391,148.549,13810.28
2025-07-28 20:00:00+00:00,148.547,148.636,148.38,148.457,6281.31
2025-07-29 00:00:00+00:00,148.459,148.709,148.288,148.357,22423.64
2025-07-29 04:00:00+00:00,148.355,148.747,148.156,148.576,25312.64
2025-07-29 08:00:00+00:00,148.58,148.756,148.354,148.715,21780.06
2025-07-29 12:00:00+00:00,148.717,148.806,148.35,148.574,37965.93
2025-07-29 16:00:00+00:00,148.575,148.603,148.333,148.499,21131.66
2025-07-29 20:00:00+00:00,148.501,148.525,148.381,148.424,4299.35
2025-07-30 00:00:00+00:00,148.426,148.449,147.845,147.971,26873.35
2025-07-30 04:00:00+00:00,147.971,148.17,147.802,148.082,26054.06
2025-07-30 08:00:00+00:00,148.085,148.358,147.854,148.309,27832.22
2025-07-30 12:00:00+00:00,148.309,149.113,148.262,149.076,52148.85
2025-07-30 16:00:00+00:00,149.076,149.438,148.52,149.412,51040.11
2025-07-30 20:00:00+00:00,149.414,149.532,149.207,149.225,12048.71
2025-07-31 00:00:00+00:00,149.223,149.393,148.585,148.746,26120.06
2025-07-31 04:00:00+00:00,148.749,149.722,148.682,149.396,34843.27
2025-07-31 08:00:00+00:00,149.395,150.1,149.3,149.877,32407.23
2025-07-31 12:00:00+00:00,149.873,150.632,149.812,150.601,48613.07
2025-07-31 16:00:00+00:00,150.604,150.798,150.557,150.794,28760.4
2025-07-31 20:00:00+00:00,150.796,150.878,150.639,150.81,12096.89
2025-08-01 00:00:00+00:00,150.807,150.916,150.551,150.585,27057.8
2025-08-01 04:00:00+00:00,150.585,150.66,150.414,150.537,18869.68
2025-08-01 08:00:00+00:00,150.532,150.629,150.281,150.519,31945.81
2025-08-01 12:00:00+00:00,150.519,150.596,147.482,148.056,133845.09
2025-08-01 16:00:00+00:00,148.056,148.109,147.323,147.438,49946.6
2025-08-01 20:00:00+00:00,147.436,147.457,147.29,147.375,6077.42
2025-08-03 20:00:00+00:00,147.24,147.383,147.056,147.345,7957.0
2025-08-04 00:00:00+00:00,147.347,147.905,147.27,147.691,25783.2
2025-08-04 04:00:00+00:00,147.693,148.044,147.531,147.881,24935.13
2025-08-04 08:00:00+00:00,147.881,148.087,147.341,147.341,25340.89
2025-08-04 12:00:00+00:00,147.343,147.438,146.864,147.097,41883.62
2025-08-04 16:00:00+00:00,147.097,147.215,146.907,147.028,17413.04
2025-08-04 20:00:00+00:00,147.027,147.111,146.693,146.791,8931.5
2025-08-05 00:00:00+00:00,146.789,147.259,146.617,147.216,21508.02
2025-08-05 04:00:00+00:00,147.215,147.487,147.002,147.387,22520.91
2025-08-05 08:00:00+00:00,147.388,147.774,147.334,147.631,21284.86
2025-08-05 12:00:00+00:00,147.631,147.834,147.304,147.494,49454.97
2025-08-05 16:00:00+00:00,147.493,147.704,147.428,147.607,18260.83
2025-08-05 20:00:00+00:00,147.608,147.643,147.498,147.526,7518.34
2025-08-06 00:00:00+00:00,147.524,147.748,147.335,147.399,17787.96
2025-08-06 04:00:00+00:00,147.4,147.692,147.304,147.563,17796.59
2025-08-06 08:00:00+00:00,147.561,147.885,147.44,147.537,21453.21
2025-08-06 12:00:00+00:00,147.538,147.658,147.211,147.256,39327.18
2025-08-06 16:00:00+00:00,147.256,147.419,146.974,147.178,19375.75
2025-08-06 20:00:00+00:00,147.183,147.634,147.152,147.197,10831.79
2025-08-07 00:00:00+00:00,147.192,147.711,147.168,147.509,22106.34
2025-08-07 04:00:00+00:00,147.51,147.531,146.691,146.804,24114.18
2025-08-07 08:00:00+00:00,146.805,147.493,146.779,147.311,29631.37
2025-08-07 12:00:00+00:00,147.312,147.584,147.021,147.365,48686.99
2025-08-07 16:00:00+00:00,147.363,147.567,146.943,147.08,21870.13
2025-08-07 20:00:00+00:00,147.08,147.151,146.759,146.801,12601.36
2025-08-08 00:00:00+00:00,146.797,147.373,146.718,147.191,18595.99
2025-08-08 04:00:00+00:00,147.188,147.451,147.114,147.323,19265.03
2025-08-08 08:00:00+00:00,147.322,147.848,147.159,147.812,26070.78
2025-08-08 12:00:00+00:00,147.814,147.901,147.633,147.706,33602.06
2025-08-08 16:00:00+00:00,147.707,147.834,147.629,147.753,19347.75
2025-08-08 20:00:00+00:00,147.753,147.803,147.665,147.667,4010.07
2025-08-10 20:00:00+00:00,147.47,147.787,147.466,147.655,3768.16
2025-08-11 00:00:00+00:00,147.654,147.74,147.429,147.477,13502.86
2025-08-11 04:00:00+00:00,147.479,147.662,147.356,147.388,15261.04
2025-08-11 08:00:00+00:00,147.387,147.945,147.349,147.866,19258.61
2025-08-11 12:00:00+00:00,147.866,148.112,147.785,147.995,30304.81
2025-08-11 16:00:00+00:00,147.996,148.238,147.911,148.23,13583.72
2025-08-11 20:00:00+00:00,148.23,148.25,147.907,148.149,5165.36
2025-08-12 00:00:00+00:00,148.155,148.443,148.128,148.415,16070.77
2025-08-12 04:00:00+00:00,148.415,148.444,148.147,148.264,22528.81
2025-08-12 08:00:00+00:00,148.263,148.493,148.261,148.443,17564.14
2025-08-12 12:00:00+00:00,148.44,148.517,147.577,147.804,71137.7
2025-08-12 16:00:00+00:00,147.804,147.86,147.657,147.757,47033.57
2025-08-12 20:00:00+00:00,147.757,147.875,147.633,147.774,6599.96
2025-08-13 00:00:00+00:00,147.767,148.168,147.7,148.001,21017.77
2025-08-13 04:00:00+00:00,148.002,148.099,147.4,147.528,18511.96
2025-08-13 08:00:00+00:00,147.529,147.565,147.177,147.281,22963.57
2025-08-13 12:00:00+00:00,147.279,147.491,147.087,147.247,32743.84
2025-08-13 16:00:00+00:00,147.247,147.511,147.214,147.442,12548.23
2025-08-13 20:00:00+00:00,147.445,147.456,147.112,147.121,5027.07
2025-08-14 00:00:00+00:00,147.119,147.119,146.374,146.548,27059.4
2025-08-14 04:00:00+00:00,146.549,146.584,146.213,146.549,29173.02
2025-08-14 08:00:00+00:00,146.551,146.67,146.423,146.495,19452.11
2025-08-14 12:00:00+00:00,146.49,147.803,146.425,147.691,54231.5
2025-08-14 16:00:00+00:00,147.69,147.962,147.687,147.777,16240.21
2025-08-14 20:00:00+00:00,147.775,147.866,147.66,147.682,6170.85
2025-08-15 00:00:00+00:00,147.683,147.726,147.177,147.223,17384.39
2025-08-15 04:00:00+00:00,147.226,147.232,146.979,147.005,15080.89
2025-08-15 08:00:00+00:00,147.006,147.054,146.756,146.984,16829.78
2025-08-15 12:00:00+00:00,146.984,147.275,146.736,147.005,41684.66
2025-08-15 16:00:00+00:00,147.005,147.33,147.001,147.237,12884.56
2025-08-15 20:00:00+00:00,147.239,147.253,147.138,147.177,3841.83
2025-08-17 20:00:00+00:00,147.152,147.383,147.08,147.232,3413.35
2025-08-18 00:00:00+00:00,147.229,147.582,147.223,147.385,16842.61
2025-08-18 04:00:00+00:00,147.386,147.506,147.118,147.453,22225.72
2025-08-18 08:00:00+00:00,147.454,147.571,147.252,147.55,17783.18
2025-08-18 12:00:00+00:00,147.549,147.984,147.515,147.758,25574.25
2025-08-18 16:00:00+00:00,147.759,147.884,147.66,147.825,9762.58
2025-08-18 20:00:00+00:00,147.821,147.98,147.639,147.918,5620.45
2025-08-19 00:00:00+00:00,147.918,148.112,147.622,147.828,19981.37
2025-08-19 04:00:00+00:00,147.831,147.875,147.531,147.703,18193.47
2025-08-19 08:00:00+00:00,147.705,147.82,147.601,147.708,14835.85
2025-08-19 12:00:00+00:00,147.707,147.901,147.551,147.725,27741.47
2025-08-19 16:00:00+00:00,147.723,147.723,147.446,147.582,22445.09
2025-08-19 20:00:00+00:00,147.584,147.755,147.453,147.739,12466.6
2025-08-20 00:00:00+00:00,147.742,147.813,147.423,147.529,20618.18
2025-08-20 04:00:00+00:00,147.532,147.694,147.141,147.626,21782.34
2025-08-20 08:00:00+00:00,147.627,147.646,147.368,147.538,13112.44
2025-08-20 12:00:00+00:00,147.537,147.538,146.87,147.194,35134.51
2025-08-20 16:00:00+00:00,147.192,147.354,147.006,147.342,12696.11
2025-08-20 20:00:00+00:00,147.343,147.49,147.199,147.3,5988.56
2025-08-21 00:00:00+00:00,147.301,147.507,147.254,147.418,18383.43
2025-08-21 04:00:00+00:00,147.419,147.639,147.341,147.595,15930.85
2025-08-21 08:00:00+00:00,147.594,147.933,147.481,147.924,16647.33
2025-08-21 12:00:00+00:00,147.923,148.4,147.581,148.356,40602.88
2025-08-21 16:00:00+00:00,148.361,148.405,148.169,148.376,14231.78
2025-08-21 20:00:00+00:00,148.378,148.454,148.191,148.384,7400.71
2025-08-22 00:00:00+00:00,148.385,148.716,148.282,148.677,16160.54
2025-08-22 04:00:00+00:00,148.675,148.777,148.411,148.601,16275.08
2025-08-22 08:00:00+00:00,148.602,148.739,148.545,148.706,13523.39
2025-08-22 12:00:00+00:00,148.706,148.721,146.572,146.827,58775.58
2025-08-22 16:00:00+00:00,146.826,147.001,146.578,146.962,27843.57
2025-08-22 20:00:00+00:00,146.96,146.987,146.875,146.875,2275.11
2025-08-24 20:00:00+00:00,146.829,147.3,146.758,147.265,6484.8
2025-08-25 00:00:00+00:00,147.265,147.526,147.246,147.34,21177.98
2025-08-25 04:00:00+00:00,147.341,147.375,147.097,147.337,13069.03
2025-08-25 08:00:00+00:00,147.339,147.447,147.223,147.32,10558.17
2025-08-25 12:00:00+00:00,147.318,147.67,147.289,147.612,26777.17
2025-08-25 16:00:00+00:00,147.614,147.936,147.501,147.82,19122.99
2025-08-25 20:00:00+00:00,147.818,147.854,147.616,147.815,8365.09
2025-08-26 00:00:00+00:00,147.81,147.876,146.984,147.796,41431.45
2025-08-26 04:00:00+00:00,147.797,147.907,147.635,147.695,19124.09
2025-08-26 08:00:00+00:00,147.695,147.699,147.399,147.463,18459.2
2025-08-26 12:00:00+00:00,147.461,147.721,147.293,147.315,30851.69
2025-08-26 16:00:00+00:00,147.314,147.542,147.098,147.431,28194.28
2025-08-26 20:00:00+00:00,147.434,147.507,147.235,147.474,7337.39
2025-08-27 00:00:00+00:00,147.475,147.849,147.401,147.83,18004.74
2025-08-27 04:00:00+00:00,147.829,147.969,147.654,147.758,22783.58
2025-08-27 08:00:00+00:00,147.758,148.183,147.741,148.142,23810.23
2025-08-27 12:00:00+00:00,148.143,148.146,147.691,147.749,33365.81
2025-08-27 16:00:00+00:00,147.749,147.752,147.293,147.474,26811.52
2025-08-27 20:00:00+00:00,147.473,147.516,147.203,147.336,11635.69
2025-08-28 00:00:00+00:00,147.335,147.489,147.079,147.094,21272.09
2025-08-28 04:00:00+00:00,147.093,147.403,146.999,147.167,22636.23
2025-08-28 08:00:00+00:00,147.17,147.368,146.808,146.928,24909.63
2025-08-28 12:00:00+00:00,146.925,147.23,146.854,146.993,35991.42
2025-08-28 16:00:00+00:00,146.992,146.996,146.66,146.918,15041.68
2025-08-28 20:00:00+00:00,146.918,147.079,146.745,146.831,9353.56
2025-08-29 00:00:00+00:00,146.831,147.114,146.763,146.986,20793.82
2025-08-29 04:00:00+00:00,146.988,147.196,146.901,147.002,16607.51
2025-08-29 08:00:00+00:00,147.002,147.261,146.864,147.251,19459.55
2025-08-29 12:00:00+00:00,147.25,147.408,146.767,146.905,41884.57
2025-08-29 16:00:00+00:00,146.903,147.044,146.852,146.961,16116.2
2025-08-29 20:00:00+00:00,146.96,147.114,146.926,146.992,3418.25
2025-08-31 20:00:00+00:00,147.04,147.187,146.921,147.12,3931.59
2025-09-01 00:00:00+00:00,147.121,147.378,146.839,146.892,20429.17
2025-09-01 04:00:00+00:00,146.894,147.201,146.785,147.071,18663.31
2025-09-01 08:00:00+00:00,147.07,147.202,146.938,147.157,17923.09
2025-09-01 12:00:00+00:00,147.158,147.306,147.148,147.272,18885.21
2025-09-01 16:00:00+00:00,147.271,147.283,147.156,147.183,5434.71
2025-09-01 20:00:00+00:00,147.182,147.256,147.03,147.092,7293.1
2025-09-02 00:00:00+00:00,147.094,147.75,147.089,147.703,24905.61
2025-09-02 04:00:00+00:00,147.703,148.74,147.685,148.654,37432.25
2025-09-02 08:00:00+00:00,148.653,148.79,148.222,148.62,41682.23
2025-09-02 12:00:00+00:00,148.619,148.939,147.936,148.23,55862.5
2025-09-02 16:00:00+00:00,148.23,148.534,148.2,148.359,17848.51
2025-09-02 20:00:00+00:00,148.359,148.589,148.244,148.583,7725.12
2025-09-03 00:00:00+00:00,148.582,148.917,148.511,148.913,17519.18
2025-09-03 04:00:00+00:00,148.912,149.136,148.485,148.735,26334.14
2025-09-03 08:00:00+00:00,148.735,148.772,148.431,148.614,27000.67
2025-09-03 12:00:00+00:00,148.615,148.797,147.929,147.968,48277.21
2025-09-03 16:00:00+00:00,147.968,148.133,147.88,148.133,19677.24
2025-09-03 20:00:00+00:00,148.134,148.159,147.949,147.973,7211.41
2025-09-04 00:00:00+00:00,147.973,148.263,147.789,148.242,23851.33
2025-09-04 04:00:00+00:00,148.244,148.413,148.111,148.365,20146.7
2025-09-04 08:00:00+00:00,148.367,148.405,148.137,148.342,20992.85
2025-09-04 12:00:00+00:00,148.343,148.777,148.018,148.631,46756.12
2025-09-04 16:00:00+00:00,148.63,148.739,148.453,148.485,13302.45
2025-09-04 20:00:00+00:00,148.485,148.55,148.33,148.422,8988.26
2025-09-05 00:00:00+00:00,148.419,148.438,148.08,148.176,18837.36
2025-09-05 04:00:00+00:00,148.174,148.273,148.147,148.212,15890.98
2025-09-05 08:00:00+00:00,148.213,148.251,148.08,148.197,16167.5
2025-09-05 12:00:00+00:00,148.198,148.198,146.816,146.839,82107.83
2025-09-05 16:00:00+00:00,146.842,147.502,146.822,147.465,26114.2
2025-09-05 20:00:00+00:00,147.465,147.505,147.333,147.392,9031.59
2025-09-07 20:00:00+00:00,148.088,148.47,147.913,148.315,15321.65
2025-09-08 00:00:00+00:00,148.315,148.576,148.003,148.2,25545.88
2025-09-08 04:00:00+00:00,148.202,148.253,147.514,147.531,25832.77
2025-09-08 08:00:00+00:00,147.531,147.878,147.465,147.777,22650.82
2025-09-08 12:00:00+00:00,147.778,147.879,147.539,147.589,34769.54
2025-09-08 16:00:00+00:00,147.589,147.777,147.34,147.417,17652.9
2025-09-08 20:00:00+00:00,147.418,147.539,147.213,147.373,9655.27
2025-09-09 00:00:00+00:00,147.374,147.431,147.156,147.363,23443.06
2025-09-09 04:00:00+00:00,147.365,147.376,146.817,147.207,21352.34
2025-09-09 08:00:00+00:00,147.209,147.333,146.309,146.73,36162.0
2025-09-09 12:00:00+00:00,146.73,147.349,146.52,147.237,56757.4
2025-09-09 16:00:00+00:00,147.236,147.462,147.18,147.445,17995.02
2025-09-09 20:00:00+00:00,147.446,147.469,147.206,147.393,7349.46
2025-09-10 00:00:00+00:00,147.391,147.571,147.269,147.394,19102.54
2025-09-10 04:00:00+00:00,147.394,147.586,147.281,147.497,22844.56
2025-09-10 08:00:00+00:00,147.499,147.556,147.393,147.513,21822.14
2025-09-10 12:00:00+00:00,147.513,147.647,147.084,147.37,46445.63
2025-09-10 16:00:00+00:00,147.371,147.467,147.245,147.413,18311.91
2025-09-10 20:00:00+00:00,147.413,147.463,147.28,147.351,6005.79
2025-09-11 00:00:00+00:00,147.355,147.479,147.321,147.444,16641.83
2025-09-11 04:00:00+00:00,147.445,147.832,147.414,147.778,16943.37
2025-09-11 08:00:00+00:00,147.776,147.99,147.769,147.968,16287.82
2025-09-11 12:00:00+00:00,147.966,148.179,146.991,147.169,67252.73
2025-09-11 16:00:00+00:00,147.167,147.306,146.985,147.163,22089.69
2025-09-11 20:00:00+00:00,147.165,147.243,147.021,147.229,7933.03
2025-09-12 00:00:00+00:00,147.226,147.479,147.166,147.445,19478.96
2025-09-12 04:00:00+00:00,147.446,147.553,147.241,147.455,18512.24
2025-09-12 08:00:00+00:00,147.457,147.982,147.452,147.838,30407.98
2025-09-12 12:00:00+00:00,147.837,148.072,147.588,147.856,36797.0
2025-09-12 16:00:00+00:00,147.855,147.875,147.461,147.583,15483.76
2025-09-12 20:00:00+00:00,147.582,147.721,147.576,147.645,3664.42
2025-09-14 20:00:00+00:00,147.403,147.776,147.367,147.675,3966.76
2025-09-15 00:00:00+00:00,147.677,147.689,147.4,147.428,11509.4
2025-09-15 04:00:00+00:00,147.427,147.607,147.339,147.468,15574.6
2025-09-15 08:00:00+00:00,147.469,147.483,147.246,147.416,15202.95
2025-09-15 12:00:00+00:00,147.417,147.468,147.232,147.272,24889.36
2025-09-15 16:00:00+00:00,147.273,147.416,147.24,147.388,14588.15
2025-09-15 20:00:00+00:00,147.388,147.43,147.281,147.401,6835.21
2025-09-16 00:00:00+00:00,147.406,147.538,147.018,147.099,22461.77
2025-09-16 04:00:00+00:00,147.099,147.128,146.691,146.889,26264.36
2025-09-16 08:00:00+00:00,146.891,147.114,146.867,146.954,26513.67
2025-09-16 12:00:00+00:00,146.954,147.255,146.502,146.557,52035.76
2025-09-16 16:00:00+00:00,146.558,146.563,146.277,146.494,23702.47
2025-09-16 20:00:00+00:00,146.494,146.541,146.311,146.412,9196.33
2025-09-17 00:00:00+00:00,146.411,146.604,146.209,146.532,21914.85
2025-09-17 04:00:00+00:00,146.532,146.68,146.37,146.666,19942.24
2025-09-17 08:00:00+00:00,146.666,146.682,146.205,146.338,22041.09
2025-09-17 12:00:00+00:00,146.337,146.478,146.207,146.36,27740.33
2025-09-17 16:00:00+00:00,146.362,146.856,145.481,146.777,77263.02
2025-09-17 20:00:00+00:00,146.776,147.048,146.752,146.883,14820.97
2025-09-18 00:00:00+00:00,146.88,147.147,146.845,147.051,27326.48
2025-09-18 04:00:00+00:00,147.052,147.532,147.026,147.117,32554.35
2025-09-18 08:00:00+00:00,147.116,147.488,147.1,147.384,36658.58
2025-09-18 12:00:00+00:00,147.384,148.267,147.367,148.022,61136.33
2025-09-18 16:00:00+00:00,148.023,148.042,147.804,147.95,35695.39
2025-09-18 20:00:00+00:00,147.951,148.015,147.831,147.963,9668.34
2025-09-19 00:00:00+00:00,147.966,148.113,147.369,147.622,25200.25
2025-09-19 04:00:00+00:00,147.623,147.988,147.197,147.934,51158.0
2025-09-19 08:00:00+00:00,147.932,148.197,147.754,148.164,27194.87
2025-09-19 12:00:00+00:00,148.163,148.281,147.789,147.836,43214.82
2025-09-19 16:00:00+00:00,147.833,147.995,147.795,147.939,15175.64
2025-09-19 20:00:00+00:00,147.94,147.993,147.892,147.892,4643.28
2025-09-21 20:00:00+00:00,147.867,148.11,147.851,148.099,3602.9
2025-09-22 00:00:00+00:00,148.105,148.376,148.09,148.336,25393.83
2025-09-22 04:00:00+00:00,148.338,148.368,147.893,148.115,21132.95
2025-09-22 08:00:00+00:00,148.116,148.127,147.739,147.842,25173.16
2025-09-22 12:00:00+00:00,147.842,147.983,147.73,147.837,37343.96
2025-09-22 16:00:00+00:00,147.837,147.886,147.658,147.735,17503.19
2025-09-22 20:00:00+00:00,147.733,147.81,147.65,147.73,6790.46
2025-09-23 00:00:00+00:00,147.731,147.865,147.599,147.759,15513.18
2025-09-23 04:00:00+00:00,147.756,147.839,147.635,147.729,17112.93
2025-09-23 08:00:00+00:00,147.728,147.795,147.508,147.765,23496.17
2025-09-23 12:00:00+00:00,147.763,147.925,147.616,147.841,36016.44
2025-09-23 16:00:00+00:00,147.838,147.926,147.459,147.631,29977.87
2025-09-23 20:00:00+00:00,147.632,147.673,147.505,147.602,8962.23
2025-09-24 00:00:00+00:00,147.601,147.877,147.517,147.871,20625.97
2025-09-24 04:00:00+00:00,147.873,148.106,147.816,148.042,16669.75
2025-09-24 08:00:00+00:00,148.041,148.517,148.015,148.5,22221.52
2025-09-24 12:00:00+00:00,148.501,148.78,148.43,148.711,49181.52
2025-09-24 16:00:00+00:00,148.71,148.888,148.687,148.86,24743.29
2025-09-24 20:00:00+00:00,148.859,148.915,148.714,148.779,7221.28
2025-09-25 00:00:00+00:00,148.783,148.859,148.558,148.672,18073.12
2025-09-25 04:00:00+00:00,148.671,148.86,148.596,148.82,19105.26
2025-09-25 08:00:00+00:00,148.82,148.892,148.663,148.837,21832.09
2025-09-25 12:00:00+00:00,148.838,149.841,148.801,149.787,61704.79
2025-09-25 16:00:00+00:00,149.788,149.928,149.709,149.771,28303.31
2025-09-25 20:00:00+00:00,149.77,149.955,149.723,149.875,10196.26
2025-09-26 00:00:00+00:00,149.874,149.945,149.632,149.704,24227.99
2025-09-26 04:00:00+00:00,149.705,149.884,149.615,149.847,19560.35
2025-09-26 08:00:00+00:00,149.848,149.951,149.65,149.787,19344.94
2025-09-26 12:00:00+00:00,149.788,149.835,149.424,149.521,47298.4
2025-09-26 16:00:00+00:00,149.519,149.595,149.404,149.506,16838.2
2025-09-26 20:00:00+00:00,149.505,149.549,149.473,149.489,3241.5
2025-09-28 20:00:00+00:00,149.399,149.513,149.339,149.412,4325.33
2025-09-29 00:00:00+00:00,149.412,149.421,148.884,148.934,20608.32
2025-09-29 04:00:00+00:00,148.933,148.979,148.522,148.574,25007.21
2025-09-29 08:00:00+00:00,148.574,148.797,148.469,148.629,22101.87
2025-09-29 12:00:00+00:00,148.63,148.812,148.479,148.567,38734.27
2025-09-29 16:00:00+00:00,148.568,148.673,148.546,148.627,12671.84
2025-09-29 20:00:00+00:00,148.628,148.694,148.439,148.617,7414.1
2025-09-30 00:00:00+00:00,148.619,148.845,148.512,148.516,21418.37
2025-09-30 04:00:00+00:00,148.515,148.591,147.94,148.051,28645.44
2025-09-30 08:00:00+00:00,148.055,148.098,147.832,147.969,25361.09
2025-09-30 12:00:00+00:00,147.97,148.062,147.651,147.964,41575.75
2025-09-30 16:00:00+00:00,147.965,147.966,147.649,147.865,21009.24
2025-09-30 20:00:00+00:00,147.864,148.028,147.788,148.025,8660.02
2025-10-01 00:00:00+00:00,148.024,148.226,147.867,147.927,19329.11
2025-10-01 04:00:00+00:00,147.926,147.957,147.02,147.122,34656.66
2025-10-01 08:00:00+00:00,147.123,147.263,146.901,147.003,30742.52
2025-10-01 12:00:00+00:00,147.0,147.21,146.587,147.149,71334.63
2025-10-01 16:00:00+00:00,147.15,147.254,147.021,147.097,19597.97
2025-10-01 20:00:00+00:00,147.097,147.164,146.997,147.108,6742.65
2025-10-02 00:00:00+00:00,147.108,147.322,146.939,147.084,18216.48
2025-10-02 04:00:00+00:00,147.085,147.378,146.89,147.082,23465.12
2025-10-02 08:00:00+00:00,147.079,147.082,146.599,146.796,27298.57
2025-10-02 12:00:00+00:00,146.797,147.514,146.744,147.349,45134.67
2025-10-02 16:00:00+00:00,147.351,147.365,147.127,147.236,16182.16
2025-10-02 20:00:00+00:00,147.24,147.293,147.092,147.156,5120.51
2025-10-03 00:00:00+00:00,147.155,147.765,147.155,147.629,24814.48
2025-10-03 04:00:00+00:00,147.628,147.814,147.408,147.412,20736.74
2025-10-03 08:00:00+00:00,147.413,147.441,147.218,147.278,23949.26
2025-10-03 12:00:00+00:00,147.276,147.518,147.067,147.338,37659.22
2025-10-03 16:00:00+00:00,147.337,147.543,147.328,147.458,12644.73
2025-10-03 20:00:00+00:00,147.459,147.515,147.383,147.399,4396.54
2025-10-05 20:00:00+00:00,149.491,149.657,149.044,149.583,27129.92
2025-10-06 00:00:00+00:00,149.58,150.1,149.447,150.062,42868.88
2025-10-06 04:00:00+00:00,150.064,150.435,149.85,150.029,46192.8
2025-10-06 08:00:00+00:00,150.027,150.475,149.994,150.372,56028.47
2025-10-06 12:00:00+00:00,150.372,150.389,149.752,150.027,69409.6
2025-10-06 16:00:00+00:00,150.025,150.334,149.954,150.322,11687.33
2025-10-06 20:00:00+00:00,150.322,150.396,150.189,150.363,7577.8
2025-10-07 00:00:00+00:00,150.36,150.618,150.339,150.361,19591.53
2025-10-07 04:00:00+00:00,150.361,150.709,150.247,150.622,23733.34
2025-10-07 08:00:00+00:00,150.624,150.949,150.524,150.897,17837.22
2025-10-07 12:00:00+00:00,150.897,151.204,150.733,151.176,36832.06
2025-10-07 16:00:00+00:00,151.177,151.952,151.1,151.906,26389.78
2025-10-07 20:00:00+00:00,151.907,152.093,151.737,152.056,9968.81
2025-10-08 00:00:00+00:00,152.057,152.647,152.056,152.412,26390.05
2025-10-08 04:00:00+00:00,152.408,152.554,152.253,152.543,25671.49
2025-10-08 08:00:00+00:00,152.544,152.998,152.374,152.693,26830.87
2025-10-08 12:00:00+00:00,152.691,152.787,152.374,152.723,29797.0
2025-10-08 16:00:00+00:00,152.722,152.942,152.64,152.706,15947.53
2025-10-08 20:00:00+00:00,152.706,152.734,152.461,152.708,10762.57
2025-10-09 00:00:00+00:00,152.714,152.765,152.408,152.511,26391.22
2025-10-09 04:00:00+00:00,152.511,153.216,152.45,153.068,27663.49
2025-10-09 08:00:00+00:00,153.067,153.137,152.472,152.792,27892.83
2025-10-09 12:00:00+00:00,152.792,153.231,152.108,153.051,48015.41
2025-10-09 16:00:00+00:00,153.05,153.211,152.907,153.067,23896.74
2025-10-09 20:00:00+00:00,153.069,153.272,152.773,153.026,7855.34
2025-10-10 00:00:00+00:00,153.024,153.163,152.645,152.666,19753.93
2025-10-10 04:00:00+00:00,152.666,152.947,152.378,152.847,38267.11
2025-10-10 08:00:00+00:00,152.849,152.937,152.545,152.632,30341.58
2025-10-10 12:00:00+00:00,152.632,152.712,151.504,151.942,72176.49
2025-10-10 16:00:00+00:00,151.941,152.186,151.53,151.591,35637.49
2025-10-10 20:00:00+00:00,151.59,151.728,151.119,151.119,6842.45
2025-10-12 20:00:00+00:00,151.822,152.275,151.74,152.065,13916.42
2025-10-13 00:00:00+00:00,152.069,152.075,151.8,151.93,20352.41
2025-10-13 04:00:00+00:00,151.931,152.374,151.721,152.3,27953.9
2025-10-13 08:00:00+00:00,152.304,152.448,151.978,152.107,23927.45
2025-10-13 12:00:00+00:00,152.105,152.447,152.054,152.259,31629.83
2025-10-13 16:00:00+00:00,152.258,152.347,152.197,152.322,11357.94
2025-10-13 20:00:00+00:00,152.321,152.46,152.111,152.457,10701.84
2025-10-14 00:00:00+00:00,152.458,152.612,152.047,152.148,23547.68
2025-10-14 04:00:00+00:00,152.148,152.15,151.616,151.958,50497.1
2025-10-14 08:00:00+00:00,151.959,152.153,151.912,152.092,30411.64
2025-10-14 12:00:00+00:00,152.093,152.164,151.742,151.781,53969.25
2025-10-14 16:00:00+00:00,151.781,151.916,151.604,151.686,26475.4
2025-10-14 20:00:00+00:00,151.687,151.87,151.614,151.702,7278.72
2025-10-15 00:00:00+00:00,151.705,151.83,151.002,151.137,23757.78
2025-10-15 04:00:00+00:00,151.136,151.297,150.9,151.246,24032.12
2025-10-15 08:00:00+00:00,151.245,151.51,151.124,151.497,26104.94
2025-10-15 12:00:00+00:00,151.497,151.737,151.038,151.22,45045.96
2025-10-15 16:00:00+00:00,151.216,151.391,151.065,151.255,26583.39
2025-10-15 20:00:00+00:00,151.255,151.274,150.75,150.987,9788.69
2025-10-16 00:00:00+00:00,150.994,151.091,150.512,150.871,29843.07
2025-10-16 04:00:00+00:00,150.873,151.381,150.865,151.241,28322.67
2025-10-16 08:00:00+00:00,151.242,151.397,151.06,151.242,25501.62
2025-10-16 12:00:00+00:00,151.241,151.287,150.722,150.755,52629.75
2025-10-16 16:00:00+00:00,150.755,150.793,150.212,150.397,60958.0
2025-10-16 20:00:00+00:00,150.399,150.448,150.05,150.148,14862.4
2025-10-17 00:00:00+00:00,150.148,150.389,149.893,150.012,32325.33
2025-10-17 04:00:00+00:00,150.013,150.139,149.378,149.702,54691.13
2025-10-17 08:00:00+00:00,149.703,150.33,149.584,150.235,51927.25
2025-10-17 12:00:00+00:00,150.234,150.591,150.16,150.337,65431.48
2025-10-17 16:00:00+00:00,150.337,150.534,150.337,150.479,24355.11
2025-10-17 20:00:00+00:00,150.481,150.636,150.473,150.583,4749.93
2025-10-19 20:00:00+00:00,150.353,150.965,150.324,150.917,12284.96
2025-10-20 00:00:00+00:00,150.917,151.2,150.651,150.725,26890.5
2025-10-20 04:00:00+00:00,150.724,150.83,150.496,150.746,27065.03
2025-10-20 08:00:00+00:00,150.742,150.854,150.273,150.701,26749.39
2025-10-20 12:00:00+00:00,150.702,150.851,150.41,150.589,39693.31
2025-10-20 16:00:00+00:00,150.591,150.827,150.526,150.697,13296.08
2025-10-20 20:00:00+00:00,150.696,150.821,150.577,150.82,6411.34
2025-10-21 00:00:00+00:00,150.821,151.149,150.469,151.048,27152.03
2025-10-21 04:00:00+00:00,151.046,151.607,150.858,151.154,44540.27
2025-10-21 08:00:00+00:00,151.153,152.048,151.064,151.95,40114.4
2025-10-21 12:00:00+00:00,151.949,152.174,151.458,151.727,53212.89
2025-10-21 16:00:00+00:00,151.726,151.971,151.654,151.915,22910.25
2025-10-21 20:00:00+00:00,151.916,151.959,151.861,151.878,4519.26
2025-10-22 00:00:00+00:00,151.877,151.877,151.487,151.796,25641.63
2025-10-22 04:00:00+00:00,151.796,151.949,151.621,151.825,23829.31
2025-10-22 08:00:00+00:00,151.828,151.909,151.63,151.786,29979.92
2025-10-22 12:00:00+00:00,151.788,152.045,151.75,151.793,50601.32
2025-10-22 16:00:00+00:00,151.792,152.007,151.503,151.981,31744.56
2025-10-22 20:00:00+00:00,151.98,152.011,151.821,151.986,8944.63
2025-10-23 00:00:00+00:00,151.986,152.501,151.971,152.471,19454.78
2025-10-23 04:00:00+00:00,152.471,152.648,152.318,152.498,22806.88
2025-10-23 08:00:00+00:00,152.497,152.792,152.454,152.67,18393.96
2025-10-23 12:00:00+00:00,152.669,152.764,152.457,152.726,41078.57
2025-10-23 16:00:00+00:00,152.722,152.797,152.493,152.561,13478.12
2025-10-23 20:00:00+00:00,152.56,152.674,152.498,152.609,4535.18
2025-10-24 00:00:00+00:00,152.609,152.914,152.475,152.769,17577.92
2025-10-24 04:00:00+00:00,152.771,153.061,152.753,152.832,21541.14
2025-10-24 08:00:00+00:00,152.83,153.019,152.811,152.933,15709.71
2025-10-24 12:00:00+00:00,152.931,153.017,152.251,152.822,46562.93
2025-10-24 16:00:00+00:00,152.823,152.894,152.749,152.827,8344.57
2025-10-24 20:00:00+00:00,152.826,152.89,152.754,152.81,4521.51
2025-10-26 20:00:00+00:00,152.805,153.177,152.79,153.07,10889.59
2025-10-27 00:00:00+00:00,153.078,153.153,152.654,153.047,19841.14
2025-10-27 04:00:00+00:00,153.049,153.255,152.831,153.015,25564.61
2025-10-27 08:00:00+00:00,153.016,153.076,152.592,152.636,24001.71
2025-10-27 12:00:00+00:00,152.636,153.196,152.565,153.088,30944.17
2025-10-27 16:00:00+00:00,153.088,153.093,152.756,152.904,12525.5
2025-10-27 20:00:00+00:00,152.905,152.911,152.632,152.696,5314.98
2025-10-28 00:00:00+00:00,152.699,152.735,152.162,152.276,24510.73
2025-10-28 04:00:00+00:00,152.274,152.351,151.758,152.144,36636.28
2025-10-28 08:00:00+00:00,152.142,152.162,151.823,152.034,28490.16
2025-10-28 12:00:00+00:00,152.034,152.371,151.853,152.143,40815.0
2025-10-28 16:00:00+00:00,152.144,152.306,151.945,152.057,22387.37
2025-10-28 20:00:00+00:00,152.056,152.193,151.723,151.736,9892.62
2025-10-29 00:00:00+00:00,151.737,152.142,151.537,152.052,30306.92
2025-10-29 04:00:00+00:00,152.054,152.541,151.959,152.061,21132.53
2025-10-29 08:00:00+00:00,152.062,152.468,152.047,152.244,24577.53
2025-10-29 12:00:00+00:00,152.241,152.296,151.863,151.911,29000.54
2025-10-29 16:00:00+00:00,151.913,153.059,151.896,152.816,54499.13
2025-10-29 20:00:00+00:00,152.815,152.875,152.563,152.725,11915.62
2025-10-30 00:00:00+00:00,152.727,153.138,152.162,152.964,35900.78
2025-10-30 04:00:00+00:00,152.96,153.541,152.561,153.404,52955.16
2025-10-30 08:00:00+00:00,153.404,154.174,153.404,154.116,37020.94
2025-10-30 12:00:00+00:00,154.115,154.444,154.045,154.172,44036.54
2025-10-30 16:00:00+00:00,154.171,154.229,154.02,154.076,14996.33
2025-10-30 20:00:00+00:00,154.073,154.164,153.837,153.906,8045.07
2025-10-31 00:00:00+00:00,153.906,154.066,153.652,154.037,23293.27
2025-10-31 04:00:00+00:00,154.037,154.395,153.83,154.308,25142.6
2025-10-31 08:00:00+00:00,154.307,154.412,154.052,154.103,22508.43
2025-10-31 12:00:00+00:00,154.102,154.252,153.892,154.04,43938.02
2025-10-31 16:00:00+00:00,154.043,154.176,153.968,154.108,17473.21
2025-10-31 20:00:00+00:00,154.11,154.118,153.936,153.936,3621.81
2025-11-02 20:00:00+00:00,153.939,154.25,153.939,154.199,6065.98
2025-11-03 00:00:00+00:00,154.201,154.216,154.035,154.065,10550.39
2025-11-03 04:00:00+00:00,154.066,154.284,153.988,154.107,12840.57
2025-11-03 08:00:00+00:00,154.109,154.206,154.051,154.152,17581.7
2025-11-03 12:00:00+00:00,154.151,154.296,153.899,154.099,32373.9
2025-11-03 16:00:00+00:00,154.097,154.252,154.06,154.19,15156.77
2025-11-03 20:00:00+00:00,154.191,154.25,154.17,154.208,5202.22
2025-11-04 00:00:00+00:00,154.211,154.482,154.053,154.085,24025.87
2025-11-04 04:00:00+00:00,154.086,154.1,153.328,153.584,32513.99
2025-11-04 08:00:00+00:00,153.589,153.755,153.317,153.569,36327.46
2025-11-04 12:00:00+00:00,153.57,153.625,153.314,153.382,36557.99
2025-11-04 16:00:00+00:00,153.382,153.659,153.339,153.633,18187.7
2025-11-04 20:00:00+00:00,153.632,153.692,153.507,153.548,9117.42
2025-11-05 00:00:00+00:00,153.549,153.747,152.957,153.512,37467.44
2025-11-05 04:00:00+00:00,153.512,153.739,153.389,153.557,20467.46
2025-11-05 08:00:00+00:00,153.558,153.842,153.417,153.615,23009.68
2025-11-05 12:00:00+00:00,153.616,154.309,153.562,154.305,37652.35
2025-11-05 16:00:00+00:00,154.304,154.356,154.007,154.108,14024.38
2025-11-05 20:00:00+00:00,154.106,154.141,153.98,154.088,7471.09
2025-11-06 00:00:00+00:00,154.089,154.14,153.794,153.869,17834.78
2025-11-06 04:00:00+00:00,153.867,154.025,153.774,153.867,13856.79
2025-11-06 08:00:00+00:00,153.867,153.871,153.531,153.645,18385.36
2025-11-06 12:00:00+00:00,153.649,153.739,153.043,153.044,36701.3
2025-11-06 16:00:00+00:00,153.041,153.168,152.831,153.143,36747.81
2025-11-06 20:00:00+00:00,153.141,153.144,152.817,152.954,16688.3
2025-11-07 00:00:00+00:00,152.953,153.307,152.856,153.058,25847.22
2025-11-07 04:00:00+00:00,153.06,153.539,153.015,153.388,18936.12
2025-11-07 08:00:00+00:00,153.388,153.521,153.01,153.129,22153.39
2025-11-07 12:00:00+00:00,153.131,153.475,153.008,153.138,47102.31
2025-11-07 16:00:00+00:00,153.137,153.583,153.013,153.557,27547.23
2025-11-07 20:00:00+00:00,153.557,153.595,153.358,153.378,12961.34
2025-11-09 20:00:00+00:00,153.687,153.865,153.541,153.826,7793.04
2025-11-10 00:00:00+00:00,153.828,154.026,153.402,153.935,26424.02
2025-11-10 04:00:00+00:00,153.934,154.152,153.786,154.045,17388.95
2025-11-10 08:00:00+00:00,154.046,154.249,153.949,154.131,22273.65
2025-11-10 12:00:00+00:00,154.131,154.167,153.984,154.029,25947.14
2025-11-10 16:00:00+00:00,154.026,154.075,153.891,154.052,15872.79
2025-11-10 20:00:00+00:00,154.053,154.17,153.884,154.15,18152.11
2025-11-11 00:00:00+00:00,154.151,154.492,154.103,154.265,20453.01
2025-11-11 04:00:00+00:00,154.265,154.352,154.087,154.19,15312.2
2025-11-11 08:00:00+00:00,154.188,154.441,154.169,154.253,19938.85
2025-11-11 12:00:00+00:00,154.254,154.268,153.667,153.97,39535.23
2025-11-11 16:00:00+00:00,153.969,154.145,153.943,154.12,13478.88
2025-11-11 20:00:00+00:00,154.121,154.176,154.045,154.081,8920.97
2025-11-12 00:00:00+00:00,154.084,154.413,154.049,154.343,19032.73
2025-11-12 04:00:00+00:00,154.345,154.79,154.341,154.619,20294.1
2025-11-12 08:00:00+00:00,154.619,154.906,154.617,154.804,20472.06
2025-11-12 12:00:00+00:00,154.805,155.044,154.704,154.739,30127.44
2025-11-12 16:00:00+00:00,154.74,154.773,154.497,154.714,19927.4
2025-11-12 20:00:00+00:00,154.714,154.868,154.688,154.708,9415.17
2025-11-13 00:00:00+00:00,154.709,155.015,154.624,154.736,22857.55
2025-11-13 04:00:00+00:00,154.733,155.006,154.642,154.716,17920.84
2025-11-13 08:00:00+00:00,154.715,154.774,154.326,154.74,28215.46
2025-11-13 12:00:00+00:00,154.74,154.755,154.126,154.2,39761.91
2025-11-13 16:00:00+00:00,154.2,154.486,154.158,154.47,33356.08
2025-11-13 20:00:00+00:00,154.472,154.686,154.357,154.631,12899.55
2025-11-14 00:00:00+00:00,154.634,154.744,154.31,154.539,21377.73
2025-11-14 04:00:00+00:00,154.539,154.682,154.368,154.679,17732.29
2025-11-14 08:00:00+00:00,154.68,154.763,154.455,154.657,28629.6
2025-11-14 12:00:00+00:00,154.658,154.663,153.615,154.428,78218.88
2025-11-14 16:00:00+00:00,154.429,154.743,154.351,154.558,35188.72
2025-11-14 20:00:00+00:00,154.559,154.598,154.499,154.508,4701.61
2025-11-16 20:00:00+00:00,154.453,154.636,154.442,154.592,4680.41
2025-11-17 00:00:00+00:00,154.592,154.786,154.415,154.715,16994.66
2025-11-17 04:00:00+00:00,154.717,154.81,154.591,154.692,11455.66
2025-11-17 08:00:00+00:00,154.694,154.871,154.624,154.795,17995.21
2025-11-17 12:00:00+00:00,154.795,155.301,154.735,155.196,29140.31
2025-11-17 16:00:00+00:00,155.198,155.251,155.057,155.244,34092.89
2025-11-17 20:00:00+00:00,155.244,155.287,155.103,155.278,10290.04
2025-11-18 00:00:00+00:00,155.278,155.379,155.111,155.176,22897.22
2025-11-18 04:00:00+00:00,155.174,155.217,154.815,154.997,38526.95
2025-11-18 08:00:00+00:00,154.996,155.44,154.91,155.426,29125.37
2025-11-18 12:00:00+00:00,155.426,155.438,155.05,155.274,48966.95
2025-11-18 16:00:00+00:00,155.273,155.732,155.259,155.524,33844.39
2025-11-18 20:00:00+00:00,155.522,155.591,155.414,155.532,13043.56
2025-11-19 00:00:00+00:00,155.527,155.579,155.212,155.293,28569.79
2025-11-19 04:00:00+00:00,155.295,155.53,155.262,155.516,21244.68
2025-11-19 08:00:00+00:00,155.517,156.294,155.48,156.108,33872.57
2025-11-19 12:00:00+00:00,156.108,156.72,156.04,156.506,35939.71
2025-11-19 16:00:00+00:00,156.505,157.039,156.464,157.029,30911.82
2025-11-19 20:00:00+00:00,157.029,157.183,156.939,156.997,17199.05
2025-11-20 00:00:00+00:00,156.998,157.476,156.879,157.416,32878.15
2025-11-20 04:00:00+00:00,157.417,157.779,157.259,157.456,25800.24
2025-11-20 08:00:00+00:00,157.458,157.538,157.108,157.509,25131.58
2025-11-20 12:00:00+00:00,157.51,157.892,157.224,157.679,60225.65
2025-11-20 16:00:00+00:00,157.679,157.695,157.265,157.538,59674.03
2025-11-20 20:00:00+00:00,157.54,157.647,157.188,157.386,18121.56
2025-11-21 00:00:00+00:00,157.384,157.541,157.207,157.302,27201.14
2025-11-21 04:00:00+00:00,157.3,157.304,156.611,156.733,28967.99
2025-11-21 08:00:00+00:00,156.733,156.95,156.557,156.853,42107.54
2025-11-21 12:00:00+00:00,156.854,156.965,156.2,156.533,70492.1
2025-11-21 16:00:00+00:00,156.536,156.756,156.262,156.328,39405.42
2025-11-21 20:00:00+00:00,156.328,156.504,156.319,156.378,9690.18
2025-11-23 20:00:00+00:00,156.27,156.707,156.27,156.687,4552.21
2025-11-24 00:00:00+00:00,156.686,156.798,156.59,156.642,16220.61
2025-11-24 04:00:00+00:00,156.643,156.888,156.499,156.842,13412.8
2025-11-24 08:00:00+00:00,156.839,156.935,156.649,156.835,25717.19
2025-11-24 12:00:00+00:00,156.833,157.186,156.74,156.797,34662.77
2025-11-24 16:00:00+00:00,156.799,156.983,156.711,156.739,18334.37
2025-11-24 20:00:00+00:00,156.74,156.956,156.731,156.908,8299.6
2025-11-25 00:00:00+00:00,156.904,156.983,156.555,156.776,19622.63
2025-11-25 04:00:00+00:00,156.776,156.849,156.523,156.62,13036.15
2025-11-25 08:00:00+00:00,156.621,156.702,156.142,156.443,21582.08
2025-11-25 12:00:00+00:00,156.443,156.511,155.892,156.146,44238.28
2025-11-25 16:00:00+00:00,156.148,156.334,155.801,155.826,27033.02
2025-11-25 20:00:00+00:00,155.826,156.231,155.82,156.198,12101.06
2025-11-26 00:00:00+00:00,156.198,156.373,155.651,155.881,33758.12
2025-11-26 04:00:00+00:00,155.882,156.462,155.875,156.385,19727.19
2025-11-26 08:00:00+00:00,156.382,156.577,156.319,156.476,22310.99
2025-11-26 12:00:00+00:00,156.476,156.734,156.33,156.417,40643.74
2025-11-26 16:00:00+00:00,156.416,156.51,156.289,156.455,17230.57
2025-11-26 20:00:00+00:00,156.456,156.493,156.22,156.22,8830.19
2025-11-27 00:00:00+00:00,156.219,156.234,155.72,156.08,24078.52
2025-11-27 04:00:00+00:00,156.086,156.3,155.813,156.11,17106.26
2025-11-27 08:00:00+00:00,156.109,156.404,156.08,156.31,16650.73
2025-11-27 12:00:00+00:00,156.312,156.39,156.232,156.307,11076.32
2025-11-27 16:00:00+00:00,156.309,156.367,156.258,156.334,3848.83
2025-11-27 20:00:00+00:00,156.336,156.337,156.199,156.289,3768.94
2025-11-28 00:00:00+00:00,156.291,156.582,156.091,156.267,61914.26
2025-11-28 04:00:00+00:00,156.267,156.434,156.183,156.297,125094.67
2025-11-28 08:00:00+00:00,156.298,156.381,156.151,156.199,95313.75
2025-11-28 12:00:00+00:00,156.202,156.393,155.981,156.034,46090.5
2025-11-28 16:00:00+00:00,156.032,156.267,155.994,156.118,19269.92
2025-11-28 20:00:00+00:00,156.118,156.175,156.064,156.137,6610.56
2025-11-30 20:00:00+00:00,156.055,156.151,155.905,155.909,6453.83
2025-12-01 00:00:00+00:00,155.907,155.991,155.414,155.462,36284.33
2025-12-01 04:00:00+00:00,155.461,155.692,155.305,155.358,28488.04
2025-12-01 08:00:00+00:00,155.361,155.561,155.1,155.105,26184.03
2025-12-01 12:00:00+00:00,155.105,155.197,154.662,155.097,50549.29
2025-12-01 16:00:00+00:00,155.098,155.522,155.096,155.479,16733.32
2025-12-01 20:00:00+00:00,155.481,155.571,155.384,155.561,7175.8
2025-12-02 00:00:00+00:00,155.56,155.775,155.46,155.63,17775.35
2025-12-02 04:00:00+00:00,155.632,155.836,155.552,155.764,13620.07
2025-12-02 08:00:00+00:00,155.766,156.083,155.764,155.925,21661.26
2025-12-02 12:00:00+00:00,155.923,156.18,155.821,155.872,31732.34
2025-12-02 16:00:00+00:00,155.87,156.086,155.753,155.897,32491.95
2025-12-02 20:00:00+00:00,155.893,155.907,155.748,155.764,11155.5
2025-12-03 00:00:00+00:00,155.764,155.812,155.607,155.656,12795.73
2025-12-03 04:00:00+00:00,155.655,155.751,155.511,155.686,11116.08
2025-12-03 08:00:00+00:00,155.683,155.754,155.412,155.418,19827.0
2025-12-03 12:00:00+00:00,155.415,155.598,155.206,155.217,43579.95
2025-12-03 16:00:00+00:00,155.221,155.246,155.009,155.15,22452.62
2025-12-03 20:00:00+00:00,155.151,155.315,155.086,155.112,8710.67
2025-12-04 00:00:00+00:00,155.114,155.541,155.021,155.391,17976.48
2025-12-04 04:00:00+00:00,155.386,155.503,155.185,155.241,18115.14
2025-12-04 08:00:00+00:00,155.242,155.25,154.524,154.531,35587.38
2025-12-04 12:00:00+00:00,154.53,155.057,154.507,154.634,38766.63
2025-12-04 16:00:00+00:00,154.633,155.04,154.633,155.018,23089.45
2025-12-04 20:00:00+00:00,155.02,155.162,154.996,155.133,9388.2
2025-12-05 00:00:00+00:00,155.132,155.232,154.914,155.12,13558.62
2025-12-05 04:00:00+00:00,155.115,155.125,154.343,154.63,24820.99
2025-12-05 08:00:00+00:00,154.631,155.223,154.606,155.145,23665.16
2025-12-05 12:00:00+00:00,155.146,155.355,155.082,155.254,33157.65
2025-12-05 16:00:00+00:00,155.25,155.492,155.208,155.292,22167.3
2025-12-05 20:00:00+00:00,155.291,155.374,155.271,155.298,4631.91
2025-12-07 20:00:00+00:00,155.159,155.381,155.149,155.313,5274.97
2025-12-08 00:00:00+00:00,155.31,155.325,154.9,155.102,17265.0
2025-12-08 04:00:00+00:00,155.104,155.352,155.056,155.351,14649.6
2025-12-08 08:00:00+00:00,155.352,155.589,155.262,155.585,22429.3
2025-12-08 12:00:00+00:00,155.586,155.983,155.392,155.858,35817.0
2025-12-08 16:00:00+00:00,155.857,155.958,155.703,155.909,17067.34
2025-12-08 20:00:00+00:00,155.906,155.979,155.804,155.845,7234.2
2025-12-09 00:00:00+00:00,155.846,156.037,155.744,155.825,15433.94
2025-12-09 04:00:00+00:00,155.823,156.198,155.81,156.191,18489.43
2025-12-09 08:00:00+00:00,156.192,156.43,155.976,156.186,34134.72
2025-12-09 12:00:00+00:00,156.187,156.913,156.185,156.866,41090.16
2025-12-09 16:00:00+00:00,156.866,156.953,156.808,156.834,24157.12
2025-12-09 20:00:00+00:00,156.835,156.943,156.754,156.805,9426.14
2025-12-10 00:00:00+00:00,156.805,156.936,156.559,156.59,14288.67
2025-12-10 04:00:00+00:00,156.591,156.763,156.581,156.651,7782.44
2025-12-10 08:00:00+00:00,156.653,156.886,156.579,156.709,18574.28
2025-12-10 12:00:00+00:00,156.708,156.756,156.352,156.477,27241.65
2025-12-10 16:00:00+00:00,156.48,156.675,156.101,156.258,37833.59
2025-12-10 20:00:00+00:00,156.257,156.308,155.626,155.751,28526.14
2025-12-11 00:00:00+00:00,155.749,155.886,155.489,155.695,23960.7
2025-12-11 04:00:00+00:00,155.696,156.163,155.617,156.031,21468.56
2025-12-11 08:00:00+00:00,156.032,156.068,155.757,155.765,23661.4
2025-12-11 12:00:00+00:00,155.761,155.819,154.948,155.169,52059.54
2025-12-11 16:00:00+00:00,155.169,155.598,155.069,155.593,22219.83
2025-12-11 20:00:00+00:00,155.592,155.672,155.446,155.505,11402.89
2025-12-12 00:00:00+00:00,155.502,155.77,155.459,155.712,19732.45
2025-12-12 04:00:00+00:00,155.712,155.827,155.542,155.647,16049.43
2025-12-12 08:00:00+00:00,155.649,155.993,155.62,155.915,23175.1
2025-12-12 12:00:00+00:00,155.914,156.127,155.772,155.883,38891.94
2025-12-12 16:00:00+00:00,155.884,155.938,155.676,155.901,23398.37
2025-12-12 20:00:00+00:00,155.902,155.908,155.775,155.8,7280.38
2025-12-14 20:00:00+00:00,155.816,155.909,155.749,155.867,3546.02
2025-12-15 00:00:00+00:00,155.869,155.986,155.304,155.42,18312.92
2025-12-15 04:00:00+00:00,155.421,155.421,154.948,155.26,15763.53
2025-12-15 08:00:00+00:00,155.261,155.282,154.85,154.924,17967.8
2025-12-15 12:00:00+00:00,154.924,155.227,154.835,155.157,32031.83
2025-12-15 16:00:00+00:00,155.157,155.398,155.15,155.24,14562.25
2025-12-15 20:00:00+00:00,155.241,155.291,154.982,155.034,6985.1
2025-12-16 00:00:00+00:00,155.034,155.12,154.703,154.891,23136.99
2025-12-16 04:00:00+00:00,154.887,154.977,154.682,154.884,14840.91
2025-12-16 08:00:00+00:00,154.883,154.943,154.772,154.817,19101.29
2025-12-16 12:00:00+00:00,154.815,154.997,154.393,154.776,61631.34
2025-12-16 16:00:00+00:00,154.774,154.916,154.57,154.666,27132.31
2025-12-16 20:00:00+00:00,154.667,154.833,154.57,154.772,10221.7
2025-12-17 00:00:00+00:00,154.771,155.025,154.512,154.888,21301.52
2025-12-17 04:00:00+00:00,154.889,155.568,154.874,155.501,19705.89
2025-12-17 08:00:00+00:00,155.502,155.596,155.427,155.546,20324.37
2025-12-17 12:00:00+00:00,155.545,155.637,155.352,155.404,32867.99
2025-12-17 16:00:00+00:00,155.404,155.689,155.383,155.641,21772.15
2025-12-17 20:00:00+00:00,155.641,155.749,155.472,155.489,7672.41
2025-12-18 00:00:00+00:00,155.488,155.808,155.424,155.763,16941.95
2025-12-18 04:00:00+00:00,155.765,155.954,155.702,155.925,12367.53
2025-12-18 08:00:00+00:00,155.927,155.974,155.72,155.791,14941.05
2025-12-18 12:00:00+00:00,155.789,155.863,155.282,155.523,47405.71
2025-12-18 16:00:00+00:00,155.521,155.71,155.363,155.513,20002.4
2025-12-18 20:00:00+00:00,155.513,155.642,155.431,155.575,8803.03
2025-12-19 00:00:00+00:00,155.579,156.163,155.556,155.873,27204.68
2025-12-19 04:00:00+00:00,155.873,156.739,155.731,156.732,39919.36
2025-12-19 08:00:00+00:00,156.732,157.4,156.719,157.318,37617.93
2025-12-19 12:00:00+00:00,157.321,157.49,156.923,157.472,43160.95
2025-12-19 16:00:00+00:00,157.47,157.669,157.4,157.529,30967.79
2025-12-19 20:00:00+00:00,157.529,157.778,157.475,157.737,7707.04
2025-12-21 20:00:00+00:00,157.659,157.703,157.318,157.623,10638.93
2025-12-22 00:00:00+00:00,157.623,157.659,157.228,157.332,22672.86
2025-12-22 04:00:00+00:00,157.333,157.562,157.258,157.487,17688.17
2025-12-22 08:00:00+00:00,157.49,157.569,157.337,157.414,15821.17
2025-12-22 12:00:00+00:00,157.411,157.428,156.866,156.974,36032.36
2025-12-22 16:00:00+00:00,156.974,157.041,156.706,156.9,17923.23
2025-12-22 20:00:00+00:00,156.9,157.062,156.819,156.92,10900.92
2025-12-23 00:00:00+00:00,156.92,156.927,156.186,156.187,20093.11
2025-12-23 04:00:00+00:00,156.186,156.188,155.911,156.074,31811.99
2025-12-23 08:00:00+00:00,156.072,156.114,155.651,155.971,30988.84
2025-12-23 12:00:00+00:00,155.971,156.543,155.869,156.389,37895.38
2025-12-23 16:00:00+00:00,156.387,156.433,156.178,156.195,21710.07
2025-12-23 20:00:00+00:00,156.196,156.315,156.093,156.169,12704.6
2025-12-24 00:00:00+00:00,156.169,156.279,155.552,155.978,29763.23
2025-12-24 04:00:00+00:00,155.981,156.062,155.663,155.829,20041.25
2025-12-24 08:00:00+00:00,155.828,155.977,155.686,155.927,19498.78
2025-12-24 12:00:00+00:00,155.926,156.068,155.675,155.811,39419.87
2025-12-24 16:00:00+00:00,155.811,156.021,155.75,155.865,34438.29
2025-12-24 20:00:00+00:00,155.864,155.963,155.574,155.884,4159.59
2025-12-25 00:00:00+00:00,155.88,155.916,155.66,155.689,3657.9
2025-12-25 04:00:00+00:00,155.697,156.052,155.464,156.049,632.49
2025-12-25 20:00:00+00:00,155.891,156.129,155.746,156.102,11182.19
2025-12-26 00:00:00+00:00,156.103,156.488,156.041,156.053,45716.58
2025-12-26 04:00:00+00:00,156.052,156.444,155.987,156.372,20069.35
2025-12-26 08:00:00+00:00,156.372,156.469,156.3,156.401,12154.21
2025-12-26 12:00:00+00:00,156.4,156.531,156.226,156.425,20786.0
2025-12-26 16:00:00+00:00,156.425,156.732,156.37,156.503,19457.77
2025-12-26 20:00:00+00:00,156.503,156.602,156.444,156.561,10594.99
2025-12-28 20:00:00+00:00,156.389,156.549,156.389,156.484,6307.07
2025-12-29 00:00:00+00:00,156.485,156.51,156.055,156.379,26687.26
2025-12-29 04:00:00+00:00,156.377,156.471,156.05,156.079,18949.33
2025-12-29 08:00:00+00:00,156.082,156.414,156.076,156.399,25069.94
2025-12-29 12:00:00+00:00,156.4,156.423,155.915,155.935,33227.26
2025-12-29 16:00:00+00:00,155.937,156.248,155.93,156.032,21106.39
2025-12-29 20:00:00+00:00,156.034,156.134,155.949,155.99,10960.31
2025-12-30 00:00:00+00:00,155.994,156.337,155.923,156.268,19452.55
2025-12-30 04:00:00+00:00,156.27,156.284,155.918,155.983,16710.74
2025-12-30 08:00:00+00:00,155.982,156.024,155.742,155.891,20385.18
2025-12-30 12:00:00+00:00,155.892,156.564,155.884,156.328,25843.21
2025-12-30 16:00:00+00:00,156.327,156.523,156.223,156.496,15518.0
2025-12-30 20:00:00+00:00,156.495,156.501,156.285,156.4,7973.58
2025-12-31 00:00:00+00:00,156.394,156.496,156.329,156.494,9557.98
2025-12-31 04:00:00+00:00,156.492,156.653,156.492,156.567,8544.93
2025-12-31 08:00:00+00:00,156.567,156.675,156.506,156.607,14938.54
2025-12-31 12:00:00+00:00,156.607,156.994,156.551,156.742,29107.23
2025-12-31 16:00:00+00:00,156.739,156.921,156.642,156.75,19693.87
2025-12-31 20:00:00+00:00,156.751,156.752,156.616,156.658,5725.49
2026-01-01 20:00:00+00:00,156.501,156.879,156.497,156.722,3520.54
2026-01-02 00:00:00+00:00,156.72,156.766,156.517,156.715,9778.93
2026-01-02 04:00:00+00:00,156.716,156.994,156.716,156.861,11542.19
2026-01-02 08:00:00+00:00,156.86,156.996,156.767,156.917,18276.47
2026-01-02 12:00:00+00:00,156.917,156.999,156.562,156.588,25310.93
2026-01-02 16:00:00+00:00,156.587,156.954,156.56,156.855,15087.73
2026-01-02 20:00:00+00:00,156.855,156.91,156.802,156.84,5142.88
2026-01-04 20:00:00+00:00,156.699,157.015,156.699,156.998,6269.83
2026-01-05 00:00:00+00:00,156.998,157.25,156.918,157.232,25312.79
2026-01-05 04:00:00+00:00,157.233,157.296,156.974,156.988,15806.09
2026-01-05 08:00:00+00:00,156.987,157.04,156.531,156.62,33333.75
2026-01-05 12:00:00+00:00,156.622,156.977,156.453,156.578,43770.04
2026-01-05 16:00:00+00:00,156.577,156.586,156.116,156.233,25041.55
2026-01-05 20:00:00+00:00,156.233,156.642,156.183,156.614,11511.93
2026-01-06 00:00:00+00:00,156.615,156.797,156.271,156.361,21842.32
2026-01-06 04:00:00+00:00,156.36,156.476,156.23,156.334,21097.03
2026-01-06 08:00:00+00:00,156.334,156.535,156.163,156.447,27077.51
2026-01-06 12:00:00+00:00,156.446,156.69,156.296,156.575,38958.35
2026-01-06 16:00:00+00:00,156.575,156.747,156.569,156.629,18897.33
2026-01-06 20:00:00+00:00,156.629,156.705,156.569,156.666,7016.03
2026-01-07 00:00:00+00:00,156.663,156.806,156.506,156.561,16267.3
2026-01-07 04:00:00+00:00,156.562,156.582,156.295,156.486,16355.69
2026-01-07 08:00:00+00:00,156.488,156.584,156.431,156.515,19022.54
2026-01-07 12:00:00+00:00,156.512,156.723,156.361,156.68,43223.69
2026-01-07 16:00:00+00:00,156.679,156.798,156.572,156.739,20583.74
2026-01-07 20:00:00+00:00,156.736,156.799,156.642,156.697,6267.04
2026-01-08 00:00:00+00:00,156.694,156.954,156.63,156.717,15942.17
2026-01-08 04:00:00+00:00,156.716,156.731,156.465,156.465,16818.41
2026-01-08 08:00:00+00:00,156.464,156.781,156.457,156.761,16966.02
2026-01-08 12:00:00+00:00,156.759,157.07,156.663,156.865,27766.52
2026-01-08 16:00:00+00:00,156.864,156.985,156.775,156.964,12192.85
2026-01-08 20:00:00+00:00,156.963,156.992,156.694,156.866,7612.14
2026-01-09 00:00:00+00:00,156.868,157.259,156.867,157.234,16041.24
2026-01-09 04:00:00+00:00,157.238,157.571,157.193,157.48,16375.25
2026-01-09 08:00:00+00:00,157.479,157.734,157.456,157.576,15907.25
2026-01-09 12:00:00+00:00,157.576,158.185,157.368,157.869,56214.35
2026-01-09 16:00:00+00:00,157.871,158.131,157.83,157.884,26846.9
2026-01-09 20:00:00+00:00,157.882,157.958,157.854,157.859,5321.77
2026-01-11 20:00:00+00:00,158.063,158.181,157.983,158.138,2910.98
2026-01-12 00:00:00+00:00,158.137,158.203,157.515,158.118,32990.81
2026-01-12 04:00:00+00:00,158.119,158.183,157.801,157.845,16754.81
2026-01-12 08:00:00+00:00,157.845,157.959,157.674,157.893,26947.93
2026-01-12 12:00:00+00:00,157.896,158.048,157.707,157.97,32849.96
2026-01-12 16:00:00+00:00,157.971,158.169,157.943,158.138,14003.31
2026-01-12 20:00:00+00:00,158.139,158.2,157.895,157.976,13823.46
2026-01-13 00:00:00+00:00,157.977,158.825,157.963,158.811,20866.69
2026-01-13 04:00:00+00:00,158.813,158.971,158.624,158.941,24126.04
2026-01-13 08:00:00+00:00,158.942,159.048,158.801,158.854,18528.04
2026-01-13 12:00:00+00:00,158.852,159.088,158.581,158.926,40610.38
2026-01-13 16:00:00+00:00,158.927,159.19,158.906,159.115,19553.2
2026-01-13 20:00:00+00:00,159.114,159.202,159.057,159.196,7022.96
2026-01-14 00:00:00+00:00,159.196,159.452,159.082,159.16,19185.64
2026-01-14 04:00:00+00:00,159.164,159.351,159.105,159.176,13042.55
2026-01-14 08:00:00+00:00,159.172,159.192,158.568,158.711,27280.42
2026-01-14 12:00:00+00:00,158.711,158.74,158.105,158.123,48833.56
2026-01-14 16:00:00+00:00,158.124,158.518,158.102,158.502,23381.45
2026-01-14 20:00:00+00:00,158.502,158.597,158.197,158.421,10962.53
2026-01-15 00:00:00+00:00,158.424,158.641,158.226,158.515,17858.13
2026-01-15 04:00:00+00:00,158.514,158.731,158.382,158.58,16059.24
2026-01-15 08:00:00+00:00,158.579,158.713,158.301,158.565,21035.13
2026-01-15 12:00:00+00:00,158.566,158.878,158.473,158.538,32939.09
2026-01-15 16:00:00+00:00,158.536,158.568,158.411,158.527,18021.05
2026-01-15 20:00:00+00:00,158.527,158.669,158.511,158.589,6962.17
2026-01-16 00:00:00+00:00,158.591,158.702,157.958,158.109,27053.85
2026-01-16 04:00:00+00:00,158.108,158.449,158.095,158.171,20117.0
2026-01-16 08:00:00+00:00,158.168,158.254,158.012,158.09,27622.04
2026-01-16 12:00:00+00:00,158.091,158.264,157.82,158.063,41793.38
2026-01-16 16:00:00+00:00,158.062,158.242,157.936,158.12,18679.33
2026-01-16 20:00:00+00:00,158.12,158.139,158.039,158.137,4099.38
2026-01-18 20:00:00+00:00,157.89,157.971,157.498,157.55,10875.16
2026-01-19 00:00:00+00:00,157.554,157.944,157.42,157.88,22823.37
2026-01-19 04:00:00+00:00,157.878,158.121,157.745,158.077,17153.14
2026-01-19 08:00:00+00:00,158.079,158.163,157.827,158.04,24299.45
2026-01-19 12:00:00+00:00,158.041,158.078,157.861,158.06,18000.06
2026-01-19 16:00:00+00:00,158.058,158.137,158.007,158.083,6146.7
2026-01-19 20:00:00+00:00,158.085,158.226,157.986,158.165,3335.37
2026-01-20 00:00:00+00:00,158.164,158.279,157.847,157.973,22033.41
2026-01-20 04:00:00+00:00,157.972,158.602,157.896,158.372,27372.28
2026-01-20 08:00:00+00:00,158.371,158.394,157.556,157.748,56468.71
2026-01-20 12:00:00+00:00,157.75,158.11,157.465,157.926,67939.27
2026-01-20 16:00:00+00:00,157.927,158.298,157.855,158.287,30250.26
2026-01-20 20:00:00+00:00,158.289,158.289,158.038,158.152,11158.96
2026-01-21 00:00:00+00:00,158.153,158.281,157.858,158.087,28257.55
2026-01-21 04:00:00+00:00,158.091,158.257,157.873,157.926,23062.09
2026-01-21 08:00:00+00:00,157.925,158.085,157.821,157.912,25016.01
2026-01-21 12:00:00+00:00,157.911,158.311,157.745,158.216,50042.17
2026-01-21 16:00:00+00:00,158.217,158.533,158.036,158.382,33302.37
2026-01-21 20:00:00+00:00,158.382,158.499,158.232,158.458,13696.17
2026-01-22 00:00:00+00:00,158.46,158.589,158.178,158.558,22142.47
2026-01-22 04:00:00+00:00,158.559,158.892,158.555,158.779,21054.57
2026-01-22 08:00:00+00:00,158.778,158.855,158.532,158.594,25388.27
2026-01-22 12:00:00+00:00,158.594,158.858,158.35,158.394,36707.93
2026-01-22 16:00:00+00:00,158.39,158.496,158.234,158.405,24900.55
2026-01-22 20:00:00+00:00,158.405,158.532,158.335,158.487,9103.38
2026-01-23 00:00:00+00:00,158.488,158.741,158.436,158.628,20735.62
2026-01-23 04:00:00+00:00,158.627,159.226,157.275,158.386,35317.48
2026-01-23 08:00:00+00:00,158.387,158.492,157.862,158.134,45021.82
2026-01-23 12:00:00+00:00,158.136,158.338,158.092,158.113,23754.15
2026-01-23 16:00:00+00:00,158.112,158.225,155.68,155.892,75946.18
2026-01-23 20:00:00+00:00,155.892,155.96,155.601,155.611,14537.15
2026-01-25 20:00:00+00:00,154.612,155.275,154.213,155.147,14571.4
2026-01-26 00:00:00+00:00,155.149,155.344,153.886,154.21,54712.91
2026-01-26 04:00:00+00:00,154.21,154.418,153.808,154.248,36640.7
2026-01-26 08:00:00+00:00,154.249,154.348,153.305,153.738,63489.78
2026-01-26 12:00:00+00:00,153.737,154.338,153.615,153.813,39318.24
2026-01-26 16:00:00+00:00,153.814,154.275,153.715,154.039,35095.62
2026-01-26 20:00:00+00:00,154.04,154.427,153.86,154.387,15050.56
2026-01-27 00:00:00+00:00,154.386,154.469,154.085,154.415,23652.75
2026-01-27 04:00:00+00:00,154.416,154.763,154.37,154.731,21745.01
2026-01-27 08:00:00+00:00,154.727,154.877,153.176,153.727,49296.94
2026-01-27 12:00:00+00:00,153.726,153.793,152.877,153.241,66351.95
2026-01-27 16:00:00+00:00,153.246,153.266,152.573,152.714,32121.25
2026-01-27 20:00:00+00:00,152.716,152.841,152.094,152.495,32079.99
2026-01-28 00:00:00+00:00,152.49,153.068,152.436,152.722,33556.43
2026-01-28 04:00:00+00:00,152.721,152.837,152.278,152.648,30114.72
2026-01-28 08:00:00+00:00,152.647,152.804,152.344,152.605,39647.1
2026-01-28 12:00:00+00:00,152.604,153.735,152.392,153.464,61173.42
2026-01-28 16:00:00+00:00,153.463,154.047,153.412,153.49,46021.13
2026-01-28 20:00:00+00:00,153.489,153.574,153.032,153.081,20588.39
2026-01-29 00:00:00+00:00,153.084,153.391,152.765,152.925,36538.56
2026-01-29 04:00:00+00:00,152.924,153.42,152.901,153.309,23676.88
2026-01-29 08:00:00+00:00,153.311,153.536,153.14,153.462,28814.6
2026-01-29 12:00:00+00:00,153.457,153.511,152.682,152.81,54762.57
2026-01-29 16:00:00+00:00,152.808,153.169,152.721,153.076,39361.25
2026-01-29 20:00:00+00:00,153.077,153.213,152.866,153.141,14290.79
2026-01-30 00:00:00+00:00,153.142,153.978,153.082,153.955,43669.71
2026-01-30 04:00:00+00:00,153.955,154.139,153.713,153.805,30957.95
2026-01-30 08:00:00+00:00,153.805,154.387,153.707,153.856,43774.61
2026-01-30 12:00:00+00:00,153.857,154.761,153.796,154.221,58995.35
2026-01-30 16:00:00+00:00,154.22,154.687,154.163,154.534,56703.76
2026-01-30 20:00:00+00:00,154.535,154.794,154.529,154.756,15682.28
2026-02-01 20:00:00+00:00,154.878,155.514,154.836,155.226,12886.29
2026-02-02 00:00:00+00:00,155.225,155.389,154.821,154.975,43833.05
2026-02-02 04:00:00+00:00,154.973,154.99,154.548,154.906,39598.21
2026-02-02 08:00:00+00:00,154.905,155.069,154.721,154.753,39459.26
2026-02-02 12:00:00+00:00,154.754,155.701,154.709,155.667,45091.31
2026-02-02 16:00:00+00:00,155.665,155.787,155.418,155.628,28845.55
2026-02-02 20:00:00+00:00,155.626,155.667,155.412,155.472,18711.03
2026-02-03 00:00:00+00:00,155.472,155.618,155.38,155.475,26776.71
2026-02-03 04:00:00+00:00,155.472,155.526,155.3,155.406,17729.18
2026-02-03 08:00:00+00:00,155.403,155.984,155.366,155.95,28347.45
2026-02-03 12:00:00+00:00,155.951,156.083,155.704,155.711,34331.96
2026-02-03 16:00:00+00:00,155.71,155.804,155.526,155.775,26822.33
2026-02-03 20:00:00+00:00,155.773,155.856,155.651,155.804,11083.32
2026-02-04 00:00:00+00:00,155.806,156.391,155.806,156.319,22758.53
2026-02-04 04:00:00+00:00,156.319,156.467,156.235,156.424,13453.29
2026-02-04 08:00:00+00:00,156.425,156.854,156.394,156.818,21255.32
2026-02-04 12:00:00+00:00,156.819,156.821,156.35,156.652,39376.2
2026-02-04 16:00:00+00:00,156.652,156.891,156.461,156.819,32019.0
2026-02-04 20:00:00+00:00,156.819,156.946,156.745,156.906,15036.04
2026-02-05 00:00:00+00:00,156.905,156.986,156.685,156.793,22978.7
2026-02-05 04:00:00+00:00,156.792,157.197,156.792,157.101,17566.85
2026-02-05 08:00:00+00:00,157.097,157.335,156.999,157.148,23604.09
2026-02-05 12:00:00+00:00,157.149,157.286,156.528,156.832,62977.9
2026-02-05 16:00:00+00:00,156.83,157.021,156.768,156.898,20061.6
2026-02-05 20:00:00+00:00,156.894,157.094,156.714,156.805,12412.99
2026-02-06 00:00:00+00:00,156.804,156.834,156.51,156.736,30575.64
2026-02-06 04:00:00+00:00,156.734,156.902,156.594,156.887,17150.68
2026-02-06 08:00:00+00:00,156.888,157.155,156.794,157.043,21631.72
2026-02-06 12:00:00+00:00,157.041,157.132,156.782,156.837,25072.0
2026-02-06 16:00:00+00:00,156.84,157.135,156.836,157.103,14053.87
2026-02-06 20:00:00+00:00,157.104,157.271,157.073,157.196,7587.34
2026-02-08 20:00:00+00:00,157.522,157.66,156.774,157.247,12471.29
2026-02-09 00:00:00+00:00,157.251,157.292,156.208,156.869,40810.45
2026-02-09 04:00:00+00:00,156.869,156.883,156.289,156.596,24183.39
2026-02-09 08:00:00+00:00,156.595,156.782,156.397,156.466,34721.66
2026-02-09 12:00:00+00:00,156.465,156.554,155.522,155.851,44843.51
2026-02-09 16:00:00+00:00,155.853,156.143,155.64,155.709,18727.6
2026-02-09 20:00:00+00:00,155.711,156.147,155.677,156.126,10656.25
2026-02-10 00:00:00+00:00,156.127,156.294,155.151,155.328,29634.08
2026-02-10 04:00:00+00:00,155.328,155.604,155.086,155.56,18139.11
2026-02-10 08:00:00+00:00,155.561,155.632,155.047,155.271,22067.79
2026-02-10 12:00:00+00:00,155.268,155.305,154.07,154.21,53228.35
2026-02-10 16:00:00+00:00,154.21,154.587,154.054,154.313,23278.73
2026-02-10 20:00:00+00:00,154.315,154.507,154.244,154.5,8113.53
2026-02-11 00:00:00+00:00,154.498,154.517,153.548,153.56,28238.48
2026-02-11 04:00:00+00:00,153.561,153.583,152.799,153.107,27091.12
2026-02-11 08:00:00+00:00,153.106,153.522,153.025,153.494,28508.53
2026-02-11 12:00:00+00:00,153.495,154.651,152.847,153.617,75349.25
2026-02-11 16:00:00+00:00,153.617,153.684,152.552,152.943,33504.06
2026-02-11 20:00:00+00:00,152.944,153.312,152.921,153.266,11770.71
2026-02-12 00:00:00+00:00,153.268,153.448,152.268,152.56,37260.72
2026-02-12 04:00:00+00:00,152.561,153.549,152.432,153.033,35516.4
2026-02-12 08:00:00+00:00,153.034,153.333,152.798,153.31,29338.21
2026-02-12 12:00:00+00:00,153.308,153.758,152.626,152.647,45843.63
2026-02-12 16:00:00+00:00,152.646,152.988,152.363,152.898,50285.88
2026-02-12 20:00:00+00:00,152.901,152.925,152.653,152.791,13619.73
2026-02-13 00:00:00+00:00,152.788,153.345,152.733,152.95,30732.53
2026-02-13 04:00:00+00:00,152.949,153.596,152.845,153.398,24750.93
2026-02-13 08:00:00+00:00,153.395,153.662,153.231,153.361,25713.75
2026-02-13 12:00:00+00:00,153.358,153.397,152.783,153.13,51146.32
2026-02-13 16:00:00+00:00,153.131,153.226,152.595,152.78,22984.86
2026-02-13 20:00:00+00:00,152.784,152.839,152.621,152.625,6480.7
2026-02-15 20:00:00+00:00,152.569,152.859,152.562,152.8,4971.34
2026-02-16 00:00:00+00:00,152.798,153.164,152.767,153.066,16975.37
2026-02-16 04:00:00+00:00,153.067,153.389,152.986,153.343,11462.48
2026-02-16 08:00:00+00:00,153.341,153.635,153.214,153.371,21626.23
2026-02-16 12:00:00+00:00,153.369,153.48,153.253,153.464,13304.09
2026-02-16 16:00:00+00:00,153.463,153.572,153.4,153.482,6324.28
2026-02-16 20:00:00+00:00,153.483,153.757,153.372,153.556,5664.78
2026-02-17 00:00:00+00:00,153.55,153.585,153.022,153.177,24315.13
2026-02-17 04:00:00+00:00,153.179,153.223,152.827,153.083,23564.13
2026-02-17 08:00:00+00:00,153.082,153.182,152.697,153.132,23502.8
2026-02-17 12:00:00+00:00,153.13,153.923,153.023,153.796,36637.4
2026-02-17 16:00:00+00:00,153.797,153.846,153.229,153.253,20386.76
2026-02-17 20:00:00+00:00,153.254,153.303,153.103,153.13,8938.52
2026-02-18 00:00:00+00:00,153.13,153.7,153.069,153.6,17436.92
2026-02-18 04:00:00+00:00,153.606,153.715,153.392,153.67,13439.45
2026-02-18 08:00:00+00:00,153.672,153.857,153.577,153.706,16345.56
2026-02-18 12:00:00+00:00,153.708,154.443,153.552,154.283,37905.96
2026-02-18 16:00:00+00:00,154.284,154.869,154.231,154.722,24231.27
2026-02-18 20:00:00+00:00,154.722,154.852,154.683,154.684,10018.53
2026-02-19 00:00:00+00:00,154.687,155.252,154.619,155.141,25935.22
2026-02-19 04:00:00+00:00,155.139,155.341,154.934,154.976,17908.85
2026-02-19 08:00:00+00:00,154.977,155.025,154.573,154.626,27947.65
2026-02-19 12:00:00+00:00,154.63,155.283,154.542,154.998,35827.08
2026-02-19 16:00:00+00:00,155.001,155.13,154.827,155.079,18270.5
2026-02-19 20:00:00+00:00,155.084,155.209,154.82,155.195,9372.07
2026-02-20 00:00:00+00:00,155.196,155.316,154.899,155.143,21453.55
2026-02-20 04:00:00+00:00,155.142,155.505,154.945,155.497,19073.61
2026-02-20 08:00:00+00:00,155.495,155.643,155.122,155.223,25065.69
2026-02-20 12:00:00+00:00,155.224,155.537,154.77,154.851,49632.49
2026-02-20 16:00:00+00:00,154.855,155.203,154.712,155.129,32474.7
2026-02-20 20:00:00+00:00,155.131,155.165,154.95,154.988,7298.96
2026-02-22 20:00:00+00:00,154.849,154.951,154.316,154.341,8441.44
2026-02-23 00:00:00+00:00,154.342,154.472,153.996,154.256,26381.16
2026-02-23 04:00:00+00:00,154.255,154.608,154.22,154.482,15978.53
2026-02-23 08:00:00+00:00,154.478,154.944,154.456,154.923,19731.34
2026-02-23 12:00:00+00:00,154.92,155.043,154.354,154.426,31066.42
2026-02-23 16:00:00+00:00,154.427,154.667,154.221,154.618,17744.49
2026-02-23 20:00:00+00:00,154.615,154.764,154.519,154.66,8690.73
2026-02-24 00:00:00+00:00,154.66,155.134,154.623,155.117,22465.77
2026-02-24 04:00:00+00:00,155.118,156.168,154.943,156.099,31237.34
2026-02-24 08:00:00+00:00,156.1,156.281,155.679,155.879,28049.97
2026-02-24 12:00:00+00:00,155.879,156.173,155.772,155.911,26743.16
2026-02-24 16:00:00+00:00,155.913,155.932,155.585,155.778,15046.92
2026-02-24 20:00:00+00:00,155.778,155.924,155.744,155.91,6777.64
2026-02-25 00:00:00+00:00,155.91,156.04,155.344,155.823,27876.64
2026-02-25 04:00:00+00:00,155.824,156.042,155.527,155.92,16906.86
2026-02-25 08:00:00+00:00,155.919,156.824,155.909,156.795,28101.64
2026-02-25 12:00:00+00:00,156.798,156.799,156.334,156.371,24266.39
2026-02-25 16:00:00+00:00,156.37,156.54,156.238,156.444,13558.52
2026-02-25 20:00:00+00:00,156.443,156.482,156.116,156.169,9979.12
2026-02-26 00:00:00+00:00,156.168,156.233,155.754,155.937,20740.75
2026-02-26 04:00:00+00:00,155.934,156.169,155.702,156.051,19630.55
2026-02-26 08:00:00+00:00,156.047,156.174,155.916,156.076,14714.69
2026-02-26 12:00:00+00:00,156.076,156.251,155.83,156.038,35586.62
2026-02-26 16:00:00+00:00,156.041,156.43,156.039,156.129,24488.95
2026-02-26 20:00:00+00:00,156.128,156.15,155.829,155.857,12764.6
2026-02-27 00:00:00+00:00,155.857,155.985,155.668,155.771,26575.66
2026-02-27 04:00:00+00:00,155.772,156.121,155.535,156.078,17804.67
2026-02-27 08:00:00+00:00,156.078,156.231,155.864,155.908,19492.93
2026-02-27 12:00:00+00:00,155.906,156.225,155.834,156.067,37248.51
2026-02-27 16:00:00+00:00,156.071,156.142,155.885,156.015,20550.04
2026-02-27 20:00:00+00:00,156.017,156.193,155.961,156.017,7252.56
2026-03-01 20:00:00+00:00,155.948,156.66,155.948,156.631,12230.31
2026-03-02 00:00:00+00:00,156.633,156.805,156.158,156.32,45025.74
2026-03-02 04:00:00+00:00,156.318,157.038,156.285,156.978,37170.09
2026-03-02 08:00:00+00:00,156.979,157.248,156.795,156.962,33820.44
2026-03-02 12:00:00+00:00,156.962,157.75,156.957,157.731,52331.54
2026-03-02 16:00:00+00:00,157.732,157.751,157.12,157.149,33166.73
2026-03-02 20:00:00+00:00,157.145,157.492,157.113,157.268,23885.32
2026-03-03 00:00:00+00:00,157.27,157.596,157.174,157.28,32762.82
2026-03-03 04:00:00+00:00,157.279,157.486,157.15,157.409,29214.16
2026-03-03 08:00:00+00:00,157.415,157.969,157.299,157.68,47129.68
2026-03-03 12:00:00+00:00,157.68,157.951,157.5,157.84,55755.75
2026-03-03 16:00:00+00:00,157.84,157.924,157.471,157.664,43466.99
2026-03-03 20:00:00+00:00,157.663,157.792,157.411,157.763,16698.43
2026-03-04 00:00:00+00:00,157.764,157.861,157.366,157.405,30782.52
2026-03-04 04:00:00+00:00,157.406,157.653,157.178,157.462,24524.36
2026-03-04 08:00:00+00:00,157.46,157.533,156.855,157.217,36687.01
2026-03-04 12:00:00+00:00,157.218,157.413,157.038,157.115,44635.45
2026-03-04 16:00:00+00:00,157.118,157.169,156.881,157.002,21346.82
2026-03-04 20:00:00+00:00,157.002,157.115,156.968,156.976,11725.12
2026-03-05 00:00:00+00:00,156.977,157.081,156.447,156.992,32065.68
2026-03-05 04:00:00+00:00,156.992,157.288,156.959,157.257,28168.54
2026-03-05 08:00:00+00:00,157.256,157.375,156.897,157.347,42983.14
2026-03-05 12:00:00+00:00,157.349,157.777,157.288,157.617,41108.52
2026-03-05 16:00:00+00:00,157.619,157.847,157.531,157.813,35832.66
2026-03-05 20:00:00+00:00,157.812,157.847,157.413,157.566,19729.15
2026-03-06 00:00:00+00:00,157.564,157.589,157.381,157.49,22772.78
2026-03-06 04:00:00+00:00,157.488,157.9,157.488,157.535,18779.35
2026-03-06 08:00:00+00:00,157.533,157.991,157.5,157.952,27467.6
2026-03-06 12:00:00+00:00,157.951,158.088,157.37,157.584,66781.38
2026-03-06 16:00:00+00:00,157.585,157.876,157.511,157.875,38383.04
2026-03-06 20:00:00+00:00,157.876,157.96,157.707,157.707,13020.0
2026-03-08 20:00:00+00:00,158.04,158.475,158.04,158.4,24466.37
2026-03-09 00:00:00+00:00,158.399,158.898,158.305,158.859,33187.96
2026-03-09 04:00:00+00:00,158.858,158.869,158.324,158.459,36436.36
2026-03-09 08:00:00+00:00,158.459,158.687,158.19,158.468,53911.48
2026-03-09 12:00:00+00:00,158.468,158.598,157.997,158.082,57282.79
2026-03-09 16:00:00+00:00,158.08,158.415,157.641,157.856,45123.64
2026-03-09 20:00:00+00:00,157.856,157.954,157.608,157.875,23767.98
2026-03-10 00:00:00+00:00,157.876,157.947,157.531,157.887,30954.11
2026-03-10 04:00:00+00:00,157.888,157.93,157.272,157.298,22007.15
2026-03-10 08:00:00+00:00,157.296,157.893,157.296,157.794,38239.68
2026-03-10 12:00:00+00:00,157.795,157.976,157.548,157.6,44254.61
2026-03-10 16:00:00+00:00,157.599,158.132,157.402,158.033,44593.9
2026-03-10 20:00:00+00:00,158.033,158.184,157.971,158.104,7893.9
2026-03-11 00:00:00+00:00,158.106,158.392,157.918,158.195,23099.24
2026-03-11 04:00:00+00:00,158.197,158.274,157.86,158.222,20484.33
2026-03-11 08:00:00+00:00,158.223,158.502,158.196,158.498,27331.1
2026-03-11 12:00:00+00:00,158.497,158.853,158.306,158.831,46495.43
2026-03-11 16:00:00+00:00,158.831,158.975,158.768,158.946,20714.75
2026-03-11 20:00:00+00:00,158.946,159.131,158.775,159.084,11946.8
2026-03-12 00:00:00+00:00,159.085,159.235,158.781,159.026,21148.91
2026-03-12 04:00:00+00:00,159.024,159.155,158.783,158.798,16573.78
2026-03-12 08:00:00+00:00,158.797,158.941,158.567,158.691,21881.18
2026-03-12 12:00:00+00:00,158.69,159.286,158.679,159.209,45940.38
2026-03-12 16:00:00+00:00,159.208,159.429,159.114,159.371,30323.92
2026-03-12 20:00:00+00:00,159.375,159.421,159.181,159.24,15851.22
2026-03-13 00:00:00+00:00,159.236,159.415,159.009,159.354,31851.91
2026-03-13 04:00:00+00:00,159.358,159.683,159.317,159.437,33565.74
2026-03-13 08:00:00+00:00,159.437,159.531,159.251,159.286,30213.1
2026-03-13 12:00:00+00:00,159.285,159.598,159.007,159.54,45547.81
2026-03-13 16:00:00+00:00,159.541,159.692,159.509,159.676,24726.04
2026-03-13 20:00:00+00:00,159.674,159.749,159.646,159.721,4272.71
2026-03-15 20:00:00+00:00,159.528,159.746,159.498,159.559,9102.99
2026-03-16 00:00:00+00:00,159.56,159.639,159.252,159.497,22514.1
2026-03-16 04:00:00+00:00,159.499,159.619,159.172,159.287,22363.72
2026-03-16 08:00:00+00:00,159.286,159.382,159.1,159.126,21219.01
2026-03-16 12:00:00+00:00,159.125,159.326,158.849,159.291,33653.41
2026-03-16 16:00:00+00:00,159.293,159.355,158.909,159.152,33755.34
2026-03-16 20:00:00+00:00,159.15,159.22,158.971,159.132,10059.59
2026-03-17 00:00:00+00:00,159.133,159.452,159.119,159.35,17679.13
2026-03-17 04:00:00+00:00,159.348,159.494,159.17,159.232,16252.98
2026-03-17 08:00:00+00:00,159.233,159.235,158.965,159.1,20160.44
2026-03-17 12:00:00+00:00,159.101,159.153,158.72,159.029,34864.64
2026-03-17 16:00:00+00:00,159.029,159.114,158.876,159.04,18772.54
2026-03-17 20:00:00+00:00,159.04,159.055,158.853,158.909,9928.48
2026-03-18 00:00:00+00:00,158.908,159.138,158.801,158.931,24650.51
2026-03-18 04:00:00+00:00,158.932,158.932,158.566,158.758,18446.33
2026-03-18 08:00:00+00:00,158.76,159.112,158.76,158.976,21972.32
2026-03-18 12:00:00+00:00,158.974,159.582,158.957,159.483,49284.61
2026-03-18 16:00:00+00:00,159.482,159.836,159.255,159.825,36714.07
2026-03-18 20:00:00+00:00,159.824,159.899,159.69,159.812,13757.87
2026-03-19 00:00:00+00:00,159.816,159.847,159.543,159.628,24720.71
2026-03-19 04:00:00+00:00,159.627,159.803,159.197,159.235,31240.14
2026-03-19 08:00:00+00:00,159.232,159.387,159.037,159.06,40373.72
2026-03-19 12:00:00+00:00,159.059,159.292,158.062,158.191,81637.82
2026-03-19 16:00:00+00:00,158.19,158.22,157.506,157.646,52686.81
2026-03-19 20:00:00+00:00,157.647,157.989,157.551,157.93,11612.01
2026-03-20 00:00:00+00:00,157.93,158.401,157.747,158.389,20287.05
2026-03-20 04:00:00+00:00,158.392,158.451,158.28,158.294,16113.98
2026-03-20 08:00:00+00:00,158.292,158.899,158.257,158.58,29327.47
2026-03-20 12:00:00+00:00,158.579,159.261,158.518,159.256,50434.82
2026-03-20 16:00:00+00:00,159.255,159.386,159.142,159.301,35984.34
2026-03-20 20:00:00+00:00,159.3,159.328,159.21,159.216,5943.73
2026-03-22 20:00:00+00:00,159.254,159.469,159.065,159.148,11393.59
2026-03-23 00:00:00+00:00,159.148,159.617,159.013,159.457,31152.63
2026-03-23 04:00:00+00:00,159.457,159.655,159.346,159.588,25961.58
2026-03-23 08:00:00+00:00,159.588,159.652,158.241,158.927,76066.71
2026-03-23 12:00:00+00:00,158.927,159.039,158.198,158.701,99211.33
2026-03-23 16:00:00+00:00,158.699,158.844,158.019,158.073,40421.65
2026-03-23 20:00:00+00:00,158.416,158.508,158.254,158.481,11253.0
2026-03-24 00:00:00+00:00,158.482,158.742,158.434,158.731,31929.16
2026-03-24 04:00:00+00:00,158.729,158.793,158.403,158.493,24740.73
2026-03-24 08:00:00+00:00,158.494,158.797,158.429,158.767,33480.5
2026-03-24 12:00:00+00:00,158.767,158.954,158.556,158.899,51606.85
2026-03-24 16:00:00+00:00,158.9,159.187,158.798,158.986,42055.79
2026-03-24 20:00:00+00:00,158.991,159.033,158.367,158.705,22771.32
2026-03-25 00:00:00+00:00,158.703,158.835,158.573,158.802,23307.49
2026-03-25 04:00:00+00:00,158.803,159.147,158.788,159.135,16387.71
2026-03-25 08:00:00+00:00,159.133,159.199,158.724,158.848,30648.26
2026-03-25 12:00:00+00:00,158.85,159.246,158.762,159.204,43975.77
2026-03-25 16:00:00+00:00,159.205,159.499,159.124,159.458,26376.94
2026-03-25 20:00:00+00:00,159.458,159.493,159.353,159.387,7948.49
2026-03-26 00:00:00+00:00,159.39,159.537,159.33,159.45,17260.89
2026-03-26 04:00:00+00:00,159.449,159.505,159.281,159.497,15910.04
2026-03-26 08:00:00+00:00,159.495,159.669,159.422,159.655,19742.35
2026-03-26 12:00:00+00:00,159.654,159.695,159.431,159.653,42719.98
2026-03-26 16:00:00+00:00,159.655,159.83,159.614,159.824,23254.61
2026-03-26 20:00:00+00:00,159.825,159.845,159.344,159.722,16788.85
2026-03-27 00:00:00+00:00,159.723,159.764,159.453,159.614,16027.56
2026-03-27 04:00:00+00:00,159.615,159.976,159.552,159.942,15581.16
2026-03-27 08:00:00+00:00,159.946,159.952,159.75,159.854,20144.86
2026-03-27 12:00:00+00:00,159.857,160.17,159.699,160.165,36694.71
2026-03-27 16:00:00+00:00,160.162,160.414,160.067,160.145,30540.99
2026-03-27 20:00:00+00:00,160.145,160.327,160.104,160.221,3578.01
2026-03-29 20:00:00+00:00,160.155,160.46,160.084,160.234,7519.05
2026-03-30 00:00:00+00:00,160.232,160.25,159.736,159.788,22161.48
2026-03-30 04:00:00+00:00,159.787,159.857,159.57,159.776,21545.2
2026-03-30 08:00:00+00:00,159.774,159.808,159.411,159.514,27198.36
2026-03-30 12:00:00+00:00,159.514,159.637,159.326,159.482,32563.56
2026-03-30 16:00:00+00:00,159.485,159.713,159.41,159.691,16095.43
2026-03-30 20:00:00+00:00,159.694,159.866,159.636,159.844,8841.27
2026-03-31 00:00:00+00:00,159.844,159.97,159.591,159.723,27896.65
2026-03-31 04:00:00+00:00,159.722,159.786,159.48,159.644,16325.32
2026-03-31 08:00:00+00:00,159.645,159.769,159.361,159.415,22490.07
2026-03-31 12:00:00+00:00,159.415,159.565,158.898,159.076,51382.23
2026-03-31 16:00:00+00:00,159.076,159.203,158.682,158.71,40911.52
2026-03-31 20:00:00+00:00,158.708,158.819,158.56,158.586,14707.66
2026-04-01 00:00:00+00:00,158.585,159.01,158.451,158.859,22750.8
2026-04-01 04:00:00+00:00,158.858,158.935,158.271,158.776,31712.53
2026-04-01 08:00:00+00:00,158.782,158.871,158.344,158.345,30437.86
2026-04-01 12:00:00+00:00,158.345,158.751,158.303,158.63,48223.76
2026-04-01 16:00:00+00:00,158.63,158.943,158.447,158.894,24442.01
2026-04-01 20:00:00+00:00,158.896,158.903,158.542,158.712,9446.3
2026-04-02 00:00:00+00:00,158.712,159.477,158.581,159.367,36251.2
2026-04-02 04:00:00+00:00,159.367,159.713,159.304,159.575,27617.75
2026-04-02 08:00:00+00:00,159.575,159.743,159.543,159.703,22180.15
2026-04-02 12:00:00+00:00,159.701,159.709,159.23,159.34,44419.51
2026-04-02 16:00:00+00:00,159.341,159.727,159.308,159.66,19627.37
2026-04-02 20:00:00+00:00,159.66,159.675,159.485,159.491,5849.24
2026-04-03 00:00:00+00:00,159.493,159.711,159.428,159.579,13048.38
2026-04-03 04:00:00+00:00,159.579,159.691,159.536,159.582,9646.45
2026-04-03 08:00:00+00:00,159.592,159.635,159.538,159.556,13281.73
2026-04-03 12:00:00+00:00,159.557,159.823,159.485,159.639,14843.84
2026-04-03 16:00:00+00:00,159.638,159.665,159.625,159.64,2788.79
2026-04-03 20:00:00+00:00,159.639,159.682,159.437,159.555,2062.15
2026-04-05 20:00:00+00:00,159.594,159.828,159.427,159.779,10523.26
2026-04-06 00:00:00+00:00,159.78,159.802,159.525,159.623,14373.51
2026-04-06 04:00:00+00:00,159.62,159.708,159.343,159.385,13619.59
2026-04-06 08:00:00+00:00,159.385,159.586,159.304,159.554,16237.22
2026-04-06 12:00:00+00:00,159.56,159.802,159.365,159.706,27936.75
2026-04-06 16:00:00+00:00,159.709,159.795,159.591,159.692,18530.9
2026-04-06 20:00:00+00:00,159.692,159.726,159.568,159.693,5713.38
2026-04-07 00:00:00+00:00,159.694,159.929,159.675,159.831,11816.1
2026-04-07 04:00:00+00:00,159.83,159.878,159.723,159.861,11163.7
2026-04-07 08:00:00+00:00,159.862,159.865,159.467,159.83,27769.39
2026-04-07 12:00:00+00:00,159.827,160.029,159.71,159.897,30691.86
2026-04-07 16:00:00+00:00,159.895,159.956,159.542,159.582,30291.33
2026-04-07 20:00:00+00:00,159.583,159.737,158.598,158.715,38315.33
2026-04-08 00:00:00+00:00,158.717,158.791,158.294,158.445,38266.34
2026-04-08 04:00:00+00:00,158.445,158.46,158.048,158.215,31667.27
2026-04-08 08:00:00+00:00,158.216,158.534,158.123,158.253,26354.46
2026-04-08 12:00:00+00:00,158.252,158.465,157.884,158.385,50134.35
2026-04-08 16:00:00+00:00,158.39,158.795,158.354,158.536,27235.3
2026-04-08 20:00:00+00:00,158.534,158.678,158.405,158.651,8208.2
2026-04-09 00:00:00+00:00,158.651,158.952,158.618,158.753,14457.21
2026-04-09 04:00:00+00:00,158.754,158.976,158.644,158.969,16567.18
2026-04-09 08:00:00+00:00,158.969,159.107,158.836,158.891,16865.12
2026-04-09 12:00:00+00:00,158.892,159.296,158.855,158.87,41814.03
2026-04-09 16:00:00+00:00,158.869,159.096,158.63,159.091,27315.22
2026-04-09 20:00:00+00:00,159.089,159.129,158.909,159.092,6973.59
2026-04-10 00:00:00+00:00,159.093,159.241,159.023,159.14,14525.04
2026-04-10 04:00:00+00:00,159.139,159.373,159.125,159.34,12894.13
2026-04-10 08:00:00+00:00,159.34,159.351,159.161,159.177,15690.47
2026-04-10 12:00:00+00:00,159.175,159.242,158.899,159.225,35535.12
2026-04-10 16:00:00+00:00,159.227,159.349,159.216,159.302,16999.51
2026-04-10 20:00:00+00:00,159.301,159.318,159.245,159.245,1914.36
2026-04-12 20:00:00+00:00,159.654,159.85,159.499,159.678,11964.91
2026-04-13 00:00:00+00:00,159.679,159.845,159.652,159.682,14751.08
2026-04-13 04:00:00+00:00,159.679,159.774,159.559,159.604,13467.14
2026-04-13 08:00:00+00:00,159.607,159.849,159.566,159.844,13823.69
2026-04-13 12:00:00+00:00,159.845,159.86,159.507,159.743,31486.1
2026-04-13 16:00:00+00:00,159.743,159.784,159.29,159.382,33688.61
2026-04-13 20:00:00+00:00,159.383,159.455,159.205,159.218,8153.77
2026-04-14 00:00:00+00:00,159.22,159.335,159.076,159.091,15233.26
2026-04-14 04:00:00+00:00,159.098,159.282,158.949,159.067,17251.16
2026-04-14 08:00:00+00:00,159.072,159.168,158.707,158.772,20908.02
2026-04-14 12:00:00+00:00,158.773,158.919,158.601,158.912,36965.82
2026-04-14 16:00:00+00:00,158.913,158.934,158.683,158.863,16226.92
2026-04-14 20:00:00+00:00,158.861,158.891,158.735,158.801,8564.54
2026-04-15 00:00:00+00:00,158.802,159.062,158.738,158.985,16638.08
2026-04-15 04:00:00+00:00,158.986,159.026,158.862,158.927,15302.78
2026-04-15 08:00:00+00:00,158.929,159.095,158.644,159.025,27460.7
2026-04-15 12:00:00+00:00,159.027,159.15,158.863,159.023,32394.41
2026-04-15 16:00:00+00:00,159.023,159.121,158.75,158.975,22306.26
2026-04-15 20:00:00+00:00,158.974,159.001,158.794,158.815,7071.57
2026-04-16 00:00:00+00:00,158.815,158.851,158.262,158.668,22442.89
2026-04-16 04:00:00+00:00,158.673,158.951,158.655,158.865,18753.82
2026-04-16 08:00:00+00:00,158.864,159.127,158.85,158.959,19497.3
2026-04-16 12:00:00+00:00,158.957,159.305,158.93,159.074,35879.36
2026-04-16 16:00:00+00:00,159.073,159.29,159.024,159.171,21379.24
2026-04-16 20:00:00+00:00,159.173,159.226,159.022,159.202,4761.35
2026-04-17 00:00:00+00:00,159.209,159.462,159.178,159.388,11833.05
2026-04-17 04:00:00+00:00,159.385,159.528,159.276,159.277,14184.05
2026-04-17 08:00:00+00:00,159.277,159.3,159.005,159.174,16881.78
2026-04-17 12:00:00+00:00,159.174,159.179,157.59,158.099,76241.84
2026-04-17 16:00:00+00:00,158.1,158.584,157.959,158.56,27708.69
2026-04-17 20:00:00+00:00,158.559,158.637,158.533,158.584,2622.98
2026-04-19 20:00:00+00:00,158.765,159.199,158.754,159.152,9203.38
2026-04-20 00:00:00+00:00,159.153,159.201,158.789,158.882,16090.69
2026-04-20 04:00:00+00:00,158.882,159.051,158.725,158.963,21495.49
2026-04-20 08:00:00+00:00,158.969,159.073,158.756,158.836,24231.91
2026-04-20 12:00:00+00:00,158.838,158.972,158.548,158.668,41845.59
2026-04-20 16:00:00+00:00,158.668,158.921,158.609,158.841,19924.6
2026-04-20 20:00:00+00:00,158.841,158.903,158.599,158.849,10337.29
2026-04-21 00:00:00+00:00,158.848,158.994,158.833,158.985,12023.9
2026-04-21 04:00:00+00:00,158.984,159.019,158.792,159.019,16766.39
2026-04-21 08:00:00+00:00,159.02,159.254,159.014,159.045,20522.28
2026-04-21 12:00:00+00:00,159.045,159.44,159.014,159.396,37721.5
2026-04-21 16:00:00+00:00,159.395,159.637,159.171,159.609,38492.37
2026-04-21 20:00:00+00:00,159.607,159.637,159.291,159.379,14742.14
2026-04-22 00:00:00+00:00,159.381,159.4,159.171,159.394,15326.86
2026-04-22 04:00:00+00:00,159.393,159.393,159.101,159.22,16552.03
2026-04-22 08:00:00+00:00,159.22,159.369,159.192,159.247,22343.06
2026-04-22 12:00:00+00:00,159.248,159.512,159.115,159.494,38391.57
2026-04-22 16:00:00+00:00,159.495,159.551,159.415,159.543,14793.47
2026-04-22 20:00:00+00:00,159.544,159.571,159.37,159.486,6926.13
2026-04-23 00:00:00+00:00,159.486,159.685,159.296,159.544,24855.12
2026-04-23 04:00:00+00:00,159.543,159.698,159.515,159.601,14296.84
2026-04-23 08:00:00+00:00,159.599,159.779,159.497,159.552,25863.46
2026-04-23 12:00:00+00:00,159.554,159.617,159.312,159.44,43604.31
2026-04-23 16:00:00+00:00,159.44,159.842,159.425,159.696,46422.59
2026-04-23 20:00:00+00:00,159.699,159.784,159.539,159.753,7977.27
2026-04-24 00:00:00+00:00,159.754,159.84,159.674,159.791,16640.69
2026-04-24 04:00:00+00:00,159.792,159.815,159.601,159.67,15203.27
2026-04-24 08:00:00+00:00,159.673,159.769,159.334,159.427,28300.81
2026-04-24 12:00:00+00:00,159.426,159.65,159.332,159.355,45433.17
2026-04-24 16:00:00+00:00,159.352,159.467,159.308,159.417,20360.93
2026-04-24 20:00:00+00:00,159.419,159.426,159.329,159.333,2058.63
2026-04-26 20:00:00+00:00,159.549,159.594,159.474,159.582,4227.27
2026-04-27 00:00:00+00:00,159.583,159.583,159.19,159.227,16685.64
2026-04-27 04:00:00+00:00,159.224,159.481,159.148,159.225,15231.97
2026-04-27 08:00:00+00:00,159.226,159.272,159.094,159.193,17936.6
2026-04-27 12:00:00+00:00,159.195,159.311,159.104,159.294,36092.28
2026-04-27 16:00:00+00:00,159.292,159.462,159.277,159.422,13897.21
2026-04-27 20:00:00+00:00,159.421,159.46,159.333,159.365,4077.8
2026-04-28 00:00:00+00:00,159.365,159.565,158.982,159.073,19664.94
2026-04-28 04:00:00+00:00,159.074,159.544,158.96,159.536,25281.53
2026-04-28 08:00:00+00:00,159.534,159.787,159.415,159.755,27362.42
2026-04-28 12:00:00+00:00,159.755,159.781,159.412,159.54,46534.81
2026-04-28 16:00:00+00:00,159.539,159.687,159.508,159.656,18220.75
2026-04-28 20:00:00+00:00,159.656,159.664,159.491,159.557,3736.59
2026-04-29 00:00:00+00:00,159.557,159.661,159.516,159.616,15618.95
2026-04-29 04:00:00+00:00,159.615,159.738,159.604,159.669,15587.47
2026-04-29 08:00:00+00:00,159.668,159.851,159.636,159.844,17666.42
2026-04-29 12:00:00+00:00,159.845,160.323,159.815,160.233,41544.03
2026-04-29 16:00:00+00:00,160.232,160.44,160.167,160.379,42537.74
2026-04-29 20:00:00+00:00,160.381,160.474,160.151,160.199,10752.26
2026-04-30 00:00:00+00:00,160.198,160.426,160.073,160.424,23951.04
2026-04-30 04:00:00+00:00,160.424,160.723,159.776,160.133,35754.93
2026-04-30 08:00:00+00:00,160.133,160.176,155.554,156.374,130342.27
2026-04-30 12:00:00+00:00,156.375,157.107,156.188,156.662,76065.64
2026-04-30 16:00:00+00:00,156.662,156.739,156.306,156.565,36588.81
2026-04-30 20:00:00+00:00,156.566,157.021,156.385,156.989,11899.25
2026-05-01 00:00:00+00:00,156.988,157.326,156.964,157.185,30731.68
2026-05-01 04:00:00+00:00,157.184,157.298,155.486,156.621,45703.94
2026-05-01 08:00:00+00:00,156.62,156.759,156.26,156.579,24576.48
2026-05-01 12:00:00+00:00,156.583,156.896,156.335,156.759,52245.47
2026-05-01 16:00:00+00:00,156.763,157.118,156.67,157.06,24694.27
2026-05-01 20:00:00+00:00,157.061,157.085,156.963,157.033,5231.41
2026-05-03 20:00:00+00:00,156.708,156.926,156.672,156.898,4610.79
2026-05-04 00:00:00+00:00,156.9,157.249,155.698,156.197,36557.71
2026-05-04 04:00:00+00:00,156.195,156.979,156.131,156.893,31954.02
2026-05-04 08:00:00+00:00,156.892,157.203,156.887,157.174,31228.11
2026-05-04 12:00:00+00:00,157.173,157.3,156.925,157.197,46079.97
2026-05-04 16:00:00+00:00,157.199,157.301,156.547,157.096,32960.0
2026-05-04 20:00:00+00:00,157.097,157.282,157.096,157.214,5195.08
2026-05-05 00:00:00+00:00,157.214,157.269,157.167,157.265,10620.69
2026-05-05 04:00:00+00:00,157.265,157.3,157.08,157.235,17406.41
2026-05-05 08:00:00+00:00,157.235,157.868,157.098,157.744,30119.26
2026-05-05 12:00:00+00:00,157.746,157.837,157.607,157.679,35176.81
2026-05-05 16:00:00+00:00,157.68,157.916,157.653,157.88,12205.63
2026-05-05 20:00:00+00:00,157.879,157.93,157.539,157.675,12016.25
2026-05-06 00:00:00+00:00,157.673,157.89,157.551,157.773,26372.69
2026-05-06 04:00:00+00:00,157.774,157.823,155.029,155.821,69567.23
2026-05-06 08:00:00+00:00,155.816,156.29,155.613,156.084,58891.88
2026-05-06 12:00:00+00:00,156.085,156.457,156.047,156.437,48608.71
2026-05-06 16:00:00+00:00,156.438,156.514,156.35,156.418,21419.28
2026-05-06 20:00:00+00:00,156.416,156.524,156.219,156.52,8839.58
2026-05-07 00:00:00+00:00,156.522,156.525,156.019,156.415,28841.26
2026-05-07 04:00:00+00:00,156.417,156.42,156.021,156.262,25521.41
2026-05-07 08:00:00+00:00,156.262,156.472,156.184,156.403,22917.94
2026-05-07 12:00:00+00:00,156.402,156.512,156.168,156.484,31472.11
2026-05-07 16:00:00+00:00,156.481,156.876,156.471,156.874,31820.08
2026-05-07 20:00:00+00:00,156.87,156.954,156.688,156.848,11981.5
2026-05-08 00:00:00+00:00,156.857,156.99,156.768,156.837,18505.4
2026-05-08 04:00:00+00:00,156.836,156.899,156.714,156.832,17158.39
2026-05-08 08:00:00+00:00,156.833,156.857,156.627,156.749,16542.82
2026-05-08 12:00:00+00:00,156.751,156.827,156.432,156.645,37817.88
2026-05-08 16:00:00+00:00,156.646,156.773,156.59,156.728,16248.04
2026-05-08 20:00:00+00:00,156.729,156.758,156.621,156.621,3544.52
2026-05-10 20:00:00+00:00,156.501,156.958,156.485,156.863,5546.1
2026-05-11 00:00:00+00:00,156.864,157.172,156.832,157.157,17245.46
2026-05-11 04:00:00+00:00,157.158,157.16,156.988,157.119,13720.17
2026-05-11 08:00:00+00:00,157.12,157.16,156.946,157.119,13250.61
2026-05-11 12:00:00+00:00,157.117,157.139,156.978,157.045,20402.31
2026-05-11 16:00:00+00:00,157.045,157.265,157.034,157.243,11232.38
2026-05-11 20:00:00+00:00,157.243,157.272,157.05,157.238,5541.75
2026-05-12 00:00:00+00:00,157.238,157.651,157.238,157.612,18817.14
2026-05-12 04:00:00+00:00,157.613,157.747,156.726,157.505,32751.19
2026-05-12 08:00:00+00:00,157.504,157.665,157.489,157.572,20451.79
2026-05-12 12:00:00+00:00,157.573,157.75,157.481,157.709,29785.75
2026-05-12 16:00:00+00:00,157.709,157.763,157.52,157.637,11166.42
2026-05-12 20:00:00+00:00,157.633,157.675,157.513,157.67,3954.32
2026-05-13 00:00:00+00:00,157.673,157.781,157.562,157.679,16074.31
2026-05-13 04:00:00+00:00,157.678,157.844,157.671,157.831,10816.72
2026-05-13 08:00:00+00:00,157.833,157.895,157.743,157.765,12397.92
2026-05-13 12:00:00+00:00,157.764,157.895,157.752,157.835,21486.28
2026-05-13 16:00:00+00:00,157.836,157.923,157.745,157.87,12522.94
2026-05-13 20:00:00+00:00,157.869,157.901,157.65,157.856,5984.8
2026-05-14 00:00:00+00:00,157.858,157.992,157.809,157.969,12749.77
2026-05-14 04:00:00+00:00,157.973,157.974,157.514,157.914,19786.53
2026-05-14 08:00:00+00:00,157.916,157.975,157.852,157.971,15545.02
2026-05-14 12:00:00+00:00,157.976,158.192,157.307,158.087,46854.2
2026-05-14 16:00:00+00:00,158.086,158.382,158.079,158.357,21576.14
2026-05-14 20:00:00+00:00,158.357,158.438,158.261,158.38,5878.34
2026-05-15 00:00:00+00:00,158.381,158.587,158.325,158.485,19242.92
2026-05-15 04:00:00+00:00,158.489,158.673,158.35,158.446,22359.94
2026-05-15 08:00:00+00:00,158.444,158.603,158.291,158.571,31574.88
2026-05-15 12:00:00+00:00,158.573,158.743,158.51,158.695,34354.03
2026-05-15 16:00:00+00:00,158.695,158.783,158.641,158.771,16363.65
2026-05-15 20:00:00+00:00,158.77,158.842,158.731,158.731,4115.14
2026-05-17 20:00:00+00:00,158.564,158.881,158.508,158.851,4504.54
2026-05-18 00:00:00+00:00,158.849,159.055,158.803,159.035,16056.15
2026-05-18 04:00:00+00:00,159.036,159.072,158.806,158.919,20977.22
2026-05-18 08:00:00+00:00,158.919,158.958,158.681,158.833,17206.08
2026-05-18 12:00:00+00:00,158.833,158.937,158.611,158.832,45045.98
2026-05-18 16:00:00+00:00,158.833,159.081,158.773,158.885,29736.79
2026-05-18 20:00:00+00:00,158.884,158.884,158.726,158.868,5992.48
2026-05-19 00:00:00+00:00,158.869,159.028,158.857,158.957,13427.47
2026-05-19 04:00:00+00:00,158.955,159.141,158.92,159.043,14020.2
2026-05-19 08:00:00+00:00,159.041,159.177,159.003,159.133,16327.85
2026-05-19 12:00:00+00:00,159.135,159.251,158.65,159.116,42094.7
2026-05-19 16:00:00+00:00,159.115,159.175,158.777,159.054,31989.06
2026-05-19 20:00:00+00:00,159.053,159.102,158.983,159.043,5517.46
2026-05-20 00:00:00+00:00,159.043,159.101,158.838,158.871,23526.11
2026-05-20 04:00:00+00:00,158.871,159.061,158.817,159.06,20151.0
2026-05-20 08:00:00+00:00,159.064,159.101,158.958,159.035,14144.02
2026-05-20 12:00:00+00:00,159.034,159.166,158.586,158.842,51048.76
2026-05-20 16:00:00+00:00,158.843,158.961,158.751,158.855,27575.34
2026-05-20 20:00:00+00:00,158.855,158.932,158.813,158.886,5183.7
2026-05-21 00:00:00+00:00,158.887,158.984,158.808,158.965,13761.95
2026-05-21 04:00:00+00:00,158.966,159.085,158.946,159.024,15834.26
2026-05-21 08:00:00+00:00,159.025,159.167,158.902,159.154,24135.85
2026-05-21 12:00:00+00:00,159.155,159.35,159.089,159.169,36355.03
2026-05-21 16:00:00+00:00,159.166,159.196,158.818,158.92,38360.32
2026-05-21 20:00:00+00:00,158.921,159.039,158.851,159.025,5122.47
2026-05-22 00:00:00+00:00,159.026,159.123,159.0,159.038,8954.28
2026-05-22 04:00:00+00:00,159.035,159.142,159.011,159.129,9716.82
2026-05-22 08:00:00+00:00,159.13,159.145,159.054,159.138,13181.04
2026-05-22 12:00:00+00:00,159.136,159.232,158.989,159.199,30283.45
2026-05-22 16:00:00+00:00,159.199,159.23,159.062,159.165,14714.21
2026-05-22 20:00:00+00:00,159.168,159.204,159.141,159.155,2389.11
2026-05-24 20:00:00+00:00,158.786,158.961,158.769,158.954,6395.55
2026-05-25 00:00:00+00:00,158.954,158.961,158.756,158.884,9395.19
2026-05-25 04:00:00+00:00,158.886,159.039,158.843,158.971,10694.69
2026-05-25 08:00:00+00:00,158.971,158.99,158.89,158.933,10182.45
2026-05-25 12:00:00+00:00,158.933,158.948,158.878,158.897,14410.34
2026-05-25 16:00:00+00:00,158.895,158.922,158.886,158.912,3089.13
2026-05-25 20:00:00+00:00,158.912,158.964,158.784,158.955,4137.06
2026-05-26 00:00:00+00:00,158.952,159.003,158.91,158.938,8675.48
2026-05-26 04:00:00+00:00,158.938,159.2,158.932,159.196,12569.27
2026-05-26 08:00:00+00:00,159.195,159.238,159.106,159.192,12332.83
2026-05-26 12:00:00+00:00,159.192,159.378,159.185,159.362,18906.76
2026-05-26 16:00:00+00:00,159.362,159.379,159.282,159.316,8478.17
2026-05-26 20:00:00+00:00,159.316,159.331,159.201,159.25,4056.58
2026-05-27 00:00:00+00:00,159.251,159.31,159.175,159.203,12002.16
2026-05-27 04:00:00+00:00,159.204,159.377,159.197,159.358,10488.84
2026-05-27 08:00:00+00:00,159.358,159.448,159.317,159.431,11138.7
2026-05-27 12:00:00+00:00,159.43,159.535,159.245,159.472,32645.58
2026-05-27 16:00:00+00:00,159.469,159.578,159.468,159.539,8168.46
2026-05-27 20:00:00+00:00,159.54,159.576,159.417,159.569,4147.27
2026-05-28 00:00:00+00:00,159.572,159.651,159.524,159.616,9574.55
2026-05-28 04:00:00+00:00,159.618,159.618,159.44,159.477,11643.17
2026-05-28 08:00:00+00:00,159.475,159.524,159.378,159.463,11923.53
2026-05-28 12:00:00+00:00,159.459,159.491,159.18,159.291,33969.04
2026-05-28 16:00:00+00:00,159.291,159.337,159.113,159.247,15954.38
2026-05-28 20:00:00+00:00,159.245,159.277,159.179,159.272,4988.95
2026-05-29 00:00:00+00:00,159.27,159.367,159.246,159.359,9988.65
2026-05-29 04:00:00+00:00,159.359,159.377,159.199,159.262,9726.7
2026-05-29 08:00:00+00:00,159.263,159.32,159.209,159.25,11793.08
2026-05-29 12:00:00+00:00,159.251,159.355,159.095,159.23,24925.7
2026-05-29 16:00:00+00:00,159.23,159.304,159.181,159.26,9653.44
2026-05-29 20:00:00+00:00,159.259,159.288,159.241,159.249,2977.16
2026-05-31 20:00:00+00:00,159.344,159.431,159.297,159.359,6072.03
2026-06-01 00:00:00+00:00,159.36,159.497,159.36,159.478,12810.95
2026-06-01 04:00:00+00:00,159.477,159.498,159.408,159.465,12968.98
2026-06-01 08:00:00+00:00,159.464,159.492,159.438,159.487,9553.88
2026-06-01 12:00:00+00:00,159.485,159.761,159.435,159.657,39753.91
2026-06-01 16:00:00+00:00,159.657,159.762,159.566,159.691,24117.47
2026-06-01 20:00:00+00:00,159.691,159.705,159.571,159.645,7933.03
2026-06-02 00:00:00+00:00,159.644,159.723,159.635,159.719,15411.16
2026-06-02 04:00:00+00:00,159.718,159.744,159.686,159.693,12186.77
2026-06-02 08:00:00+00:00,159.693,159.752,159.655,159.742,11160.11
2026-06-02 12:00:00+00:00,159.74,159.9,159.734,159.877,20045.78
2026-06-02 16:00:00+00:00,159.875,159.987,159.865,159.926,11463.52
2026-06-02 20:00:00+00:00,159.926,159.996,159.833,159.98,6245.48
2026-06-03 00:00:00+00:00,159.982,159.983,159.815,159.883,9828.66
2026-06-03 04:00:00+00:00,159.885,159.995,159.55,159.7,19779.92
2026-06-03 08:00:00+00:00,159.698,159.881,159.365,159.837,22079.68
2026-06-03 12:00:00+00:00,159.84,160.005,159.799,159.972,26077.79
2026-06-03 16:00:00+00:00,159.971,160.079,159.949,160.075,13693.63
2026-06-03 20:00:00+00:00,160.075,160.091,159.829,159.948,9576.66
2026-06-04 00:00:00+00:00,159.947,159.988,159.871,159.97,10936.83
2026-06-04 04:00:00+00:00,159.972,159.99,159.598,159.902,16752.04
2026-06-04 08:00:00+00:00,159.903,159.918,159.75,159.767,17592.17
2026-06-04 12:00:00+00:00,159.767,160.028,159.756,159.97,23470.45
2026-06-04 16:00:00+00:00,159.972,160.032,159.939,160.013,9195.3
2026-06-04 20:00:00+00:00,160.013,160.041,159.932,159.995,4999.88
2026-06-05 00:00:00+00:00,159.993,160.006,159.898,159.956,10847.21
2026-06-05 04:00:00+00:00,159.955,159.972,159.908,159.95,10150.97
2026-06-05 08:00:00+00:00,159.949,159.957,159.83,159.844,12573.43
2026-06-05 12:00:00+00:00,159.844,160.298,159.726,160.263,63076.14
2026-06-05 16:00:00+00:00,160.263,160.342,160.089,160.183,17255.84
2026-06-05 20:00:00+00:00,160.184,160.327,160.177,160.28,3690.97
2026-06-07 20:00:00+00:00,160.211,160.354,160.163,160.335,5589.97
2026-06-08 00:00:00+00:00,160.337,160.392,160.24,160.337,16876.21
2026-06-08 04:00:00+00:00,160.337,160.353,160.149,160.227,22294.03
2026-06-08 08:00:00+00:00,160.226,160.24,159.849,159.969,33512.43
2026-06-08 12:00:00+00:00,159.968,160.202,159.915,160.118,27577.13
2026-06-08 16:00:00+00:00,160.118,160.267,160.083,160.213,13267.67
2026-06-08 20:00:00+00:00,160.213,160.226,160.085,160.18,6533.42
2026-06-09 00:00:00+00:00,160.183,160.278,160.133,160.252,15166.16
2026-06-09 04:00:00+00:00,160.253,160.253,160.052,160.198,24764.16
2026-06-09 08:00:00+00:00,160.197,160.222,160.142,160.158,13516.62
2026-06-09 12:00:00+00:00,160.158,160.302,160.146,160.227,30614.25
2026-06-09 16:00:00+00:00,160.227,160.443,160.213,160.411,20408.52
2026-06-09 20:00:00+00:00,160.41,160.422,160.309,160.389,4985.15
2026-06-10 00:00:00+00:00,160.392,160.435,160.236,160.357,10716.41
2026-06-10 04:00:00+00:00,160.357,160.396,160.325,160.39,11751.36
2026-06-10 08:00:00+00:00,160.39,160.529,160.383,160.497,16572.93
2026-06-10 12:00:00+00:00,160.498,160.528,160.323,160.473,32840.44
2026-06-10 16:00:00+00:00,160.473,160.54,160.441,160.537,16821.03
2026-06-10 20:00:00+00:00,160.537,160.571,160.458,160.532,6725.54
2026-06-11 00:00:00+00:00,160.53,160.548,160.425,160.513,10755.37
2026-06-11 04:00:00+00:00,160.512,160.587,160.493,160.506,9826.9
2026-06-11 08:00:00+00:00,160.506,160.552,160.498,160.535,15672.71
2026-06-11 12:00:00+00:00,160.536,160.594,160.456,160.508,33222.17
2026-06-11 16:00:00+00:00,160.507,160.557,159.563,159.791,42861.74
2026-06-11 20:00:00+00:00,159.787,160.147,159.743,160.135,12210.65
2026-06-12 00:00:00+00:00,160.138,160.304,160.125,160.231,19054.12
2026-06-12 04:00:00+00:00,160.229,160.376,160.226,160.284,16346.55
2026-06-12 08:00:00+00:00,160.283,160.292,159.951,160.172,30062.15
2026-06-12 12:00:00+00:00,160.175,160.341,160.161,160.245,37391.95
2026-06-12 16:00:00+00:00,160.245,160.277,160.182,160.203,13467.05
2026-06-12 20:00:00+00:00,160.203,160.229,160.191,160.201,3658.59
2026-06-14 20:00:00+00:00,160.112,160.144,159.734,159.959,8150.56
2026-06-15 00:00:00+00:00,159.958,160.23,159.882,160.056,17431.49
2026-06-15 04:00:00+00:00,160.056,160.159,159.99,160.111,12496.74
2026-06-15 08:00:00+00:00,160.11,160.206,160.076,160.185,12736.73
2026-06-15 12:00:00+00:00,160.184,160.204,160.03,160.199,24260.48
2026-06-15 16:00:00+00:00,160.199,160.391,160.146,160.388,12925.3
2026-06-15 20:00:00+00:00,160.387,160.395,160.221,160.244,6141.71
2026-06-16 00:00:00+00:00,160.244,160.273,160.048,160.207,15102.72
2026-06-16 04:00:00+00:00,160.208,160.345,160.147,160.235,18550.81
2026-06-16 08:00:00+00:00,160.234,160.359,160.223,160.358,21021.75
2026-06-16 12:00:00+00:00,160.358,160.464,160.316,160.391,23052.04
2026-06-16 16:00:00+00:00,160.389,160.477,160.333,160.467,10988.33
2026-06-16 20:00:00+00:00,160.467,160.48,160.308,160.425,4440.4
2026-06-17 00:00:00+00:00,160.422,160.424,160.31,160.32,8239.2
2026-06-17 04:00:00+00:00,160.322,160.333,160.181,160.189,9209.43
2026-06-17 08:00:00+00:00,160.188,160.333,160.116,160.31,14512.57
2026-06-17 12:00:00+00:00,160.308,160.348,160.186,160.22,15731.66
2026-06-17 16:00:00+00:00,160.219,160.795,160.188,160.73,46825.13
2026-06-17 20:00:00+00:00,160.729,160.756,160.492,160.606,9426.67
2026-06-18 00:00:00+00:00,160.604,160.748,160.533,160.583,12018.06
2026-06-18 04:00:00+00:00,160.582,160.681,160.571,160.595,12432.94
2026-06-18 08:00:00+00:00,160.595,160.949,160.475,160.929,28620.58
2026-06-18 12:00:00+00:00,160.93,161.371,160.799,161.367,35255.3
2026-06-18 16:00:00+00:00,161.369,161.807,160.928,161.431,50060.16
2026-06-18 20:00:00+00:00,161.428,161.46,161.174,161.296,8461.11
2026-06-19 00:00:00+00:00,161.298,161.344,160.986,161.344,21689.22
2026-06-19 04:00:00+00:00,161.345,161.456,161.238,161.318,22832.18
2026-06-19 08:00:00+00:00,161.317,161.331,161.234,161.258,13389.99
2026-06-19 12:00:00+00:00,161.256,161.32,161.131,161.304,19208.96
2026-06-19 16:00:00+00:00,161.304,161.339,161.229,161.289,3522.68
2026-06-19 20:00:00+00:00,161.29,161.322,161.235,161.255,15546.08
2026-06-21 20:00:00+00:00,161.225,161.514,161.21,161.439,5382.01
2026-06-22 00:00:00+00:00,161.439,161.604,161.417,161.585,16465.63
2026-06-22 04:00:00+00:00,161.585,161.766,161.583,161.74,15920.79
2026-06-22 08:00:00+00:00,161.738,161.786,161.654,161.764,19008.8
2026-06-22 12:00:00+00:00,161.763,161.926,161.071,161.506,62120.76
2026-06-22 16:00:00+00:00,161.506,161.688,161.4,161.603,20692.78
2026-06-22 20:00:00+00:00,161.602,161.636,161.478,161.576,6360.1
2026-06-23 00:00:00+00:00,161.575,161.632,161.523,161.553,15803.21
2026-06-23 04:00:00+00:00,161.553,161.739,161.321,161.465,26981.37
2026-06-23 08:00:00+00:00,161.461,161.613,161.27,161.589,20990.75
2026-06-23 12:00:00+00:00,161.589,161.607,161.445,161.548,24762.37
2026-06-23 16:00:00+00:00,161.55,161.618,161.511,161.577,10139.12
2026-06-23 20:00:00+00:00,161.577,161.61,161.458,161.6,5237.1
2026-06-24 00:00:00+00:00,161.599,161.635,161.533,161.55,12179.46
2026-06-24 04:00:00+00:00,161.549,161.737,161.53,161.715,8802.11
2026-06-24 08:00:00+00:00,161.714,161.777,161.623,161.653,11621.35
2026-06-24 12:00:00+00:00,161.656,161.816,161.634,161.758,24291.25
2026-06-24 16:00:00+00:00,161.756,161.84,161.687,161.822,13463.57
2026-06-24 20:00:00+00:00,161.821,161.83,161.713,161.769,6729.68
2026-06-25 00:00:00+00:00,161.767,161.779,161.555,161.721,13305.58
2026-06-25 04:00:00+00:00,161.722,161.897,161.708,161.812,14897.13
2026-06-25 08:00:00+00:00,161.811,161.948,161.749,161.866,13769.89
2026-06-25 12:00:00+00:00,161.865,161.9,161.557,161.672,30493.23
2026-06-25 16:00:00+00:00,161.671,161.841,161.658,161.789,12366.45
2026-06-25 20:00:00+00:00,161.789,161.818,161.652,161.804,6974.81
2026-06-26 00:00:00+00:00,161.803,161.847,161.621,161.649,10724.82
2026-06-26 04:00:00+00:00,161.651,161.747,161.531,161.625,17044.81
2026-06-26 08:00:00+00:00,161.625,161.68,161.531,161.662,15657.26
2026-06-26 12:00:00+00:00,161.662,161.746,161.577,161.67,68274.63
2026-06-26 16:00:00+00:00,161.669,161.776,161.66,161.755,36902.63
2026-06-26 20:00:00+00:00,161.755,161.776,161.691,161.692,8929.95
2026-06-28 20:00:00+00:00,161.676,161.874,161.675,161.794,12811.83
2026-06-29 00:00:00+00:00,161.794,161.796,161.718,161.796,29526.62
2026-06-29 04:00:00+00:00,161.796,161.849,161.777,161.824,42528.45
2026-06-29 08:00:00+00:00,161.824,161.899,161.801,161.835,52262.32
2026-06-29 12:00:00+00:00,161.837,161.964,161.809,161.932,91742.17
2026-06-29 16:00:00+00:00,161.931,161.982,161.906,161.939,48795.92
2026-06-29 20:00:00+00:00,161.94,161.963,161.881,161.924,14227.77
2026-06-30 00:00:00+00:00,161.923,162.401,161.923,162.172,65263.31
2026-06-30 04:00:00+00:00,162.173,162.412,162.118,162.256,55814.55
2026-06-30 08:00:00+00:00,162.258,162.426,162.224,162.414,67664.58
2026-06-30 12:00:00+00:00,162.414,162.662,162.027,162.612,107138.23
2026-06-30 16:00:00+00:00,162.614,162.67,162.556,162.581,47151.08
2026-06-30 20:00:00+00:00,162.581,162.646,162.476,162.634,24514.37
2026-07-01 00:00:00+00:00,162.633,162.84,162.589,162.796,51979.44
2026-07-01 04:00:00+00:00,162.796,162.811,162.564,162.671,54078.2
2026-07-01 08:00:00+00:00,162.671,162.745,162.633,162.695,49874.19
2026-07-01 12:00:00+00:00,162.695,162.764,162.296,162.413,103973.22
2026-07-01 16:00:00+00:00,162.413,162.581,162.358,162.57,47738.65
2026-07-01 20:00:00+00:00,162.571,162.616,162.512,162.546,15382.35
2026-07-02 00:00:00+00:00,162.546,162.597,162.433,162.46,40341.77
2026-07-02 04:00:00+00:00,162.459,162.46,161.119,161.434,88700.38
2026-07-02 08:00:00+00:00,161.434,161.497,160.899,161.479,103589.97
2026-07-02 12:00:00+00:00,161.478,161.642,160.63,160.908,159454.78
2026-07-02 16:00:00+00:00,160.908,161.172,160.889,161.126,78932.24
2026-07-02 20:00:00+00:00,161.127,161.466,160.944,161.455,24043.5
2026-07-03 00:00:00+00:00,161.456,161.521,160.918,161.171,74315.48
2026-07-03 04:00:00+00:00,161.172,161.209,160.479,160.8,72435.5
2026-07-03 08:00:00+00:00,160.801,161.166,160.773,161.118,27336.0
2026-07-03 12:00:00+00:00,161.117,161.342,161.103,161.318,50062.68
2026-07-03 16:00:00+00:00,161.318,161.392,161.279,161.361,53565.27
2026-07-03 20:00:00+00:00,161.361,161.438,161.328,161.347,32236.33
2026-07-05 20:00:00+00:00,161.271,161.505,161.26,161.458,14756.77
2026-07-06 00:00:00+00:00,161.458,161.859,161.456,161.84,55049.48
2026-07-06 04:00:00+00:00,161.841,162.314,161.807,162.16,67815.7
2026-07-06 08:00:00+00:00,162.161,162.41,162.159,162.333,43353.17
2026-07-06 12:00:00+00:00,162.331,162.425,162.271,162.282,60382.0
2026-07-06 16:00:00+00:00,162.284,162.316,162.018,162.054,36102.17
2026-07-06 20:00:00+00:00,162.054,162.161,162.0,162.094,19798.47
2026-07-07 00:00:00+00:00,162.094,162.181,161.689,161.871,48002.33
2026-07-07 04:00:00+00:00,161.872,162.08,161.659,161.959,52799.96
2026-07-07 08:00:00+00:00,161.961,161.97,161.813,161.916,36319.77
2026-07-07 12:00:00+00:00,161.914,162.02,161.754,161.912,68150.24
2026-07-07 16:00:00+00:00,161.912,162.138,161.859,162.073,42192.47
2026-07-07 20:00:00+00:00,162.074,162.366,161.952,162.363,22133.77
2026-07-08 00:00:00+00:00,162.363,162.461,162.253,162.341,44151.61
2026-07-08 04:00:00+00:00,162.342,162.406,162.074,162.223,51693.78
2026-07-08 08:00:00+00:00,162.223,162.556,162.209,162.538,80945.33
2026-07-08 12:00:00+00:00,162.54,162.708,162.444,162.67,81319.67
2026-07-08 16:00:00+00:00,162.671,162.671,162.418,162.476,52900.21
2026-07-08 20:00:00+00:00,162.476,162.645,162.46,162.54,18072.06
2026-07-09 00:00:00+00:00,162.541,162.573,162.36,162.45,42697.29
2026-07-09 04:00:00+00:00,162.451,162.463,162.247,162.347,48822.38
2026-07-09 08:00:00+00:00,162.348,162.508,162.301,162.473,42945.6
2026-07-09 12:00:00+00:00,162.473,162.474,162.255,162.289,76361.6
2026-07-09 16:00:00+00:00,162.288,162.414,162.256,162.386,39445.94
2026-07-09 20:00:00+00:00,162.387,162.423,162.336,162.366,19426.11
2026-07-10 00:00:00+00:00,162.367,162.422,161.284,161.516,105572.83
2026-07-10 04:00:00+00:00,161.519,161.773,161.409,161.695,70709.42
2026-07-10 08:00:00+00:00,161.695,161.883,161.541,161.848,80493.69
2026-07-10 12:00:00+00:00,161.848,161.893,161.281,161.319,100546.42
2026-07-10 16:00:00+00:00,161.318,161.746,161.293,161.734,67334.12
2026-07-10 20:00:00+00:00,161.734,161.758,161.659,161.659,10248.99
2026-07-12 20:00:00+00:00,161.677,162.066,161.645,161.885,32720.75
2026-07-13 00:00:00+00:00,161.885,162.171,161.879,162.069,70510.53
2026-07-13 04:00:00+00:00,162.067,162.355,161.837,162.106,90619.88
2026-07-13 08:00:00+00:00,162.103,162.143,161.979,162.119,55610.96
2026-07-13 12:00:00+00:00,162.12,162.41,162.073,162.323,88728.42
2026-07-13 16:00:00+00:00,162.323,162.479,162.31,162.449,50387.93
2026-07-13 20:00:00+00:00,162.45,162.484,162.336,162.421,13336.02
2026-07-14 00:00:00+00:00,162.42,162.468,162.228,162.289,47427.47
2026-07-14 04:00:00+00:00,162.289,162.372,162.242,162.343,45566.66
2026-07-14 08:00:00+00:00,162.343,162.385,162.052,162.197,37791.26
2026-07-14 12:00:00+00:00,162.198,162.233,161.601,162.141,143400.98
2026-07-14 16:00:00+00:00,162.141,162.286,162.107,162.214,57963.6
2026-07-14 20:00:00+00:00,162.213,162.268,162.112,162.193,16413.55
2026-07-15 00:00:00+00:00,162.193,162.237,161.965,162.14,45796.19
2026-07-15 04:00:00+00:00,162.141,162.31,162.102,162.267,38135.5
2026-07-15 08:00:00+00:00,162.267,162.421,162.243,162.343,50099.22
2026-07-15 12:00:00+00:00,162.343,162.392,162.074,162.129,82428.4
2026-07-15 16:00:00+00:00,162.129,162.282,161.893,162.228,64458.76
2026-07-15 20:00:00+00:00,162.227,162.231,162.024,162.074,18783.69
2026-07-16 00:00:00+00:00,162.074,162.167,162.028,162.086,31412.37
2026-07-16 04:00:00+00:00,162.087,162.18,161.981,162.082,47268.95
2026-07-16 08:00:00+00:00,162.082,162.23,162.064,162.154,49803.46
2026-07-16 12:00:00+00:00,162.155,162.476,162.152,162.424,71346.92
2026-07-16 16:00:00+00:00,162.425,162.545,162.371,162.404,37433.53
2026-07-16 20:00:00+00:00,162.404,162.406,162.312,162.381,10406.58
2026-07-17 00:00:00+00:00,162.379,162.473,162.34,162.394,36551.84
2026-07-17 04:00:00+00:00,162.395,162.443,162.12,162.287,44055.02
2026-07-17 08:00:00+00:00,162.29,162.452,162.261,162.361,45943.86
2026-07-17 12:00:00+00:00,162.36,162.444,162.3,162.433,55626.74
2026-07-17 16:00:00+00:00,162.434,162.519,162.382,162.386,38282.46
2026-07-17 20:00:00+00:00,162.385,162.442,162.341,162.341,6089.31
2026-07-19 20:00:00+00:00,162.415,162.591,162.299,162.519,17641.15
2026-07-20 00:00:00+00:00,162.517,162.536,162.304,162.368,37809.4
2026-07-20 04:00:00+00:00,162.367,162.452,162.313,162.362,46405.52
2026-07-20 08:00:00+00:00,162.363,162.434,162.195,162.346,50032.17
2026-07-20 12:00:00+00:00,162.348,162.587,162.344,162.569,69050.3
2026-07-20 16:00:00+00:00,162.571,162.597,162.42,162.518,42553.19
2026-07-20 20:00:00+00:00,162.517,162.532,162.448,162.485,15219.77
2026-07-21 00:00:00+00:00,162.489,162.535,162.43,162.485,40298.09
2026-07-21 04:00:00+00:00,162.485,162.617,162.469,162.598,40857.8
2026-07-21 08:00:00+00:00,162.598,162.75,162.585,162.732,46863.54
2026-07-21 12:00:00+00:00,162.731,163.039,162.694,163.016,83909.75
2026-07-21 16:00:00+00:00,163.015,163.236,162.959,163.206,38496.26
2026-07-21 20:00:00+00:00,163.204,163.239,163.13,163.188,14897.16
2026-07-22 00:00:00+00:00,163.187,163.205,163.028,163.157,46794.32
2026-07-22 04:00:00+00:00,163.159,163.195,162.674,162.944,42420.51
2026-07-22 08:00:00+00:00,162.944,163.112,162.909,163.073,60817.59
2026-07-22 12:00:00+00:00,163.073,163.136,163.013,163.078,79075.99
2026-07-22 16:00:00+00:00,163.079,163.177,163.064,163.148,43525.16
2026-07-22 20:00:00+00:00,163.148,163.164,163.077,163.086,17885.02
2026-07-23 00:00:00+00:00,163.088,163.138,162.994,163.043,36378.03
2026-07-23 04:00:00+00:00,163.044,163.425,163.029,163.315,46553.71
2026-07-23 08:00:00+00:00,163.316,163.647,163.284,163.489,69587.27
2026-07-23 12:00:00+00:00,163.491,163.989,163.457,163.803,91868.57
2026-07-23 16:00:00+00:00,163.803,163.857,163.717,163.822,35594.27
2026-07-23 20:00:00+00:00,163.823,163.876,163.762,163.84,8666.73
2026-07-24 00:00:00+00:00,163.843,163.936,163.722,163.801,47837.12
2026-07-24 04:00:00+00:00,163.802,163.847,163.651,163.765,41381.32
2026-07-24 08:00:00+00:00,163.765,163.839,163.675,163.806,44765.45
2026-07-24 12:00:00+00:00,163.806,163.879,163.643,163.71,71296.7
2026-07-24 16:00:00+00:00,163.709,163.855,163.703,163.852,26133.32
2026-07-24 20:00:00+00:00,163.852,163.866,163.793,163.793,4022.46
2026-07-26 20:00:00+00:00,163.5,163.708,163.497,163.62,13491.92
2026-07-27 00:00:00+00:00,163.621,163.652,163.456,163.575,33323.15
2026-07-27 04:00:00+00:00,163.577,163.606,163.329,163.526,28468.1
2026-07-27 08:00:00+00:00,163.526,163.65,163.491,163.647,40508.96
2026-07-27 12:00:00+00:00,163.647,163.768,163.627,163.713,52782.09
2026-07-27 16:00:00+00:00,163.713,163.796,163.586,163.738,40340.15
2026-07-27 20:00:00+00:00,163.738,163.786,163.654,163.776,10375.59
2026-07-28 00:00:00+00:00,163.777,163.841,163.675,163.763,33894.74
2026-07-28 04:00:00+00:00,163.765,163.794,163.669,163.783,37507.27
2026-07-28 08:00:00+00:00,163.784,163.948,163.759,163.931,35000.72
2026-07-28 12:00:00+00:00,163.931,163.933,163.649,163.649,56148.43
2026-07-28 16:00:00+00:00,163.649,163.87,163.644,163.855,23738.37
2026-07-28 20:00:00+00:00,163.854,163.887,163.706,163.867,14061.39
2026-07-29 00:00:00+00:00,163.866,163.881,163.563,163.625,32202.78
2026-07-29 04:00:00+00:00,163.624,163.692,163.277,163.681,57581.2
2026-07-29 08:00:00+00:00,163.682,163.694,163.505,163.646,47070.67
2026-07-29 12:00:00+00:00,163.644,163.888,163.634,163.86,48510.93
2026-07-29 16:00:00+00:00,163.86,163.905,163.23,163.511,114684.73
2026-07-29 20:00:00+00:00,163.513,163.568,163.272,163.307,32569.42
2026-07-30 00:00:00+00:00,163.307,163.552,163.209,163.5,48946.94
2026-07-30 04:00:00+00:00,163.5,163.738,163.457,163.731,50222.93
2026-07-30 08:00:00+00:00,163.729,163.735,162.277,162.89,85732.77
2026-07-30 12:00:00+00:00,162.891,162.959,157.963,159.471,201918.82
2026-07-30 16:00:00+00:00,159.472,159.846,158.513,159.346,108928.88
2026-07-30 20:00:00+00:00,159.347,160.204,159.338,160.186,50750.75
2026-07-31 00:00:00+00:00,160.184,160.88,160.144,160.611,110355.14
2026-07-31 04:00:00+00:00,160.614,160.809,159.936,160.207,119307.71
2026-07-31 08:00:00+00:00,160.206,160.51,158.54,160.211,127908.74
2026-07-31 12:00:00+00:00,160.214,160.537,158.856,159.168,157593.18
2026-07-31 16:00:00+00:00,159.169,159.506,158.156,159.173,97369.77
2026-07-31 20:00:00+00:00,159.173,159.198,157.2,157.391,43168.97
2026-08-02 20:00:00+00:00,157.148,157.873,156.996,157.584,68347.14
2026-08-03 00:00:00+00:00,157.584,157.883,155.225,156.521,118003.45
2026-08-03 04:00:00+00:00,156.52,156.852,156.323,156.777,71370.79
2026-08-03 08:00:00+00:00,156.778,157.136,156.564,156.664,78058.71
2026-08-03 12:00:00+00:00,156.663,157.034,156.237,156.969,111571.21
2026-08-03 16:00:00+00:00,156.969,157.082,156.592,156.952,71198.63
2026-08-03 20:00:00+00:00,156.952,157.669,156.894,157.539,25691.64
2026-08-04 00:00:00+00:00,157.54,157.745,157.224,157.652,73484.13
2026-08-04 04:00:00+00:00,157.653,157.839,157.474,157.812,51678.57
2026-08-04 08:00:00+00:00,157.812,157.957,157.353,157.464,71243.35
2026-08-04 12:00:00+00:00,157.464,157.634,157.213,157.44,93029.06
2026-08-04 16:00:00+00:00,157.439,157.834,157.432,157.767,45454.48
2026-08-04 20:00:00+00:00,157.767,157.807,157.657,157.705,19908.36
2026-08-05 00:00:00+00:00,157.705,157.756,157.305,157.424,66122.38
2026-08-05 04:00:00+00:00,157.423,157.768,157.371,157.716,57705.0
2026-08-05 08:00:00+00:00,157.718,157.874,157.486,157.56,51634.0
2026-08-05 12:00:00+00:00,157.561,157.666,157.311,157.661,92282.25
2026-08-05 16:00:00+00:00,157.66,157.802,157.603,157.723,45122.6
2026-08-05 20:00:00+00:00,157.722,157.817,157.558,157.61,18379.11
2026-08-06 00:00:00+00:00,157.608,157.758,157.589,157.735,40013.25
2026-08-06 04:00:00+00:00,157.734,157.894,157.707,157.862,33915.11
2026-08-06 08:00:00+00:00,157.863,157.937,157.794,157.855,32169.26
2026-08-06 12:00:00+00:00,157.855,158.463,157.82,158.449,73788.2
2026-08-06 16:00:00+00:00,158.449,158.553,158.222,158.402,44892.82
2026-08-06 20:00:00+00:00,158.403,158.506,158.371,158.423,12354.28
2026-08-07 00:00:00+00:00,158.423,158.573,158.216,158.405,39991.74
2026-08-07 04:00:00+00:00,158.404,158.455,158.288,158.406,39431.87
2026-08-07 08:00:00+00:00,158.406,158.477,158.247,158.33,37107.86
2026-08-07 12:00:00+00:00,158.33,158.397,156.669,157.548,156130.4
2026-08-07 16:00:00+00:00,157.55,157.623,157.305,157.561,78841.53
2026-08-07 20:00:00+00:00,157.56,157.867,157.538,157.761,9933.1
2026-08-09 20:00:00+00:00,157.682,157.949,157.524,157.907,13658.36
2026-08-10 00:00:00+00:00,157.907,158.315,157.839,158.199,54133.92
2026-08-10 04:00:00+00:00,158.199,158.522,158.199,158.485,47926.95
2026-08-10 08:00:00+00:00,158.489,158.89,158.435,158.816,72731.75
2026-08-10 12:00:00+00:00,158.816,159.064,158.421,158.902,92419.13
2026-08-10 16:00:00+00:00,158.901,159.363,158.894,159.302,50771.61
2026-08-10 20:00:00+00:00,159.302,159.343,159.095,159.157,17287.9
2026-08-11 00:00:00+00:00,159.158,159.31,158.924,159.204,52240.36
2026-08-11 04:00:00+00:00,159.204,159.375,159.152,159.361,47444.82
2026-08-11 08:00:00+00:00,159.362,159.389,159.058,159.25,55723.34
2026-08-11 12:00:00+00:00,159.252,159.362,159.172,159.252,63283.66
2026-08-11 16:00:00+00:00,159.251,159.35,159.211,159.284,29446.16
2026-08-11 20:00:00+00:00,159.285,159.363,159.18,159.273,9723.11
2026-08-12 00:00:00+00:00,159.274,159.459,159.198,159.426,32192.26
2026-08-12 04:00:00+00:00,159.425,159.46,159.311,159.372,29020.87
2026-08-12 08:00:00+00:00,159.372,159.373,158.575,159.099,66706.66
2026-08-12 12:00:00+00:00,159.099,159.289,158.655,159.229,134679.6
2026-08-12 16:00:00+00:00,159.23,159.544,159.203,159.493,41601.9
2026-08-12 20:00:00+00:00,159.493,159.505,159.319,159.334,16041.12
2026-08-13 00:00:00+00:00,159.335,159.487,159.242,159.428,40759.23
2026-08-13 04:00:00+00:00,159.428,159.474,159.18,159.363,43323.53
2026-08-13 08:00:00+00:00,159.364,159.435,159.262,159.334,30917.83
2026-08-13 12:00:00+00:00,159.336,159.412,159.022,159.353,92397.83
2026-08-13 16:00:00+00:00,159.354,159.565,159.341,159.519,46254.02
2026-08-13 20:00:00+00:00,159.519,159.564,159.422,159.432,17123.51
2026-08-14 00:00:00+00:00,159.433,159.503,159.328,159.382,38331.02
2026-08-14 04:00:00+00:00,159.383,159.386,159.141,159.204,49595.51
2026-08-14 08:00:00+00:00,159.205,159.226,159.039,159.11,60479.45
2026-08-14 12:00:00+00:00,159.11,159.216,158.601,159.216,131017.95
2026-08-14 16:00:00+00:00,159.217,159.4,159.203,159.361,49154.51
2026-08-14 20:00:00+00:00,159.362,159.367,159.283,159.305,5281.09
2026-08-16 20:00:00+00:00,159.253,159.398,159.138,159.225,18536.2
2026-08-17 00:00:00+00:00,159.224,159.247,158.952,159.093,55447.93
2026-08-17 04:00:00+00:00,159.093,159.128,158.846,158.953,59958.86
2026-08-17 08:00:00+00:00,158.953,159.282,158.931,159.241,51192.64
2026-08-17 12:00:00+00:00,159.24,159.403,159.186,159.344,59891.6
2026-08-17 16:00:00+00:00,159.344,159.596,159.332,159.461,40123.88
2026-08-17 20:00:00+00:00,159.462,159.511,159.153,159.331,12611.04
2026-08-18 00:00:00+00:00,159.33,159.568,159.309,159.553,39787.08
2026-08-18 04:00:00+00:00,159.554,159.778,159.551,159.721,57729.5
2026-08-18 08:00:00+00:00,159.722,159.743,159.585,159.698,43289.18
2026-08-18 12:00:00+00:00,159.698,159.722,159.428,159.595,77479.8
2026-08-18 16:00:00+00:00,159.594,159.649,159.541,159.643,42070.66
2026-08-18 20:00:00+00:00,159.643,159.674,159.507,159.555,16757.34
2026-08-19 00:00:00+00:00,159.555,159.555,159.291,159.423,47694.78
2026-08-19 04:00:00+00:00,159.422,159.424,159.117,159.169,55601.21
2026-08-19 08:00:00+00:00,159.168,159.265,158.998,159.141,66885.82
2026-08-19 12:00:00+00:00,159.142,159.154,158.044,158.457,195835.58
2026-08-19 16:00:00+00:00,158.456,158.614,158.097,158.146,98559.82
2026-08-19 20:00:00+00:00,158.147,158.279,158.026,158.26,29926.26
2026-08-20 00:00:00+00:00,158.26,158.565,158.162,158.434,82019.65
2026-08-20 04:00:00+00:00,158.433,158.729,158.326,158.441,70460.94
2026-08-20 08:00:00+00:00,158.442,158.711,158.2,158.66,97102.15
2026-08-20 12:00:00+00:00,158.659,158.974,158.497,158.852,133522.84
2026-08-20 16:00:00+00:00,158.852,159.182,158.839,159.117,61351.99
2026-08-20 20:00:00+00:00,159.116,159.141,158.87,158.895,24108.65
2026-08-21 00:00:00+00:00,158.895,159.132,158.869,158.999,62099.87
2026-08-21 04:00:00+00:00,159.0,159.063,158.735,158.821,65872.69
2026-08-21 08:00:00+00:00,158.822,158.871,158.354,158.688,98540.83
2026-08-21 12:00:00+00:00,158.689,159.039,158.623,158.915,101301.69
2026-08-21 16:00:00+00:00,158.917,159.051,158.829,159.0,44912.81
2026-08-21 20:00:00+00:00,159.0,159.015,158.94,158.94,6412.11
2026-08-23 20:00:00+00:00,158.976,159.0,158.438,158.876,17669.59
2026-08-24 00:00:00+00:00,158.876,158.971,158.703,158.932,52491.41
2026-08-24 04:00:00+00:00,158.93,159.186,158.812,159.162,62480.56
2026-08-24 08:00:00+00:00,159.161,159.281,158.997,159.066,74554.31
2026-08-24 12:00:00+00:00,159.065,159.2,158.878,159.175,94830.18
2026-08-24 16:00:00+00:00,159.174,159.216,158.987,159.162,57082.39
2026-08-24 20:00:00+00:00,159.162,159.182,159.004,159.134,12196.91
2026-08-25 00:00:00+00:00,159.134,159.394,159.091,159.33,54726.47
2026-08-25 04:00:00+00:00,159.328,159.454,159.212,159.443,51559.64
2026-08-25 08:00:00+00:00,159.443,159.489,159.224,159.251,71751.12
2026-08-25 12:00:00+00:00,159.249,159.321,159.117,159.213,90556.57
2026-08-25 16:00:00+00:00,159.212,159.313,159.083,159.142,41396.76
2026-08-25 20:00:00+00:00,159.14,159.261,159.125,159.214,18597.77
2026-08-26 00:00:00+00:00,159.215,159.258,158.879,158.96,60749.35
2026-08-26 04:00:00+00:00,158.959,159.124,158.941,159.011,46876.66
2026-08-26 08:00:00+00:00,159.011,159.16,158.931,159.083,53500.17
2026-08-26 12:00:00+00:00,159.083,159.444,158.917,159.367,94403.22
2026-08-26 16:00:00+00:00,159.366,159.426,159.3,159.345,43926.16
2026-08-26 20:00:00+00:00,159.345,159.362,159.21,159.252,16233.67
2026-08-27 00:00:00+00:00,159.251,159.398,159.114,159.346,53794.58
2026-08-27 04:00:00+00:00,159.346,159.389,159.273,159.357,44113.18
2026-08-27 08:00:00+00:00,159.357,159.526,159.28,159.44,62919.79
2026-08-27 12:00:00+00:00,159.44,159.466,159.24,159.261,78650.27
2026-08-27 16:00:00+00:00,159.262,159.46,159.244,159.416,41520.67
2026-08-27 20:00:00+00:00,159.415,159.421,159.296,159.314,14035.17
2026-08-28 00:00:00+00:00,159.314,159.465,159.296,159.449,29405.86
2026-08-28 04:00:00+00:00,159.448,159.558,159.408,159.501,44014.64
2026-08-28 08:00:00+00:00,159.502,159.693,159.499,159.652,50706.16
2026-08-28 12:00:00+00:00,159.653,160.06,159.401,159.979,124212.39
2026-08-28 16:00:00+00:00,159.979,160.203,159.959,160.081,66612.35
2026-08-28 20:00:00+00:00,160.081,160.139,160.009,160.009,8018.68
2026-08-30 20:00:00+00:00,159.969,160.199,159.953,160.116,13760.41
2026-08-31 00:00:00+00:00,160.116,160.117,159.73,159.799,61438.83
2026-08-31 04:00:00+00:00,159.801,159.913,159.543,159.575,68473.67
2026-08-31 08:00:00+00:00,159.578,159.776,159.472,159.706,83017.39
2026-08-31 12:00:00+00:00,159.705,159.895,159.6,159.743,97506.06
2026-08-31 16:00:00+00:00,159.743,159.816,159.663,159.751,49346.43
2026-08-31 20:00:00+00:00,159.752,159.827,159.724,159.747,17129.58
2026-09-01 00:00:00+00:00,159.749,159.847,159.634,159.804,48667.34
2026-09-01 04:00:00+00:00,159.807,160.022,159.801,159.984,41766.68
2026-09-01 08:00:00+00:00,159.985,160.147,159.89,160.112,60969.38
2026-09-01 12:00:00+00:00,160.112,160.208,159.891,160.031,81701.94
2026-09-01 16:00:00+00:00,160.031,160.273,160.005,160.225,43223.19
2026-09-01 20:00:00+00:00,160.226,160.243,160.122,160.2,17536.72
2026-09-02 00:00:00+00:00,160.202,160.392,160.133,160.21,58567.27
2026-09-02 04:00:00+00:00,160.211,160.215,159.434,159.692,121910.39
2026-09-02 08:00:00+00:00,159.692,159.922,159.62,159.63,89631.0
2026-09-02 12:00:00+00:00,159.629,159.711,158.209,158.793,162452.13
2026-09-02 16:00:00+00:00,158.794,159.011,158.756,158.768,83405.83
2026-09-02 20:00:00+00:00,158.767,158.934,158.613,158.899,44313.21
2026-09-03 00:00:00+00:00,158.899,158.965,157.625,157.772,138666.91
2026-09-03 04:00:00+00:00,157.771,157.87,156.353,157.047,121403.45
2026-09-03 08:00:00+00:00,157.048,157.143,155.839,156.09,94951.15
2026-09-03 12:00:00+00:00,156.09,156.158,155.341,155.388,224228.25
2026-09-03 16:00:00+00:00,155.389,155.851,155.299,155.75,106914.14
2026-09-03 20:00:00+00:00,155.75,156.165,155.627,155.639,36700.47
2026-09-04 00:00:00+00:00,155.638,156.439,155.294,156.366,83712.35
2026-09-04 04:00:00+00:00,156.365,156.446,156.079,156.303,83078.01
2026-09-04 08:00:00+00:00,156.302,156.582,156.173,156.264,67358.04
2026-09-04 12:00:00+00:00,156.264,156.756,155.352,156.112,190224.89
2026-09-04 16:00:00+00:00,156.113,156.282,155.977,156.236,65374.83
2026-09-04 20:00:00+00:00,156.237,156.272,156.176,156.231,5750.15
2026-09-06 20:00:00+00:00,155.964,156.279,155.943,156.204,13206.96
2026-09-07 00:00:00+00:00,156.205,156.255,155.802,156.051,76048.35
2026-09-07 04:00:00+00:00,156.052,156.173,155.519,155.549,90503.52
2026-09-07 08:00:00+00:00,155.548,155.574,154.057,154.729,114813.12
2026-09-07 12:00:00+00:00,154.728,154.806,154.229,154.39,99408.32
2026-09-07 16:00:00+00:00,154.391,154.43,154.275,154.357,21080.55
2026-09-07 20:00:00+00:00,154.358,154.385,153.8,153.824,51167.95
2026-09-08 00:00:00+00:00,153.823,153.889,152.889,153.33,124841.02
2026-09-08 04:00:00+00:00,153.332,153.969,153.237,153.801,117463.74
2026-09-08 08:00:00+00:00,153.802,154.421,153.733,154.264,109909.47
2026-09-08 12:00:00+00:00,154.266,154.313,153.702,154.243,128003.57
2026-09-08 16:00:00+00:00,154.242,154.393,153.443,153.984,86343.41
2026-09-08 20:00:00+00:00,153.984,154.018,153.424,153.452,45053.65
2026-09-09 00:00:00+00:00,153.453,153.828,153.25,153.446,111388.06
2026-09-09 04:00:00+00:00,153.447,153.486,152.939,153.112,130229.1
2026-09-09 08:00:00+00:00,153.112,153.727,153.103,153.23,99611.12
2026-09-09 12:00:00+00:00,153.23,153.8,153.101,153.539,160260.54
2026-09-09 16:00:00+00:00,153.537,153.727,153.424,153.638,80840.81
2026-09-09 20:00:00+00:00,153.637,153.687,153.307,153.536,32939.36
2026-09-10 00:00:00+00:00,153.54,153.743,153.281,153.382,82029.51
2026-09-10 04:00:00+00:00,153.381,153.678,153.295,153.394,67060.04
2026-09-10 08:00:00+00:00,153.399,154.2,153.394,154.157,79443.78
2026-09-10 12:00:00+00:00,154.155,154.668,153.847,154.065,177705.23
2026-09-10 16:00:00+00:00,154.064,154.398,154.048,154.339,70595.58
2026-09-10 20:00:00+00:00,154.34,154.615,154.269,154.463,32404.5
2026-09-11 00:00:00+00:00,154.464,154.602,154.212,154.398,98570.06
2026-09-11 04:00:00+00:00,154.4,154.411,153.962,154.223,85908.54
2026-09-11 08:00:00+00:00,154.222,154.373,153.88,154.028,113173.69
2026-09-11 12:00:00+00:00,154.029,154.488,153.24,153.71,180148.28
2026-09-11 16:00:00+00:00,153.71,153.774,153.637,153.689,65660.57
2026-09-11 20:00:00+00:00,153.689,153.757,153.457,153.499,8330.07
2026-09-13 20:00:00+00:00,153.315,153.791,153.308,153.422,45473.83
2026-09-14 00:00:00+00:00,153.421,154.139,153.374,154.056,105723.13
2026-09-14 04:00:00+00:00,154.055,154.462,153.936,154.394,91144.95
2026-09-14 08:00:00+00:00,154.393,154.747,154.357,154.579,110034.28
2026-09-14 12:00:00+00:00,154.578,154.999,154.338,154.425,154732.03
