timestamp,open,high,low,close,volume
2023-09-26 20:00:00+00:00,22.854,22.857,22.797,22.84,15.22785
2023-09-27 00:00:00+00:00,22.84,22.854,22.703,22.759,87.1744
2023-09-27 04:00:00+00:00,22.756,22.858,22.672,22.763,128.6087
2023-09-27 08:00:00+00:00,22.766,22.869,22.733,22.794,106.9499
2023-09-27 12:00:00+00:00,22.795,22.81,22.395,22.608,378.19155
2023-09-27 16:00:00+00:00,22.607,22.609,22.408,22.569,168.23987
2023-09-27 20:00:00+00:00,22.564,22.574,22.501,22.543,16.8819
2023-09-28 00:00:00+00:00,22.547,22.588,22.438,22.495,96.46218
2023-09-28 04:00:00+00:00,22.494,22.576,22.436,22.502,151.2394
2023-09-28 08:00:00+00:00,22.503,22.615,22.486,22.575,137.8033
2023-09-28 12:00:00+00:00,22.576,22.727,22.384,22.548,498.98374
2023-09-28 16:00:00+00:00,22.548,22.619,22.463,22.619,135.26861
2023-09-28 20:00:00+00:00,22.611,22.663,22.589,22.663,20.4037
2023-09-29 00:00:00+00:00,22.664,22.85,22.585,22.838,116.2456
2023-09-29 04:00:00+00:00,22.832,23.076,22.822,23.024,159.2856
2023-09-29 08:00:00+00:00,23.016,23.102,22.967,23.087,144.2426
2023-09-29 12:00:00+00:00,23.092,23.549,22.266,22.325,582.97238
2023-09-29 16:00:00+00:00,22.329,22.391,22.106,22.169,158.26767
2023-09-29 20:00:00+00:00,22.167,22.189,22.138,22.169,11.7379
2023-10-01 20:00:00+00:00,22.146,22.183,22.03,22.098,31.8313
2023-10-02 00:00:00+00:00,22.102,22.106,21.811,21.843,119.3168
2023-10-02 04:00:00+00:00,21.842,21.891,21.662,21.772,162.7868
2023-10-02 08:00:00+00:00,21.772,21.85,21.521,21.699,231.0767
2023-10-02 12:00:00+00:00,21.696,21.85,21.195,21.297,593.14372
2023-10-02 16:00:00+00:00,21.292,21.307,21.144,21.173,170.23921
2023-10-02 20:00:00+00:00,21.159,21.178,20.652,20.882,61.24418
2023-10-03 00:00:00+00:00,20.883,20.948,20.671,20.942,271.14052
2023-10-03 04:00:00+00:00,20.946,21.096,20.942,21.033,414.39245
2023-10-03 08:00:00+00:00,21.028,21.19,20.984,21.03,450.35678
2023-10-03 12:00:00+00:00,21.019,21.39,20.909,21.212,1334.9994
2023-10-03 16:00:00+00:00,21.212,21.314,21.113,21.191,382.3081
2023-10-03 20:00:00+00:00,21.189,21.221,21.137,21.2,11.41342
2023-10-04 00:00:00+00:00,21.193,21.213,20.946,21.009,192.3709
2023-10-04 04:00:00+00:00,21.012,21.129,20.957,21.125,457.78017
2023-10-04 08:00:00+00:00,21.118,21.242,21.044,21.188,615.73899
2023-10-04 12:00:00+00:00,21.191,21.393,20.673,20.976,1351.153
2023-10-04 16:00:00+00:00,20.978,21.053,20.825,21.043,612.82286
2023-10-04 20:00:00+00:00,21.047,21.071,20.968,21.042,33.14305
2023-10-05 00:00:00+00:00,21.043,21.21,21.004,21.205,102.0671
2023-10-05 04:00:00+00:00,21.205,21.288,21.051,21.104,301.54592
2023-10-05 08:00:00+00:00,21.097,21.171,21.04,21.084,189.1938
2023-10-05 12:00:00+00:00,21.084,21.15,20.696,20.74,839.39157
2023-10-05 16:00:00+00:00,20.739,20.983,20.713,20.966,174.6149
2023-10-05 20:00:00+00:00,20.977,21.017,20.944,20.976,21.6859
2023-10-06 00:00:00+00:00,20.977,21.027,20.931,21.009,102.2018
2023-10-06 04:00:00+00:00,21.008,21.013,20.845,21.013,165.3302
2023-10-06 08:00:00+00:00,21.013,21.138,20.912,21.067,413.4217
2023-10-06 12:00:00+00:00,21.068,21.598,20.79,21.551,1444.66531
2023-10-06 16:00:00+00:00,21.55,21.611,21.471,21.523,476.7741
2023-10-06 20:00:00+00:00,21.519,21.591,21.488,21.527,13.2504
2023-10-08 20:00:00+00:00,21.756,21.941,21.686,21.847,75.43482
2023-10-09 00:00:00+00:00,21.853,22.006,21.681,21.804,366.282
2023-10-09 04:00:00+00:00,21.805,21.888,21.639,21.658,314.3752
2023-10-09 08:00:00+00:00,21.657,21.714,21.586,21.618,320.19822
2023-10-09 12:00:00+00:00,21.619,21.861,21.554,21.784,835.63085
2023-10-09 16:00:00+00:00,21.783,21.898,21.708,21.886,322.79948
2023-10-09 20:00:00+00:00,21.883,21.907,21.816,21.895,31.65764
2023-10-10 00:00:00+00:00,21.892,21.953,21.79,21.791,189.00253
2023-10-10 04:00:00+00:00,21.793,21.793,21.652,21.732,305.82964
2023-10-10 08:00:00+00:00,21.731,21.815,21.614,21.68,547.97994
2023-10-10 12:00:00+00:00,21.679,21.897,21.614,21.869,710.14335
2023-10-10 16:00:00+00:00,21.859,21.891,21.721,21.798,275.50522
2023-10-10 20:00:00+00:00,21.795,21.831,21.793,21.793,11.4047
2023-10-11 00:00:00+00:00,21.795,21.88,21.78,21.828,91.56766
2023-10-11 04:00:00+00:00,21.828,22.095,21.804,22.066,221.63612
2023-10-11 08:00:00+00:00,22.07,22.113,22.027,22.054,318.4681
2023-10-11 12:00:00+00:00,22.055,22.111,21.886,21.984,686.40997
2023-10-11 16:00:00+00:00,21.985,22.05,21.918,22.003,245.2366
2023-10-11 20:00:00+00:00,22.007,22.057,21.988,22.038,23.59495
2023-10-12 00:00:00+00:00,22.039,22.142,21.996,22.105,93.9618
2023-10-12 04:00:00+00:00,22.105,22.233,22.088,22.105,162.39827
2023-10-12 08:00:00+00:00,22.103,22.214,22.094,22.152,277.6663
2023-10-12 12:00:00+00:00,22.15,22.177,21.739,21.842,632.21358
2023-10-12 16:00:00+00:00,21.847,21.866,21.754,21.782,369.62498
2023-10-12 20:00:00+00:00,21.78,21.851,21.777,21.834,14.785
2023-10-13 00:00:00+00:00,21.833,21.946,21.833,21.925,185.3129
2023-10-13 04:00:00+00:00,21.932,22.14,21.923,22.113,275.1072
2023-10-13 08:00:00+00:00,22.107,22.359,22.049,22.287,550.97547
2023-10-13 12:00:00+00:00,22.286,22.772,22.241,22.711,1056.5964
2023-10-13 16:00:00+00:00,22.711,22.809,22.635,22.675,379.47972
2023-10-13 20:00:00+00:00,22.672,22.719,22.637,22.716,9.6271
2023-10-15 20:00:00+00:00,22.716,22.716,22.592,22.657,33.07245
2023-10-16 00:00:00+00:00,22.655,22.699,22.579,22.697,91.78081
2023-10-16 04:00:00+00:00,22.698,22.715,22.485,22.539,178.5557
2023-10-16 08:00:00+00:00,22.538,22.613,22.456,22.592,247.3407
2023-10-16 12:00:00+00:00,22.593,22.714,22.531,22.629,660.9893
2023-10-16 16:00:00+00:00,22.637,22.654,22.545,22.565,289.1008
2023-10-16 20:00:00+00:00,22.56,22.606,22.546,22.553,20.9937
2023-10-17 00:00:00+00:00,22.551,22.566,22.357,22.493,204.31768
2023-10-17 04:00:00+00:00,22.493,22.623,22.44,22.581,123.1981
2023-10-17 08:00:00+00:00,22.576,22.766,22.546,22.686,260.9405
2023-10-17 12:00:00+00:00,22.688,23.001,22.561,22.946,928.02712
2023-10-17 16:00:00+00:00,22.941,22.951,22.766,22.826,167.9783
2023-10-17 20:00:00+00:00,22.826,22.834,22.761,22.815,16.3802
2023-10-18 00:00:00+00:00,22.815,23.155,22.802,23.075,318.3614
2023-10-18 04:00:00+00:00,23.075,23.147,22.979,23.094,412.6469
2023-10-18 08:00:00+00:00,23.095,23.259,23.038,23.206,399.9323
2023-10-18 12:00:00+00:00,23.207,23.313,22.666,22.798,987.33946
2023-10-18 16:00:00+00:00,22.799,22.959,22.773,22.855,441.1236
2023-10-18 20:00:00+00:00,22.854,22.894,22.812,22.881,27.5176
2023-10-19 00:00:00+00:00,22.872,22.921,22.755,22.808,169.24538
2023-10-19 04:00:00+00:00,22.807,23.019,22.795,22.951,156.53295
2023-10-19 08:00:00+00:00,22.951,23.03,22.83,22.893,139.03646
2023-10-19 12:00:00+00:00,22.897,22.94,22.634,22.781,476.9365
2023-10-19 16:00:00+00:00,22.791,23.076,22.627,23.017,531.5574
2023-10-19 20:00:00+00:00,23.008,23.103,22.959,23.052,67.493
2023-10-20 00:00:00+00:00,23.041,23.119,22.936,22.949,216.48595
2023-10-20 04:00:00+00:00,22.944,23.094,22.863,23.093,177.7394
2023-10-20 08:00:00+00:00,23.084,23.256,23.064,23.086,259.7332
2023-10-20 12:00:00+00:00,23.075,23.691,23.009,23.56,548.69505
2023-10-20 16:00:00+00:00,23.558,23.568,23.182,23.342,253.8316
2023-10-20 20:00:00+00:00,23.332,23.366,23.314,23.35,9.8783
2023-10-22 20:00:00+00:00,22.933,23.259,22.927,23.132,43.44277
2023-10-23 00:00:00+00:00,23.131,23.286,23.018,23.273,219.86475
2023-10-23 04:00:00+00:00,23.268,23.326,23.162,23.213,174.9723
2023-10-23 08:00:00+00:00,23.211,23.278,23.126,23.247,364.459
2023-10-23 12:00:00+00:00,23.249,23.249,22.907,23.085,821.30882
2023-10-23 16:00:00+00:00,23.092,23.134,22.903,22.971,299.95642
2023-10-23 20:00:00+00:00,22.971,22.985,22.916,22.959,24.0628
2023-10-24 00:00:00+00:00,22.958,23.182,22.95,23.128,295.6133
2023-10-24 04:00:00+00:00,23.134,23.199,23.057,23.083,313.7596
2023-10-24 08:00:00+00:00,23.087,23.095,22.645,22.857,224.95659
2023-10-24 12:00:00+00:00,22.852,23.004,22.743,22.918,799.9393
2023-10-24 16:00:00+00:00,22.918,22.985,22.869,22.928,356.753
2023-10-24 20:00:00+00:00,22.928,22.946,22.846,22.938,21.8572
2023-10-25 00:00:00+00:00,22.938,23.013,22.858,22.905,125.8817
2023-10-25 04:00:00+00:00,22.906,22.973,22.808,22.848,107.3185
2023-10-25 08:00:00+00:00,22.847,22.885,22.702,22.794,153.3365
2023-10-25 12:00:00+00:00,22.805,22.998,22.54,22.828,422.6638
2023-10-25 16:00:00+00:00,22.822,22.962,22.783,22.84,172.0467
2023-10-25 20:00:00+00:00,22.839,22.874,22.807,22.835,43.052
2023-10-26 00:00:00+00:00,22.834,22.947,22.818,22.936,70.8444
2023-10-26 04:00:00+00:00,22.938,23.06,22.874,23.058,140.6731
2023-10-26 08:00:00+00:00,23.06,23.132,22.874,22.927,330.2217
2023-10-26 12:00:00+00:00,22.924,23.0,22.433,22.704,736.0714
2023-10-26 16:00:00+00:00,22.705,22.84,22.663,22.745,188.4905
2023-10-26 20:00:00+00:00,22.753,22.843,22.732,22.834,31.1295
2023-10-27 00:00:00+00:00,22.825,22.876,22.741,22.862,88.0007
2023-10-27 04:00:00+00:00,22.866,22.916,22.778,22.822,111.1411
2023-10-27 08:00:00+00:00,22.825,22.866,22.671,22.727,89.052
2023-10-27 12:00:00+00:00,22.728,22.918,22.648,22.675,366.1128
2023-10-27 16:00:00+00:00,22.679,23.115,22.645,23.092,286.4067
2023-10-27 20:00:00+00:00,23.092,23.109,23.032,23.1,28.67
2023-10-29 20:00:00+00:00,23.083,23.172,23.007,23.048,82.0259
2023-10-30 00:00:00+00:00,23.041,23.162,23.039,23.099,297.7004
2023-10-30 04:00:00+00:00,23.097,23.146,23.023,23.049,257.0847
2023-10-30 08:00:00+00:00,23.042,23.208,23.034,23.14,381.863
2023-10-30 12:00:00+00:00,23.145,23.596,23.118,23.271,922.6618
2023-10-30 16:00:00+00:00,23.272,23.377,23.233,23.295,233.3231
2023-10-30 20:00:00+00:00,23.298,23.317,23.252,23.273,29.7166
2023-10-31 00:00:00+00:00,23.271,23.304,23.148,23.148,141.7547
2023-10-31 04:00:00+00:00,23.156,23.195,23.08,23.164,98.095
2023-10-31 08:00:00+00:00,23.164,23.303,23.135,23.242,136.3289
2023-10-31 12:00:00+00:00,23.239,23.308,22.969,23.096,471.66173
2023-10-31 16:00:00+00:00,23.084,23.11,22.723,22.867,257.6835
2023-10-31 20:00:00+00:00,22.874,22.878,22.805,22.826,33.0837
2023-11-01 00:00:00+00:00,22.83,22.839,22.629,22.641,123.2033
2023-11-01 04:00:00+00:00,22.645,22.676,22.534,22.564,72.95765
2023-11-01 08:00:00+00:00,22.561,22.694,22.545,22.638,154.3016
2023-11-01 12:00:00+00:00,22.638,23.003,22.616,22.735,827.9848
2023-11-01 16:00:00+00:00,22.736,22.953,22.527,22.874,369.2971
2023-11-01 20:00:00+00:00,22.873,23.043,22.828,23.037,57.8672
2023-11-02 00:00:00+00:00,23.033,23.051,22.914,22.992,141.4902
2023-11-02 04:00:00+00:00,22.992,23.025,22.929,23.013,209.9153
2023-11-02 08:00:00+00:00,23.005,23.116,22.971,23.003,126.4315
2023-11-02 12:00:00+00:00,23.004,23.104,22.669,22.71,616.5446
2023-11-02 16:00:00+00:00,22.709,22.8,22.643,22.754,160.5588
2023-11-02 20:00:00+00:00,22.759,22.768,22.689,22.705,32.6485
2023-11-03 00:00:00+00:00,22.694,22.756,22.627,22.703,72.0318
2023-11-03 04:00:00+00:00,22.703,22.727,22.602,22.618,77.3279
2023-11-03 08:00:00+00:00,22.618,22.699,22.577,22.624,117.8911
2023-11-03 12:00:00+00:00,22.63,23.296,22.598,23.126,977.99135
2023-11-03 16:00:00+00:00,23.127,23.227,23.093,23.162,151.166
2023-11-03 20:00:00+00:00,23.161,23.201,23.159,23.196,6.6478
2023-11-05 20:00:00+00:00,23.177,23.202,23.109,23.125,27.1935
2023-11-06 00:00:00+00:00,23.12,23.236,23.086,23.146,108.8232
2023-11-06 04:00:00+00:00,23.146,23.172,23.087,23.1,107.8824
2023-11-06 08:00:00+00:00,23.099,23.248,23.091,23.202,210.7763
2023-11-06 12:00:00+00:00,23.197,23.213,23.023,23.024,395.9445
2023-11-06 16:00:00+00:00,23.028,23.136,22.981,23.045,187.62745
2023-11-06 20:00:00+00:00,23.034,23.064,22.925,22.942,97.0158
2023-11-07 00:00:00+00:00,22.944,22.972,22.855,22.885,121.1575
2023-11-07 04:00:00+00:00,22.879,22.907,22.708,22.744,108.4276
2023-11-07 08:00:00+00:00,22.742,22.78,22.483,22.519,269.6091
2023-11-07 12:00:00+00:00,22.514,22.652,22.413,22.493,529.1275
2023-11-07 16:00:00+00:00,22.499,22.636,22.447,22.582,178.5145
2023-11-07 20:00:00+00:00,22.582,22.63,22.557,22.612,175.1352
2023-11-08 00:00:00+00:00,22.61,22.647,22.46,22.478,140.3877
2023-11-08 04:00:00+00:00,22.474,22.52,22.401,22.509,134.4097
2023-11-08 08:00:00+00:00,22.508,22.595,22.284,22.433,288.12025
2023-11-08 12:00:00+00:00,22.433,22.762,22.375,22.611,474.5415
2023-11-08 16:00:00+00:00,22.608,22.838,22.514,22.514,243.8422
2023-11-08 20:00:00+00:00,22.517,22.551,22.482,22.534,59.51057
2023-11-09 00:00:00+00:00,22.534,22.637,22.371,22.4,137.9255
2023-11-09 04:00:00+00:00,22.406,22.497,22.366,22.457,113.7057
2023-11-09 08:00:00+00:00,22.46,22.568,22.344,22.546,300.0715
2023-11-09 12:00:00+00:00,22.544,22.982,22.45,22.945,632.8887
2023-11-09 16:00:00+00:00,22.931,22.964,22.534,22.571,315.1809
2023-11-09 20:00:00+00:00,22.572,22.636,22.555,22.621,89.9593
2023-11-10 00:00:00+00:00,22.622,22.731,22.596,22.7,206.0242
2023-11-10 04:00:00+00:00,22.69,22.717,22.58,22.63,171.9976
2023-11-10 08:00:00+00:00,22.629,22.679,22.419,22.475,223.34352
2023-11-10 12:00:00+00:00,22.482,22.578,22.246,22.357,495.3119
2023-11-10 16:00:00+00:00,22.346,22.39,22.192,22.21,199.1345
2023-11-10 20:00:00+00:00,22.211,22.262,22.179,22.238,64.9379
2023-11-12 20:00:00+00:00,22.245,22.302,22.111,22.299,10.6066
2023-11-13 00:00:00+00:00,22.298,22.336,21.977,22.013,134.1273
2023-11-13 04:00:00+00:00,22.013,22.146,21.983,22.049,140.4598
2023-11-13 08:00:00+00:00,22.05,22.143,21.964,22.056,181.6916
2023-11-13 12:00:00+00:00,22.059,22.144,21.867,22.107,466.6522
2023-11-13 16:00:00+00:00,22.106,22.353,22.092,22.311,663.2828
2023-11-13 20:00:00+00:00,22.31,22.325,22.279,22.324,59.68435
2023-11-14 00:00:00+00:00,22.317,22.391,22.282,22.322,131.6345
2023-11-14 04:00:00+00:00,22.315,22.361,22.285,22.323,92.5789
2023-11-14 08:00:00+00:00,22.328,22.469,22.313,22.327,320.6103
2023-11-14 12:00:00+00:00,22.327,23.176,22.227,23.102,729.349
2023-11-14 16:00:00+00:00,23.09,23.142,23.049,23.079,257.2194
2023-11-14 20:00:00+00:00,23.083,23.127,23.035,23.054,49.6794
2023-11-15 00:00:00+00:00,23.055,23.158,23.011,23.158,147.6437
2023-11-15 04:00:00+00:00,23.159,23.292,23.137,23.277,129.7943
2023-11-15 08:00:00+00:00,23.277,23.404,23.233,23.404,164.6755
2023-11-15 12:00:00+00:00,23.402,23.612,23.18,23.418,711.5017
2023-11-15 16:00:00+00:00,23.42,23.484,23.339,23.438,566.3858
2023-11-15 20:00:00+00:00,23.427,23.46,23.389,23.438,73.0481
2023-11-16 00:00:00+00:00,23.437,23.473,23.265,23.377,124.2654
2023-11-16 04:00:00+00:00,23.377,23.597,23.363,23.546,103.2743
2023-11-16 08:00:00+00:00,23.544,23.704,23.488,23.675,417.8011
2023-11-16 12:00:00+00:00,23.676,24.071,23.562,23.933,684.461
2023-11-16 16:00:00+00:00,23.924,24.008,23.753,23.815,326.1579
2023-11-16 20:00:00+00:00,23.819,23.828,23.707,23.763,57.1131
2023-11-17 00:00:00+00:00,23.763,23.896,23.759,23.826,175.8323
2023-11-17 04:00:00+00:00,23.83,23.86,23.729,23.86,118.2884
2023-11-17 08:00:00+00:00,23.862,24.136,23.831,23.993,425.0786
2023-11-17 12:00:00+00:00,23.99,24.078,23.649,23.746,504.499
2023-11-17 16:00:00+00:00,23.744,23.788,23.651,23.709,306.8576
2023-11-17 20:00:00+00:00,23.708,23.736,23.683,23.699,47.2929
2023-11-19 20:00:00+00:00,23.673,23.699,23.593,23.599,25.444
2023-11-20 00:00:00+00:00,23.602,23.738,23.55,23.705,195.3851
2023-11-20 04:00:00+00:00,23.711,23.803,23.561,23.577,231.3193
2023-11-20 08:00:00+00:00,23.573,23.623,23.392,23.424,373.5598
2023-11-20 12:00:00+00:00,23.423,23.56,23.231,23.487,740.8508
2023-11-20 16:00:00+00:00,23.487,23.576,23.416,23.467,514.1066
2023-11-20 20:00:00+00:00,23.469,23.664,23.387,23.592,267.0531
2023-11-21 00:00:00+00:00,23.592,23.79,23.457,23.766,249.37005
2023-11-21 04:00:00+00:00,23.766,23.799,23.604,23.685,223.33084
2023-11-21 08:00:00+00:00,23.685,23.733,23.477,23.52,248.1046
2023-11-21 12:00:00+00:00,23.521,24.009,23.49,23.911,583.23296
2023-11-21 16:00:00+00:00,23.912,23.947,23.713,23.845,294.1964
2023-11-21 20:00:00+00:00,23.839,23.85,23.677,23.787,117.2687
2023-11-22 00:00:00+00:00,23.787,23.847,23.712,23.751,267.3229
2023-11-22 04:00:00+00:00,23.751,23.855,23.724,23.847,358.899
2023-11-22 08:00:00+00:00,23.846,23.938,23.734,23.83,263.55547
2023-11-22 12:00:00+00:00,23.834,23.89,23.528,23.626,1072.6294
2023-11-22 16:00:00+00:00,23.627,23.658,23.538,23.652,336.1883
2023-11-22 20:00:00+00:00,23.652,23.655,23.58,23.599,51.80395
2023-11-23 00:00:00+00:00,23.599,23.732,23.585,23.722,109.9829
2023-11-23 04:00:00+00:00,23.723,23.783,23.608,23.695,173.8411
2023-11-23 08:00:00+00:00,23.695,23.713,23.615,23.662,226.2914
2023-11-23 12:00:00+00:00,23.664,23.769,23.595,23.726,274.6484
2023-11-23 16:00:00+00:00,23.724,23.728,23.648,23.659,76.4277
2023-11-23 20:00:00+00:00,23.692,23.705,23.654,23.69,15.1804
2023-11-24 00:00:00+00:00,23.689,23.707,23.636,23.673,124.1514
2023-11-24 04:00:00+00:00,23.677,23.744,23.554,23.642,124.181
2023-11-24 08:00:00+00:00,23.642,23.743,23.596,23.694,198.3515
2023-11-24 12:00:00+00:00,23.693,24.294,23.643,24.196,562.34485
2023-11-24 16:00:00+00:00,24.195,24.307,24.161,24.294,132.0741
2023-11-26 20:00:00+00:00,24.309,24.429,24.274,24.324,29.4883
2023-11-27 00:00:00+00:00,24.328,24.809,24.245,24.631,338.5808
2023-11-27 04:00:00+00:00,24.63,24.715,24.57,24.649,198.0227
2023-11-27 08:00:00+00:00,24.651,24.799,24.611,24.747,405.82924
2023-11-27 12:00:00+00:00,24.75,24.87,24.591,24.61,766.6813
2023-11-27 16:00:00+00:00,24.621,24.69,24.557,24.64,287.4225
2023-11-27 20:00:00+00:00,24.64,24.657,24.572,24.653,58.84625
2023-11-28 00:00:00+00:00,24.649,24.732,24.561,24.579,122.303
2023-11-28 04:00:00+00:00,24.583,24.649,24.54,24.588,141.1106
2023-11-28 08:00:00+00:00,24.594,24.741,24.563,24.669,248.8191
2023-11-28 12:00:00+00:00,24.671,24.881,24.54,24.87,544.9494
2023-11-28 16:00:00+00:00,24.87,25.002,24.836,24.987,457.2326
2023-11-28 20:00:00+00:00,24.987,25.081,24.937,25.072,92.9136
2023-11-29 00:00:00+00:00,25.072,25.194,24.949,24.974,232.9774
2023-11-29 04:00:00+00:00,24.974,25.083,24.859,24.901,195.79062
2023-11-29 08:00:00+00:00,24.903,25.02,24.831,24.966,917.6053
2023-11-29 12:00:00+00:00,24.948,25.251,24.84,25.049,486.2694
2023-11-29 16:00:00+00:00,25.048,25.172,24.91,25.061,210.978
2023-11-29 20:00:00+00:00,25.063,25.064,24.946,24.951,57.8436
2023-11-30 00:00:00+00:00,24.955,25.079,24.917,25.003,103.1159
2023-11-30 04:00:00+00:00,25.001,25.112,24.944,25.06,147.3294
2023-11-30 08:00:00+00:00,25.052,25.098,24.922,25.014,294.2623
2023-11-30 12:00:00+00:00,25.016,25.203,24.916,25.189,974.8736
2023-11-30 16:00:00+00:00,25.187,25.261,25.122,25.228,211.3835
2023-11-30 20:00:00+00:00,25.226,25.358,25.208,25.351,85.7237
2023-12-01 00:00:00+00:00,25.355,25.46,25.227,25.249,222.3711
2023-12-01 04:00:00+00:00,25.239,25.31,25.197,25.22,125.3431
2023-12-01 08:00:00+00:00,25.224,25.401,25.126,25.145,370.3297
2023-12-01 12:00:00+00:00,25.147,25.412,25.077,25.25,985.8045
2023-12-01 16:00:00+00:00,25.256,25.514,25.163,25.4,419.854
2023-12-01 20:00:00+00:00,25.402,25.493,25.39,25.471,68.1722
2023-12-03 20:00:00+00:00,25.433,25.912,25.399,25.722,299.8509
2023-12-04 00:00:00+00:00,25.714,25.763,25.376,25.434,359.7462
2023-12-04 04:00:00+00:00,25.437,25.536,25.161,25.186,248.2387
2023-12-04 08:00:00+00:00,25.188,25.232,25.084,25.172,407.7815
2023-12-04 12:00:00+00:00,25.173,25.327,24.415,24.433,914.9359
2023-12-04 16:00:00+00:00,24.434,24.657,24.399,24.524,383.251
2023-12-04 20:00:00+00:00,24.535,24.566,24.466,24.527,136.06825
2023-12-05 00:00:00+00:00,24.532,24.616,24.45,24.596,146.9215
2023-12-05 04:00:00+00:00,24.596,24.625,24.441,24.46,164.8227
2023-12-05 08:00:00+00:00,24.464,24.556,24.23,24.251,374.1821
2023-12-05 12:00:00+00:00,24.249,24.603,24.01,24.137,765.2658
2023-12-05 16:00:00+00:00,24.148,24.194,23.952,24.162,346.6053
2023-12-05 20:00:00+00:00,24.161,24.185,24.12,24.176,86.5524
2023-12-06 00:00:00+00:00,24.165,24.284,24.123,24.249,105.2491
2023-12-06 04:00:00+00:00,24.255,24.351,24.185,24.302,122.8568
2023-12-06 08:00:00+00:00,24.303,24.303,24.053,24.095,208.58465
2023-12-06 12:00:00+00:00,24.094,24.271,24.011,24.102,462.24076
2023-12-06 16:00:00+00:00,24.104,24.104,23.861,23.975,321.8517
2023-12-06 20:00:00+00:00,23.973,23.975,23.864,23.916,52.60985
2023-12-07 00:00:00+00:00,23.91,23.95,23.777,23.799,105.9347
2023-12-07 04:00:00+00:00,23.795,23.904,23.773,23.835,118.12432
2023-12-07 08:00:00+00:00,23.84,24.018,23.792,23.892,473.4749
2023-12-07 12:00:00+00:00,23.895,23.993,23.694,23.77,730.3304
2023-12-07 16:00:00+00:00,23.766,23.837,23.566,23.772,905.4827
2023-12-07 20:00:00+00:00,23.762,23.818,23.742,23.758,78.00795
2023-12-08 00:00:00+00:00,23.748,23.888,23.716,23.875,177.2272
2023-12-08 04:00:00+00:00,23.88,23.882,23.777,23.822,104.1234
2023-12-08 08:00:00+00:00,23.825,23.863,23.714,23.776,655.4382
2023-12-08 12:00:00+00:00,23.782,23.798,23.217,23.398,1196.2406
2023-12-08 16:00:00+00:00,23.397,23.424,22.929,23.025,511.3123
2023-12-08 20:00:00+00:00,23.021,23.045,22.974,22.988,139.30055
2023-12-10 20:00:00+00:00,22.986,23.058,22.982,23.055,21.7469
2023-12-11 00:00:00+00:00,23.054,23.094,22.911,22.943,153.4427
2023-12-11 04:00:00+00:00,22.946,23.071,22.9,22.972,117.35414
2023-12-11 08:00:00+00:00,22.972,23.08,22.855,22.901,217.3019
2023-12-11 12:00:00+00:00,22.901,22.976,22.712,22.741,345.6578
2023-12-11 16:00:00+00:00,22.742,22.887,22.708,22.836,194.4207
2023-12-11 20:00:00+00:00,22.837,22.85,22.772,22.808,34.3119
2023-12-12 00:00:00+00:00,22.805,22.925,22.785,22.909,74.6876
2023-12-12 04:00:00+00:00,22.905,23.004,22.874,22.931,79.2738
2023-12-12 08:00:00+00:00,22.93,22.978,22.843,22.949,121.3888
2023-12-12 12:00:00+00:00,22.944,23.145,22.719,22.742,455.32027
2023-12-12 16:00:00+00:00,22.739,22.804,22.681,22.776,199.0263
2023-12-12 20:00:00+00:00,22.776,22.806,22.725,22.803,35.0329
2023-12-13 00:00:00+00:00,22.804,22.805,22.643,22.643,60.0756
2023-12-13 04:00:00+00:00,22.643,22.752,22.602,22.686,106.8596
2023-12-13 08:00:00+00:00,22.685,22.725,22.616,22.716,114.4235
2023-12-13 12:00:00+00:00,22.715,22.776,22.498,22.599,263.35235
2023-12-13 16:00:00+00:00,22.601,23.569,22.558,23.474,427.42042
2023-12-13 20:00:00+00:00,23.484,23.839,23.461,23.824,226.7166
2023-12-14 00:00:00+00:00,23.829,23.977,23.793,23.81,220.3016
2023-12-14 04:00:00+00:00,23.805,23.93,23.789,23.876,168.8881
2023-12-14 08:00:00+00:00,23.876,24.167,23.866,23.998,268.0791
2023-12-14 12:00:00+00:00,24.001,24.205,23.954,24.156,586.5384
2023-12-14 16:00:00+00:00,24.154,24.209,24.007,24.089,266.3617
2023-12-14 20:00:00+00:00,24.089,24.182,24.079,24.119,69.53345
2023-12-15 00:00:00+00:00,24.122,24.13,23.982,24.075,136.1799
2023-12-15 04:00:00+00:00,24.076,24.159,24.008,24.129,132.011
2023-12-15 08:00:00+00:00,24.13,24.279,24.126,24.174,218.4486
2023-12-15 12:00:00+00:00,24.177,24.26,23.8,23.982,511.68763
2023-12-15 16:00:00+00:00,23.977,24.041,23.746,23.821,257.0134
2023-12-15 20:00:00+00:00,23.819,23.866,23.796,23.853,58.08535
2023-12-17 20:00:00+00:00,23.821,23.85,23.705,23.715,31.2447
2023-12-18 00:00:00+00:00,23.72,23.923,23.707,23.91,130.3496
2023-12-18 04:00:00+00:00,23.91,23.983,23.887,23.939,93.3249
2023-12-18 08:00:00+00:00,23.939,24.047,23.779,23.925,229.2638
2023-12-18 12:00:00+00:00,23.922,23.951,23.708,23.751,340.4191
2023-12-18 16:00:00+00:00,23.752,23.853,23.648,23.781,195.8594
2023-12-18 20:00:00+00:00,23.785,23.801,23.759,23.801,37.9648
2023-12-19 00:00:00+00:00,23.794,23.904,23.774,23.81,96.878
2023-12-19 04:00:00+00:00,23.807,23.893,23.755,23.807,134.7118
2023-12-19 08:00:00+00:00,23.806,23.951,23.79,23.917,169.616
2023-12-19 12:00:00+00:00,23.92,24.149,23.891,24.102,400.40418
2023-12-19 16:00:00+00:00,24.102,24.161,23.999,24.027,237.95025
2023-12-19 20:00:00+00:00,24.034,24.057,24.011,24.039,34.86455
2023-12-20 00:00:00+00:00,24.037,24.113,24.029,24.107,84.16069
2023-12-20 04:00:00+00:00,24.107,24.133,24.037,24.108,96.0061
2023-12-20 08:00:00+00:00,24.106,24.112,23.941,23.987,169.7716
2023-12-20 12:00:00+00:00,23.986,24.427,23.963,24.283,385.4723
2023-12-20 16:00:00+00:00,24.281,24.347,24.101,24.139,154.269
2023-12-20 20:00:00+00:00,24.144,24.204,24.067,24.16,102.6678
2023-12-21 00:00:00+00:00,24.161,24.251,24.156,24.241,88.7887
2023-12-21 04:00:00+00:00,24.241,24.303,24.216,24.275,86.7608
2023-12-21 08:00:00+00:00,24.266,24.329,24.176,24.21,120.3803
2023-12-21 12:00:00+00:00,24.212,24.477,23.986,24.274,444.2587
2023-12-21 16:00:00+00:00,24.275,24.388,24.25,24.34,205.0972
2023-12-21 20:00:00+00:00,24.34,24.497,24.318,24.447,54.1567
2023-12-22 00:00:00+00:00,24.452,24.474,24.359,24.37,149.0078
2023-12-22 04:00:00+00:00,24.37,24.441,24.303,24.417,129.0654
2023-12-22 08:00:00+00:00,24.416,24.541,24.413,24.443,189.3146
2023-12-22 12:00:00+00:00,24.445,24.595,24.328,24.361,464.2977
2023-12-22 16:00:00+00:00,24.357,24.366,24.078,24.154,227.65955
2023-12-22 20:00:00+00:00,24.155,24.183,24.116,24.183,29.2166
2023-12-25 20:00:00+00:00,24.19,24.242,23.98,24.221,12.7865
2023-12-26 00:00:00+00:00,24.223,24.392,24.196,24.374,76.1442
2023-12-26 04:00:00+00:00,24.372,24.39,24.324,24.337,78.7527
2023-12-26 08:00:00+00:00,24.336,24.392,24.246,24.355,82.7058
2023-12-26 12:00:00+00:00,24.349,24.407,24.049,24.17,193.2787
2023-12-26 16:00:00+00:00,24.175,24.243,24.084,24.202,108.8876
2023-12-26 20:00:00+00:00,24.202,24.259,24.176,24.186,49.1389
2023-12-27 00:00:00+00:00,24.186,24.278,24.164,24.186,85.5764
2023-12-27 04:00:00+00:00,24.188,24.201,24.088,24.1,107.4777
2023-12-27 08:00:00+00:00,24.1,24.17,23.935,24.059,159.813
2023-12-27 12:00:00+00:00,24.056,24.45,23.96,24.375,330.74965
2023-12-27 16:00:00+00:00,24.374,24.423,24.222,24.248,206.5226
2023-12-27 20:00:00+00:00,24.253,24.298,24.213,24.296,48.80045
2023-12-28 00:00:00+00:00,24.298,24.48,24.294,24.425,96.7641
2023-12-28 04:00:00+00:00,24.424,24.453,24.305,24.425,85.60655
2023-12-28 08:00:00+00:00,24.424,24.445,24.229,24.275,151.6071
2023-12-28 12:00:00+00:00,24.276,24.368,24.084,24.215,270.83935
2023-12-28 16:00:00+00:00,24.209,24.222,23.979,24.003,150.13465
2023-12-28 20:00:00+00:00,24.004,24.031,23.86,23.924,45.51045
2023-12-29 00:00:00+00:00,23.922,23.957,23.789,23.822,92.9216
2023-12-29 04:00:00+00:00,23.822,23.922,23.807,23.822,80.8578
2023-12-29 08:00:00+00:00,23.825,23.852,23.57,23.792,169.549
2023-12-29 12:00:00+00:00,23.791,23.915,23.525,23.873,349.6669
2023-12-29 16:00:00+00:00,23.881,23.973,23.795,23.828,217.8016
2023-12-29 20:00:00+00:00,23.829,23.835,23.755,23.776,27.8143
2024-01-01 20:00:00+00:00,23.805,23.849,23.768,23.809,14.7493
2024-01-02 00:00:00+00:00,23.81,23.95,23.763,23.934,131.0691
2024-01-02 04:00:00+00:00,23.931,24.082,23.898,23.989,128.8056
2024-01-02 08:00:00+00:00,23.996,24.086,23.902,23.931,203.8291
2024-01-02 12:00:00+00:00,23.937,24.014,23.693,23.722,454.2248
2024-01-02 16:00:00+00:00,23.723,23.898,23.635,23.64,183.8743
2024-01-02 20:00:00+00:00,23.637,23.661,23.611,23.63,42.9249
2024-01-03 00:00:00+00:00,23.628,23.722,23.624,23.687,87.435
2024-01-03 04:00:00+00:00,23.685,23.696,23.542,23.571,102.072
2024-01-03 08:00:00+00:00,23.573,23.577,23.238,23.244,228.41256
2024-01-03 12:00:00+00:00,23.248,23.338,22.826,22.861,548.85915
2024-01-03 16:00:00+00:00,22.859,23.106,22.855,23.006,284.8523
2024-01-03 20:00:00+00:00,23.005,23.062,22.962,23.012,85.2454
2024-01-04 00:00:00+00:00,23.013,23.018,22.91,22.957,97.2254
2024-01-04 04:00:00+00:00,22.957,23.04,22.937,22.994,105.623
2024-01-04 08:00:00+00:00,22.995,23.068,22.949,22.955,192.7695
2024-01-04 12:00:00+00:00,22.956,23.039,22.676,22.968,302.27555
2024-01-04 16:00:00+00:00,22.969,23.035,22.943,23.013,140.7417
2024-01-04 20:00:00+00:00,23.014,23.039,22.963,23.029,41.81045
2024-01-05 00:00:00+00:00,23.026,23.188,23.005,23.077,105.8
2024-01-05 04:00:00+00:00,23.073,23.159,22.987,23.042,106.6407
2024-01-05 08:00:00+00:00,23.038,23.062,22.927,22.975,188.4501
2024-01-05 12:00:00+00:00,22.974,23.507,22.762,23.281,692.7555
2024-01-05 16:00:00+00:00,23.281,23.355,23.099,23.183,326.1559
2024-01-05 20:00:00+00:00,23.185,23.195,23.144,23.182,55.5944
2024-01-07 20:00:00+00:00,23.118,23.14,23.077,23.107,15.9538
2024-01-08 00:00:00+00:00,23.105,23.202,22.996,23.028,122.8603
2024-01-08 04:00:00+00:00,23.028,23.064,22.941,23.008,175.9076
2024-01-08 08:00:00+00:00,23.005,23.014,22.828,22.832,325.96752
2024-01-08 12:00:00+00:00,22.834,23.168,22.825,23.15,628.7578
2024-01-08 16:00:00+00:00,23.15,23.196,23.065,23.117,268.9541
2024-01-08 20:00:00+00:00,23.114,23.123,23.042,23.11,63.24245
2024-01-09 00:00:00+00:00,23.112,23.182,23.098,23.145,86.76
2024-01-09 04:00:00+00:00,23.145,23.191,23.07,23.189,101.1719
2024-01-09 08:00:00+00:00,23.191,23.364,23.074,23.118,228.32298
2024-01-09 12:00:00+00:00,23.112,23.248,22.931,22.956,368.383
2024-01-09 16:00:00+00:00,22.961,23.041,22.883,22.928,180.97564
2024-01-09 20:00:00+00:00,22.926,22.979,22.924,22.973,44.6092
2024-01-10 00:00:00+00:00,22.972,23.032,22.91,22.922,81.2381
2024-01-10 04:00:00+00:00,22.922,22.97,22.806,22.939,113.598
2024-01-10 08:00:00+00:00,22.949,23.097,22.93,22.94,190.3188
2024-01-10 12:00:00+00:00,22.944,23.036,22.763,22.904,355.0024
2024-01-10 16:00:00+00:00,22.909,22.946,22.811,22.914,183.2485
2024-01-10 20:00:00+00:00,22.916,22.933,22.836,22.9,61.0529
2024-01-11 00:00:00+00:00,22.904,23.031,22.895,22.99,68.5014
2024-01-11 04:00:00+00:00,22.995,23.085,22.991,23.038,72.6087
2024-01-11 08:00:00+00:00,23.036,23.042,22.942,23.031,162.3797
2024-01-11 12:00:00+00:00,23.035,23.192,22.634,22.743,656.8796
2024-01-11 16:00:00+00:00,22.751,22.754,22.462,22.709,370.5149
2024-01-11 20:00:00+00:00,22.711,22.879,22.659,22.877,94.3849
2024-01-12 00:00:00+00:00,22.877,22.907,22.772,22.842,117.1529
2024-01-12 04:00:00+00:00,22.839,22.897,22.804,22.875,93.9171
2024-01-12 08:00:00+00:00,22.876,23.052,22.868,22.986,260.3384
2024-01-12 12:00:00+00:00,22.985,23.523,22.978,23.333,565.6368
2024-01-12 16:00:00+00:00,23.328,23.366,23.042,23.151,255.3422
2024-01-12 20:00:00+00:00,23.15,23.184,23.13,23.175,26.7144
2024-01-14 20:00:00+00:00,23.158,23.17,23.103,23.145,16.954
2024-01-15 00:00:00+00:00,23.147,23.325,23.12,23.272,126.2092
2024-01-15 04:00:00+00:00,23.272,23.272,23.184,23.197,90.6402
2024-01-15 08:00:00+00:00,23.199,23.297,23.171,23.198,252.1849
2024-01-15 12:00:00+00:00,23.194,23.213,23.094,23.173,273.5761
2024-01-15 16:00:00+00:00,23.177,23.235,23.122,23.122,67.91
2024-01-15 20:00:00+00:00,23.204,23.215,23.083,23.158,16.2983
2024-01-16 00:00:00+00:00,23.158,23.182,23.07,23.116,90.2428
2024-01-16 04:00:00+00:00,23.115,23.16,23.035,23.128,96.6018
2024-01-16 08:00:00+00:00,23.127,23.207,22.986,23.044,230.4782
2024-01-16 12:00:00+00:00,23.043,23.159,22.885,23.001,427.72725
2024-01-16 16:00:00+00:00,23.003,23.056,22.845,22.958,349.4112
2024-01-16 20:00:00+00:00,22.962,22.971,22.867,22.897,34.32655
2024-01-17 00:00:00+00:00,22.899,22.941,22.784,22.791,103.1914
2024-01-17 04:00:00+00:00,22.792,22.865,22.636,22.724,156.4185
2024-01-17 08:00:00+00:00,22.729,22.873,22.639,22.75,261.691
2024-01-17 12:00:00+00:00,22.753,22.856,22.558,22.63,716.9491
2024-01-17 16:00:00+00:00,22.63,22.687,22.495,22.531,299.33555
2024-01-17 20:00:00+00:00,22.534,22.593,22.503,22.587,59.4733
2024-01-18 00:00:00+00:00,22.589,22.617,22.511,22.59,97.0404
2024-01-18 04:00:00+00:00,22.587,22.675,22.535,22.639,107.6123
2024-01-18 08:00:00+00:00,22.638,22.648,22.519,22.579,228.1237
2024-01-18 12:00:00+00:00,22.579,22.669,22.33,22.605,588.56267
2024-01-18 16:00:00+00:00,22.604,22.745,22.584,22.709,293.5984
2024-01-18 20:00:00+00:00,22.711,22.76,22.684,22.754,67.696
2024-01-19 00:00:00+00:00,22.755,22.785,22.665,22.711,98.0065
2024-01-19 04:00:00+00:00,22.707,22.812,22.648,22.799,130.6512
2024-01-19 08:00:00+00:00,22.797,22.835,22.747,22.786,190.223
2024-01-19 12:00:00+00:00,22.784,22.834,22.495,22.547,600.0875
2024-01-19 16:00:00+00:00,22.548,22.615,22.45,22.601,245.4336
2024-01-19 20:00:00+00:00,22.601,22.61,22.554,22.598,35.56115
2024-01-21 20:00:00+00:00,22.588,22.604,22.501,22.513,16.3442
2024-01-22 00:00:00+00:00,22.512,22.654,22.491,22.544,120.1886
2024-01-22 04:00:00+00:00,22.549,22.556,22.103,22.126,183.99619
2024-01-22 08:00:00+00:00,22.131,22.197,22.083,22.182,212.80385
2024-01-22 12:00:00+00:00,22.181,22.29,21.91,22.183,511.6179
2024-01-22 16:00:00+00:00,22.184,22.221,22.04,22.067,153.1463
2024-01-22 20:00:00+00:00,22.068,22.086,22.029,22.066,37.1142
2024-01-23 00:00:00+00:00,22.069,22.302,22.04,22.281,143.379
2024-01-23 04:00:00+00:00,22.279,22.427,22.249,22.335,202.1491
2024-01-23 08:00:00+00:00,22.337,22.348,22.206,22.25,184.7716
2024-01-23 12:00:00+00:00,22.244,22.443,22.227,22.369,343.2249
2024-01-23 16:00:00+00:00,22.371,22.443,22.267,22.439,210.88345
2024-01-23 20:00:00+00:00,22.439,22.457,22.41,22.455,40.45535
2024-01-24 00:00:00+00:00,22.449,22.459,22.344,22.386,91.0913
2024-01-24 04:00:00+00:00,22.389,22.589,22.325,22.565,142.6099
2024-01-24 08:00:00+00:00,22.564,22.777,22.553,22.718,236.8542
2024-01-24 12:00:00+00:00,22.718,22.952,22.576,22.72,590.9765
2024-01-24 16:00:00+00:00,22.725,22.852,22.633,22.66,286.7202
2024-01-24 20:00:00+00:00,22.664,22.69,22.616,22.666,58.6234
2024-01-25 00:00:00+00:00,22.659,22.776,22.635,22.733,116.2473
2024-01-25 04:00:00+00:00,22.729,22.818,22.707,22.781,122.9733
2024-01-25 08:00:00+00:00,22.782,22.913,22.707,22.866,279.3179
2024-01-25 12:00:00+00:00,22.871,23.015,22.74,22.855,515.2142
2024-01-25 16:00:00+00:00,22.852,22.889,22.716,22.888,178.1675
2024-01-25 20:00:00+00:00,22.888,22.91,22.853,22.901,38.40515
2024-01-26 00:00:00+00:00,22.906,22.925,22.848,22.882,62.9685
2024-01-26 04:00:00+00:00,22.884,22.959,22.813,22.829,74.4896
2024-01-26 08:00:00+00:00,22.828,22.973,22.79,22.916,138.3563
2024-01-26 12:00:00+00:00,22.914,22.926,22.688,22.758,350.6879
2024-01-26 16:00:00+00:00,22.763,22.791,22.71,22.759,161.9774
2024-01-26 20:00:00+00:00,22.757,22.81,22.75,22.778,34.161
2024-01-28 20:00:00+00:00,22.864,22.969,22.864,22.887,34.5823
2024-01-29 00:00:00+00:00,22.887,22.925,22.789,22.903,140.2854
2024-01-29 04:00:00+00:00,22.901,23.021,22.858,22.986,100.9783
2024-01-29 08:00:00+00:00,22.987,23.029,22.912,22.995,148.7758
2024-01-29 12:00:00+00:00,22.99,23.071,22.757,22.936,435.1707
2024-01-29 16:00:00+00:00,22.938,23.209,22.934,23.094,203.9931
2024-01-29 20:00:00+00:00,23.097,23.212,23.097,23.184,83.9033
2024-01-30 00:00:00+00:00,23.186,23.235,23.113,23.14,124.3718
2024-01-30 04:00:00+00:00,23.14,23.251,23.123,23.198,104.0128
2024-01-30 08:00:00+00:00,23.198,23.231,23.04,23.102,183.4707
2024-01-30 12:00:00+00:00,23.098,23.295,22.927,23.036,489.35785
2024-01-30 16:00:00+00:00,23.035,23.164,23.009,23.153,245.6812
2024-01-30 20:00:00+00:00,23.148,23.172,23.1,23.146,37.1691
2024-01-31 00:00:00+00:00,23.15,23.198,23.034,23.064,72.2931
2024-01-31 04:00:00+00:00,23.06,23.091,23.0,23.073,83.1247
2024-01-31 08:00:00+00:00,23.068,23.176,23.021,23.076,194.3133
2024-01-31 12:00:00+00:00,23.074,23.316,23.058,23.271,520.60575
2024-01-31 16:00:00+00:00,23.274,23.291,22.922,23.123,583.694
2024-01-31 20:00:00+00:00,23.117,23.145,22.765,22.894,232.09805
2024-02-01 00:00:00+00:00,22.903,23.027,22.876,23.016,126.4137
2024-02-01 04:00:00+00:00,23.014,23.026,22.806,22.818,115.6492
2024-02-01 08:00:00+00:00,22.819,22.844,22.639,22.676,304.6989
2024-02-01 12:00:00+00:00,22.676,23.005,22.499,22.982,645.3636
2024-02-01 16:00:00+00:00,22.982,23.247,22.979,23.188,374.6217
2024-02-01 20:00:00+00:00,23.185,23.202,23.053,23.145,49.5876
2024-02-02 00:00:00+00:00,23.141,23.183,23.079,23.13,101.3077
2024-02-02 04:00:00+00:00,23.131,23.195,23.12,23.167,104.4573
2024-02-02 08:00:00+00:00,23.168,23.242,23.112,23.231,207.4542
2024-02-02 12:00:00+00:00,23.235,23.238,22.388,22.616,688.59359
2024-02-02 16:00:00+00:00,22.624,22.708,22.557,22.7,350.6215
2024-02-02 20:00:00+00:00,22.699,22.71,22.636,22.673,40.17135
2024-02-04 20:00:00+00:00,22.709,22.714,22.631,22.688,22.4774
2024-02-05 00:00:00+00:00,22.684,22.708,22.502,22.555,153.0036
2024-02-05 04:00:00+00:00,22.556,22.59,22.495,22.534,124.9627
2024-02-05 08:00:00+00:00,22.537,22.543,22.348,22.478,273.3399
2024-02-05 12:00:00+00:00,22.481,22.499,22.226,22.322,572.3431
2024-02-05 16:00:00+00:00,22.324,22.378,22.25,22.345,158.437
2024-02-05 20:00:00+00:00,22.345,22.355,22.237,22.297,32.52205
2024-02-06 00:00:00+00:00,22.299,22.36,22.291,22.316,93.5698
2024-02-06 04:00:00+00:00,22.32,22.461,22.303,22.374,101.7347
2024-02-06 08:00:00+00:00,22.376,22.383,22.253,22.29,188.1764
2024-02-06 12:00:00+00:00,22.289,22.478,22.246,22.449,488.9748
2024-02-06 16:00:00+00:00,22.45,22.461,22.36,22.417,274.7069
2024-02-06 20:00:00+00:00,22.417,22.439,22.389,22.398,35.45765
2024-02-07 00:00:00+00:00,22.396,22.439,22.283,22.321,83.0281
2024-02-07 04:00:00+00:00,22.315,22.35,22.234,22.295,74.5735
2024-02-07 08:00:00+00:00,22.301,22.32,22.197,22.276,191.8482
2024-02-07 12:00:00+00:00,22.279,22.438,22.205,22.368,514.4103
2024-02-07 16:00:00+00:00,22.367,22.415,22.206,22.222,159.9332
2024-02-07 20:00:00+00:00,22.221,22.223,22.148,22.175,22.2912
2024-02-08 00:00:00+00:00,22.175,22.249,22.169,22.22,65.4842
2024-02-08 04:00:00+00:00,22.223,22.372,22.216,22.319,71.08185
2024-02-08 08:00:00+00:00,22.311,22.43,22.226,22.338,195.4042
2024-02-08 12:00:00+00:00,22.334,22.577,22.129,22.455,636.7774
2024-02-08 16:00:00+00:00,22.456,22.628,22.42,22.569,237.6775
2024-02-08 20:00:00+00:00,22.57,22.601,22.484,22.577,29.5282
2024-02-09 00:00:00+00:00,22.571,22.651,22.54,22.651,34.911
2024-02-09 04:00:00+00:00,22.654,22.704,22.574,22.676,42.7414
2024-02-09 08:00:00+00:00,22.679,22.71,22.585,22.652,87.5655
2024-02-09 12:00:00+00:00,22.653,22.713,22.354,22.385,315.92175
2024-02-09 16:00:00+00:00,22.382,22.585,22.35,22.555,114.2635
2024-02-09 20:00:00+00:00,22.555,22.614,22.542,22.591,21.06475
2024-02-11 20:00:00+00:00,22.539,22.654,22.529,22.65,13.1051
2024-02-12 00:00:00+00:00,22.646,22.691,22.634,22.691,39.7803
2024-02-12 04:00:00+00:00,22.679,22.939,22.679,22.917,75.4717
2024-02-12 08:00:00+00:00,22.92,22.929,22.833,22.916,99.9693
2024-02-12 12:00:00+00:00,22.916,23.067,22.505,22.668,309.7888
2024-02-12 16:00:00+00:00,22.67,22.735,22.563,22.677,176.7133
2024-02-12 20:00:00+00:00,22.667,22.696,22.587,22.674,31.29315
2024-02-13 00:00:00+00:00,22.677,22.73,22.653,22.688,32.3243
2024-02-13 04:00:00+00:00,22.686,22.839,22.683,22.835,79.3068
2024-02-13 08:00:00+00:00,22.834,22.928,22.825,22.862,315.0882
2024-02-13 12:00:00+00:00,22.862,22.933,21.99,22.017,921.1736
2024-02-13 16:00:00+00:00,22.025,22.212,21.969,21.989,535.3269
2024-02-13 20:00:00+00:00,21.988,22.111,21.988,22.069,69.94843
2024-02-14 00:00:00+00:00,22.071,22.077,21.966,22.016,86.4863
2024-02-14 04:00:00+00:00,22.012,22.042,21.956,21.968,77.5684
2024-02-14 08:00:00+00:00,21.968,22.059,21.921,22.04,352.6158
2024-02-14 12:00:00+00:00,22.033,22.288,21.995,22.261,821.10504
2024-02-14 16:00:00+00:00,22.264,22.45,22.25,22.344,412.9964
2024-02-14 20:00:00+00:00,22.347,22.374,22.305,22.366,83.8622
2024-02-15 00:00:00+00:00,22.365,22.479,22.333,22.389,61.6961
2024-02-15 04:00:00+00:00,22.381,22.543,22.368,22.484,67.7652
2024-02-15 08:00:00+00:00,22.495,22.643,22.47,22.632,140.0021
2024-02-15 12:00:00+00:00,22.624,23.03,22.595,22.859,791.9011
2024-02-15 16:00:00+00:00,22.861,22.938,22.766,22.912,248.1014
2024-02-15 20:00:00+00:00,22.912,22.975,22.878,22.946,43.54775
2024-02-16 00:00:00+00:00,22.951,22.993,22.873,22.961,73.8591
2024-02-16 04:00:00+00:00,22.961,22.998,22.915,22.984,96.0944
2024-02-16 08:00:00+00:00,22.983,23.026,22.936,23.01,152.3726
2024-02-16 12:00:00+00:00,23.01,23.241,22.776,23.171,673.8558
2024-02-16 16:00:00+00:00,23.169,23.492,23.16,23.421,337.8602
2024-02-16 20:00:00+00:00,23.422,23.425,23.372,23.398,59.98705
2024-02-18 20:00:00+00:00,23.316,23.407,23.316,23.371,10.8756
2024-02-19 00:00:00+00:00,23.375,23.442,23.007,23.086,194.36965
2024-02-19 04:00:00+00:00,23.079,23.163,23.036,23.159,65.1601
2024-02-19 08:00:00+00:00,23.16,23.167,23.065,23.091,91.9168
2024-02-19 12:00:00+00:00,23.086,23.112,22.921,22.946,123.2314
2024-02-19 16:00:00+00:00,22.939,22.987,22.922,22.945,31.1408
2024-02-19 20:00:00+00:00,22.961,22.984,22.925,22.945,20.9735
2024-02-20 00:00:00+00:00,22.945,23.016,22.908,22.939,113.0215
2024-02-20 04:00:00+00:00,22.942,23.006,22.902,22.976,69.2623
2024-02-20 08:00:00+00:00,22.976,23.117,22.963,23.063,342.2875
2024-02-20 12:00:00+00:00,23.067,23.184,23.009,23.014,557.9872
2024-02-20 16:00:00+00:00,23.02,23.095,22.985,23.02,232.5684
2024-02-20 20:00:00+00:00,23.018,23.02,22.952,22.992,64.95695
2024-02-21 00:00:00+00:00,22.998,23.172,22.967,23.146,107.244
2024-02-21 04:00:00+00:00,23.155,23.17,23.1,23.137,374.2575
2024-02-21 08:00:00+00:00,23.126,23.154,23.003,23.06,235.815
2024-02-21 12:00:00+00:00,23.06,23.101,22.807,22.808,499.8352
2024-02-21 16:00:00+00:00,22.821,22.912,22.608,22.909,253.53745
2024-02-21 20:00:00+00:00,22.908,22.916,22.844,22.898,50.2218
2024-02-22 00:00:00+00:00,22.891,22.934,22.847,22.896,68.1783
2024-02-22 04:00:00+00:00,22.891,23.076,22.88,23.053,238.626
2024-02-22 08:00:00+00:00,23.054,23.154,23.029,23.06,355.0411
2024-02-22 12:00:00+00:00,23.056,23.084,22.746,22.804,534.6616
2024-02-22 16:00:00+00:00,22.81,22.825,22.721,22.752,336.0464
2024-02-22 20:00:00+00:00,22.747,22.777,22.713,22.745,54.5685
2024-02-23 00:00:00+00:00,22.749,22.834,22.671,22.762,80.2582
2024-02-23 04:00:00+00:00,22.762,22.782,22.59,22.645,102.1849
2024-02-23 08:00:00+00:00,22.648,22.723,22.542,22.705,278.1763
2024-02-23 12:00:00+00:00,22.703,22.801,22.605,22.757,502.9966
2024-02-23 16:00:00+00:00,22.757,22.992,22.737,22.967,482.33
2024-02-23 20:00:00+00:00,22.966,22.968,22.905,22.938,66.87245
2024-02-25 20:00:00+00:00,22.928,22.928,22.835,22.85,16.6042
2024-02-26 00:00:00+00:00,22.849,22.881,22.757,22.799,87.5838
2024-02-26 04:00:00+00:00,22.804,22.864,22.767,22.814,80.2162
2024-02-26 08:00:00+00:00,22.814,22.843,22.479,22.489,262.6554
2024-02-26 12:00:00+00:00,22.494,22.612,22.472,22.499,422.1207
2024-02-26 16:00:00+00:00,22.497,22.518,22.435,22.483,245.8259
2024-02-26 20:00:00+00:00,22.481,22.567,22.442,22.498,41.718
2024-02-27 00:00:00+00:00,22.493,22.572,22.469,22.551,61.1552
2024-02-27 04:00:00+00:00,22.551,22.683,22.498,22.655,65.8456
2024-02-27 08:00:00+00:00,22.654,22.693,22.571,22.659,402.9858
2024-02-27 12:00:00+00:00,22.659,22.706,22.455,22.472,314.88715
2024-02-27 16:00:00+00:00,22.475,22.554,22.405,22.494,141.8759
2024-02-27 20:00:00+00:00,22.494,22.498,22.416,22.427,43.2064
2024-02-28 00:00:00+00:00,22.417,22.509,22.367,22.45,60.5045
2024-02-28 04:00:00+00:00,22.449,22.464,22.322,22.333,63.3153
2024-02-28 08:00:00+00:00,22.332,22.36,22.261,22.348,116.1001
2024-02-28 12:00:00+00:00,22.347,22.508,22.315,22.36,382.55028
2024-02-28 16:00:00+00:00,22.362,22.454,22.347,22.387,107.6009
2024-02-28 20:00:00+00:00,22.385,22.472,22.38,22.447,50.2387
2024-02-29 00:00:00+00:00,22.444,22.524,22.409,22.494,70.8557
2024-02-29 04:00:00+00:00,22.49,22.551,22.469,22.486,51.0423
2024-02-29 08:00:00+00:00,22.49,22.512,22.321,22.355,173.9487
2024-02-29 12:00:00+00:00,22.351,22.779,22.297,22.65,496.5166
2024-02-29 16:00:00+00:00,22.65,22.708,22.53,22.65,93.8756
2024-02-29 20:00:00+00:00,22.647,22.685,22.582,22.655,29.7765
2024-03-01 00:00:00+00:00,22.654,22.78,22.623,22.771,66.635
2024-03-01 04:00:00+00:00,22.775,22.778,22.605,22.616,107.8977
2024-03-01 08:00:00+00:00,22.612,22.761,22.494,22.709,211.8857
2024-03-01 12:00:00+00:00,22.7,22.977,22.561,22.94,417.57982
2024-03-01 16:00:00+00:00,22.941,23.261,22.903,23.187,215.1801
2024-03-01 20:00:00+00:00,23.184,23.194,23.106,23.106,57.0189
2024-03-03 20:00:00+00:00,23.098,23.166,23.061,23.099,23.2291
2024-03-04 00:00:00+00:00,23.104,23.173,23.013,23.051,107.823
2024-03-04 04:00:00+00:00,23.055,23.147,23.008,23.131,79.6926
2024-03-04 08:00:00+00:00,23.121,23.162,23.063,23.105,152.5706
2024-03-04 12:00:00+00:00,23.117,23.613,23.089,23.603,460.8925
2024-03-04 16:00:00+00:00,23.602,23.916,23.587,23.89,285.5966
2024-03-04 20:00:00+00:00,23.892,23.949,23.843,23.94,45.7405
2024-03-05 00:00:00+00:00,23.936,23.939,23.605,23.689,240.1441
2024-03-05 04:00:00+00:00,23.688,23.874,23.642,23.84,252.80528
2024-03-05 08:00:00+00:00,23.839,23.98,23.832,23.96,278.6892
2024-03-05 12:00:00+00:00,23.958,24.22,23.768,23.838,691.4095
2024-03-05 16:00:00+00:00,23.84,23.868,23.654,23.669,196.9415
2024-03-05 20:00:00+00:00,23.671,23.717,23.623,23.703,35.689
2024-03-06 00:00:00+00:00,23.707,23.711,23.558,23.599,95.7072
2024-03-06 04:00:00+00:00,23.599,23.766,23.595,23.706,202.4498
2024-03-06 08:00:00+00:00,23.702,23.79,23.637,23.783,335.1809
2024-03-06 12:00:00+00:00,23.784,24.097,23.675,24.045,662.794
2024-03-06 16:00:00+00:00,24.045,24.297,24.018,24.141,351.2621
2024-03-06 20:00:00+00:00,24.14,24.196,24.118,24.162,53.1779
2024-03-07 00:00:00+00:00,24.158,24.211,24.019,24.113,223.2156
2024-03-07 04:00:00+00:00,24.117,24.267,23.995,24.093,177.43074
2024-03-07 08:00:00+00:00,24.097,24.205,24.081,24.12,298.0816
2024-03-07 12:00:00+00:00,24.113,24.495,24.105,24.47,564.669
2024-03-07 16:00:00+00:00,24.473,24.475,24.266,24.347,200.3629
2024-03-07 20:00:00+00:00,24.346,24.385,24.285,24.383,60.2507
2024-03-08 00:00:00+00:00,24.38,24.428,24.226,24.291,247.7775
2024-03-08 04:00:00+00:00,24.295,24.498,24.274,24.481,206.50297
2024-03-08 08:00:00+00:00,24.479,24.537,24.436,24.501,317.8347
2024-03-08 12:00:00+00:00,24.495,24.625,24.188,24.337,781.3006
2024-03-08 16:00:00+00:00,24.329,24.528,24.159,24.309,496.3305
2024-03-08 20:00:00+00:00,24.309,24.329,24.241,24.305,56.0159
2024-03-10 20:00:00+00:00,24.321,24.446,24.302,24.385,46.56265
2024-03-11 00:00:00+00:00,24.381,24.455,24.224,24.273,253.3739
2024-03-11 04:00:00+00:00,24.272,24.374,24.248,24.349,194.7496
2024-03-11 08:00:00+00:00,24.359,24.366,24.273,24.347,378.7563
2024-03-11 12:00:00+00:00,24.346,24.508,24.291,24.491,850.5417
2024-03-11 16:00:00+00:00,24.485,24.516,24.364,24.431,396.9162
2024-03-11 20:00:00+00:00,24.433,24.507,24.391,24.482,32.5151
2024-03-12 00:00:00+00:00,24.488,24.526,24.39,24.438,117.5234
2024-03-12 04:00:00+00:00,24.437,24.51,24.36,24.407,217.3499
2024-03-12 08:00:00+00:00,24.411,24.488,24.331,24.366,173.1603
2024-03-12 12:00:00+00:00,24.359,24.674,23.988,24.217,1144.442
2024-03-12 16:00:00+00:00,24.222,24.253,24.041,24.132,340.408
2024-03-12 20:00:00+00:00,24.137,24.142,23.96,24.132,42.6293
2024-03-13 00:00:00+00:00,24.133,24.202,24.074,24.111,179.5377
2024-03-13 04:00:00+00:00,24.109,24.224,24.057,24.195,217.1102
2024-03-13 08:00:00+00:00,24.19,24.328,24.168,24.272,226.0162
2024-03-13 12:00:00+00:00,24.273,24.823,24.25,24.82,705.1442
2024-03-13 16:00:00+00:00,24.821,24.998,24.792,24.922,521.4167
2024-03-13 20:00:00+00:00,24.922,25.041,24.914,25.037,55.0348
2024-03-14 00:00:00+00:00,25.044,25.149,24.949,25.0,171.8065
2024-03-14 04:00:00+00:00,25.002,25.016,24.8,24.936,186.42145
2024-03-14 08:00:00+00:00,24.942,25.046,24.916,24.977,185.2288
2024-03-14 12:00:00+00:00,24.991,25.088,24.72,24.806,921.2974
2024-03-14 16:00:00+00:00,24.807,24.879,24.768,24.838,262.0289
2024-03-14 20:00:00+00:00,24.837,24.86,24.786,24.833,38.7159
2024-03-15 00:00:00+00:00,24.834,25.007,24.797,24.989,154.9821
2024-03-15 04:00:00+00:00,24.982,25.196,24.945,25.009,246.9694
2024-03-15 08:00:00+00:00,25.01,25.21,24.968,25.198,252.5107
2024-03-15 12:00:00+00:00,25.194,25.437,25.035,25.312,828.6875
2024-03-15 16:00:00+00:00,25.309,25.402,25.127,25.185,306.759
2024-03-15 20:00:00+00:00,25.184,25.197,25.082,25.173,26.0327
2024-03-17 20:00:00+00:00,25.131,25.152,25.071,25.119,42.03455
2024-03-18 00:00:00+00:00,25.117,25.176,24.934,24.996,222.5512
2024-03-18 04:00:00+00:00,24.991,25.093,24.959,25.085,146.7238
2024-03-18 08:00:00+00:00,25.082,25.186,25.026,25.148,301.7675
2024-03-18 12:00:00+00:00,25.152,25.321,25.035,25.053,814.14415
2024-03-18 16:00:00+00:00,25.052,25.079,24.963,25.033,316.7264
2024-03-18 20:00:00+00:00,25.036,25.064,25.001,25.061,29.4484
2024-03-19 00:00:00+00:00,25.066,25.143,25.012,25.131,159.169
2024-03-19 04:00:00+00:00,25.125,25.142,24.864,24.965,223.9946
2024-03-19 08:00:00+00:00,24.966,24.974,24.782,24.923,244.4804
2024-03-19 12:00:00+00:00,24.912,24.997,24.718,24.921,531.5535
2024-03-19 16:00:00+00:00,24.928,24.964,24.852,24.9,227.2313
2024-03-19 20:00:00+00:00,24.898,24.923,24.817,24.868,36.7312
2024-03-20 00:00:00+00:00,24.869,24.991,24.827,24.966,105.0681
2024-03-20 04:00:00+00:00,24.963,24.975,24.857,24.905,108.0375
2024-03-20 08:00:00+00:00,24.895,24.901,24.75,24.841,186.7591
2024-03-20 12:00:00+00:00,24.845,25.039,24.734,24.886,446.0
2024-03-20 16:00:00+00:00,24.888,25.631,24.864,25.472,773.12811
2024-03-20 20:00:00+00:00,25.468,25.724,25.454,25.697,158.32565
2024-03-21 00:00:00+00:00,25.702,25.768,25.547,25.618,478.9591
2024-03-21 04:00:00+00:00,25.62,25.736,25.577,25.654,237.0201
2024-03-21 08:00:00+00:00,25.65,25.654,25.351,25.431,368.0745
2024-03-21 12:00:00+00:00,25.428,25.479,24.63,24.746,854.259
2024-03-21 16:00:00+00:00,24.751,24.84,24.717,24.745,219.0737
2024-03-21 20:00:00+00:00,24.747,24.763,24.713,24.748,42.3375
2024-03-22 00:00:00+00:00,24.751,24.824,24.489,24.544,302.2331
2024-03-22 04:00:00+00:00,24.543,24.582,24.386,24.523,247.6893
2024-03-22 08:00:00+00:00,24.522,24.636,24.49,24.577,255.545
2024-03-22 12:00:00+00:00,24.572,24.939,24.552,24.713,780.6931
2024-03-22 16:00:00+00:00,24.715,24.738,24.613,24.662,340.6996
2024-03-22 20:00:00+00:00,24.661,24.68,24.648,24.658,28.0854
2024-03-24 20:00:00+00:00,24.667,24.706,24.616,24.691,50.3164
2024-03-25 00:00:00+00:00,24.692,24.884,24.584,24.667,453.0921
2024-03-25 04:00:00+00:00,24.665,24.717,24.536,24.675,198.7967
2024-03-25 08:00:00+00:00,24.669,24.743,24.638,24.663,261.5734
2024-03-25 12:00:00+00:00,24.666,24.849,24.636,24.707,508.1147
2024-03-25 16:00:00+00:00,24.702,24.77,24.638,24.672,165.9112
2024-03-25 20:00:00+00:00,24.671,24.678,24.607,24.656,45.6203
2024-03-26 00:00:00+00:00,24.658,24.712,24.578,24.618,292.4477
2024-03-26 04:00:00+00:00,24.62,24.655,24.514,24.551,252.145
2024-03-26 08:00:00+00:00,24.557,24.838,24.487,24.838,503.5287
2024-03-26 12:00:00+00:00,24.839,24.884,24.349,24.433,509.093
2024-03-26 16:00:00+00:00,24.436,24.525,24.394,24.413,250.5084
2024-03-26 20:00:00+00:00,24.415,24.451,24.387,24.439,38.4005
2024-03-27 00:00:00+00:00,24.438,24.478,24.307,24.442,222.8636
2024-03-27 04:00:00+00:00,24.441,24.515,24.397,24.47,175.0081
2024-03-27 08:00:00+00:00,24.469,24.622,24.386,24.493,379.7777
2024-03-27 12:00:00+00:00,24.494,24.652,24.41,24.517,562.9068
2024-03-27 16:00:00+00:00,24.521,24.634,24.485,24.608,176.1548
2024-03-27 20:00:00+00:00,24.608,24.641,24.331,24.547,64.6219
2024-03-28 00:00:00+00:00,24.549,24.708,24.499,24.679,232.5963
2024-03-28 04:00:00+00:00,24.682,24.717,24.47,24.478,156.93375
2024-03-28 08:00:00+00:00,24.477,24.716,24.374,24.543,381.4508
2024-03-28 12:00:00+00:00,24.547,24.922,24.493,24.776,793.8461
2024-03-28 16:00:00+00:00,24.768,24.914,24.718,24.857,365.93502
2024-03-28 20:00:00+00:00,24.869,25.001,24.837,24.951,46.8223
2024-03-31 20:00:00+00:00,24.985,25.19,24.972,25.16,87.3563
2024-04-01 00:00:00+00:00,25.162,25.284,25.046,25.243,464.34275
2024-04-01 04:00:00+00:00,25.254,25.273,25.115,25.169,181.59415
2024-04-01 08:00:00+00:00,25.169,25.182,24.979,24.998,139.4184
2024-04-01 12:00:00+00:00,24.996,25.377,24.732,25.012,697.00515
2024-04-01 16:00:00+00:00,25.008,25.066,24.921,24.998,109.7496
2024-04-01 20:00:00+00:00,24.992,25.192,24.973,25.08,71.26455
2024-04-02 00:00:00+00:00,25.081,25.316,25.067,25.25,251.13465
2024-04-02 04:00:00+00:00,25.246,25.545,25.235,25.536,189.2481
2024-04-02 08:00:00+00:00,25.526,25.724,25.352,25.552,314.40375
2024-04-02 12:00:00+00:00,25.555,25.896,25.397,25.803,920.23545
2024-04-02 16:00:00+00:00,25.803,26.11,25.716,26.061,423.1458
2024-04-02 20:00:00+00:00,26.062,26.226,26.026,26.144,132.06235
2024-04-03 00:00:00+00:00,26.143,26.551,26.096,26.379,373.1454
2024-04-03 04:00:00+00:00,26.381,26.476,26.188,26.241,308.9133
2024-04-03 08:00:00+00:00,26.229,26.368,26.157,26.353,281.1947
2024-04-03 12:00:00+00:00,26.354,26.861,26.174,26.688,1059.6744
2024-04-03 16:00:00+00:00,26.688,27.063,26.582,27.036,477.96645
2024-04-03 20:00:00+00:00,27.036,27.284,27.031,27.089,83.1529
2024-04-04 00:00:00+00:00,27.094,27.327,27.072,27.092,256.6743
2024-04-04 04:00:00+00:00,27.092,27.13,26.961,27.049,236.3241
2024-04-04 08:00:00+00:00,27.049,27.11,26.929,26.95,298.949
2024-04-04 12:00:00+00:00,26.953,27.154,26.749,27.115,640.6849
2024-04-04 16:00:00+00:00,27.102,27.274,26.666,26.784,781.8276
2024-04-04 20:00:00+00:00,26.785,26.975,26.767,26.811,87.293
2024-04-05 00:00:00+00:00,26.815,26.823,26.271,26.493,514.4213
2024-04-05 04:00:00+00:00,26.493,26.779,26.486,26.756,287.8372
2024-04-05 08:00:00+00:00,26.761,26.876,26.666,26.685,316.3054
2024-04-05 12:00:00+00:00,26.685,27.475,26.34,27.363,1050.4665
2024-04-05 16:00:00+00:00,27.369,27.487,27.238,27.373,379.6968
2024-04-05 20:00:00+00:00,27.373,27.491,27.345,27.473,27.70365
2024-04-07 20:00:00+00:00,27.388,27.543,27.079,27.162,137.5273
2024-04-08 00:00:00+00:00,27.165,28.077,26.843,27.876,880.3007
2024-04-08 04:00:00+00:00,27.876,27.876,27.62,27.79,480.06865
2024-04-08 08:00:00+00:00,27.794,27.924,27.598,27.605,374.26865
2024-04-08 12:00:00+00:00,27.606,27.87,27.22,27.703,1083.4312
2024-04-08 16:00:00+00:00,27.704,27.861,27.656,27.778,522.28175
2024-04-08 20:00:00+00:00,27.782,27.926,27.773,27.868,53.5081
2024-04-09 00:00:00+00:00,27.855,28.131,27.729,27.782,406.0829
2024-04-09 04:00:00+00:00,27.786,28.052,27.737,28.014,494.58788
2024-04-09 08:00:00+00:00,28.022,28.174,27.929,28.052,439.35365
2024-04-09 12:00:00+00:00,28.06,28.315,27.602,27.68,1164.8197
2024-04-09 16:00:00+00:00,27.682,28.116,27.669,28.115,467.2332
2024-04-09 20:00:00+00:00,28.113,28.197,28.104,28.162,83.423
2024-04-10 00:00:00+00:00,28.159,28.17,27.919,28.091,417.6199
2024-04-10 04:00:00+00:00,28.102,28.284,28.062,28.092,362.4356
2024-04-10 08:00:00+00:00,28.091,28.13,27.959,28.063,371.741
2024-04-10 12:00:00+00:00,28.067,28.512,27.514,27.984,1488.61307
2024-04-10 16:00:00+00:00,27.983,28.117,27.782,27.817,565.6074
2024-04-10 20:00:00+00:00,27.816,27.946,27.714,27.888,69.1128
2024-04-11 00:00:00+00:00,27.894,28.036,27.737,27.979,305.7529
2024-04-11 04:00:00+00:00,27.98,28.06,27.782,27.935,598.1305
2024-04-11 08:00:00+00:00,27.936,28.022,27.806,27.947,360.6983
2024-04-11 12:00:00+00:00,27.947,28.175,27.751,27.971,726.2574
2024-04-11 16:00:00+00:00,27.971,28.462,27.927,28.431,254.9165
2024-04-11 20:00:00+00:00,28.432,28.515,28.388,28.462,104.8565
2024-04-12 00:00:00+00:00,28.464,28.931,28.368,28.763,593.89958
2024-04-12 04:00:00+00:00,28.764,29.218,28.719,29.118,454.5847
2024-04-12 08:00:00+00:00,29.122,29.204,28.897,29.022,280.0696
2024-04-12 12:00:00+00:00,29.023,29.787,28.63,28.972,1372.63585
2024-04-12 16:00:00+00:00,28.973,28.973,27.91,28.026,858.0998
2024-04-12 20:00:00+00:00,28.024,28.037,27.839,27.845,24.6836
2024-04-14 20:00:00+00:00,28.102,28.343,27.573,28.228,195.15835
2024-04-15 00:00:00+00:00,28.235,28.354,27.975,28.219,504.68442
2024-04-15 04:00:00+00:00,28.217,28.562,28.16,28.377,370.32695
2024-04-15 08:00:00+00:00,28.373,28.545,28.183,28.517,248.1202
2024-04-15 12:00:00+00:00,28.517,28.793,28.086,28.614,1128.3063
2024-04-15 16:00:00+00:00,28.613,28.88,28.464,28.861,593.42985
2024-04-15 20:00:00+00:00,28.862,28.974,28.794,28.874,87.12895
2024-04-16 00:00:00+00:00,28.88,29.008,28.614,28.823,305.12945
2024-04-16 04:00:00+00:00,28.828,28.86,28.234,28.269,404.81425
2024-04-16 08:00:00+00:00,28.272,28.429,28.228,28.378,281.9162
2024-04-16 12:00:00+00:00,28.379,28.522,27.937,28.222,979.7851
2024-04-16 16:00:00+00:00,28.222,28.419,28.114,28.2,582.40895
2024-04-16 20:00:00+00:00,28.205,28.208,28.046,28.168,110.2863
2024-04-17 00:00:00+00:00,28.173,28.255,28.054,28.133,226.6465
2024-04-17 04:00:00+00:00,28.135,28.422,28.106,28.388,377.6698
2024-04-17 08:00:00+00:00,28.393,28.576,28.373,28.474,353.22816
2024-04-17 12:00:00+00:00,28.479,28.797,28.348,28.45,808.5102
2024-04-17 16:00:00+00:00,28.45,28.505,28.108,28.266,662.14015
2024-04-17 20:00:00+00:00,28.269,28.278,28.035,28.214,83.8594
2024-04-18 00:00:00+00:00,28.22,28.405,28.121,28.393,197.1845
2024-04-18 04:00:00+00:00,28.392,28.608,28.349,28.428,315.3257
2024-04-18 08:00:00+00:00,28.427,28.514,28.377,28.416,251.6866
2024-04-18 12:00:00+00:00,28.415,28.649,28.14,28.336,792.057
2024-04-18 16:00:00+00:00,28.341,28.444,28.221,28.272,254.3903
2024-04-18 20:00:00+00:00,28.276,28.278,28.184,28.222,46.4863
2024-04-19 00:00:00+00:00,28.227,28.934,28.069,28.351,731.2367
2024-04-19 04:00:00+00:00,28.351,28.508,28.15,28.388,352.42465
2024-04-19 08:00:00+00:00,28.391,28.391,28.124,28.179,260.7634
2024-04-19 12:00:00+00:00,28.182,28.638,28.054,28.617,802.506
2024-04-19 16:00:00+00:00,28.619,28.779,28.506,28.658,394.1811
2024-04-19 20:00:00+00:00,28.649,28.679,28.603,28.667,57.7427
2024-04-21 20:00:00+00:00,28.689,28.705,28.49,28.557,66.5646
2024-04-22 00:00:00+00:00,28.561,28.568,27.779,28.0,613.65405
2024-04-22 04:00:00+00:00,28.001,28.061,27.635,27.802,796.75455
2024-04-22 08:00:00+00:00,27.805,27.873,27.426,27.474,528.938
2024-04-22 12:00:00+00:00,27.475,27.545,27.101,27.192,1110.7387
2024-04-22 16:00:00+00:00,27.202,27.27,27.094,27.244,256.1171
2024-04-22 20:00:00+00:00,27.242,27.315,27.148,27.301,54.9656
2024-04-23 00:00:00+00:00,27.301,27.356,26.755,26.928,633.9505
2024-04-23 04:00:00+00:00,26.926,27.072,26.68,26.889,373.30274
2024-04-23 08:00:00+00:00,26.893,26.974,26.648,26.944,226.6137
2024-04-23 12:00:00+00:00,26.946,27.371,26.91,27.238,817.38095
2024-04-23 16:00:00+00:00,27.246,27.364,27.196,27.307,223.68585
2024-04-23 20:00:00+00:00,27.307,27.329,27.237,27.269,66.3764
2024-04-24 00:00:00+00:00,27.268,27.46,27.139,27.434,225.7819
2024-04-24 04:00:00+00:00,27.437,27.48,27.244,27.244,287.545
2024-04-24 08:00:00+00:00,27.253,27.298,27.016,27.111,191.4915
2024-04-24 12:00:00+00:00,27.115,27.386,27.03,27.202,641.4391
2024-04-24 16:00:00+00:00,27.202,27.312,27.156,27.213,334.8455
2024-04-24 20:00:00+00:00,27.217,27.226,27.121,27.185,95.53285
2024-04-25 00:00:00+00:00,27.186,27.314,26.965,27.084,254.5406
2024-04-25 04:00:00+00:00,27.085,27.431,27.044,27.404,285.4755
2024-04-25 08:00:00+00:00,27.412,27.479,27.32,27.396,273.6553
2024-04-25 12:00:00+00:00,27.396,27.571,27.106,27.295,1252.141
2024-04-25 16:00:00+00:00,27.292,27.446,27.252,27.404,322.1433
2024-04-25 20:00:00+00:00,27.408,27.434,27.335,27.344,46.0236
2024-04-26 00:00:00+00:00,27.348,27.476,27.25,27.474,235.0816
2024-04-26 04:00:00+00:00,27.476,27.718,27.457,27.669,318.0181
2024-04-26 08:00:00+00:00,27.671,27.724,27.506,27.562,288.3135
2024-04-26 12:00:00+00:00,27.563,27.672,27.07,27.233,796.46435
2024-04-26 16:00:00+00:00,27.237,27.345,27.15,27.212,208.2687
2024-04-26 20:00:00+00:00,27.213,27.22,27.134,27.196,17.3269
2024-04-28 20:00:00+00:00,27.172,27.225,27.123,27.198,59.07155
2024-04-29 00:00:00+00:00,27.196,27.255,26.926,27.238,578.7501
2024-04-29 04:00:00+00:00,27.23,27.317,27.138,27.312,629.19015
2024-04-29 08:00:00+00:00,27.314,27.424,27.269,27.302,423.3412
2024-04-29 12:00:00+00:00,27.304,27.36,26.985,27.263,1095.02595
2024-04-29 16:00:00+00:00,27.265,27.427,27.102,27.157,524.8719
2024-04-29 20:00:00+00:00,27.157,27.172,27.025,27.069,42.25735
2024-04-30 00:00:00+00:00,27.077,27.129,26.843,26.94,223.4693
2024-04-30 04:00:00+00:00,26.942,26.942,26.646,26.697,242.56575
2024-04-30 08:00:00+00:00,26.684,26.711,26.525,26.591,173.7719
2024-04-30 12:00:00+00:00,26.594,26.656,26.265,26.393,962.73101
2024-04-30 16:00:00+00:00,26.388,26.453,26.268,26.288,279.2766
2024-04-30 20:00:00+00:00,26.293,26.375,26.23,26.337,70.76315
2024-05-01 00:00:00+00:00,26.339,26.45,26.271,26.38,99.9846
2024-05-01 04:00:00+00:00,26.389,26.496,26.301,26.414,171.5123
2024-05-01 08:00:00+00:00,26.412,26.506,26.339,26.476,212.9395
2024-05-01 12:00:00+00:00,26.473,26.606,26.176,26.525,810.73815
2024-05-01 16:00:00+00:00,26.526,26.962,26.239,26.528,929.91909
2024-05-01 20:00:00+00:00,26.534,26.783,26.382,26.759,126.4994
2024-05-02 00:00:00+00:00,26.761,26.81,26.52,26.553,189.51
2024-05-02 04:00:00+00:00,26.562,26.634,26.435,26.447,173.6647
2024-05-02 08:00:00+00:00,26.449,26.5,26.132,26.288,267.77156
2024-05-02 12:00:00+00:00,26.288,26.757,26.003,26.512,843.6675
2024-05-02 16:00:00+00:00,26.512,26.712,26.471,26.651,298.9446
2024-05-02 20:00:00+00:00,26.648,26.711,26.597,26.666,66.8959
2024-05-03 00:00:00+00:00,26.671,26.761,26.571,26.63,160.3868
2024-05-03 04:00:00+00:00,26.634,26.739,26.495,26.538,153.0567
2024-05-03 08:00:00+00:00,26.533,26.598,26.406,26.454,146.1529
2024-05-03 12:00:00+00:00,26.454,26.874,26.105,26.308,1051.82223
2024-05-03 16:00:00+00:00,26.309,26.497,26.295,26.491,271.7672
2024-05-03 20:00:00+00:00,26.49,26.572,26.482,26.539,26.4215
2024-05-05 20:00:00+00:00,26.572,26.631,26.44,26.453,76.1734
2024-05-06 00:00:00+00:00,26.453,26.992,26.414,26.886,387.04325
2024-05-06 04:00:00+00:00,26.886,27.155,26.826,27.115,358.64265
2024-05-06 08:00:00+00:00,27.108,27.191,27.046,27.081,261.0294
2024-05-06 12:00:00+00:00,27.073,27.416,26.991,27.353,522.5123
2024-05-06 16:00:00+00:00,27.347,27.474,27.248,27.428,236.21709
2024-05-06 20:00:00+00:00,27.427,27.47,27.387,27.442,52.1705
2024-05-07 00:00:00+00:00,27.446,27.506,27.244,27.388,254.3428
2024-05-07 04:00:00+00:00,27.388,27.394,27.158,27.214,500.7384
2024-05-07 08:00:00+00:00,27.207,27.315,27.138,27.293,376.2273
2024-05-07 12:00:00+00:00,27.294,27.516,27.186,27.281,1123.56455
2024-05-07 16:00:00+00:00,27.279,27.338,27.205,27.267,297.4681
2024-05-07 20:00:00+00:00,27.258,27.268,27.19,27.241,33.1736
2024-05-08 00:00:00+00:00,27.232,27.378,27.067,27.339,252.3485
2024-05-08 04:00:00+00:00,27.336,27.427,27.075,27.075,152.0706
2024-05-08 08:00:00+00:00,27.082,27.282,26.997,27.256,217.8295
2024-05-08 12:00:00+00:00,27.254,27.47,27.146,27.455,439.076
2024-05-08 16:00:00+00:00,27.455,27.466,27.285,27.297,190.3404
2024-05-08 20:00:00+00:00,27.29,27.361,27.281,27.306,35.8973
2024-05-09 00:00:00+00:00,27.306,27.503,27.275,27.469,147.689
2024-05-09 04:00:00+00:00,27.458,27.703,27.457,27.558,208.2001
2024-05-09 08:00:00+00:00,27.556,27.719,27.543,27.703,136.1863
2024-05-09 12:00:00+00:00,27.701,28.191,27.593,28.1,867.411
2024-05-09 16:00:00+00:00,28.093,28.296,28.071,28.293,313.70955
2024-05-09 20:00:00+00:00,28.293,28.384,28.266,28.329,53.07955
2024-05-10 00:00:00+00:00,28.336,28.473,28.212,28.359,317.5767
2024-05-10 04:00:00+00:00,28.36,28.661,28.305,28.617,216.976
2024-05-10 08:00:00+00:00,28.618,28.761,28.554,28.562,294.2537
2024-05-10 12:00:00+00:00,28.562,28.64,28.03,28.234,696.59953
2024-05-10 16:00:00+00:00,28.225,28.314,28.178,28.198,193.7466
2024-05-10 20:00:00+00:00,28.197,28.204,28.136,28.146,13.4684
2024-05-12 20:00:00+00:00,28.181,28.206,28.104,28.163,27.7699
2024-05-13 00:00:00+00:00,28.164,28.226,27.951,28.098,259.1475
2024-05-13 04:00:00+00:00,28.098,28.156,27.962,28.126,235.4411
2024-05-13 08:00:00+00:00,28.125,28.233,28.035,28.203,189.0326
2024-05-13 12:00:00+00:00,28.196,28.377,28.054,28.182,568.9888
2024-05-13 16:00:00+00:00,28.185,28.268,28.182,28.236,218.87715
2024-05-13 20:00:00+00:00,28.23,28.293,28.143,28.265,25.9261
2024-05-14 00:00:00+00:00,28.264,28.415,28.198,28.398,233.6338
2024-05-14 04:00:00+00:00,28.406,28.488,28.232,28.342,244.2855
2024-05-14 08:00:00+00:00,28.346,28.487,28.287,28.346,180.2375
2024-05-14 12:00:00+00:00,28.347,28.734,27.98,28.378,732.223
2024-05-14 16:00:00+00:00,28.371,28.623,28.317,28.597,193.1583
2024-05-14 20:00:00+00:00,28.591,28.623,28.554,28.595,44.7109
2024-05-15 00:00:00+00:00,28.6,28.631,28.421,28.578,251.898
2024-05-15 04:00:00+00:00,28.58,28.687,28.501,28.636,347.90455
2024-05-15 08:00:00+00:00,28.641,28.918,28.638,28.768,390.9427
2024-05-15 12:00:00+00:00,28.769,29.426,28.504,29.283,1374.27863
2024-05-15 16:00:00+00:00,29.279,29.73,29.267,29.671,501.40684
2024-05-15 20:00:00+00:00,29.675,29.806,29.601,29.723,76.019
2024-05-16 00:00:00+00:00,29.716,29.84,29.46,29.527,365.085
2024-05-16 04:00:00+00:00,29.535,29.649,29.406,29.634,298.5661
2024-05-16 08:00:00+00:00,29.629,29.721,29.468,29.653,293.14655
2024-05-16 12:00:00+00:00,29.653,29.72,29.314,29.685,721.6085
2024-05-16 16:00:00+00:00,29.687,29.714,29.58,29.597,201.1501
2024-05-16 20:00:00+00:00,29.595,29.727,29.454,29.663,54.28735
2024-05-17 00:00:00+00:00,29.653,29.706,29.44,29.51,276.6037
2024-05-17 04:00:00+00:00,29.51,29.797,29.465,29.713,254.2584
2024-05-17 08:00:00+00:00,29.72,29.783,29.61,29.777,198.491
2024-05-17 12:00:00+00:00,29.776,30.805,29.7,30.62,1123.81414
2024-05-17 16:00:00+00:00,30.618,31.549,30.615,31.502,507.05475
2024-05-17 20:00:00+00:00,31.5,31.589,31.371,31.503,57.10038
2024-05-19 20:00:00+00:00,31.529,31.66,31.276,31.417,123.77385
2024-05-20 00:00:00+00:00,31.424,32.504,31.317,32.318,438.9566
2024-05-20 04:00:00+00:00,32.317,32.383,31.605,31.944,404.0299
2024-05-20 08:00:00+00:00,31.946,32.1,31.356,31.507,355.12806
2024-05-20 12:00:00+00:00,31.502,32.046,30.928,31.99,889.47338
2024-05-20 16:00:00+00:00,31.99,32.326,31.704,31.72,353.58055
2024-05-20 20:00:00+00:00,31.718,31.874,31.45,31.747,73.56068
2024-05-21 00:00:00+00:00,31.758,32.493,31.061,31.391,475.28125
2024-05-21 04:00:00+00:00,31.388,31.732,31.199,31.649,295.2056
2024-05-21 08:00:00+00:00,31.653,31.822,31.442,31.819,238.5643
2024-05-21 12:00:00+00:00,31.818,32.275,31.464,31.732,740.56001
2024-05-21 16:00:00+00:00,31.732,32.055,31.532,32.032,253.95595
2024-05-21 20:00:00+00:00,32.026,32.059,31.852,32.014,10.93575
2024-05-22 00:00:00+00:00,32.021,32.185,31.596,31.674,75.1485
2024-05-22 04:00:00+00:00,31.673,31.892,31.577,31.837,74.748
2024-05-22 08:00:00+00:00,31.835,31.906,31.375,31.527,289.25685
2024-05-22 12:00:00+00:00,31.535,31.807,31.084,31.329,951.8323
2024-05-22 16:00:00+00:00,31.324,31.393,30.742,30.855,459.31975
2024-05-22 20:00:00+00:00,30.859,30.948,30.701,30.899,100.70931
2024-05-23 00:00:00+00:00,30.902,30.973,30.231,30.522,468.1989
2024-05-23 04:00:00+00:00,30.523,30.562,30.147,30.282,496.40159
2024-05-23 08:00:00+00:00,30.291,30.647,30.235,30.606,349.626
2024-05-23 12:00:00+00:00,30.613,30.936,30.166,30.433,927.818
2024-05-23 16:00:00+00:00,30.429,30.518,30.052,30.128,360.4076
2024-05-23 20:00:00+00:00,30.125,30.215,29.923,30.148,57.10695
2024-05-24 00:00:00+00:00,30.15,30.411,30.035,30.224,387.968
2024-05-24 04:00:00+00:00,30.229,30.566,30.224,30.362,324.4804
2024-05-24 08:00:00+00:00,30.363,30.596,30.27,30.481,247.2341
2024-05-24 12:00:00+00:00,30.485,30.617,30.25,30.284,537.8758
2024-05-24 16:00:00+00:00,30.285,30.394,30.204,30.346,193.39555
2024-05-24 20:00:00+00:00,30.346,30.365,30.312,30.336,12.3755
2024-05-26 20:00:00+00:00,30.352,30.58,30.341,30.51,68.0906
2024-05-27 00:00:00+00:00,30.513,30.854,30.41,30.814,243.58765
2024-05-27 04:00:00+00:00,30.808,30.91,30.708,30.757,282.89296
2024-05-27 08:00:00+00:00,30.768,30.883,30.753,30.844,137.69448
2024-05-27 12:00:00+00:00,30.848,31.805,30.814,31.661,571.4966
2024-05-27 16:00:00+00:00,31.661,31.843,31.6,31.636,179.2854
2024-05-27 20:00:00+00:00,31.589,31.66,31.582,31.624,33.506
2024-05-28 00:00:00+00:00,31.623,31.875,31.612,31.742,321.4835
2024-05-28 04:00:00+00:00,31.731,31.792,31.23,31.489,435.21429
2024-05-28 08:00:00+00:00,31.487,31.658,31.375,31.623,312.9381
2024-05-28 12:00:00+00:00,31.619,32.239,31.391,32.017,1085.14218
2024-05-28 16:00:00+00:00,32.014,32.102,31.791,32.008,311.848
2024-05-28 20:00:00+00:00,32.004,32.116,31.929,32.041,59.362
2024-05-29 00:00:00+00:00,32.042,32.175,31.81,32.089,371.76
2024-05-29 04:00:00+00:00,32.091,32.292,31.982,32.065,549.06945
2024-05-29 08:00:00+00:00,32.068,32.168,31.847,31.954,500.31415
2024-05-29 12:00:00+00:00,31.954,32.118,31.592,32.062,857.67521
2024-05-29 16:00:00+00:00,32.06,32.241,31.918,31.939,383.28895
2024-05-29 20:00:00+00:00,31.933,32.052,31.862,32.012,55.5525
2024-05-30 00:00:00+00:00,32.009,32.085,31.264,31.592,526.1637
2024-05-30 04:00:00+00:00,31.598,31.732,31.138,31.472,608.23285
2024-05-30 08:00:00+00:00,31.475,31.587,31.279,31.29,534.70475
2024-05-30 12:00:00+00:00,31.285,31.795,31.127,31.338,1174.50907
2024-05-30 16:00:00+00:00,31.338,31.4,30.996,31.103,306.8069
2024-05-30 20:00:00+00:00,31.1,31.219,31.067,31.172,77.0143
2024-05-31 00:00:00+00:00,31.169,31.186,30.76,30.948,466.9765
2024-05-31 04:00:00+00:00,30.947,31.228,30.846,31.072,394.44945
2024-05-31 08:00:00+00:00,31.067,31.336,31.046,31.258,294.8047
2024-05-31 12:00:00+00:00,31.257,31.759,30.234,30.287,1219.5057
2024-05-31 16:00:00+00:00,30.287,30.491,30.178,30.365,414.5346
2024-05-31 20:00:00+00:00,30.365,30.412,30.33,30.385,19.076
2024-06-02 20:00:00+00:00,30.423,30.503,30.333,30.387,70.4183
2024-06-03 00:00:00+00:00,30.389,30.626,30.101,30.15,510.8011
2024-06-03 04:00:00+00:00,30.147,30.283,29.766,30.205,664.78845
2024-06-03 08:00:00+00:00,30.202,30.461,30.144,30.381,462.13935
2024-06-03 12:00:00+00:00,30.378,30.607,30.132,30.504,1184.03
2024-06-03 16:00:00+00:00,30.499,30.798,30.412,30.534,409.25724
2024-06-03 20:00:00+00:00,30.536,30.76,30.525,30.726,65.7545
2024-06-04 00:00:00+00:00,30.728,30.881,30.512,30.556,389.39635
2024-06-04 04:00:00+00:00,30.556,30.791,30.236,30.261,405.06115
2024-06-04 08:00:00+00:00,30.263,30.263,29.561,29.71,853.89695
2024-06-04 12:00:00+00:00,29.715,30.061,29.365,29.512,1328.30993
2024-06-04 16:00:00+00:00,29.518,29.619,29.366,29.541,377.64675
2024-06-04 20:00:00+00:00,29.554,29.573,29.462,29.562,33.8283
2024-06-05 00:00:00+00:00,29.57,29.769,29.43,29.684,290.94385
2024-06-05 04:00:00+00:00,29.687,29.795,29.376,29.495,331.46248
2024-06-05 08:00:00+00:00,29.505,29.632,29.454,29.552,300.79145
2024-06-05 12:00:00+00:00,29.549,29.949,29.42,29.894,955.23019
2024-06-05 16:00:00+00:00,29.891,30.039,29.865,29.989,240.70165
2024-06-05 20:00:00+00:00,29.989,30.05,29.941,30.001,46.5557
2024-06-06 00:00:00+00:00,30.002,30.611,29.959,30.409,418.87576
2024-06-06 04:00:00+00:00,30.409,30.501,30.25,30.326,269.5592
2024-06-06 08:00:00+00:00,30.326,30.356,30.242,30.305,226.38305
2024-06-06 12:00:00+00:00,30.306,31.213,30.1,31.142,905.28109
2024-06-06 16:00:00+00:00,31.144,31.338,31.02,31.242,343.12145
2024-06-06 20:00:00+00:00,31.242,31.374,31.236,31.328,49.1845
2024-06-07 00:00:00+00:00,31.323,31.444,31.055,31.317,416.1181
2024-06-07 04:00:00+00:00,31.322,31.54,31.087,31.216,442.2434
2024-06-07 08:00:00+00:00,31.204,31.221,30.194,30.43,703.23785
2024-06-07 12:00:00+00:00,30.426,30.433,29.258,29.27,1077.6984
2024-06-07 16:00:00+00:00,29.273,29.454,29.114,29.166,367.43215
2024-06-07 20:00:00+00:00,29.17,29.217,29.104,29.161,50.2613
2024-06-09 20:00:00+00:00,29.182,29.33,29.113,29.315,68.496
2024-06-10 00:00:00+00:00,29.316,29.555,29.23,29.381,168.03455
2024-06-10 04:00:00+00:00,29.38,29.659,29.337,29.652,378.55625
2024-06-10 08:00:00+00:00,29.655,29.761,29.594,29.761,282.26885
2024-06-10 12:00:00+00:00,29.76,29.805,29.381,29.657,556.70499
2024-06-10 16:00:00+00:00,29.665,29.812,29.643,29.693,199.01465
2024-06-10 20:00:00+00:00,29.692,29.863,29.663,29.704,41.9464
2024-06-11 00:00:00+00:00,29.706,29.716,29.019,29.218,463.4918
2024-06-11 04:00:00+00:00,29.219,29.261,29.037,29.221,319.27345
2024-06-11 08:00:00+00:00,29.219,29.291,29.122,29.228,312.03203
2024-06-11 12:00:00+00:00,29.224,29.541,29.058,29.085,785.5561
2024-06-11 16:00:00+00:00,29.085,29.251,29.084,29.218,185.9285
2024-06-11 20:00:00+00:00,29.222,29.313,29.202,29.288,40.1112
2024-06-12 00:00:00+00:00,29.296,29.477,29.174,29.435,273.6318
2024-06-12 04:00:00+00:00,29.43,29.48,29.301,29.375,182.85685
2024-06-12 08:00:00+00:00,29.372,29.425,29.314,29.363,199.6956
2024-06-12 12:00:00+00:00,29.365,30.246,29.32,30.105,1120.5275
2024-06-12 16:00:00+00:00,30.107,30.172,29.485,29.59,777.0094
2024-06-12 20:00:00+00:00,29.591,29.735,29.525,29.525,79.8981
2024-06-13 00:00:00+00:00,29.53,29.648,28.828,29.155,469.79675
2024-06-13 04:00:00+00:00,29.144,29.38,29.082,29.303,331.41305
2024-06-13 08:00:00+00:00,29.294,29.393,28.996,29.105,295.1873
2024-06-13 12:00:00+00:00,29.101,29.48,28.71,28.739,812.68565
2024-06-13 16:00:00+00:00,28.736,29.011,28.644,28.933,237.3972
2024-06-13 20:00:00+00:00,28.933,28.968,28.892,28.904,34.1374
2024-06-14 00:00:00+00:00,28.906,29.095,28.82,28.978,298.0389
2024-06-14 04:00:00+00:00,28.977,29.119,28.861,29.076,367.69045
2024-06-14 08:00:00+00:00,29.078,29.377,29.001,29.267,363.7013
2024-06-14 12:00:00+00:00,29.267,29.272,29.005,29.153,614.416
2024-06-14 16:00:00+00:00,29.154,29.573,29.143,29.567,298.7247
2024-06-14 20:00:00+00:00,29.569,29.573,29.525,29.54,14.723
2024-06-16 20:00:00+00:00,29.551,29.562,29.466,29.491,31.6378
2024-06-17 00:00:00+00:00,29.492,29.548,29.169,29.219,353.66845
2024-06-17 04:00:00+00:00,29.22,29.255,29.01,29.079,336.87345
2024-06-17 08:00:00+00:00,29.081,29.283,29.056,29.233,380.58715
2024-06-17 12:00:00+00:00,29.234,29.55,29.075,29.163,783.71549
2024-06-17 16:00:00+00:00,29.168,29.487,29.165,29.459,159.36588
2024-06-17 20:00:00+00:00,29.461,29.513,29.413,29.488,33.5138
2024-06-18 00:00:00+00:00,29.487,29.668,29.353,29.486,295.7104
2024-06-18 04:00:00+00:00,29.486,29.502,29.209,29.216,255.1261
2024-06-18 08:00:00+00:00,29.217,29.218,29.049,29.193,234.51205
2024-06-18 12:00:00+00:00,29.191,29.501,28.912,29.381,699.05365
2024-06-18 16:00:00+00:00,29.381,29.568,29.377,29.52,196.5207
2024-06-18 20:00:00+00:00,29.518,29.553,29.466,29.514,30.1838
2024-06-19 00:00:00+00:00,29.519,29.538,29.349,29.415,159.321
2024-06-19 04:00:00+00:00,29.416,29.574,29.333,29.569,199.9026
2024-06-19 08:00:00+00:00,29.569,29.65,29.434,29.494,187.50515
2024-06-19 12:00:00+00:00,29.502,29.659,29.38,29.648,407.48435
2024-06-19 16:00:00+00:00,29.647,29.78,29.642,29.707,93.17865
2024-06-19 20:00:00+00:00,29.753,29.789,29.519,29.754,24.1669
2024-06-20 00:00:00+00:00,29.759,30.247,29.739,30.185,330.95559
2024-06-20 04:00:00+00:00,30.189,30.484,30.174,30.254,348.06689
2024-06-20 08:00:00+00:00,30.248,30.31,30.152,30.297,268.20379
2024-06-20 12:00:00+00:00,30.299,30.758,30.011,30.583,842.01705
2024-06-20 16:00:00+00:00,30.581,30.783,30.538,30.67,210.62544
2024-06-20 20:00:00+00:00,30.672,30.786,30.651,30.754,50.1393
2024-06-21 00:00:00+00:00,30.752,30.843,30.453,30.606,312.4016
2024-06-21 04:00:00+00:00,30.604,30.669,30.225,30.354,284.32769
2024-06-21 08:00:00+00:00,30.354,30.559,30.336,30.536,240.94755
2024-06-21 12:00:00+00:00,30.539,30.56,29.527,29.713,920.55015
2024-06-21 16:00:00+00:00,29.713,29.736,29.456,29.523,268.5718
2024-06-21 20:00:00+00:00,29.525,29.539,29.469,29.526,12.5841
2024-06-23 20:00:00+00:00,29.518,29.532,29.332,29.385,55.0943
2024-06-24 00:00:00+00:00,29.386,29.629,29.33,29.525,541.22925
2024-06-24 04:00:00+00:00,29.533,29.7,29.473,29.685,406.95805
2024-06-24 08:00:00+00:00,29.68,29.715,29.527,29.622,281.8476
2024-06-24 12:00:00+00:00,29.614,29.705,29.432,29.462,539.46135
2024-06-24 16:00:00+00:00,29.454,29.608,29.421,29.541,183.22731
2024-06-24 20:00:00+00:00,29.527,29.578,29.49,29.532,38.7163
2024-06-25 00:00:00+00:00,29.528,29.568,29.238,29.438,310.95315
2024-06-25 04:00:00+00:00,29.439,29.657,29.407,29.452,236.51295
2024-06-25 08:00:00+00:00,29.445,29.647,29.38,29.484,194.5196
2024-06-25 12:00:00+00:00,29.482,29.613,28.885,29.023,592.29895
2024-06-25 16:00:00+00:00,29.023,29.045,28.83,28.899,161.1339
2024-06-25 20:00:00+00:00,28.892,28.969,28.856,28.86,38.51406
2024-06-26 00:00:00+00:00,28.862,28.975,28.688,28.914,332.58685
2024-06-26 04:00:00+00:00,28.909,28.977,28.769,28.956,300.4202
2024-06-26 08:00:00+00:00,28.97,29.065,28.773,28.92,284.56915
2024-06-26 12:00:00+00:00,28.923,29.048,28.558,28.851,686.26285
2024-06-26 16:00:00+00:00,28.858,28.943,28.71,28.789,222.23955
2024-06-26 20:00:00+00:00,28.785,28.79,28.667,28.709,32.3775
2024-06-27 00:00:00+00:00,28.708,28.821,28.678,28.763,220.2967
2024-06-27 04:00:00+00:00,28.761,28.804,28.678,28.759,214.19885
2024-06-27 08:00:00+00:00,28.758,28.938,28.697,28.911,231.6914
2024-06-27 12:00:00+00:00,28.915,29.242,28.904,28.986,661.90907
2024-06-27 16:00:00+00:00,28.982,28.996,28.851,28.943,168.8043
2024-06-27 20:00:00+00:00,28.942,29.0,28.927,28.999,28.3616
2024-06-28 00:00:00+00:00,28.996,29.14,28.76,29.068,326.6967
2024-06-28 04:00:00+00:00,29.064,29.268,28.971,29.208,260.36385
2024-06-28 08:00:00+00:00,29.206,29.38,29.164,29.311,232.26176
2024-06-28 12:00:00+00:00,29.309,29.618,29.07,29.257,728.10742
2024-06-28 16:00:00+00:00,29.26,29.302,29.057,29.102,184.3135
2024-06-28 20:00:00+00:00,29.1,29.138,29.061,29.122,10.3528
2024-06-30 20:00:00+00:00,29.101,29.158,29.046,29.086,38.4335
2024-07-01 00:00:00+00:00,29.087,29.162,28.958,29.093,296.5509
2024-07-01 04:00:00+00:00,29.097,29.177,28.948,29.067,261.4212
2024-07-01 08:00:00+00:00,29.056,29.317,29.055,29.307,228.77305
2024-07-01 12:00:00+00:00,29.295,29.472,29.119,29.249,705.99102
2024-07-01 16:00:00+00:00,29.25,29.426,29.22,29.403,140.76705
2024-07-01 20:00:00+00:00,29.4,29.486,29.397,29.455,29.36
2024-07-02 00:00:00+00:00,29.451,29.471,29.277,29.283,211.9473
2024-07-02 04:00:00+00:00,29.278,29.426,29.22,29.327,178.88605
2024-07-02 08:00:00+00:00,29.321,29.372,29.201,29.233,194.363
2024-07-02 12:00:00+00:00,29.239,29.813,29.191,29.438,828.1049
2024-07-02 16:00:00+00:00,29.439,29.558,29.306,29.537,154.72465
2024-07-02 20:00:00+00:00,29.536,29.598,29.443,29.576,33.4921
2024-07-03 00:00:00+00:00,29.575,29.633,29.464,29.625,148.9467
2024-07-03 04:00:00+00:00,29.629,30.165,29.621,30.135,266.507
2024-07-03 08:00:00+00:00,30.131,30.204,29.999,30.154,256.06505
2024-07-03 12:00:00+00:00,30.156,30.663,30.156,30.562,826.1743
2024-07-03 16:00:00+00:00,30.562,30.573,30.41,30.44,174.7662
2024-07-03 20:00:00+00:00,30.437,30.543,30.423,30.514,26.4961
2024-07-04 00:00:00+00:00,30.519,30.577,30.348,30.371,187.2827
2024-07-04 04:00:00+00:00,30.366,30.435,30.191,30.341,220.52835
2024-07-04 08:00:00+00:00,30.341,30.427,30.302,30.307,129.807
2024-07-04 12:00:00+00:00,30.312,30.518,30.241,30.401,292.65805
2024-07-04 16:00:00+00:00,30.401,30.431,30.12,30.122,34.55385
2024-07-04 20:00:00+00:00,30.374,30.385,30.312,30.36,32.2277
2024-07-05 00:00:00+00:00,30.36,30.593,30.345,30.537,222.6709
2024-07-05 04:00:00+00:00,30.535,30.686,30.493,30.577,221.7102
2024-07-05 08:00:00+00:00,30.58,30.632,30.503,30.608,190.8406
2024-07-05 12:00:00+00:00,30.604,31.383,29.9,31.375,1091.53255
2024-07-05 16:00:00+00:00,31.373,31.481,31.174,31.207,335.09305
2024-07-05 20:00:00+00:00,31.2,31.227,31.131,31.21,10.4943
2024-07-07 20:00:00+00:00,31.133,31.257,31.072,31.1,56.9463
2024-07-08 00:00:00+00:00,31.098,31.361,30.972,31.053,361.82325
2024-07-08 04:00:00+00:00,31.054,31.102,30.812,30.959,300.33155
2024-07-08 08:00:00+00:00,30.961,31.065,30.866,31.064,257.7256
2024-07-08 12:00:00+00:00,31.057,31.218,30.545,30.634,672.30735
2024-07-08 16:00:00+00:00,30.626,30.811,30.422,30.794,201.1868
2024-07-08 20:00:00+00:00,30.792,30.866,30.72,30.847,28.876
2024-07-09 00:00:00+00:00,30.844,30.976,30.787,30.971,290.12094
2024-07-09 04:00:00+00:00,30.972,31.098,30.903,30.969,239.57865
2024-07-09 08:00:00+00:00,30.969,31.14,30.912,31.023,166.456
2024-07-09 12:00:00+00:00,31.023,31.122,30.497,30.762,893.87829
2024-07-09 16:00:00+00:00,30.763,30.846,30.712,30.789,241.4164
2024-07-09 20:00:00+00:00,30.79,30.822,30.505,30.793,32.2796
2024-07-10 00:00:00+00:00,30.79,30.97,30.743,30.811,250.7556
2024-07-10 04:00:00+00:00,30.809,30.965,30.659,30.921,236.4795
2024-07-10 08:00:00+00:00,30.918,31.063,30.883,31.047,188.3068
2024-07-10 12:00:00+00:00,31.047,31.157,30.755,30.89,668.36402
2024-07-10 16:00:00+00:00,30.891,30.95,30.635,30.819,245.3639
2024-07-10 20:00:00+00:00,30.821,30.85,30.633,30.85,21.0054
2024-07-11 00:00:00+00:00,30.85,31.022,30.806,31.005,181.6202
2024-07-11 04:00:00+00:00,31.005,31.097,30.864,30.913,168.68975
2024-07-11 08:00:00+00:00,30.92,31.073,30.867,30.91,152.27055
2024-07-11 12:00:00+00:00,30.908,31.744,30.874,31.402,1022.47511
2024-07-11 16:00:00+00:00,31.401,31.512,31.274,31.427,164.87362
2024-07-11 20:00:00+00:00,31.427,31.449,31.341,31.389,58.9505
2024-07-12 00:00:00+00:00,31.387,31.394,31.137,31.183,313.3515
2024-07-12 04:00:00+00:00,31.183,31.219,30.645,30.729,381.3835
2024-07-12 08:00:00+00:00,30.73,30.871,30.648,30.727,313.76476
2024-07-12 12:00:00+00:00,30.727,30.976,30.373,30.9,873.78637
2024-07-12 16:00:00+00:00,30.896,30.995,30.747,30.782,176.5317
2024-07-12 20:00:00+00:00,30.767,30.791,30.722,30.775,8.4048
2024-07-14 20:00:00+00:00,30.761,30.813,30.524,30.618,86.0742
2024-07-15 00:00:00+00:00,30.621,30.938,30.546,30.924,282.1674
2024-07-15 04:00:00+00:00,30.926,31.0,30.575,30.697,345.3295
2024-07-15 08:00:00+00:00,30.7,30.825,30.637,30.778,292.6057
2024-07-15 12:00:00+00:00,30.772,31.081,30.509,30.942,989.4498
2024-07-15 16:00:00+00:00,30.93,31.089,30.598,30.675,387.8069
2024-07-15 20:00:00+00:00,30.681,30.693,30.582,30.609,32.0554
2024-07-16 00:00:00+00:00,30.602,30.865,30.547,30.809,248.92445
2024-07-16 04:00:00+00:00,30.806,30.874,30.726,30.797,215.02854
2024-07-16 08:00:00+00:00,30.791,30.903,30.66,30.798,218.88244
2024-07-16 12:00:00+00:00,30.798,31.394,30.471,31.327,803.41867
2024-07-16 16:00:00+00:00,31.326,31.347,31.109,31.312,208.32224
2024-07-16 20:00:00+00:00,31.313,31.335,31.198,31.256,49.2652
2024-07-17 00:00:00+00:00,31.26,31.422,31.013,31.079,402.95095
2024-07-17 04:00:00+00:00,31.079,31.133,30.714,30.925,388.18415
2024-07-17 08:00:00+00:00,30.925,31.043,30.85,30.973,422.52065
2024-07-17 12:00:00+00:00,30.973,31.056,30.146,30.294,1055.6603
2024-07-17 16:00:00+00:00,30.302,30.33,30.03,30.286,349.9444
2024-07-17 20:00:00+00:00,30.288,30.397,30.198,30.38,44.3741
2024-07-18 00:00:00+00:00,30.374,30.443,30.228,30.402,280.3561
2024-07-18 04:00:00+00:00,30.402,30.542,30.338,30.494,243.26285
2024-07-18 08:00:00+00:00,30.494,30.588,30.355,30.363,199.67016
2024-07-18 12:00:00+00:00,30.367,30.453,29.992,30.002,640.00035
2024-07-18 16:00:00+00:00,29.991,30.1,29.732,29.785,320.8894
2024-07-18 20:00:00+00:00,29.784,29.844,29.72,29.721,53.6277
2024-07-19 00:00:00+00:00,29.718,29.726,29.369,29.656,469.2149
2024-07-19 04:00:00+00:00,29.656,29.673,29.175,29.279,376.27505
2024-07-19 08:00:00+00:00,29.281,29.364,29.031,29.076,292.58435
2024-07-19 12:00:00+00:00,29.079,29.281,28.859,29.217,792.18995
2024-07-19 16:00:00+00:00,29.218,29.236,29.065,29.212,159.288
2024-07-19 20:00:00+00:00,29.208,29.226,29.036,29.212,12.3771
2024-07-21 20:00:00+00:00,29.188,29.42,29.146,29.408,57.2897
2024-07-22 00:00:00+00:00,29.407,29.41,29.051,29.132,307.7506
2024-07-22 04:00:00+00:00,29.132,29.148,28.893,29.032,305.3858
2024-07-22 08:00:00+00:00,29.031,29.132,28.875,28.88,190.76435
2024-07-22 12:00:00+00:00,28.884,29.021,28.734,28.964,631.30359
2024-07-22 16:00:00+00:00,28.966,29.187,28.966,29.171,181.1371
2024-07-22 20:00:00+00:00,29.167,29.171,29.018,29.063,33.9394
2024-07-23 00:00:00+00:00,29.068,29.294,28.954,29.018,299.9465
2024-07-23 04:00:00+00:00,29.012,29.032,28.65,28.825,401.71315
2024-07-23 08:00:00+00:00,28.832,29.139,28.807,29.047,336.99655
2024-07-23 12:00:00+00:00,29.053,29.203,28.921,29.087,600.04415
2024-07-23 16:00:00+00:00,29.083,29.222,29.038,29.206,170.19115
2024-07-23 20:00:00+00:00,29.204,29.238,29.15,29.188,41.2961
2024-07-24 00:00:00+00:00,29.189,29.358,29.06,29.296,340.4902
2024-07-24 04:00:00+00:00,29.298,29.364,29.18,29.238,275.6717
2024-07-24 08:00:00+00:00,29.241,29.38,29.14,29.357,229.79365
2024-07-24 12:00:00+00:00,29.352,29.444,29.17,29.285,542.42555
2024-07-24 16:00:00+00:00,29.28,29.288,28.925,28.937,274.1544
2024-07-24 20:00:00+00:00,28.934,28.945,28.79,28.879,77.3084
2024-07-25 00:00:00+00:00,28.885,28.902,27.788,27.9,739.83214
2024-07-25 04:00:00+00:00,27.9,28.107,27.725,27.908,454.1599
2024-07-25 08:00:00+00:00,27.906,28.029,27.495,27.556,554.9257
2024-07-25 12:00:00+00:00,27.559,27.974,27.398,27.9,1148.60548
2024-07-25 16:00:00+00:00,27.889,27.967,27.725,27.825,318.83335
2024-07-25 20:00:00+00:00,27.824,27.861,27.758,27.824,50.6905
2024-07-26 00:00:00+00:00,27.829,28.064,27.604,27.777,362.8548
2024-07-26 04:00:00+00:00,27.776,27.889,27.575,27.668,314.9304
2024-07-26 08:00:00+00:00,27.663,27.803,27.66,27.753,204.80815
2024-07-26 12:00:00+00:00,27.751,27.929,27.599,27.806,784.43506
2024-07-26 16:00:00+00:00,27.809,27.95,27.755,27.893,168.34798
2024-07-26 20:00:00+00:00,27.895,27.936,27.863,27.897,12.98705
2024-07-28 20:00:00+00:00,27.886,28.128,27.854,28.11,77.591
2024-07-29 00:00:00+00:00,28.106,28.186,27.883,28.085,330.90505
2024-07-29 04:00:00+00:00,28.085,28.167,27.951,28.002,241.5861
2024-07-29 08:00:00+00:00,28.001,28.169,27.924,28.024,272.20705
2024-07-29 12:00:00+00:00,28.021,28.072,27.296,27.548,693.66595
2024-07-29 16:00:00+00:00,27.554,27.905,27.517,27.865,228.47785
2024-07-29 20:00:00+00:00,27.866,27.894,27.803,27.811,38.75792
2024-07-30 00:00:00+00:00,27.816,27.886,27.619,27.83,286.6116
2024-07-30 04:00:00+00:00,27.832,27.98,27.831,27.931,281.979
2024-07-30 08:00:00+00:00,27.931,27.989,27.761,27.778,203.15725
2024-07-30 12:00:00+00:00,27.784,28.128,27.596,27.968,621.78356
2024-07-30 16:00:00+00:00,27.966,28.405,27.952,28.297,307.8898
2024-07-30 20:00:00+00:00,28.292,28.403,28.289,28.343,59.9986
2024-07-31 00:00:00+00:00,28.339,28.623,28.23,28.586,417.1226
2024-07-31 04:00:00+00:00,28.591,28.684,28.496,28.546,330.0208
2024-07-31 08:00:00+00:00,28.547,28.682,28.45,28.678,244.1905
2024-07-31 12:00:00+00:00,28.683,28.874,28.58,28.78,705.87405
2024-07-31 16:00:00+00:00,28.777,29.03,28.558,28.92,539.03671
2024-07-31 20:00:00+00:00,28.92,29.087,28.91,29.034,86.4594
2024-08-01 00:00:00+00:00,29.032,29.151,28.776,28.887,498.8654
2024-08-01 04:00:00+00:00,28.882,28.996,28.801,28.809,419.2454
2024-08-01 08:00:00+00:00,28.809,28.99,28.719,28.939,258.28644
2024-08-01 12:00:00+00:00,28.943,29.13,28.374,28.429,881.39151
2024-08-01 16:00:00+00:00,28.433,28.521,28.207,28.51,384.08268
2024-08-01 20:00:00+00:00,28.509,28.536,28.411,28.492,90.1124
2024-08-02 00:00:00+00:00,28.497,28.929,28.164,28.775,551.8992
2024-08-02 04:00:00+00:00,28.775,28.988,28.747,28.891,426.89685
2024-08-02 08:00:00+00:00,28.893,28.97,28.837,28.888,254.34895
2024-08-02 12:00:00+00:00,28.89,29.218,27.933,28.322,1465.23987
2024-08-02 16:00:00+00:00,28.319,28.542,28.233,28.525,578.87843
2024-08-02 20:00:00+00:00,28.525,28.574,28.488,28.562,21.3878
2024-08-04 20:00:00+00:00,28.541,28.623,28.423,28.499,92.4197
2024-08-05 00:00:00+00:00,28.498,28.623,27.993,28.581,841.028
2024-08-05 04:00:00+00:00,28.584,28.664,28.015,28.114,872.62925
2024-08-05 08:00:00+00:00,28.109,28.12,26.564,26.67,789.51275
2024-08-05 12:00:00+00:00,26.675,27.412,26.487,27.164,1608.2981
2024-08-05 16:00:00+00:00,27.162,27.329,27.013,27.206,515.6582
2024-08-05 20:00:00+00:00,27.207,27.284,27.174,27.244,104.6974
2024-08-06 00:00:00+00:00,27.249,27.561,27.128,27.235,556.989
2024-08-06 04:00:00+00:00,27.234,27.295,26.587,26.936,641.27477
2024-08-06 08:00:00+00:00,26.938,27.104,26.899,27.021,441.4751
2024-08-06 12:00:00+00:00,27.02,27.251,26.645,27.08,945.18125
2024-08-06 16:00:00+00:00,27.088,27.204,26.982,26.995,254.2023
2024-08-06 20:00:00+00:00,26.998,27.001,26.75,26.817,75.0381
2024-08-07 00:00:00+00:00,26.82,27.148,26.778,27.097,538.2581
2024-08-07 04:00:00+00:00,27.095,27.258,26.836,26.89,425.78395
2024-08-07 08:00:00+00:00,26.887,27.152,26.842,27.118,383.6466
2024-08-07 12:00:00+00:00,27.121,27.145,26.835,26.959,604.69482
2024-08-07 16:00:00+00:00,26.96,26.975,26.567,26.659,303.54205
2024-08-07 20:00:00+00:00,26.658,26.75,26.395,26.637,106.31946
2024-08-08 00:00:00+00:00,26.635,26.948,26.601,26.92,440.2391
2024-08-08 04:00:00+00:00,26.922,26.957,26.737,26.814,392.1996
2024-08-08 08:00:00+00:00,26.819,27.08,26.771,27.049,326.53175
2024-08-08 12:00:00+00:00,27.05,27.596,26.904,27.404,972.2538
2024-08-08 16:00:00+00:00,27.403,27.59,27.392,27.41,345.62829
2024-08-08 20:00:00+00:00,27.414,27.546,27.405,27.531,83.5533
2024-08-09 00:00:00+00:00,27.533,27.753,27.413,27.638,420.9893
2024-08-09 04:00:00+00:00,27.636,27.669,27.399,27.478,401.9024
2024-08-09 08:00:00+00:00,27.486,27.601,27.425,27.48,278.49325
2024-08-09 12:00:00+00:00,27.476,27.654,27.242,27.417,728.41838
2024-08-09 16:00:00+00:00,27.415,27.535,27.345,27.394,200.39488
2024-08-09 20:00:00+00:00,27.389,27.464,27.384,27.437,14.0974
2024-08-11 20:00:00+00:00,27.453,27.468,27.283,27.323,54.3236
2024-08-12 00:00:00+00:00,27.327,27.453,27.209,27.371,238.571
2024-08-12 04:00:00+00:00,27.368,27.935,27.359,27.919,289.35505
2024-08-12 08:00:00+00:00,27.924,27.991,27.801,27.882,212.1756
2024-08-12 12:00:00+00:00,27.883,27.941,27.518,27.877,803.79155
2024-08-12 16:00:00+00:00,27.876,28.032,27.835,27.928,301.92765
2024-08-12 20:00:00+00:00,27.931,28.013,27.916,28.002,61.9957
2024-08-13 00:00:00+00:00,28.002,28.04,27.651,27.702,357.0376
2024-08-13 04:00:00+00:00,27.701,27.808,27.614,27.773,282.793
2024-08-13 08:00:00+00:00,27.771,27.814,27.661,27.786,273.3002
2024-08-13 12:00:00+00:00,27.78,27.864,27.436,27.623,886.91321
2024-08-13 16:00:00+00:00,27.614,27.855,27.611,27.839,230.43319
2024-08-13 20:00:00+00:00,27.827,27.875,27.75,27.828,59.49491
2024-08-14 00:00:00+00:00,27.834,27.993,27.533,27.696,437.4953
2024-08-14 04:00:00+00:00,27.692,27.926,27.66,27.867,360.3585
2024-08-14 08:00:00+00:00,27.858,27.995,27.822,27.906,287.7063
2024-08-14 12:00:00+00:00,27.906,28.019,27.371,27.456,974.4082
2024-08-14 16:00:00+00:00,27.456,27.595,27.165,27.513,320.8998
2024-08-14 20:00:00+00:00,27.511,27.584,27.492,27.575,36.9294
2024-08-15 00:00:00+00:00,27.57,27.72,27.467,27.705,327.6035
2024-08-15 04:00:00+00:00,27.711,28.059,27.645,28.048,271.4929
2024-08-15 08:00:00+00:00,28.051,28.289,27.975,28.276,189.1358
2024-08-15 12:00:00+00:00,28.285,28.475,27.746,28.459,1178.74088
2024-08-15 16:00:00+00:00,28.461,28.513,28.259,28.323,313.37613
2024-08-15 20:00:00+00:00,28.326,28.38,28.255,28.348,46.8698
2024-08-16 00:00:00+00:00,28.344,28.426,28.104,28.142,412.24995
2024-08-16 04:00:00+00:00,28.143,28.296,28.073,28.254,346.8606
2024-08-16 08:00:00+00:00,28.266,28.287,28.028,28.232,351.0983
2024-08-16 12:00:00+00:00,28.233,28.487,28.178,28.437,1178.95785
2024-08-16 16:00:00+00:00,28.448,28.967,28.436,28.956,401.46285
2024-08-16 20:00:00+00:00,28.946,29.031,28.905,29.019,31.29315
2024-08-18 20:00:00+00:00,29.027,29.06,28.874,28.99,78.2141
2024-08-19 00:00:00+00:00,28.991,29.113,28.713,28.996,405.26555
2024-08-19 04:00:00+00:00,28.992,29.128,28.921,28.981,327.8296
2024-08-19 08:00:00+00:00,28.98,29.043,28.797,28.982,305.33815
2024-08-19 12:00:00+00:00,28.982,29.457,28.888,29.328,830.65313
2024-08-19 16:00:00+00:00,29.328,29.396,29.178,29.392,249.847
2024-08-19 20:00:00+00:00,29.39,29.49,29.367,29.4,48.2558
2024-08-20 00:00:00+00:00,29.396,29.459,29.189,29.308,376.2545
2024-08-20 04:00:00+00:00,29.312,29.605,29.281,29.599,433.73745
2024-08-20 08:00:00+00:00,29.608,29.828,29.534,29.82,385.3035
2024-08-20 12:00:00+00:00,29.823,29.962,29.388,29.429,995.4066
2024-08-20 16:00:00+00:00,29.419,29.524,29.274,29.425,229.5165
2024-08-20 20:00:00+00:00,29.436,29.484,29.382,29.435,40.2427
2024-08-21 00:00:00+00:00,29.432,29.561,29.317,29.524,387.98005
2024-08-21 04:00:00+00:00,29.524,29.59,29.407,29.425,379.06215
2024-08-21 08:00:00+00:00,29.422,29.645,29.409,29.634,346.1382
2024-08-21 12:00:00+00:00,29.632,29.663,29.195,29.509,1236.4712
2024-08-21 16:00:00+00:00,29.509,29.729,29.389,29.525,400.50858
2024-08-21 20:00:00+00:00,29.529,29.633,29.485,29.592,57.6158
2024-08-22 00:00:00+00:00,29.594,29.636,29.321,29.431,405.06775
2024-08-22 04:00:00+00:00,29.434,29.556,29.344,29.48,422.691
2024-08-22 08:00:00+00:00,29.482,29.664,29.426,29.49,351.68054
2024-08-22 12:00:00+00:00,29.488,29.674,28.859,29.082,1204.77805
2024-08-22 16:00:00+00:00,29.082,29.232,28.772,28.929,392.91155
2024-08-22 20:00:00+00:00,28.924,29.036,28.906,29.036,40.3374
2024-08-23 00:00:00+00:00,29.03,29.192,29.003,29.18,234.2351
2024-08-23 04:00:00+00:00,29.18,29.343,29.168,29.332,314.78755
2024-08-23 08:00:00+00:00,29.33,29.479,29.312,29.439,358.2379
2024-08-23 12:00:00+00:00,29.443,29.876,29.175,29.683,1241.08805
2024-08-23 16:00:00+00:00,29.678,29.866,29.539,29.816,354.71785
2024-08-23 20:00:00+00:00,29.81,29.835,29.802,29.817,16.6676
2024-08-25 20:00:00+00:00,29.826,29.918,29.714,29.899,86.5246
2024-08-26 00:00:00+00:00,29.901,29.918,29.638,29.676,418.1488
2024-08-26 04:00:00+00:00,29.677,30.099,29.645,30.095,361.8268
2024-08-26 08:00:00+00:00,30.094,30.182,29.987,30.115,308.37655
2024-08-26 12:00:00+00:00,30.108,30.151,29.72,29.817,820.08585
2024-08-26 16:00:00+00:00,29.816,30.016,29.775,29.941,229.4494
2024-08-26 20:00:00+00:00,29.936,29.947,29.635,29.86,34.1472
2024-08-27 00:00:00+00:00,29.856,29.966,29.752,29.892,322.1355
2024-08-27 04:00:00+00:00,29.896,30.075,29.778,29.787,330.70991
2024-08-27 08:00:00+00:00,29.781,29.979,29.773,29.974,232.93465
2024-08-27 12:00:00+00:00,29.973,30.045,29.688,29.879,662.2551
2024-08-27 16:00:00+00:00,29.876,30.079,29.851,29.988,227.6072
2024-08-27 20:00:00+00:00,29.986,30.094,29.941,30.004,47.5633
2024-08-28 00:00:00+00:00,30.008,30.039,29.755,29.859,239.4538
2024-08-28 04:00:00+00:00,29.859,29.862,29.334,29.5,437.8379
2024-08-28 08:00:00+00:00,29.497,29.602,29.306,29.336,444.8449
2024-08-28 12:00:00+00:00,29.336,29.431,29.175,29.337,917.5585
2024-08-28 16:00:00+00:00,29.331,29.343,29.065,29.227,301.09703
2024-08-28 20:00:00+00:00,29.229,29.247,28.958,29.172,62.6483
2024-08-29 00:00:00+00:00,29.175,29.463,29.17,29.456,286.62981
2024-08-29 04:00:00+00:00,29.456,29.675,29.391,29.67,316.8422
2024-08-29 08:00:00+00:00,29.667,29.675,29.449,29.471,354.85834
2024-08-29 12:00:00+00:00,29.469,29.636,29.179,29.494,1184.0573
2024-08-29 16:00:00+00:00,29.495,29.598,29.366,29.379,266.52395
2024-08-29 20:00:00+00:00,29.375,29.42,29.199,29.369,49.0624
2024-08-30 00:00:00+00:00,29.373,29.502,29.309,29.329,454.5374
2024-08-30 04:00:00+00:00,29.327,29.553,29.308,29.509,441.22505
2024-08-30 08:00:00+00:00,29.499,29.58,29.401,29.498,399.1442
2024-08-30 12:00:00+00:00,29.49,29.58,28.817,28.952,1593.69919
2024-08-30 16:00:00+00:00,28.955,28.99,28.674,28.851,452.4681
2024-08-30 20:00:00+00:00,28.845,28.863,28.828,28.844,14.9599
2024-09-01 20:00:00+00:00,28.829,28.866,28.781,28.86,44.3205
2024-09-02 00:00:00+00:00,28.857,28.963,28.311,28.438,437.2297
2024-09-02 04:00:00+00:00,28.435,28.503,28.349,28.483,373.19965
2024-09-02 08:00:00+00:00,28.481,28.663,28.479,28.6,274.4657
2024-09-02 12:00:00+00:00,28.598,28.643,28.448,28.533,457.66025
2024-09-02 16:00:00+00:00,28.528,28.551,28.485,28.542,64.8395
2024-09-02 20:00:00+00:00,28.524,28.548,28.489,28.514,22.4565
2024-09-03 00:00:00+00:00,28.505,28.561,28.275,28.421,382.7353
2024-09-03 04:00:00+00:00,28.425,28.503,28.323,28.452,409.0568
2024-09-03 08:00:00+00:00,28.449,28.486,28.144,28.232,416.85895
2024-09-03 12:00:00+00:00,28.23,28.442,27.697,27.968,1186.60075
2024-09-03 16:00:00+00:00,27.971,28.065,27.905,28.021,262.75685
2024-09-03 20:00:00+00:00,28.023,28.065,27.745,28.051,41.0409
2024-09-04 00:00:00+00:00,28.051,28.063,27.867,27.998,316.6659
2024-09-04 04:00:00+00:00,27.998,28.065,27.81,27.866,340.71265
2024-09-04 08:00:00+00:00,27.866,28.091,27.757,28.046,426.0063
2024-09-04 12:00:00+00:00,28.044,28.35,28.001,28.157,970.15311
2024-09-04 16:00:00+00:00,28.154,28.264,28.088,28.145,225.21975
2024-09-04 20:00:00+00:00,28.138,28.271,28.131,28.258,49.5982
2024-09-05 00:00:00+00:00,28.262,28.403,28.206,28.206,352.7377
2024-09-05 04:00:00+00:00,28.206,28.393,28.197,28.39,341.71265
2024-09-05 08:00:00+00:00,28.396,28.773,28.379,28.634,478.23465
2024-09-05 12:00:00+00:00,28.636,29.167,28.623,28.714,1427.9767
2024-09-05 16:00:00+00:00,28.706,28.851,28.642,28.748,388.6833
2024-09-05 20:00:00+00:00,28.751,28.848,28.749,28.826,36.0286
2024-09-06 00:00:00+00:00,28.825,28.837,28.661,28.779,459.7108
2024-09-06 04:00:00+00:00,28.78,28.896,28.692,28.791,499.99615
2024-09-06 08:00:00+00:00,28.788,28.88,28.732,28.771,469.9427
2024-09-06 12:00:00+00:00,28.773,29.105,28.193,28.237,1879.83935
2024-09-06 16:00:00+00:00,28.229,28.248,27.672,27.916,880.5241
2024-09-06 20:00:00+00:00,27.91,27.929,27.875,27.893,10.5378
2024-09-08 20:00:00+00:00,27.922,28.022,27.901,27.972,52.5072
2024-09-09 00:00:00+00:00,27.972,28.115,27.758,28.073,495.4368
2024-09-09 04:00:00+00:00,28.063,28.092,27.682,28.078,581.27875
2024-09-09 08:00:00+00:00,28.082,28.189,27.994,28.103,409.7549
2024-09-09 12:00:00+00:00,28.105,28.351,28.023,28.254,834.53435
2024-09-09 16:00:00+00:00,28.241,28.358,28.226,28.323,239.5332
2024-09-09 20:00:00+00:00,28.315,28.357,28.223,28.338,34.6749
2024-09-10 00:00:00+00:00,28.334,28.406,28.217,28.277,410.9557
2024-09-10 04:00:00+00:00,28.277,28.492,28.212,28.406,529.68055
2024-09-10 08:00:00+00:00,28.404,28.463,28.255,28.428,390.5931
2024-09-10 12:00:00+00:00,28.428,28.545,28.014,28.225,1171.76815
2024-09-10 16:00:00+00:00,28.231,28.438,28.169,28.432,281.5667
2024-09-10 20:00:00+00:00,28.43,28.431,28.344,28.43,41.7641
2024-09-11 00:00:00+00:00,28.422,28.568,28.293,28.453,422.68395
2024-09-11 04:00:00+00:00,28.446,28.866,28.417,28.733,534.4652
2024-09-11 08:00:00+00:00,28.733,28.839,28.715,28.831,396.00155
2024-09-11 12:00:00+00:00,28.826,28.838,28.053,28.593,1628.27745
2024-09-11 16:00:00+00:00,28.59,28.72,28.529,28.618,406.505
2024-09-11 20:00:00+00:00,28.616,28.727,28.318,28.665,48.0032
2024-09-12 00:00:00+00:00,28.665,28.78,28.515,28.698,416.4362
2024-09-12 04:00:00+00:00,28.702,28.867,28.685,28.831,449.54055
2024-09-12 08:00:00+00:00,28.823,28.903,28.695,28.789,343.13515
2024-09-12 12:00:00+00:00,28.789,29.715,28.736,29.682,1496.37674
2024-09-12 16:00:00+00:00,29.69,29.902,29.609,29.879,595.66604
2024-09-12 20:00:00+00:00,29.88,29.939,29.819,29.91,99.3375
2024-09-13 00:00:00+00:00,29.91,30.055,29.836,29.932,574.2732
2024-09-13 04:00:00+00:00,29.933,30.097,29.865,30.061,493.26487
2024-09-13 08:00:00+00:00,30.067,30.158,29.923,30.039,392.4503
2024-09-13 12:00:00+00:00,30.033,30.888,30.011,30.881,1194.93199
2024-09-13 16:00:00+00:00,30.875,30.912,30.524,30.72,286.88745
2024-09-13 20:00:00+00:00,30.714,30.734,30.301,30.691,15.2254
2024-09-15 20:00:00+00:00,30.69,30.994,30.69,30.852,85.248
2024-09-16 00:00:00+00:00,30.855,30.995,30.81,30.979,184.6582
2024-09-16 04:00:00+00:00,30.986,31.086,30.744,30.786,357.55775
2024-09-16 08:00:00+00:00,30.79,30.998,30.784,30.913,482.88725
2024-09-16 12:00:00+00:00,30.916,31.02,30.576,30.713,970.00735
2024-09-16 16:00:00+00:00,30.712,30.847,30.664,30.764,224.4987
2024-09-16 20:00:00+00:00,30.762,30.763,30.697,30.742,35.7436
2024-09-17 00:00:00+00:00,30.735,30.868,30.664,30.788,248.36345
2024-09-17 04:00:00+00:00,30.788,30.872,30.699,30.746,230.5881
2024-09-17 08:00:00+00:00,30.744,30.815,30.621,30.782,415.08405
2024-09-17 12:00:00+00:00,30.786,30.981,30.56,30.686,1385.0679
2024-09-17 16:00:00+00:00,30.686,30.715,30.5,30.641,496.52475
2024-09-17 20:00:00+00:00,30.651,30.773,30.631,30.718,79.5982
2024-09-18 00:00:00+00:00,30.72,30.743,30.331,30.462,492.5901
2024-09-18 04:00:00+00:00,30.461,30.639,30.333,30.623,469.54365
2024-09-18 08:00:00+00:00,30.617,30.661,30.518,30.606,339.4393
2024-09-18 12:00:00+00:00,30.609,30.671,30.299,30.376,941.957
2024-09-18 16:00:00+00:00,30.375,31.226,29.69,29.858,1176.97138
2024-09-18 20:00:00+00:00,29.854,30.216,29.843,30.168,146.4012
2024-09-19 00:00:00+00:00,30.171,30.392,29.895,30.355,687.88945
2024-09-19 04:00:00+00:00,30.354,31.189,30.313,31.184,817.2263
2024-09-19 08:00:00+00:00,31.174,31.293,31.046,31.195,623.43937
2024-09-19 12:00:00+00:00,31.195,31.253,30.61,31.065,1439.895
2024-09-19 16:00:00+00:00,31.066,31.13,30.789,30.812,498.19405
2024-09-19 20:00:00+00:00,30.806,30.84,30.524,30.763,63.04118
2024-09-20 00:00:00+00:00,30.767,31.135,30.716,31.036,503.9832
2024-09-20 04:00:00+00:00,31.038,31.253,30.988,31.165,472.0799
2024-09-20 08:00:00+00:00,31.162,31.334,31.083,31.302,463.5048
2024-09-20 12:00:00+00:00,31.3,31.424,30.887,31.259,1308.90833
2024-09-20 16:00:00+00:00,31.259,31.34,31.027,31.139,376.8947
2024-09-20 20:00:00+00:00,31.14,31.172,31.077,31.149,16.9817
2024-09-22 20:00:00+00:00,31.198,31.22,31.04,31.085,38.6611
2024-09-23 00:00:00+00:00,31.085,31.177,30.936,31.051,443.32425
2024-09-23 04:00:00+00:00,31.052,31.138,30.388,30.449,698.6096
2024-09-23 08:00:00+00:00,30.44,30.75,30.339,30.744,566.8916
2024-09-23 12:00:00+00:00,30.743,31.01,30.648,30.742,1470.0747
2024-09-23 16:00:00+00:00,30.736,30.82,30.616,30.66,519.701
2024-09-23 20:00:00+00:00,30.664,30.712,30.648,30.67,41.5723
2024-09-24 00:00:00+00:00,30.664,31.111,30.635,31.07,506.63267
2024-09-24 04:00:00+00:00,31.066,31.18,30.663,30.877,708.84075
2024-09-24 08:00:00+00:00,30.871,31.001,30.745,30.857,450.8026
2024-09-24 12:00:00+00:00,30.864,31.726,30.786,31.721,1748.09645
2024-09-24 16:00:00+00:00,31.715,32.259,31.702,32.208,1094.28796
2024-09-24 20:00:00+00:00,32.207,32.237,32.05,32.142,84.4474
2024-09-25 00:00:00+00:00,32.147,32.273,31.872,31.955,853.94635
2024-09-25 04:00:00+00:00,31.959,31.966,31.672,31.791,749.47155
2024-09-25 08:00:00+00:00,31.799,31.92,31.71,31.9,592.59012
2024-09-25 12:00:00+00:00,31.901,32.24,31.724,31.853,1568.64125
2024-09-25 16:00:00+00:00,31.852,31.902,31.55,31.833,756.764
2024-09-25 20:00:00+00:00,31.824,31.854,31.771,31.818,83.8806
2024-09-26 00:00:00+00:00,31.823,31.967,31.74,31.886,561.9963
2024-09-26 04:00:00+00:00,31.885,32.1,31.787,32.057,656.26035
2024-09-26 08:00:00+00:00,32.05,32.709,32.041,32.606,960.9242
2024-09-26 12:00:00+00:00,32.604,32.629,31.729,32.199,1777.51737
2024-09-26 16:00:00+00:00,32.189,32.199,31.89,32.088,387.19775
2024-09-26 20:00:00+00:00,32.082,32.091,31.793,31.97,45.4951
2024-09-27 00:00:00+00:00,31.968,31.978,31.661,31.939,737.3116
2024-09-27 04:00:00+00:00,31.939,31.987,31.57,31.78,728.9931
2024-09-27 08:00:00+00:00,31.772,32.047,31.69,31.988,482.10225
2024-09-27 12:00:00+00:00,31.983,32.288,31.571,31.657,1923.2511
2024-09-27 16:00:00+00:00,31.658,31.674,31.349,31.613,667.95689
2024-09-27 20:00:00+00:00,31.613,31.655,31.532,31.532,22.03715
2024-09-29 20:00:00+00:00,31.605,31.848,31.605,31.741,95.9324
2024-09-30 00:00:00+00:00,31.735,31.847,31.232,31.494,727.19785
2024-09-30 04:00:00+00:00,31.494,31.709,31.376,31.417,481.93565
2024-09-30 08:00:00+00:00,31.417,31.532,31.034,31.286,647.12015
2024-09-30 12:00:00+00:00,31.288,31.39,30.921,31.155,1024.7932
2024-09-30 16:00:00+00:00,31.156,31.28,30.87,31.149,467.3672
2024-09-30 20:00:00+00:00,31.149,31.232,31.042,31.232,40.4897
2024-10-01 00:00:00+00:00,31.231,31.35,31.178,31.319,195.4534
2024-10-01 04:00:00+00:00,31.313,31.473,31.243,31.394,373.4064
2024-10-01 08:00:00+00:00,31.395,31.449,31.264,31.349,561.3791
2024-10-01 12:00:00+00:00,31.344,31.842,31.277,31.544,1524.6128
2024-10-01 16:00:00+00:00,31.55,31.678,31.293,31.335,634.25395
2024-10-01 20:00:00+00:00,31.336,31.434,31.315,31.358,67.319
2024-10-02 00:00:00+00:00,31.352,31.439,31.283,31.31,275.99945
2024-10-02 04:00:00+00:00,31.308,31.566,30.983,31.555,502.55655
2024-10-02 08:00:00+00:00,31.548,31.572,31.381,31.412,402.47295
2024-10-02 12:00:00+00:00,31.416,32.297,31.393,31.697,1490.25925
2024-10-02 16:00:00+00:00,31.697,31.836,31.583,31.8,536.57475
2024-10-02 20:00:00+00:00,31.795,31.889,31.564,31.839,52.1694
2024-10-03 00:00:00+00:00,31.832,31.856,31.552,31.637,268.7688
2024-10-03 04:00:00+00:00,31.641,31.721,31.397,31.465,436.22885
2024-10-03 08:00:00+00:00,31.469,31.6,31.423,31.506,537.449
2024-10-03 12:00:00+00:00,31.505,31.963,31.447,31.84,1506.3718
2024-10-03 16:00:00+00:00,31.843,32.203,31.809,32.039,658.4816
2024-10-03 20:00:00+00:00,32.044,32.077,31.974,32.035,40.5719
2024-10-04 00:00:00+00:00,32.029,32.209,31.962,32.103,179.82395
2024-10-04 04:00:00+00:00,32.103,32.266,31.991,32.084,324.69945
2024-10-04 08:00:00+00:00,32.081,32.169,31.954,32.16,337.3953
2024-10-04 12:00:00+00:00,32.16,32.951,31.488,32.455,1931.85355
2024-10-04 16:00:00+00:00,32.461,32.499,32.027,32.181,512.75554
2024-10-04 20:00:00+00:00,32.184,32.209,32.107,32.165,9.35917
2024-10-06 20:00:00+00:00,32.168,32.333,32.157,32.205,111.9237
2024-10-07 00:00:00+00:00,32.205,32.287,32.033,32.092,408.6966
2024-10-07 04:00:00+00:00,32.095,32.117,31.807,31.977,257.3665
2024-10-07 08:00:00+00:00,31.98,32.053,31.832,31.95,548.14965
2024-10-07 12:00:00+00:00,31.955,31.959,31.395,31.684,1330.56935
2024-10-07 16:00:00+00:00,31.683,31.83,31.624,31.711,405.9547
2024-10-07 20:00:00+00:00,31.701,31.713,31.6,31.632,83.191
2024-10-08 00:00:00+00:00,31.63,31.768,31.003,31.385,944.43855
2024-10-08 04:00:00+00:00,31.387,31.555,31.047,31.083,772.88635
2024-10-08 08:00:00+00:00,31.082,31.402,30.982,31.352,750.0574
2024-10-08 12:00:00+00:00,31.348,31.446,30.106,30.365,1992.51135
2024-10-08 16:00:00+00:00,30.365,30.712,30.207,30.685,566.28145
2024-10-08 20:00:00+00:00,30.685,30.721,30.605,30.658,105.78165
2024-10-09 00:00:00+00:00,30.657,30.735,30.445,30.56,614.59445
2024-10-09 04:00:00+00:00,30.557,30.757,30.393,30.502,659.2658
2024-10-09 08:00:00+00:00,30.505,30.773,30.465,30.664,475.0841
2024-10-09 12:00:00+00:00,30.663,30.746,30.203,30.56,1265.2018
2024-10-09 16:00:00+00:00,30.558,30.596,30.358,30.532,458.4109
2024-10-09 20:00:00+00:00,30.53,30.537,30.355,30.468,31.9993
2024-10-10 00:00:00+00:00,30.473,30.644,30.344,30.479,444.13685
2024-10-10 04:00:00+00:00,30.478,30.609,30.432,30.558,384.97945
2024-10-10 08:00:00+00:00,30.547,30.679,30.482,30.568,328.80315
2024-10-10 12:00:00+00:00,30.573,31.03,30.355,30.961,1699.15835
2024-10-10 16:00:00+00:00,30.963,31.18,30.892,31.117,649.65435
2024-10-10 20:00:00+00:00,31.118,31.171,31.084,31.139,93.3391
2024-10-11 00:00:00+00:00,31.139,31.328,31.053,31.28,428.0877
2024-10-11 04:00:00+00:00,31.282,31.338,31.045,31.167,315.4684
2024-10-11 08:00:00+00:00,31.172,31.222,31.09,31.206,337.68066
2024-10-11 12:00:00+00:00,31.193,31.598,31.18,31.596,1228.00771
2024-10-11 16:00:00+00:00,31.587,31.628,31.437,31.556,385.34095
2024-10-11 20:00:00+00:00,31.556,31.566,31.416,31.425,21.398
2024-10-13 20:00:00+00:00,31.487,31.493,30.723,31.167,79.2829
2024-10-14 00:00:00+00:00,31.168,31.313,30.889,31.267,421.5688
2024-10-14 04:00:00+00:00,31.269,31.539,31.256,31.466,388.7587
2024-10-14 08:00:00+00:00,31.462,31.53,31.103,31.158,327.70575
2024-10-14 12:00:00+00:00,31.155,31.519,31.01,31.127,1252.6968
2024-10-14 16:00:00+00:00,31.132,31.276,31.079,31.272,545.5066
2024-10-14 20:00:00+00:00,31.262,31.304,31.153,31.217,78.46405
2024-10-15 00:00:00+00:00,31.214,31.307,31.106,31.127,382.69745
2024-10-15 04:00:00+00:00,31.129,31.147,30.748,31.085,548.92105
2024-10-15 08:00:00+00:00,31.082,31.207,31.041,31.11,349.3943
2024-10-15 12:00:00+00:00,31.112,31.681,30.88,31.458,1355.0816
2024-10-15 16:00:00+00:00,31.445,31.645,31.439,31.481,488.6207
2024-10-15 20:00:00+00:00,31.47,31.508,31.437,31.458,59.78135
2024-10-16 00:00:00+00:00,31.458,31.662,31.396,31.59,407.4629
2024-10-16 04:00:00+00:00,31.591,31.822,31.553,31.786,481.60075
2024-10-16 08:00:00+00:00,31.786,31.922,31.744,31.854,483.3431
2024-10-16 12:00:00+00:00,31.855,32.171,31.542,31.64,1455.24505
2024-10-16 16:00:00+00:00,31.64,31.803,31.575,31.708,303.375
2024-10-16 20:00:00+00:00,31.707,31.735,31.406,31.733,45.4748
2024-10-17 00:00:00+00:00,31.734,31.917,31.487,31.541,549.1534
2024-10-17 04:00:00+00:00,31.545,31.684,31.343,31.551,577.82215
2024-10-17 08:00:00+00:00,31.55,31.88,31.51,31.759,405.64365
2024-10-17 12:00:00+00:00,31.754,32.012,31.489,31.663,1736.49936
2024-10-17 16:00:00+00:00,31.663,31.7,31.298,31.671,531.38215
2024-10-17 20:00:00+00:00,31.674,31.777,31.434,31.77,38.1585
2024-10-18 00:00:00+00:00,31.77,32.164,31.7,31.983,549.29225
2024-10-18 04:00:00+00:00,31.977,32.171,31.784,31.996,591.2836
2024-10-18 08:00:00+00:00,32.0,32.168,31.917,32.071,415.48794
2024-10-18 12:00:00+00:00,32.072,32.685,32.065,32.638,1314.96158
2024-10-18 16:00:00+00:00,32.637,33.673,32.636,33.611,802.46313
2024-10-18 20:00:00+00:00,33.598,33.749,33.429,33.691,57.4187
2024-10-20 20:00:00+00:00,33.735,34.008,33.58,33.78,118.0862
2024-10-21 00:00:00+00:00,33.784,34.104,33.513,34.047,820.61965
2024-10-21 04:00:00+00:00,34.04,34.123,33.786,34.026,616.68955
2024-10-21 08:00:00+00:00,34.024,34.093,33.89,34.003,523.8002
2024-10-21 12:00:00+00:00,33.992,34.263,33.439,33.667,1933.75371
2024-10-21 16:00:00+00:00,33.668,33.9,33.561,33.804,578.90634
2024-10-21 20:00:00+00:00,33.813,33.883,33.574,33.828,62.959
2024-10-22 00:00:00+00:00,33.828,34.092,33.781,34.047,598.2893
2024-10-22 04:00:00+00:00,34.045,34.199,33.909,34.179,582.23415
2024-10-22 08:00:00+00:00,34.177,34.49,34.108,34.33,743.09595
2024-10-22 12:00:00+00:00,34.326,34.748,34.246,34.535,1875.93795
2024-10-22 16:00:00+00:00,34.529,34.859,34.518,34.791,637.1794
2024-10-22 20:00:00+00:00,34.792,34.863,34.616,34.717,65.8343
2024-10-23 00:00:00+00:00,34.71,34.757,34.434,34.637,661.5063
2024-10-23 04:00:00+00:00,34.634,34.832,34.5,34.674,509.08079
2024-10-23 08:00:00+00:00,34.674,34.72,34.457,34.495,437.86675
2024-10-23 12:00:00+00:00,34.497,34.524,33.415,33.779,2353.36459
2024-10-23 16:00:00+00:00,33.771,33.791,33.455,33.659,917.8186
2024-10-23 20:00:00+00:00,33.657,33.85,33.533,33.81,68.8099
2024-10-24 00:00:00+00:00,33.811,33.929,33.721,33.876,652.3589
2024-10-24 04:00:00+00:00,33.883,34.269,33.852,34.162,558.40069
2024-10-24 08:00:00+00:00,34.167,34.294,34.029,34.067,429.1518
2024-10-24 12:00:00+00:00,34.065,34.248,33.337,33.495,1479.1476
2024-10-24 16:00:00+00:00,33.505,33.692,33.226,33.649,633.29575
2024-10-24 20:00:00+00:00,33.647,33.678,33.595,33.655,56.89535
2024-10-25 00:00:00+00:00,33.655,33.781,33.368,33.425,575.9971
2024-10-25 04:00:00+00:00,33.426,33.581,33.362,33.391,530.61015
2024-10-25 08:00:00+00:00,33.382,33.408,33.073,33.227,695.71675
2024-10-25 12:00:00+00:00,33.223,34.01,33.203,33.795,1433.89409
2024-10-25 16:00:00+00:00,33.791,33.834,33.5,33.584,648.8173
2024-10-25 20:00:00+00:00,33.573,33.706,33.564,33.69,32.0974
2024-10-27 20:00:00+00:00,33.64,33.679,33.326,33.586,133.711
2024-10-28 00:00:00+00:00,33.584,33.65,33.213,33.266,581.05075
2024-10-28 04:00:00+00:00,33.267,33.702,33.241,33.561,465.04985
2024-10-28 08:00:00+00:00,33.566,33.611,33.284,33.392,673.87005
2024-10-28 12:00:00+00:00,33.387,33.981,33.362,33.655,1489.77933
2024-10-28 16:00:00+00:00,33.652,33.855,33.556,33.693,573.15085
2024-10-28 20:00:00+00:00,33.691,33.705,33.559,33.694,50.74115
2024-10-29 00:00:00+00:00,33.693,34.094,33.635,33.872,639.1644
2024-10-29 04:00:00+00:00,33.87,33.987,33.704,33.928,493.8038
2024-10-29 08:00:00+00:00,33.935,34.188,33.759,34.133,761.8734
2024-10-29 12:00:00+00:00,34.122,34.537,33.975,34.228,1797.14006
2024-10-29 16:00:00+00:00,34.234,34.472,34.15,34.426,597.76545
2024-10-29 20:00:00+00:00,34.412,34.479,34.395,34.465,106.0583
2024-10-30 00:00:00+00:00,34.466,34.517,34.136,34.216,582.1296
2024-10-30 04:00:00+00:00,34.206,34.35,34.1,34.125,529.25062
2024-10-30 08:00:00+00:00,34.127,34.283,34.0,34.013,681.96265
2024-10-30 12:00:00+00:00,34.005,34.194,33.395,33.93,2047.89136
2024-10-30 16:00:00+00:00,33.936,33.968,33.763,33.767,615.994
2024-10-30 20:00:00+00:00,33.768,33.788,33.674,33.73,81.1036
2024-10-31 00:00:00+00:00,33.728,33.889,33.587,33.604,493.17649
2024-10-31 04:00:00+00:00,33.604,33.748,33.5,33.709,448.99537
2024-10-31 08:00:00+00:00,33.713,33.723,33.417,33.575,376.55637
2024-10-31 12:00:00+00:00,33.58,33.658,32.488,32.672,2011.93145
2024-10-31 16:00:00+00:00,32.677,32.82,32.552,32.68,669.09615
2024-10-31 20:00:00+00:00,32.678,32.705,32.6,32.649,100.046
2024-11-01 00:00:00+00:00,32.652,32.777,32.605,32.758,455.032
2024-11-01 04:00:00+00:00,32.759,32.833,32.544,32.667,341.7366
2024-11-01 08:00:00+00:00,32.655,32.887,32.639,32.815,456.59108
2024-11-01 12:00:00+00:00,32.82,33.114,32.467,32.673,1803.5264
2024-11-01 16:00:00+00:00,32.667,32.703,32.318,32.379,684.70725
2024-11-01 20:00:00+00:00,32.379,32.46,32.379,32.438,32.5684
2024-11-03 20:00:00+00:00,32.359,32.538,32.203,32.483,69.5151
2024-11-04 00:00:00+00:00,32.483,32.705,32.448,32.67,537.1383
2024-11-04 04:00:00+00:00,32.662,32.849,32.558,32.597,384.4113
2024-11-04 08:00:00+00:00,32.599,32.848,32.571,32.793,381.85335
2024-11-04 12:00:00+00:00,32.794,32.869,32.467,32.511,1048.486
2024-11-04 16:00:00+00:00,32.505,32.537,32.277,32.465,929.67925
2024-11-04 20:00:00+00:00,32.467,32.522,32.363,32.396,149.9415
2024-11-05 00:00:00+00:00,32.395,32.51,32.231,32.474,592.0694
2024-11-05 04:00:00+00:00,32.475,32.603,32.389,32.477,421.648
2024-11-05 08:00:00+00:00,32.478,32.667,32.402,32.612,470.1368
2024-11-05 12:00:00+00:00,32.622,32.915,32.554,32.733,1341.21583
2024-11-05 16:00:00+00:00,32.724,32.762,32.565,32.608,736.1999
2024-11-05 20:00:00+00:00,32.606,32.716,32.566,32.696,154.5496
2024-11-06 00:00:00+00:00,32.694,32.696,32.009,32.077,1077.9861
2024-11-06 04:00:00+00:00,32.08,32.347,31.442,32.029,1173.98
2024-11-06 08:00:00+00:00,32.029,32.36,31.7,31.771,828.0845
2024-11-06 12:00:00+00:00,31.772,31.953,30.816,31.393,1927.64328
2024-11-06 16:00:00+00:00,31.394,31.412,31.026,31.194,704.0798
2024-11-06 20:00:00+00:00,31.196,31.22,31.058,31.169,146.0271
2024-11-07 00:00:00+00:00,31.172,31.24,30.895,31.058,699.6079
2024-11-07 04:00:00+00:00,31.046,31.228,30.852,31.175,556.3457
2024-11-07 08:00:00+00:00,31.174,31.222,31.012,31.05,570.7327
2024-11-07 12:00:00+00:00,31.055,31.875,31.041,31.802,1558.6968
2024-11-07 16:00:00+00:00,31.802,31.84,31.586,31.759,1116.4801
2024-11-07 20:00:00+00:00,31.764,32.148,31.723,32.005,336.3194
2024-11-08 00:00:00+00:00,32.004,32.021,31.649,31.677,567.4016
2024-11-08 04:00:00+00:00,31.676,31.777,31.419,31.543,580.4565
2024-11-08 08:00:00+00:00,31.548,31.583,31.304,31.548,711.6999
2024-11-08 12:00:00+00:00,31.546,31.841,31.265,31.409,1524.9616
2024-11-08 16:00:00+00:00,31.405,31.431,31.174,31.284,877.5416
2024-11-08 20:00:00+00:00,31.277,31.317,31.239,31.288,110.1236
2024-11-10 20:00:00+00:00,31.255,31.406,31.197,31.402,57.0474
2024-11-11 00:00:00+00:00,31.402,31.411,31.082,31.196,542.3188
2024-11-11 04:00:00+00:00,31.188,31.385,31.13,31.194,450.15465
2024-11-11 08:00:00+00:00,31.188,31.556,31.185,31.3,426.28296
2024-11-11 12:00:00+00:00,31.307,31.32,30.43,30.461,1068.309
2024-11-11 16:00:00+00:00,30.472,30.645,30.411,30.624,511.5497
2024-11-11 20:00:00+00:00,30.63,30.735,30.623,30.708,99.1363
2024-11-12 00:00:00+00:00,30.709,30.779,30.542,30.552,485.7917
2024-11-12 04:00:00+00:00,30.553,30.58,30.179,30.293,722.3918
2024-11-12 08:00:00+00:00,30.293,30.457,30.183,30.369,611.93644
2024-11-12 12:00:00+00:00,30.371,30.771,30.362,30.502,954.49585
2024-11-12 16:00:00+00:00,30.501,30.747,30.486,30.684,681.9263
2024-11-12 20:00:00+00:00,30.678,30.809,30.627,30.685,131.4721
2024-11-13 00:00:00+00:00,30.686,31.035,30.651,30.976,574.4382
2024-11-13 04:00:00+00:00,30.978,31.011,30.803,30.834,502.7825
2024-11-13 08:00:00+00:00,30.842,30.986,30.777,30.881,368.8891
2024-11-13 12:00:00+00:00,30.884,31.136,30.508,30.782,1559.31445
2024-11-13 16:00:00+00:00,30.782,30.793,30.417,30.527,757.0705
2024-11-13 20:00:00+00:00,30.52,30.529,30.207,30.255,235.7611
2024-11-14 00:00:00+00:00,30.257,30.415,30.027,30.144,564.6951
2024-11-14 04:00:00+00:00,30.144,30.213,29.707,29.854,646.17285
2024-11-14 08:00:00+00:00,29.854,29.992,29.66,29.966,696.9644
2024-11-14 12:00:00+00:00,29.963,30.457,29.833,30.341,1182.2473
2024-11-14 16:00:00+00:00,30.341,30.648,30.331,30.62,677.9368
2024-11-14 20:00:00+00:00,30.627,30.635,30.304,30.357,431.7177
2024-11-15 00:00:00+00:00,30.35,30.556,30.3,30.473,819.1032
2024-11-15 04:00:00+00:00,30.467,30.539,30.209,30.35,470.2371
2024-11-15 08:00:00+00:00,30.341,30.777,30.262,30.678,1032.91069
2024-11-15 12:00:00+00:00,30.683,30.81,30.368,30.492,1543.9284
2024-11-15 16:00:00+00:00,30.492,30.542,30.227,30.294,488.7604
2024-11-15 20:00:00+00:00,30.294,30.297,30.167,30.235,78.764
2024-11-17 20:00:00+00:00,30.303,30.398,30.255,30.384,46.6485
2024-11-18 00:00:00+00:00,30.386,30.665,30.356,30.617,528.8055
2024-11-18 04:00:00+00:00,30.618,30.714,30.505,30.592,499.65151
2024-11-18 08:00:00+00:00,30.595,30.799,30.58,30.733,487.3788
2024-11-18 12:00:00+00:00,30.726,31.251,30.682,31.186,884.7671
2024-11-18 16:00:00+00:00,31.187,31.261,31.004,31.077,474.85805
2024-11-18 20:00:00+00:00,31.076,31.168,31.036,31.159,96.1185
2024-11-19 00:00:00+00:00,31.16,31.429,31.115,31.368,575.5168
2024-11-19 04:00:00+00:00,31.354,31.4,31.19,31.237,619.716
2024-11-19 08:00:00+00:00,31.233,31.527,31.177,31.275,808.402
2024-11-19 12:00:00+00:00,31.271,31.435,31.033,31.089,1130.8815
2024-11-19 16:00:00+00:00,31.091,31.275,31.039,31.246,374.5098
2024-11-19 20:00:00+00:00,31.246,31.298,31.127,31.277,109.6741
2024-11-20 00:00:00+00:00,31.278,31.322,31.118,31.158,504.4171
2024-11-20 04:00:00+00:00,31.156,31.197,30.874,30.893,639.9059
2024-11-20 08:00:00+00:00,30.89,30.977,30.791,30.851,415.9708
2024-11-20 12:00:00+00:00,30.85,31.227,30.841,31.078,895.3719
2024-11-20 16:00:00+00:00,31.079,31.139,30.835,30.896,619.8776
2024-11-20 20:00:00+00:00,30.892,30.935,30.76,30.909,160.3014
2024-11-21 00:00:00+00:00,30.914,31.143,30.885,31.143,502.1163
2024-11-21 04:00:00+00:00,31.145,31.291,31.087,31.266,457.06575
2024-11-21 08:00:00+00:00,31.27,31.302,30.98,31.049,497.0554
2024-11-21 12:00:00+00:00,31.053,31.136,30.68,30.827,897.7937
2024-11-21 16:00:00+00:00,30.83,30.905,30.632,30.77,483.582
2024-11-21 20:00:00+00:00,30.771,30.817,30.723,30.736,100.436
2024-11-22 00:00:00+00:00,30.736,31.012,30.731,30.911,516.0291
2024-11-22 04:00:00+00:00,30.903,31.39,30.757,31.312,561.3385
2024-11-22 08:00:00+00:00,31.324,31.4,31.107,31.244,790.1478
2024-11-22 12:00:00+00:00,31.236,31.393,30.932,31.239,961.6271
2024-11-22 16:00:00+00:00,31.245,31.301,31.096,31.259,348.2905
2024-11-22 20:00:00+00:00,31.259,31.337,31.189,31.327,94.5654
2024-11-24 20:00:00+00:00,31.284,31.466,31.18,31.394,71.9411
2024-11-25 00:00:00+00:00,31.395,31.402,30.678,30.815,801.5795
2024-11-25 04:00:00+00:00,30.806,30.86,30.506,30.663,596.5292
2024-11-25 08:00:00+00:00,30.662,30.846,30.658,30.798,540.2282
2024-11-25 12:00:00+00:00,30.801,30.863,30.049,30.096,1253.7008
2024-11-25 16:00:00+00:00,30.092,30.372,30.066,30.363,642.225
2024-11-25 20:00:00+00:00,30.363,30.365,29.97,30.102,237.6243
2024-11-26 00:00:00+00:00,30.1,30.401,30.03,30.373,695.08036
2024-11-26 04:00:00+00:00,30.372,30.399,30.118,30.141,440.4855
2024-11-26 08:00:00+00:00,30.143,30.547,30.107,30.533,473.6104
2024-11-26 12:00:00+00:00,30.533,30.686,30.275,30.46,1018.0303
2024-11-26 16:00:00+00:00,30.467,30.527,30.282,30.476,731.0754
2024-11-26 20:00:00+00:00,30.476,30.518,30.333,30.404,93.2453
2024-11-27 00:00:00+00:00,30.41,30.526,30.254,30.494,363.3425
2024-11-27 04:00:00+00:00,30.494,30.693,30.45,30.652,338.738
2024-11-27 08:00:00+00:00,30.649,30.691,30.366,30.485,312.9401
2024-11-27 12:00:00+00:00,30.477,30.58,30.077,30.083,927.16349
2024-11-27 16:00:00+00:00,30.088,30.189,29.96,30.02,520.5582
2024-11-27 20:00:00+00:00,30.022,30.116,30.0,30.102,76.388
2024-11-28 00:00:00+00:00,30.107,30.15,29.621,29.797,570.8446
2024-11-28 04:00:00+00:00,29.797,29.945,29.768,29.861,275.756
2024-11-28 08:00:00+00:00,29.856,30.122,29.828,30.096,311.7593
2024-11-28 12:00:00+00:00,30.094,30.249,30.024,30.205,385.7491
2024-11-28 16:00:00+00:00,30.203,30.288,30.191,30.211,128.2269
2024-11-28 20:00:00+00:00,30.217,30.237,30.103,30.233,25.8608
2024-11-29 00:00:00+00:00,30.232,30.699,30.181,30.675,555.298
2024-11-29 04:00:00+00:00,30.679,30.751,30.58,30.62,490.7539
2024-11-29 08:00:00+00:00,30.616,30.744,30.568,30.699,282.2616
2024-11-29 12:00:00+00:00,30.705,30.889,30.508,30.672,754.5718
2024-11-29 16:00:00+00:00,30.676,30.731,30.537,30.614,299.20325
2024-12-01 20:00:00+00:00,30.621,30.626,30.407,30.461,65.577
2024-12-02 00:00:00+00:00,30.461,30.487,30.121,30.212,666.1907
2024-12-02 04:00:00+00:00,30.214,30.26,30.042,30.163,362.3794
2024-12-02 08:00:00+00:00,30.165,30.523,30.047,30.451,515.911
2024-12-02 12:00:00+00:00,30.461,30.67,30.31,30.345,840.0313
2024-12-02 16:00:00+00:00,30.35,30.505,30.303,30.396,377.1951
2024-12-02 20:00:00+00:00,30.389,30.605,30.374,30.587,114.888
2024-12-03 00:00:00+00:00,30.587,30.701,30.445,30.586,590.3878
2024-12-03 04:00:00+00:00,30.585,30.974,30.507,30.914,475.0634
2024-12-03 08:00:00+00:00,30.912,31.018,30.835,30.896,359.1423
2024-12-03 12:00:00+00:00,30.897,31.068,30.703,30.864,919.4058
2024-12-03 16:00:00+00:00,30.865,31.082,30.85,31.005,452.1456
2024-12-03 20:00:00+00:00,31.005,31.056,30.97,30.975,78.0999
2024-12-04 00:00:00+00:00,30.982,31.104,30.895,30.951,494.9777
2024-12-04 04:00:00+00:00,30.957,31.132,30.925,30.941,520.8285
2024-12-04 08:00:00+00:00,30.949,30.953,30.779,30.839,459.14505
2024-12-04 12:00:00+00:00,30.848,31.454,30.435,31.366,826.06934
2024-12-04 16:00:00+00:00,31.368,31.466,31.189,31.299,685.77552
2024-12-04 20:00:00+00:00,31.288,31.342,31.106,31.31,185.8159
2024-12-05 00:00:00+00:00,31.308,31.415,31.123,31.246,529.0202
2024-12-05 04:00:00+00:00,31.255,31.359,31.171,31.237,465.2573
2024-12-05 08:00:00+00:00,31.237,31.403,31.181,31.33,388.6882
2024-12-05 12:00:00+00:00,31.341,31.406,31.005,31.167,1259.2528
2024-12-05 16:00:00+00:00,31.165,31.259,30.998,31.239,644.0541
2024-12-05 20:00:00+00:00,31.229,31.367,31.227,31.347,181.1275
2024-12-06 00:00:00+00:00,31.348,31.411,30.891,31.37,897.768
2024-12-06 04:00:00+00:00,31.362,31.427,31.19,31.245,672.4382
2024-12-06 08:00:00+00:00,31.252,31.363,31.127,31.143,404.3594
2024-12-06 12:00:00+00:00,31.136,31.351,30.808,31.078,1350.6075
2024-12-06 16:00:00+00:00,31.077,31.262,30.908,30.977,557.0389
2024-12-06 20:00:00+00:00,30.985,31.015,30.912,30.964,101.02865
2024-12-08 20:00:00+00:00,31.076,31.104,30.938,31.069,59.8207
2024-12-09 00:00:00+00:00,31.073,31.285,30.903,30.948,593.6373
2024-12-09 04:00:00+00:00,30.951,31.301,30.849,31.291,534.52035
2024-12-09 08:00:00+00:00,31.295,31.69,31.241,31.636,561.25251
2024-12-09 12:00:00+00:00,31.633,32.274,31.58,32.087,1106.89998
2024-12-09 16:00:00+00:00,32.093,32.145,31.787,31.834,716.36084
2024-12-09 20:00:00+00:00,31.839,31.906,31.753,31.896,152.6669
2024-12-10 00:00:00+00:00,31.898,32.021,31.797,31.983,643.24515
2024-12-10 04:00:00+00:00,31.978,32.043,31.733,31.744,570.3612
2024-12-10 08:00:00+00:00,31.752,31.914,31.693,31.889,505.2989
2024-12-10 12:00:00+00:00,31.892,32.056,31.729,31.932,764.25467
2024-12-10 16:00:00+00:00,31.913,32.086,31.829,31.885,562.20165
2024-12-10 20:00:00+00:00,31.883,31.932,31.784,31.893,106.1171
2024-12-11 00:00:00+00:00,31.894,32.089,31.542,31.664,220.74567
2024-12-11 04:00:00+00:00,31.677,31.794,31.407,31.602,369.1485
2024-12-11 08:00:00+00:00,31.585,31.842,31.489,31.684,159.8922
2024-12-11 12:00:00+00:00,31.684,32.115,31.406,32.042,317.6021
2024-12-11 16:00:00+00:00,32.042,32.17,31.759,31.914,362.8185
2024-12-11 20:00:00+00:00,31.923,31.976,31.469,31.779,92.4149
2024-12-12 00:00:00+00:00,31.966,32.069,31.793,32.019,298.6035
2024-12-12 04:00:00+00:00,32.019,32.228,32.001,32.102,319.068
2024-12-12 08:00:00+00:00,32.108,32.298,31.75,31.847,208.1775
2024-12-12 12:00:00+00:00,31.848,31.885,30.854,30.95,727.94453
2024-12-12 16:00:00+00:00,30.95,31.131,30.924,30.938,340.17384
2024-12-12 20:00:00+00:00,30.941,30.983,30.826,30.864,73.9848
2024-12-13 00:00:00+00:00,30.865,31.093,30.808,30.922,467.628
2024-12-13 04:00:00+00:00,30.923,30.997,30.837,30.887,303.7573
2024-12-13 08:00:00+00:00,30.887,30.927,30.639,30.733,391.81316
2024-12-13 12:00:00+00:00,30.732,30.853,30.268,30.496,896.0232
2024-12-13 16:00:00+00:00,30.49,30.574,30.389,30.431,649.237
2024-12-13 20:00:00+00:00,30.417,30.574,30.366,30.525,285.0021
2024-12-15 20:00:00+00:00,30.507,30.591,30.397,30.578,100.0927
2024-12-16 00:00:00+00:00,30.577,30.577,30.363,30.433,1015.1097
2024-12-16 04:00:00+00:00,30.431,30.678,30.369,30.622,315.0641
2024-12-16 08:00:00+00:00,30.623,30.697,30.586,30.658,225.474
2024-12-16 12:00:00+00:00,30.657,30.741,30.451,30.572,399.9815
2024-12-16 16:00:00+00:00,30.577,30.624,30.489,30.555,318.0786
2024-12-16 20:00:00+00:00,30.553,30.575,30.199,30.488,130.9566
2024-12-17 00:00:00+00:00,30.49,30.595,30.402,30.472,283.564
2024-12-17 04:00:00+00:00,30.474,30.537,30.356,30.476,263.4312
2024-12-17 08:00:00+00:00,30.476,30.48,30.161,30.293,349.8071
2024-12-17 12:00:00+00:00,30.292,30.423,30.135,30.181,505.36885
2024-12-17 16:00:00+00:00,30.429,30.531,30.391,30.469,222.86319
2024-12-17 20:00:00+00:00,30.47,30.53,30.443,30.498,93.47195
2024-12-18 00:00:00+00:00,30.489,30.565,30.356,30.371,177.2581
2024-12-18 04:00:00+00:00,30.37,30.474,30.337,30.389,215.0154
2024-12-18 08:00:00+00:00,30.388,30.465,30.334,30.356,149.2197
2024-12-18 12:00:00+00:00,30.357,30.427,30.167,30.208,521.16125
2024-12-18 16:00:00+00:00,30.21,30.265,29.733,29.77,645.6005
2024-12-18 20:00:00+00:00,29.768,29.816,29.238,29.309,569.497
2024-12-19 00:00:00+00:00,29.309,29.624,29.292,29.448,391.6051
2024-12-19 04:00:00+00:00,29.448,29.648,29.345,29.548,270.69644
2024-12-19 08:00:00+00:00,29.548,29.701,29.478,29.523,312.7383
2024-12-19 12:00:00+00:00,29.516,29.522,28.73,28.802,964.0386
2024-12-19 16:00:00+00:00,28.796,29.129,28.778,29.032,596.30065
2024-12-19 20:00:00+00:00,29.039,29.155,28.888,29.012,206.6067
2024-12-20 00:00:00+00:00,29.012,29.062,28.837,28.903,334.3496
2024-12-20 04:00:00+00:00,28.901,29.099,28.901,29.023,394.5402
2024-12-20 08:00:00+00:00,29.017,29.074,28.794,28.85,296.05195
2024-12-20 12:00:00+00:00,28.85,29.531,28.794,29.496,767.39258
2024-12-20 16:00:00+00:00,29.501,29.685,29.366,29.586,403.59056
2024-12-20 20:00:00+00:00,29.586,29.591,29.442,29.488,103.4092
2024-12-22 20:00:00+00:00,29.571,29.703,29.535,29.673,33.1074
2024-12-23 00:00:00+00:00,29.673,29.74,29.492,29.626,153.587
2024-12-23 04:00:00+00:00,29.626,29.862,29.594,29.779,272.1877
2024-12-23 08:00:00+00:00,29.777,29.79,29.509,29.603,224.012
2024-12-23 12:00:00+00:00,29.602,29.683,29.401,29.482,392.333
2024-12-23 16:00:00+00:00,29.476,29.704,29.469,29.671,365.60311
2024-12-23 20:00:00+00:00,29.677,29.711,29.511,29.686,126.7658
2024-12-24 00:00:00+00:00,29.686,29.77,29.628,29.695,81.0795
2024-12-24 04:00:00+00:00,29.698,29.768,29.62,29.63,58.7065
2024-12-24 08:00:00+00:00,29.631,29.692,29.484,29.5,76.85785
2024-12-24 12:00:00+00:00,29.501,29.662,29.464,29.537,110.1834
2024-12-24 16:00:00+00:00,29.536,29.691,29.532,29.61,106.5728
2024-12-25 20:00:00+00:00,29.629,29.693,29.619,29.663,13.0215
2024-12-26 00:00:00+00:00,29.657,29.743,29.589,29.689,98.2626
2024-12-26 04:00:00+00:00,29.692,29.692,29.478,29.551,169.713
2024-12-26 08:00:00+00:00,29.547,29.755,29.516,29.712,38.7825
2024-12-26 12:00:00+00:00,29.71,29.857,29.647,29.805,252.0658
2024-12-26 16:00:00+00:00,29.808,29.822,29.555,29.739,278.3493
2024-12-26 20:00:00+00:00,29.745,29.816,29.47,29.777,71.9725
2024-12-27 00:00:00+00:00,29.775,29.878,29.723,29.869,298.6608
2024-12-27 04:00:00+00:00,29.869,29.876,29.751,29.755,282.4343
2024-12-27 08:00:00+00:00,29.759,29.762,29.532,29.668,41.73
2024-12-27 12:00:00+00:00,29.672,29.687,29.326,29.471,245.9732
2024-12-27 16:00:00+00:00,29.47,29.501,29.319,29.424,252.8164
2024-12-27 20:00:00+00:00,29.423,29.424,29.288,29.354,48.1323
2024-12-29 20:00:00+00:00,29.324,29.452,29.318,29.427,19.143
2024-12-30 00:00:00+00:00,29.427,29.457,29.309,29.454,157.587
2024-12-30 04:00:00+00:00,29.454,29.51,29.319,29.43,259.173
2024-12-30 08:00:00+00:00,29.431,29.507,29.304,29.477,56.2017
2024-12-30 12:00:00+00:00,29.478,29.482,28.827,28.87,277.28436
2024-12-30 16:00:00+00:00,28.873,28.998,28.781,28.966,239.1725
2024-12-30 20:00:00+00:00,28.968,29.04,28.693,28.926,147.4875
2024-12-31 00:00:00+00:00,28.926,29.02,28.824,28.842,160.8258
2024-12-31 04:00:00+00:00,28.845,28.934,28.78,28.921,169.794
2024-12-31 08:00:00+00:00,28.927,29.008,28.883,28.908,77.0817
2024-12-31 12:00:00+00:00,28.904,29.022,28.764,28.92,436.2444
2024-12-31 16:00:00+00:00,28.917,28.949,28.783,28.857,254.07142
2024-12-31 20:00:00+00:00,28.859,28.916,28.857,28.887,37.7755
2025-01-01 20:00:00+00:00,28.889,28.976,28.86,28.973,20.055
2025-01-02 00:00:00+00:00,28.975,29.314,28.95,29.271,104.9334
2025-01-02 04:00:00+00:00,29.27,29.388,29.257,29.292,66.7289
2025-01-02 08:00:00+00:00,29.298,29.432,29.18,29.412,75.7856
2025-01-02 12:00:00+00:00,29.413,29.523,29.168,29.453,352.08209
2025-01-02 16:00:00+00:00,29.455,29.59,29.361,29.421,471.97641
2025-01-02 20:00:00+00:00,29.423,29.578,29.372,29.523,110.1578
2025-01-03 00:00:00+00:00,29.527,29.628,29.479,29.585,251.565
2025-01-03 04:00:00+00:00,29.585,29.641,29.495,29.61,268.8645
2025-01-03 08:00:00+00:00,29.613,29.811,29.559,29.797,116.5494
2025-01-03 12:00:00+00:00,29.795,29.887,29.652,29.759,477.91212
2025-01-03 16:00:00+00:00,29.758,29.838,29.536,29.614,269.55704
2025-01-03 20:00:00+00:00,29.612,29.624,29.567,29.597,68.17004
2025-01-05 20:00:00+00:00,29.57,29.662,29.557,29.613,28.0732
2025-01-06 00:00:00+00:00,29.615,29.743,29.56,29.565,249.4211
2025-01-06 04:00:00+00:00,29.565,29.646,29.389,29.592,228.64215
2025-01-06 08:00:00+00:00,29.6,30.285,29.561,30.261,127.7157
2025-01-06 12:00:00+00:00,30.269,30.337,29.549,30.062,375.90814
2025-01-06 16:00:00+00:00,30.067,30.163,29.892,29.926,344.79012
2025-01-06 20:00:00+00:00,29.924,29.953,29.78,29.918,127.04856
2025-01-07 00:00:00+00:00,29.919,30.078,29.865,30.056,223.9603
2025-01-07 04:00:00+00:00,30.056,30.17,30.017,30.155,199.2294
2025-01-07 08:00:00+00:00,30.152,30.238,30.107,30.217,76.7848
2025-01-07 12:00:00+00:00,30.214,30.375,29.963,30.082,552.14212
2025-01-07 16:00:00+00:00,30.084,30.153,29.999,30.088,427.36058
2025-01-07 20:00:00+00:00,30.09,30.099,29.875,30.079,115.26068
2025-01-08 00:00:00+00:00,30.079,30.141,29.981,29.999,164.6085
2025-01-08 04:00:00+00:00,30.0,30.135,29.978,30.02,218.0062
2025-01-08 08:00:00+00:00,30.024,30.241,30.014,30.126,285.92215
2025-01-08 12:00:00+00:00,30.126,30.338,29.992,30.153,388.46186
2025-01-08 16:00:00+00:00,30.152,30.215,29.785,30.054,283.98595
2025-01-08 20:00:00+00:00,30.053,30.136,30.043,30.118,59.5336
2025-01-09 00:00:00+00:00,30.118,30.17,30.008,30.086,183.255
2025-01-09 04:00:00+00:00,30.086,30.18,30.047,30.075,189.0367
2025-01-09 08:00:00+00:00,30.07,30.377,30.055,30.329,209.0298
2025-01-09 12:00:00+00:00,30.33,30.469,30.175,30.183,173.0256
2025-01-09 16:00:00+00:00,30.187,30.248,29.984,30.086,155.6533
2025-01-09 20:00:00+00:00,30.087,30.148,30.032,30.075,35.562
2025-01-10 00:00:00+00:00,30.076,30.289,30.064,30.248,217.464
2025-01-10 04:00:00+00:00,30.25,30.307,30.158,30.229,192.1665
2025-01-10 08:00:00+00:00,30.231,30.437,30.212,30.378,209.0284
2025-01-10 12:00:00+00:00,30.375,30.652,29.934,30.332,621.69116
2025-01-10 16:00:00+00:00,30.335,30.568,30.243,30.385,441.0167
2025-01-10 20:00:00+00:00,30.388,30.419,30.308,30.38,99.2205
2025-01-12 20:00:00+00:00,30.381,30.467,30.37,30.45,15.858
2025-01-13 00:00:00+00:00,30.447,30.497,30.181,30.233,249.3945
2025-01-13 04:00:00+00:00,30.232,30.306,30.085,30.224,224.6158
2025-01-13 08:00:00+00:00,30.224,30.368,29.849,29.862,500.9392
2025-01-13 12:00:00+00:00,29.849,29.889,29.509,29.532,871.0218
2025-01-13 16:00:00+00:00,29.54,29.714,29.491,29.613,404.4482
2025-01-13 20:00:00+00:00,29.613,29.744,29.555,29.668,142.479
2025-01-14 00:00:00+00:00,29.667,29.702,29.536,29.636,161.5935
2025-01-14 04:00:00+00:00,29.635,29.758,29.564,29.743,221.499
2025-01-14 08:00:00+00:00,29.744,29.859,29.498,29.732,237.4016
2025-01-14 12:00:00+00:00,29.733,29.953,29.635,29.897,802.3881
2025-01-14 16:00:00+00:00,29.899,29.963,29.716,29.795,358.8587
2025-01-14 20:00:00+00:00,29.796,29.896,29.746,29.821,142.6872
2025-01-15 00:00:00+00:00,29.821,29.867,29.724,29.84,193.41
2025-01-15 04:00:00+00:00,29.837,30.04,29.776,29.981,199.9341
2025-01-15 08:00:00+00:00,29.989,30.13,29.957,30.029,357.4976
2025-01-15 12:00:00+00:00,30.026,30.411,29.852,30.277,716.01355
2025-01-15 16:00:00+00:00,30.28,30.674,30.272,30.649,232.1722
2025-01-15 20:00:00+00:00,30.647,30.743,30.498,30.664,134.5115
2025-01-16 00:00:00+00:00,30.654,30.756,30.551,30.649,399.6015
2025-01-16 04:00:00+00:00,30.651,30.879,30.596,30.85,220.07963
2025-01-16 08:00:00+00:00,30.848,30.909,30.714,30.773,145.4728
2025-01-16 12:00:00+00:00,30.773,30.847,30.5,30.782,460.8315
2025-01-16 16:00:00+00:00,30.787,30.966,30.745,30.834,406.3597
2025-01-16 20:00:00+00:00,30.833,30.834,30.71,30.749,120.5865
2025-01-17 00:00:00+00:00,30.745,30.828,30.717,30.769,244.1764
2025-01-17 04:00:00+00:00,30.768,30.794,30.586,30.597,329.076
2025-01-17 08:00:00+00:00,30.596,30.651,30.422,30.614,337.12746
2025-01-17 12:00:00+00:00,30.623,30.67,30.121,30.31,626.8926
2025-01-17 16:00:00+00:00,30.301,30.443,30.167,30.171,450.046
2025-01-17 20:00:00+00:00,30.172,30.347,30.119,30.324,92.0547
2025-01-19 20:00:00+00:00,30.339,30.339,30.216,30.303,38.2695
2025-01-20 00:00:00+00:00,30.301,30.344,30.107,30.343,172.3194
2025-01-20 04:00:00+00:00,30.341,30.428,30.304,30.368,195.3735
2025-01-20 08:00:00+00:00,30.361,30.4,30.179,30.244,144.6507
2025-01-20 12:00:00+00:00,30.251,30.57,29.976,30.453,538.7048
2025-01-20 16:00:00+00:00,30.455,30.617,30.302,30.511,157.16986
2025-01-20 20:00:00+00:00,30.48,30.639,30.478,30.56,23.9025
2025-01-21 00:00:00+00:00,30.562,30.722,30.178,30.606,511.5105
2025-01-21 04:00:00+00:00,30.607,30.671,30.475,30.571,276.6933
2025-01-21 08:00:00+00:00,30.569,30.569,30.316,30.542,194.1895
2025-01-21 12:00:00+00:00,30.545,30.737,30.483,30.642,561.3089
2025-01-21 16:00:00+00:00,30.639,30.827,30.604,30.772,425.5413
2025-01-21 20:00:00+00:00,30.771,30.842,30.686,30.725,119.3317
2025-01-22 00:00:00+00:00,30.725,30.891,30.72,30.888,264.279
2025-01-22 04:00:00+00:00,30.889,30.938,30.744,30.798,293.0275
2025-01-22 08:00:00+00:00,30.807,30.946,30.76,30.825,275.5095
2025-01-22 12:00:00+00:00,30.824,30.887,30.549,30.697,614.67385
2025-01-22 16:00:00+00:00,30.698,30.898,30.648,30.85,264.2617
2025-01-22 20:00:00+00:00,30.847,30.877,30.704,30.756,67.5024
2025-01-23 00:00:00+00:00,30.754,30.841,30.564,30.571,204.339
2025-01-23 04:00:00+00:00,30.572,30.696,30.544,30.627,184.3635
2025-01-23 08:00:00+00:00,30.635,30.65,30.402,30.494,228.7492
2025-01-23 12:00:00+00:00,30.495,30.534,30.079,30.136,612.8864
2025-01-23 16:00:00+00:00,30.138,30.493,30.093,30.416,241.84122
2025-01-23 20:00:00+00:00,30.416,30.486,30.367,30.451,44.5989
2025-01-24 00:00:00+00:00,30.448,30.808,30.42,30.756,316.1407
2025-01-24 04:00:00+00:00,30.754,30.856,30.723,30.832,278.259
2025-01-24 08:00:00+00:00,30.83,30.936,30.77,30.857,247.6897
2025-01-24 12:00:00+00:00,30.856,31.011,30.525,30.625,466.09655
2025-01-24 16:00:00+00:00,30.625,30.825,30.603,30.688,376.336
2025-01-24 20:00:00+00:00,30.686,30.693,30.513,30.519,71.7119
2025-01-26 20:00:00+00:00,30.425,30.592,30.245,30.512,40.197
2025-01-27 00:00:00+00:00,30.515,30.56,30.146,30.345,319.1631
2025-01-27 04:00:00+00:00,30.345,30.351,30.124,30.141,273.1935
2025-01-27 08:00:00+00:00,30.143,30.581,30.094,30.568,316.60438
2025-01-27 12:00:00+00:00,30.571,30.602,30.098,30.362,559.2161
2025-01-27 16:00:00+00:00,30.361,30.371,29.685,30.125,536.75968
2025-01-27 20:00:00+00:00,30.128,30.23,30.104,30.161,141.5367
2025-01-28 00:00:00+00:00,30.162,30.201,29.982,29.998,179.7847
2025-01-28 04:00:00+00:00,29.999,30.129,29.946,29.963,157.5592
2025-01-28 08:00:00+00:00,29.96,30.187,29.87,30.133,225.4361
2025-01-28 12:00:00+00:00,30.136,30.383,30.067,30.316,442.9765
2025-01-28 16:00:00+00:00,30.31,30.475,30.224,30.424,293.7888
2025-01-28 20:00:00+00:00,30.427,30.447,30.321,30.391,86.9307
2025-01-29 00:00:00+00:00,30.39,30.472,30.367,30.378,80.6535
2025-01-29 04:00:00+00:00,30.375,30.456,30.268,30.355,123.7896
2025-01-29 08:00:00+00:00,30.356,30.531,30.352,30.49,258.8293
2025-01-29 12:00:00+00:00,30.496,30.973,30.403,30.853,590.2361
2025-01-29 16:00:00+00:00,30.857,30.894,30.571,30.793,643.5493
2025-01-29 20:00:00+00:00,30.789,30.88,30.67,30.866,297.2416
2025-01-30 00:00:00+00:00,30.866,30.884,30.797,30.878,107.1463
2025-01-30 04:00:00+00:00,30.877,31.008,30.786,31.003,156.1611
2025-01-30 08:00:00+00:00,31.005,31.107,30.941,31.022,219.83338
2025-01-30 12:00:00+00:00,31.025,31.722,30.951,31.557,562.14058
2025-01-30 16:00:00+00:00,31.556,31.646,31.318,31.565,545.89948
2025-01-30 20:00:00+00:00,31.561,31.659,31.427,31.605,227.1403
2025-01-31 00:00:00+00:00,31.581,31.65,31.007,31.487,187.4415
2025-01-31 04:00:00+00:00,31.486,31.545,31.282,31.471,283.3185
2025-01-31 08:00:00+00:00,31.465,31.674,31.457,31.653,267.5685
2025-01-31 12:00:00+00:00,31.653,31.695,31.381,31.461,378.99575
2025-01-31 16:00:00+00:00,31.469,31.596,31.192,31.246,417.86466
2025-01-31 20:00:00+00:00,31.24,31.356,31.158,31.262,166.641
2025-02-02 20:00:00+00:00,31.23,31.421,30.438,30.993,94.95297
2025-02-03 00:00:00+00:00,30.998,31.292,30.657,30.831,304.884
2025-02-03 04:00:00+00:00,30.828,31.152,30.787,31.059,173.4525
2025-02-03 08:00:00+00:00,31.056,31.314,30.96,31.273,130.8465
2025-02-03 12:00:00+00:00,31.272,31.524,30.953,31.385,615.6483
2025-02-03 16:00:00+00:00,31.385,31.661,31.288,31.582,378.74892
2025-02-03 20:00:00+00:00,31.58,31.599,31.438,31.476,165.0757
2025-02-04 00:00:00+00:00,31.476,31.62,31.426,31.494,138.672
2025-02-04 04:00:00+00:00,31.494,31.553,31.339,31.496,216.2085
2025-02-04 08:00:00+00:00,31.496,31.677,31.406,31.605,188.4099
2025-02-04 12:00:00+00:00,31.608,32.312,31.571,31.943,513.08172
2025-02-04 16:00:00+00:00,31.94,32.36,31.868,32.173,278.21808
2025-02-04 20:00:00+00:00,32.175,32.182,32.034,32.065,144.7197
2025-02-05 00:00:00+00:00,32.064,32.259,31.921,32.22,350.9771
2025-02-05 04:00:00+00:00,32.21,32.344,32.168,32.282,161.1885
2025-02-05 08:00:00+00:00,32.281,32.543,32.225,32.302,190.5883
2025-02-05 12:00:00+00:00,32.301,32.514,32.039,32.493,544.9258
2025-02-05 16:00:00+00:00,32.49,32.538,32.236,32.326,533.75035
2025-02-05 20:00:00+00:00,32.327,32.376,32.132,32.305,127.7905
2025-02-06 00:00:00+00:00,32.307,32.407,32.19,32.21,145.872
2025-02-06 04:00:00+00:00,32.21,32.343,31.903,31.923,199.65815
2025-02-06 08:00:00+00:00,31.92,32.143,31.783,32.018,334.4061
2025-02-06 12:00:00+00:00,32.028,32.144,31.731,32.044,552.07055
2025-02-06 16:00:00+00:00,32.049,32.265,32.043,32.177,337.06455
2025-02-06 20:00:00+00:00,32.176,32.268,32.165,32.205,68.4883
2025-02-07 00:00:00+00:00,32.206,32.304,32.197,32.239,123.216
2025-02-07 04:00:00+00:00,32.243,32.291,32.121,32.253,150.3675
2025-02-07 08:00:00+00:00,32.253,32.413,32.17,32.262,212.1861
2025-02-07 12:00:00+00:00,32.276,32.64,31.931,32.428,829.37345
2025-02-07 16:00:00+00:00,32.434,32.445,31.805,31.886,725.8521
2025-02-07 20:00:00+00:00,31.884,31.884,31.739,31.77,143.0922
2025-02-09 20:00:00+00:00,31.743,31.815,31.639,31.775,51.897
2025-02-10 00:00:00+00:00,31.775,32.014,31.775,32.004,286.2554
2025-02-10 04:00:00+00:00,32.005,32.156,31.948,32.13,161.7495
2025-02-10 08:00:00+00:00,32.132,32.328,32.113,32.244,206.174
2025-02-10 12:00:00+00:00,32.243,32.288,31.903,32.167,374.2552
2025-02-10 16:00:00+00:00,32.166,32.212,31.922,32.057,276.3472
2025-02-10 20:00:00+00:00,32.057,32.109,31.999,32.056,97.8747
2025-02-11 00:00:00+00:00,32.057,32.231,31.612,31.878,346.533
2025-02-11 04:00:00+00:00,31.88,32.033,31.704,31.777,222.94004
2025-02-11 08:00:00+00:00,31.776,31.823,31.651,31.703,209.4307
2025-02-11 12:00:00+00:00,31.708,31.937,31.239,31.914,545.89922
2025-02-11 16:00:00+00:00,31.913,31.949,31.815,31.878,211.65335
2025-02-11 20:00:00+00:00,31.873,31.884,31.63,31.825,88.3829
2025-02-12 00:00:00+00:00,31.823,31.927,31.645,31.828,222.5235
2025-02-12 04:00:00+00:00,31.827,31.93,31.719,31.881,217.3515
2025-02-12 08:00:00+00:00,31.878,31.894,31.699,31.758,239.30362
2025-02-12 12:00:00+00:00,31.757,32.193,31.468,32.182,711.9133
2025-02-12 16:00:00+00:00,32.183,32.354,32.063,32.162,410.97356
2025-02-12 20:00:00+00:00,32.164,32.283,32.14,32.265,84.263
2025-02-13 00:00:00+00:00,32.263,32.32,32.16,32.267,216.9809
2025-02-13 04:00:00+00:00,32.265,32.388,32.251,32.317,222.348
2025-02-13 08:00:00+00:00,32.31,32.356,32.18,32.253,235.4442
2025-02-13 12:00:00+00:00,32.252,32.33,31.981,32.212,595.9208
2025-02-13 16:00:00+00:00,32.207,32.333,32.084,32.312,396.265
2025-02-13 20:00:00+00:00,32.31,32.411,32.159,32.348,95.154
2025-02-14 00:00:00+00:00,32.348,32.502,32.247,32.415,244.653
2025-02-14 04:00:00+00:00,32.414,33.112,32.407,33.044,214.3699
2025-02-14 08:00:00+00:00,33.032,33.344,32.976,33.127,366.77738
2025-02-14 12:00:00+00:00,33.128,33.394,32.64,32.719,874.7795
2025-02-14 16:00:00+00:00,32.719,32.732,32.233,32.279,582.3408
2025-02-14 20:00:00+00:00,32.27,32.286,32.054,32.11,134.721
2025-02-16 20:00:00+00:00,32.108,32.194,31.927,32.02,68.892
2025-02-17 00:00:00+00:00,32.02,32.464,31.897,32.438,266.5155
2025-02-17 04:00:00+00:00,32.438,32.462,31.929,32.245,220.1648
2025-02-17 08:00:00+00:00,32.245,32.482,32.225,32.457,204.0446
2025-02-17 12:00:00+00:00,32.463,32.483,32.182,32.298,339.1882
2025-02-17 16:00:00+00:00,32.298,32.414,32.248,32.387,54.663
2025-02-17 20:00:00+00:00,32.388,32.388,32.307,32.366,4.8165
2025-02-18 00:00:00+00:00,32.37,32.405,32.06,32.359,281.6767
2025-02-18 04:00:00+00:00,32.357,32.516,32.287,32.401,354.8834
2025-02-18 08:00:00+00:00,32.399,32.517,32.352,32.476,272.9262
2025-02-18 12:00:00+00:00,32.473,32.672,32.371,32.656,495.75255
2025-02-18 16:00:00+00:00,32.653,32.891,32.621,32.826,462.51725
2025-02-18 20:00:00+00:00,32.824,32.903,32.805,32.895,91.0046
2025-02-19 00:00:00+00:00,32.899,32.941,32.456,32.623,245.932
2025-02-19 04:00:00+00:00,32.62,32.902,32.599,32.84,228.081
2025-02-19 08:00:00+00:00,32.842,33.069,32.84,32.895,207.3726
2025-02-19 12:00:00+00:00,32.888,32.973,32.45,32.467,755.983
2025-02-19 16:00:00+00:00,32.467,32.764,32.438,32.738,671.13495
2025-02-19 20:00:00+00:00,32.734,32.768,32.624,32.693,122.43445
2025-02-20 00:00:00+00:00,32.694,32.835,32.611,32.806,275.1743
2025-02-20 04:00:00+00:00,32.806,32.996,32.752,32.933,203.93475
2025-02-20 08:00:00+00:00,32.932,33.194,32.931,33.032,224.82655
2025-02-20 12:00:00+00:00,33.031,33.16,32.774,32.95,833.81745
2025-02-20 16:00:00+00:00,32.957,33.099,32.832,32.949,745.5403
2025-02-20 20:00:00+00:00,32.936,32.965,32.821,32.94,113.41645
2025-02-21 00:00:00+00:00,32.94,33.071,32.812,32.867,394.1415
2025-02-21 04:00:00+00:00,32.859,33.0,32.731,32.904,340.1356
2025-02-21 08:00:00+00:00,32.9,33.006,32.665,32.911,354.01534
2025-02-21 12:00:00+00:00,32.917,33.016,32.484,32.568,852.99345
2025-02-21 16:00:00+00:00,32.569,32.775,32.506,32.533,595.36705
2025-02-21 20:00:00+00:00,32.536,32.565,32.42,32.422,191.8154
2025-02-23 20:00:00+00:00,32.453,32.687,32.428,32.563,21.9409
2025-02-24 00:00:00+00:00,32.563,32.749,32.34,32.65,460.968
2025-02-24 04:00:00+00:00,32.65,32.714,32.544,32.586,392.3901
2025-02-24 08:00:00+00:00,32.587,32.629,32.408,32.513,229.40225
2025-02-24 12:00:00+00:00,32.512,32.726,32.083,32.162,628.811
2025-02-24 16:00:00+00:00,32.159,32.407,32.156,32.323,457.8125
2025-02-24 20:00:00+00:00,32.32,32.371,32.229,32.248,168.925
2025-02-25 00:00:00+00:00,32.25,32.469,32.221,32.383,343.1531
2025-02-25 04:00:00+00:00,32.385,32.398,32.022,32.025,253.8788
2025-02-25 08:00:00+00:00,32.024,32.267,32.022,32.155,304.0704
2025-02-25 12:00:00+00:00,32.154,32.19,31.465,31.493,1009.7467
2025-02-25 16:00:00+00:00,31.495,31.641,31.276,31.62,840.6642
2025-02-25 20:00:00+00:00,31.607,31.8,31.584,31.771,220.84875
2025-02-26 00:00:00+00:00,31.773,31.808,31.673,31.76,372.9817
2025-02-26 04:00:00+00:00,31.761,31.793,31.563,31.771,294.9671
2025-02-26 08:00:00+00:00,31.768,31.921,31.692,31.711,290.35275
2025-02-26 12:00:00+00:00,31.71,31.859,31.478,31.829,689.52131
2025-02-26 16:00:00+00:00,31.832,31.952,31.738,31.759,561.22805
2025-02-26 20:00:00+00:00,31.76,31.903,31.712,31.878,132.3281
2025-02-27 00:00:00+00:00,31.877,31.93,31.696,31.711,222.7155
2025-02-27 04:00:00+00:00,31.711,31.861,31.524,31.767,251.6835
2025-02-27 08:00:00+00:00,31.771,31.871,31.595,31.72,312.8267
2025-02-27 12:00:00+00:00,31.726,31.911,31.267,31.422,535.50524
2025-02-27 16:00:00+00:00,31.423,31.528,31.234,31.289,360.4906
2025-02-27 20:00:00+00:00,31.292,31.293,31.162,31.208,112.1304
2025-02-28 00:00:00+00:00,31.208,31.386,31.177,31.22,346.2087
2025-02-28 04:00:00+00:00,31.221,31.272,31.04,31.092,278.4029
2025-02-28 08:00:00+00:00,31.093,31.182,30.992,31.146,261.1462
2025-02-28 12:00:00+00:00,31.147,31.203,30.801,31.135,678.8975
2025-02-28 16:00:00+00:00,31.141,31.192,30.911,31.063,321.4835
2025-02-28 20:00:00+00:00,31.063,31.157,31.015,31.117,50.034
2025-03-02 20:00:00+00:00,31.084,31.305,31.084,31.241,17.47902
2025-03-03 00:00:00+00:00,31.233,31.395,31.104,31.279,216.0465
2025-03-03 04:00:00+00:00,31.277,31.314,31.107,31.176,158.3758
2025-03-03 08:00:00+00:00,31.177,31.519,31.153,31.464,138.3935
2025-03-03 12:00:00+00:00,31.462,31.834,31.454,31.755,542.3221
2025-03-03 16:00:00+00:00,31.761,31.808,31.497,31.536,562.6109
2025-03-03 20:00:00+00:00,31.53,31.696,31.471,31.641,280.5335
2025-03-04 00:00:00+00:00,31.64,31.715,31.481,31.636,197.9063
2025-03-04 04:00:00+00:00,31.635,31.739,31.597,31.684,171.4643
2025-03-04 08:00:00+00:00,31.686,31.901,31.615,31.888,306.41975
2025-03-04 12:00:00+00:00,31.89,31.978,31.454,31.536,661.26407
2025-03-04 16:00:00+00:00,31.535,31.964,31.497,31.923,474.2422
2025-03-04 20:00:00+00:00,31.922,32.004,31.789,31.91,164.65486
2025-03-05 00:00:00+00:00,31.908,31.991,31.756,31.956,297.9509
2025-03-05 04:00:00+00:00,31.955,32.292,31.947,32.236,244.1311
2025-03-05 08:00:00+00:00,32.222,32.352,32.16,32.218,509.5151
2025-03-05 12:00:00+00:00,32.219,32.521,31.92,32.465,1060.35549
2025-03-05 16:00:00+00:00,32.46,32.679,32.401,32.662,789.1651
2025-03-05 20:00:00+00:00,32.664,32.703,32.553,32.609,88.94361
2025-03-06 00:00:00+00:00,32.605,32.671,32.478,32.581,319.0424
2025-03-06 04:00:00+00:00,32.582,32.638,32.443,32.462,227.538
2025-03-06 08:00:00+00:00,32.465,32.551,32.246,32.412,456.6822
2025-03-06 12:00:00+00:00,32.414,32.72,32.277,32.668,671.67735
2025-03-06 16:00:00+00:00,32.67,32.753,32.565,32.644,474.07192
2025-03-06 20:00:00+00:00,32.645,32.689,32.56,32.61,180.9564
2025-03-07 00:00:00+00:00,32.613,32.613,32.42,32.567,210.9425
2025-03-07 04:00:00+00:00,32.564,32.638,32.519,32.598,192.1948
2025-03-07 08:00:00+00:00,32.601,32.668,32.454,32.489,194.4952
2025-03-07 12:00:00+00:00,32.493,32.593,32.161,32.321,825.552
2025-03-07 16:00:00+00:00,32.317,32.435,32.091,32.379,766.1001
2025-03-07 20:00:00+00:00,32.38,32.537,32.361,32.51,162.9973
2025-03-09 20:00:00+00:00,32.525,32.625,32.452,32.556,93.429
2025-03-10 00:00:00+00:00,32.558,32.655,32.309,32.407,445.9454
2025-03-10 04:00:00+00:00,32.407,32.603,32.333,32.541,305.45965
2025-03-10 08:00:00+00:00,32.54,32.616,32.317,32.473,365.5191
2025-03-10 12:00:00+00:00,32.479,32.552,32.151,32.223,633.3941
2025-03-10 16:00:00+00:00,32.224,32.261,31.92,31.986,470.4747
2025-03-10 20:00:00+00:00,31.987,32.119,31.958,31.998,64.54188
2025-03-11 00:00:00+00:00,32.003,32.192,31.795,32.145,392.4829
2025-03-11 04:00:00+00:00,32.146,32.286,32.009,32.258,228.8319
2025-03-11 08:00:00+00:00,32.265,32.553,32.236,32.53,283.33525
2025-03-11 12:00:00+00:00,32.538,32.938,32.408,32.702,789.82374
2025-03-11 16:00:00+00:00,32.701,32.97,32.668,32.904,722.3809
2025-03-11 20:00:00+00:00,32.907,32.974,32.824,32.838,100.016
2025-03-12 00:00:00+00:00,32.843,32.846,32.72,32.749,225.916
2025-03-12 04:00:00+00:00,32.753,32.956,32.692,32.92,265.7105
2025-03-12 08:00:00+00:00,32.939,33.079,32.88,33.03,396.4844
2025-03-12 12:00:00+00:00,33.031,33.202,32.87,33.157,912.64961
2025-03-12 16:00:00+00:00,33.158,33.307,33.105,33.192,414.9203
2025-03-12 20:00:00+00:00,33.192,33.272,32.973,33.263,49.8124
2025-03-13 00:00:00+00:00,33.262,33.315,33.135,33.188,156.2419
2025-03-13 04:00:00+00:00,33.188,33.22,32.927,32.959,201.46295
2025-03-13 08:00:00+00:00,32.96,33.211,32.921,33.138,352.6895
2025-03-13 12:00:00+00:00,33.142,33.935,32.963,33.916,1012.22452
2025-03-13 16:00:00+00:00,33.917,33.95,33.619,33.758,757.90527
2025-03-13 20:00:00+00:00,33.757,33.911,33.744,33.847,62.4463
2025-03-14 00:00:00+00:00,33.846,33.903,33.657,33.903,288.6487
2025-03-14 04:00:00+00:00,33.902,33.964,33.76,33.944,228.34435
2025-03-14 08:00:00+00:00,33.941,33.994,33.712,33.876,391.8579
2025-03-14 12:00:00+00:00,33.885,34.074,33.509,33.598,845.1624
2025-03-14 16:00:00+00:00,33.595,33.811,33.565,33.727,373.12276
2025-03-14 20:00:00+00:00,33.722,33.828,33.637,33.817,18.4695
2025-03-16 20:00:00+00:00,33.865,33.865,33.746,33.771,58.383
2025-03-17 00:00:00+00:00,33.773,33.883,33.722,33.785,206.6887
2025-03-17 04:00:00+00:00,33.783,33.848,33.672,33.72,153.7211
2025-03-17 08:00:00+00:00,33.718,33.858,33.638,33.754,260.1437
2025-03-17 12:00:00+00:00,33.748,33.79,33.42,33.678,822.31825
2025-03-17 16:00:00+00:00,33.669,33.879,33.616,33.85,354.57315
2025-03-17 20:00:00+00:00,33.849,33.882,33.661,33.736,21.4114
2025-03-18 00:00:00+00:00,33.733,33.93,33.733,33.899,344.7969
2025-03-18 04:00:00+00:00,33.904,33.977,33.84,33.886,230.0861
2025-03-18 08:00:00+00:00,33.888,34.117,33.872,34.093,335.8568
2025-03-18 12:00:00+00:00,34.08,34.226,33.844,34.008,941.81972
2025-03-18 16:00:00+00:00,34.011,34.146,33.895,33.907,516.1949
2025-03-18 20:00:00+00:00,33.905,34.021,33.894,33.945,44.8357
2025-03-19 00:00:00+00:00,33.941,34.057,33.855,34.027,122.3496
2025-03-19 04:00:00+00:00,34.022,34.091,33.817,33.824,303.2507
2025-03-19 08:00:00+00:00,33.822,33.921,33.556,33.915,227.4986
2025-03-19 12:00:00+00:00,33.915,33.932,33.448,33.482,694.92155
2025-03-19 16:00:00+00:00,33.473,33.929,33.461,33.783,644.74925
2025-03-19 20:00:00+00:00,33.788,33.905,33.54,33.897,85.0986
2025-03-20 00:00:00+00:00,33.898,33.934,33.757,33.862,181.0754
2025-03-20 04:00:00+00:00,33.856,33.925,33.612,33.644,206.6327
2025-03-20 08:00:00+00:00,33.643,33.694,33.088,33.363,422.45865
2025-03-20 12:00:00+00:00,33.367,33.508,33.2,33.432,699.04665
2025-03-20 16:00:00+00:00,33.427,33.543,33.353,33.521,312.5303
2025-03-20 20:00:00+00:00,33.517,33.583,33.464,33.523,24.9268
2025-03-21 00:00:00+00:00,33.522,33.533,33.091,33.126,275.6413
2025-03-21 04:00:00+00:00,33.128,33.216,32.939,33.041,302.0202
2025-03-21 08:00:00+00:00,33.037,33.203,32.928,33.168,328.07479
2025-03-21 12:00:00+00:00,33.175,33.24,32.644,32.854,949.09869
2025-03-21 16:00:00+00:00,32.853,33.026,32.839,32.96,375.8631
2025-03-21 20:00:00+00:00,32.961,33.048,32.959,33.016,27.7545
2025-03-23 20:00:00+00:00,32.96,33.09,32.96,33.052,24.3
2025-03-24 00:00:00+00:00,33.051,33.18,32.931,33.089,229.1733
2025-03-24 04:00:00+00:00,33.092,33.213,33.068,33.073,190.4713
2025-03-24 08:00:00+00:00,33.083,33.294,33.077,33.087,324.77813
2025-03-24 12:00:00+00:00,33.088,33.23,32.908,33.005,488.5217
2025-03-24 16:00:00+00:00,32.998,33.066,32.866,32.934,360.2443
2025-03-24 20:00:00+00:00,32.945,33.026,32.904,32.919,33.2218
2025-03-25 00:00:00+00:00,32.921,33.114,32.911,33.098,158.908
2025-03-25 04:00:00+00:00,33.096,33.17,33.075,33.092,142.1054
2025-03-25 08:00:00+00:00,33.091,33.529,33.091,33.419,269.1033
2025-03-25 12:00:00+00:00,33.418,33.791,33.35,33.64,680.5496
2025-03-25 16:00:00+00:00,33.639,33.705,33.551,33.618,337.45225
2025-03-25 20:00:00+00:00,33.623,33.739,33.605,33.665,32.0543
2025-03-26 00:00:00+00:00,33.666,33.798,33.614,33.634,222.9787
2025-03-26 04:00:00+00:00,33.635,33.783,33.541,33.732,194.33029
2025-03-26 08:00:00+00:00,33.741,33.785,33.583,33.768,354.9972
2025-03-26 12:00:00+00:00,33.766,33.917,33.498,33.587,520.84049
2025-03-26 16:00:00+00:00,33.594,33.73,33.49,33.555,462.3122
2025-03-26 20:00:00+00:00,33.546,33.666,33.546,33.639,76.2464
2025-03-27 00:00:00+00:00,33.64,33.732,33.591,33.714,325.3434
2025-03-27 04:00:00+00:00,33.715,33.766,33.614,33.729,328.8802
2025-03-27 08:00:00+00:00,33.734,34.086,33.632,34.077,360.3248
2025-03-27 12:00:00+00:00,34.078,34.393,33.684,34.277,1136.34775
2025-03-27 16:00:00+00:00,34.28,34.459,34.183,34.393,551.1763
2025-03-27 20:00:00+00:00,34.393,34.456,34.235,34.392,86.0392
2025-03-28 00:00:00+00:00,34.392,34.485,34.151,34.285,359.4013
2025-03-28 04:00:00+00:00,34.283,34.486,34.234,34.401,350.35119
2025-03-28 08:00:00+00:00,34.402,34.503,34.271,34.407,310.4519
2025-03-28 12:00:00+00:00,34.406,34.579,33.963,34.143,792.793
2025-03-28 16:00:00+00:00,34.131,34.182,33.907,34.05,432.4318
2025-03-28 20:00:00+00:00,34.048,34.147,34.035,34.108,20.31
2025-03-30 20:00:00+00:00,34.111,34.237,34.078,34.203,88.0349
2025-03-31 00:00:00+00:00,34.209,34.329,33.879,34.234,498.6669
2025-03-31 04:00:00+00:00,34.235,34.429,34.219,34.425,361.35685
2025-03-31 08:00:00+00:00,34.411,34.457,33.988,34.132,533.6733
2025-03-31 12:00:00+00:00,34.138,34.204,33.486,33.79,1137.1059
2025-03-31 16:00:00+00:00,33.802,34.082,33.75,34.037,552.1377
2025-03-31 20:00:00+00:00,34.037,34.103,33.905,34.036,60.7514
2025-04-01 00:00:00+00:00,34.033,34.2,33.941,34.152,254.2687
2025-04-01 04:00:00+00:00,34.15,34.159,33.797,33.907,325.30833
2025-04-01 08:00:00+00:00,33.899,34.076,33.802,33.855,328.13365
2025-04-01 12:00:00+00:00,33.848,34.019,33.628,33.636,868.70395
2025-04-01 16:00:00+00:00,33.628,33.682,33.449,33.648,502.41775
2025-04-01 20:00:00+00:00,33.648,33.715,33.629,33.653,50.1367
2025-04-02 00:00:00+00:00,33.656,33.889,33.588,33.807,202.0534
2025-04-02 04:00:00+00:00,33.808,33.876,33.623,33.797,222.11395
2025-04-02 08:00:00+00:00,33.799,34.042,33.735,33.828,312.18905
2025-04-02 12:00:00+00:00,33.82,34.009,33.651,33.81,607.0448
2025-04-02 16:00:00+00:00,33.812,34.023,33.686,33.777,377.50423
2025-04-02 20:00:00+00:00,33.777,34.13,32.936,33.776,493.7288
2025-04-03 00:00:00+00:00,33.774,33.949,33.283,33.392,589.6521
2025-04-03 04:00:00+00:00,33.392,33.422,32.96,33.174,465.4175
2025-04-03 08:00:00+00:00,33.174,33.21,32.342,32.445,544.51031
2025-04-03 12:00:00+00:00,32.445,32.472,31.737,31.924,1060.061
2025-04-03 16:00:00+00:00,31.931,32.068,31.698,31.731,517.4896
2025-04-03 20:00:00+00:00,31.743,31.977,31.728,31.896,93.1328
2025-04-04 00:00:00+00:00,31.895,31.972,31.395,31.462,229.864
2025-04-04 04:00:00+00:00,31.461,31.683,31.141,31.247,331.84095
2025-04-04 08:00:00+00:00,31.246,31.539,30.88,31.202,678.04605
2025-04-04 12:00:00+00:00,31.212,31.225,29.342,29.696,1262.81352
2025-04-04 16:00:00+00:00,29.702,29.874,29.172,29.723,752.6316
2025-04-04 20:00:00+00:00,29.726,29.745,29.455,29.558,68.7195
2025-04-06 20:00:00+00:00,29.147,29.163,28.108,28.649,127.94934
2025-04-07 00:00:00+00:00,28.65,30.797,28.427,29.937,870.6139
2025-04-07 04:00:00+00:00,29.938,30.293,29.703,29.917,624.9535
2025-04-07 08:00:00+00:00,29.922,30.51,29.885,30.124,635.6186
2025-04-07 12:00:00+00:00,30.125,30.583,29.766,29.928,1022.7221
2025-04-07 16:00:00+00:00,29.923,30.0,29.58,29.875,872.1855
2025-04-07 20:00:00+00:00,29.874,30.112,29.83,30.007,183.285
2025-04-08 00:00:00+00:00,30.006,30.174,29.822,30.051,430.7475
2025-04-08 04:00:00+00:00,30.052,30.258,29.989,30.129,395.3235
2025-04-08 08:00:00+00:00,30.128,30.408,30.049,30.392,363.8235
2025-04-08 12:00:00+00:00,30.398,30.519,30.001,30.027,801.696
2025-04-08 16:00:00+00:00,30.032,30.074,29.609,29.838,774.495
2025-04-08 20:00:00+00:00,29.838,29.867,29.367,29.585,172.6095
2025-04-09 00:00:00+00:00,29.588,29.941,29.318,29.797,490.074
2025-04-09 04:00:00+00:00,29.796,30.417,29.693,30.316,391.1085
2025-04-09 08:00:00+00:00,30.317,30.655,30.051,30.593,471.46176
2025-04-09 12:00:00+00:00,30.594,30.649,30.127,30.294,980.934
2025-04-09 16:00:00+00:00,30.301,31.023,30.263,30.844,1033.6755
2025-04-09 20:00:00+00:00,30.843,31.053,30.72,30.899,165.738
2025-04-10 00:00:00+00:00,30.898,31.165,30.784,31.141,422.5355
2025-04-10 04:00:00+00:00,31.141,31.294,30.93,30.966,340.4935
2025-04-10 08:00:00+00:00,30.967,31.013,30.677,30.903,434.898
2025-04-10 12:00:00+00:00,30.907,31.19,30.557,30.812,972.131
2025-04-10 16:00:00+00:00,30.811,31.23,30.67,31.101,971.7255
2025-04-10 20:00:00+00:00,31.1,31.284,31.084,31.154,165.414
2025-04-11 00:00:00+00:00,31.152,31.344,30.892,31.32,500.4195
2025-04-11 04:00:00+00:00,31.319,31.457,31.136,31.328,406.0225
2025-04-11 08:00:00+00:00,31.326,31.517,31.203,31.451,463.4635
2025-04-11 12:00:00+00:00,31.451,32.27,31.348,32.164,798.789
2025-04-11 16:00:00+00:00,32.166,32.267,31.831,32.095,377.1255
2025-04-11 20:00:00+00:00,32.091,32.255,32.077,32.192,41.5485
2025-04-13 20:00:00+00:00,32.211,32.279,31.969,32.066,127.1145
2025-04-14 00:00:00+00:00,32.066,32.136,31.794,31.855,369.2265
2025-04-14 04:00:00+00:00,31.858,32.271,31.805,32.173,290.367
2025-04-14 08:00:00+00:00,32.171,32.37,32.069,32.259,375.5295
2025-04-14 12:00:00+00:00,32.262,32.385,31.716,31.944,800.8665
2025-04-14 16:00:00+00:00,31.945,32.353,31.921,32.263,331.569
2025-04-14 20:00:00+00:00,32.262,32.376,32.217,32.279,80.9145
2025-04-15 00:00:00+00:00,32.28,32.309,32.135,32.267,264.471
2025-04-15 04:00:00+00:00,32.269,32.386,32.189,32.346,233.13
2025-04-15 08:00:00+00:00,32.347,32.376,32.192,32.246,282.996
2025-04-15 12:00:00+00:00,32.25,32.364,32.078,32.212,567.167
2025-04-15 16:00:00+00:00,32.213,32.36,32.186,32.311,235.2276
2025-04-15 20:00:00+00:00,32.308,32.395,32.242,32.383,107.679
2025-04-16 00:00:00+00:00,32.382,32.485,32.272,32.39,398.4255
2025-04-16 04:00:00+00:00,32.391,32.861,32.355,32.825,363.9705
2025-04-16 08:00:00+00:00,32.833,33.101,32.754,32.937,437.58
2025-04-16 12:00:00+00:00,32.931,33.055,32.65,32.889,642.9035
2025-04-16 16:00:00+00:00,32.893,32.998,32.711,32.732,579.399
2025-04-16 20:00:00+00:00,32.733,32.927,32.582,32.808,144.279
2025-04-17 00:00:00+00:00,32.812,32.929,32.112,32.637,469.0805
2025-04-17 04:00:00+00:00,32.628,32.655,32.236,32.438,365.6025
2025-04-17 08:00:00+00:00,32.439,32.472,32.251,32.362,348.12
2025-04-17 12:00:00+00:00,32.354,32.628,32.074,32.258,664.4775
2025-04-17 16:00:00+00:00,32.254,32.535,32.254,32.459,345.8145
2025-04-17 20:00:00+00:00,32.463,32.566,32.436,32.484,31.3875
2025-04-20 20:00:00+00:00,32.418,32.593,32.413,32.547,96.141
2025-04-21 00:00:00+00:00,32.547,32.787,32.531,32.774,283.8945
2025-04-21 04:00:00+00:00,32.774,32.959,32.631,32.729,248.112
2025-04-21 08:00:00+00:00,32.731,33.023,32.707,32.963,250.0887
2025-04-21 12:00:00+00:00,32.964,33.044,32.575,32.754,685.759
2025-04-21 16:00:00+00:00,32.756,32.779,32.467,32.721,426.5775
2025-04-21 20:00:00+00:00,32.722,32.771,32.614,32.726,114.273
2025-04-22 00:00:00+00:00,32.723,32.835,32.522,32.805,394.4205
2025-04-22 04:00:00+00:00,32.805,32.898,32.271,32.544,481.4445
2025-04-22 08:00:00+00:00,32.547,32.735,32.308,32.693,372.735
2025-04-22 12:00:00+00:00,32.691,33.044,32.506,32.947,783.6105
2025-04-22 16:00:00+00:00,32.948,33.141,32.444,32.453,680.568
2025-04-22 20:00:00+00:00,32.454,32.607,32.078,32.493,231.5265
2025-04-23 00:00:00+00:00,32.497,32.854,32.488,32.692,477.711
2025-04-23 04:00:00+00:00,32.691,32.878,32.602,32.859,362.379
2025-04-23 08:00:00+00:00,32.866,33.024,32.802,32.858,388.29
2025-04-23 12:00:00+00:00,32.857,33.666,32.66,33.51,1141.1555
2025-04-23 16:00:00+00:00,33.515,33.658,33.454,33.593,483.8115
2025-04-23 20:00:00+00:00,33.6,33.634,33.512,33.613,108.6885
2025-04-24 00:00:00+00:00,33.612,33.667,33.278,33.296,453.81
2025-04-24 04:00:00+00:00,33.295,33.453,33.241,33.336,317.868
2025-04-24 08:00:00+00:00,33.337,33.486,33.261,33.439,290.3595
2025-04-24 12:00:00+00:00,33.444,33.518,33.16,33.446,621.783
2025-04-24 16:00:00+00:00,33.447,33.602,33.427,33.577,245.7675
2025-04-24 20:00:00+00:00,33.578,33.663,33.514,33.602,124.5495
2025-04-25 00:00:00+00:00,33.601,33.664,33.364,33.396,270.4065
2025-04-25 04:00:00+00:00,33.396,33.491,33.242,33.355,338.4
2025-04-25 08:00:00+00:00,33.354,33.455,33.097,33.235,283.725
2025-04-25 12:00:00+00:00,33.234,33.368,32.761,32.949,550.6515
2025-04-25 16:00:00+00:00,32.952,33.078,32.889,33.015,192.876
2025-04-25 20:00:00+00:00,33.017,33.087,33.009,33.012,29.142
2025-04-27 20:00:00+00:00,33.075,33.142,32.872,32.88,101.8365
2025-04-28 00:00:00+00:00,32.881,33.012,32.643,32.829,349.206
2025-04-28 04:00:00+00:00,32.832,33.001,32.763,32.956,218.98638
2025-04-28 08:00:00+00:00,32.951,33.081,32.8,33.038,257.379
2025-04-28 12:00:00+00:00,33.037,33.142,32.79,33.026,482.3385
2025-04-28 16:00:00+00:00,33.031,33.177,33.012,33.17,174.6375
2025-04-28 20:00:00+00:00,33.17,33.189,33.063,33.099,69.5475
2025-04-29 00:00:00+00:00,33.098,33.235,32.926,32.966,217.2675
2025-04-29 04:00:00+00:00,32.968,33.236,32.868,33.22,208.6425
2025-04-29 08:00:00+00:00,33.224,33.362,33.147,33.204,259.437
2025-04-29 12:00:00+00:00,33.208,33.524,33.028,33.19,452.3205
2025-04-29 16:00:00+00:00,33.192,33.311,32.788,32.815,211.191
2025-04-29 20:00:00+00:00,32.816,32.952,32.812,32.925,71.703
2025-04-30 00:00:00+00:00,32.923,33.102,32.857,32.861,271.8855
2025-04-30 04:00:00+00:00,32.86,32.975,32.651,32.662,214.2585
2025-04-30 08:00:00+00:00,32.659,32.686,32.167,32.215,239.386
2025-04-30 12:00:00+00:00,32.211,32.764,32.179,32.692,796.68
2025-04-30 16:00:00+00:00,32.696,32.725,32.513,32.536,341.115
2025-04-30 20:00:00+00:00,32.538,32.649,32.52,32.605,113.943
2025-05-01 00:00:00+00:00,32.608,32.658,31.957,32.015,263.9235
2025-05-01 04:00:00+00:00,32.013,32.172,31.976,32.121,249.75
2025-05-01 08:00:00+00:00,32.122,32.307,31.656,31.712,132.1665
2025-05-01 12:00:00+00:00,31.713,32.488,31.677,32.237,348.615
2025-05-01 16:00:00+00:00,32.239,32.404,32.085,32.329,103.0275
2025-05-01 20:00:00+00:00,32.328,32.441,32.21,32.424,81.4575
2025-05-02 00:00:00+00:00,32.428,32.703,32.397,32.675,222.0885
2025-05-02 04:00:00+00:00,32.673,32.697,32.528,32.538,178.9425
2025-05-02 08:00:00+00:00,32.537,32.584,32.251,32.28,134.514
2025-05-02 12:00:00+00:00,32.264,32.604,31.92,32.003,575.4555
2025-05-02 16:00:00+00:00,32.0,32.113,31.937,32.007,209.922
2025-05-02 20:00:00+00:00,32.014,32.065,31.963,31.979,31.503
2025-05-04 20:00:00+00:00,32.002,32.088,31.944,32.048,65.574
2025-05-05 00:00:00+00:00,32.051,32.193,31.984,32.131,156.408
2025-05-05 04:00:00+00:00,32.133,32.448,32.109,32.314,167.232
2025-05-05 08:00:00+00:00,32.311,32.471,32.3,32.38,243.735
2025-05-05 12:00:00+00:00,32.379,32.659,32.197,32.259,575.139
2025-05-05 16:00:00+00:00,32.254,32.479,32.146,32.382,282.576
2025-05-05 20:00:00+00:00,32.382,32.509,32.255,32.496,78.363
2025-05-06 00:00:00+00:00,32.495,33.068,32.468,33.061,486.0075
2025-05-06 04:00:00+00:00,33.062,33.159,32.936,33.036,253.5659
2025-05-06 08:00:00+00:00,33.049,33.118,32.858,33.08,287.454
2025-05-06 12:00:00+00:00,33.078,33.226,32.997,33.023,748.7085
2025-05-06 16:00:00+00:00,33.024,33.235,32.978,33.218,295.725
2025-05-06 20:00:00+00:00,33.219,33.247,32.903,33.135,212.799
2025-05-07 00:00:00+00:00,33.135,33.135,32.805,32.945,409.7025
2025-05-07 04:00:00+00:00,32.944,33.088,32.878,32.987,242.6535
2025-05-07 08:00:00+00:00,32.986,33.004,32.714,32.881,439.404
2025-05-07 12:00:00+00:00,32.88,32.946,32.535,32.624,592.482
2025-05-07 16:00:00+00:00,32.621,32.678,32.231,32.407,457.335
2025-05-07 20:00:00+00:00,32.408,32.45,32.313,32.45,92.67
2025-05-08 00:00:00+00:00,32.449,32.914,32.388,32.842,355.3245
2025-05-08 04:00:00+00:00,32.845,32.93,32.207,32.368,430.1235
2025-05-08 08:00:00+00:00,32.368,32.528,32.297,32.386,340.32
2025-05-08 12:00:00+00:00,32.391,32.745,32.36,32.616,548.487
2025-05-08 16:00:00+00:00,32.612,32.619,32.282,32.374,390.264
2025-05-08 20:00:00+00:00,32.381,32.512,32.263,32.428,109.53
2025-05-09 00:00:00+00:00,32.429,32.517,32.207,32.421,404.28
2025-05-09 04:00:00+00:00,32.422,32.706,32.418,32.638,343.6305
2025-05-09 08:00:00+00:00,32.647,32.648,32.405,32.539,265.233
2025-05-09 12:00:00+00:00,32.54,32.815,32.51,32.81,540.7035
2025-05-09 16:00:00+00:00,32.805,32.859,32.684,32.742,260.4915
2025-05-09 20:00:00+00:00,32.741,32.772,32.483,32.491,22.83
2025-05-11 20:00:00+00:00,32.296,32.664,32.296,32.643,132.7845
2025-05-12 00:00:00+00:00,32.642,32.813,32.47,32.797,347.7645
2025-05-12 04:00:00+00:00,32.796,32.984,31.909,32.04,499.764
2025-05-12 08:00:00+00:00,32.055,32.397,31.857,32.309,507.321
2025-05-12 12:00:00+00:00,32.306,32.728,32.133,32.546,830.397
2025-05-12 16:00:00+00:00,32.54,32.58,32.348,32.557,232.1415
2025-05-12 20:00:00+00:00,32.558,32.606,32.535,32.565,57.0885
2025-05-13 00:00:00+00:00,32.566,33.029,32.52,33.013,321.624
2025-05-13 04:00:00+00:00,33.013,33.22,32.933,33.176,249.8145
2025-05-13 08:00:00+00:00,33.179,33.199,32.831,32.851,270.2865
2025-05-13 12:00:00+00:00,32.85,32.969,32.507,32.937,869.043
2025-05-13 16:00:00+00:00,32.935,32.986,32.828,32.932,264.2295
2025-05-13 20:00:00+00:00,32.928,32.955,32.843,32.932,48.138
2025-05-14 00:00:00+00:00,32.931,32.938,32.586,32.623,299.3865
2025-05-14 04:00:00+00:00,32.622,32.914,32.495,32.899,278.6865
2025-05-14 08:00:00+00:00,32.886,32.924,32.747,32.855,363.453
2025-05-14 12:00:00+00:00,32.86,32.908,32.112,32.27,791.0685
2025-05-14 16:00:00+00:00,32.27,32.298,32.061,32.141,220.005
2025-05-14 20:00:00+00:00,32.14,32.23,32.098,32.2,60.1815
2025-05-15 00:00:00+00:00,32.202,32.284,31.79,31.855,346.0725
2025-05-15 04:00:00+00:00,31.854,31.986,31.637,31.784,361.8375
2025-05-15 08:00:00+00:00,31.783,32.198,31.727,32.171,356.2065
2025-05-15 12:00:00+00:00,32.17,32.524,32.06,32.523,690.771
2025-05-15 16:00:00+00:00,32.523,32.569,32.429,32.559,193.392
2025-05-15 20:00:00+00:00,32.557,32.679,32.539,32.622,98.817
2025-05-16 00:00:00+00:00,32.621,32.658,32.325,32.354,282.357
2025-05-16 04:00:00+00:00,32.354,32.467,32.277,32.291,240.6885
2025-05-16 08:00:00+00:00,32.29,32.312,31.884,31.963,370.335
2025-05-16 12:00:00+00:00,31.959,32.311,31.852,32.189,718.281
2025-05-16 16:00:00+00:00,32.188,32.259,32.15,32.23,239.28
2025-05-16 20:00:00+00:00,32.229,32.291,32.223,32.244,42.9015
2025-05-18 20:00:00+00:00,32.32,32.507,32.251,32.455,144.7305
2025-05-19 00:00:00+00:00,32.459,32.546,32.264,32.275,297.699
2025-05-19 04:00:00+00:00,32.274,32.502,32.253,32.445,223.9695
2025-05-19 08:00:00+00:00,32.439,32.603,32.409,32.589,260.5215
2025-05-19 12:00:00+00:00,32.588,32.612,32.22,32.405,454.4565
2025-05-19 16:00:00+00:00,32.396,32.416,32.288,32.343,191.5575
2025-05-19 20:00:00+00:00,32.344,32.371,32.307,32.346,53.0115
2025-05-20 00:00:00+00:00,32.347,32.393,32.161,32.176,245.5245
2025-05-20 04:00:00+00:00,32.178,32.31,32.114,32.273,235.8615
2025-05-20 08:00:00+00:00,32.273,32.578,32.232,32.53,223.1565
2025-05-20 12:00:00+00:00,32.528,32.901,32.424,32.856,592.3695
2025-05-20 16:00:00+00:00,32.855,33.12,32.834,33.11,218.292
2025-05-20 20:00:00+00:00,33.109,33.142,33.04,33.085,110.6865
2025-05-21 00:00:00+00:00,33.087,33.167,32.913,33.039,348.78
2025-05-21 04:00:00+00:00,33.038,33.183,33.007,33.172,264.981
2025-05-21 08:00:00+00:00,33.173,33.203,33.07,33.11,311.6237
2025-05-21 12:00:00+00:00,33.108,33.501,32.965,33.391,682.6137
2025-05-21 16:00:00+00:00,33.392,33.553,33.203,33.535,444.07215
2025-05-21 20:00:00+00:00,33.53,33.56,33.359,33.439,97.7465
2025-05-22 00:00:00+00:00,33.439,33.601,33.391,33.568,345.7864
2025-05-22 04:00:00+00:00,33.568,33.685,33.428,33.455,321.3867
2025-05-22 08:00:00+00:00,33.454,33.461,32.596,32.839,550.82365
2025-05-22 12:00:00+00:00,32.836,33.186,32.705,33.005,849.3943
2025-05-22 16:00:00+00:00,33.008,33.12,32.988,33.025,300.1889
2025-05-22 20:00:00+00:00,33.027,33.066,33.004,33.029,65.2009
2025-05-23 00:00:00+00:00,33.029,33.146,33.0,33.13,267.0298
2025-05-23 04:00:00+00:00,33.128,33.285,33.127,33.221,236.31
2025-05-23 08:00:00+00:00,33.221,33.262,32.968,33.082,357.8478
2025-05-23 12:00:00+00:00,33.085,33.35,32.885,33.296,728.3941
2025-05-23 16:00:00+00:00,33.296,33.531,33.258,33.457,263.7086
2025-05-23 20:00:00+00:00,33.455,33.523,33.289,33.47,25.2179
2025-05-25 20:00:00+00:00,33.421,33.54,33.384,33.421,69.2469
2025-05-26 00:00:00+00:00,33.422,33.558,33.342,33.454,233.89045
2025-05-26 04:00:00+00:00,33.455,33.542,33.351,33.496,177.54205
2025-05-26 08:00:00+00:00,33.497,33.524,33.223,33.344,208.50715
2025-05-26 12:00:00+00:00,33.347,33.396,33.284,33.354,167.657
2025-05-26 16:00:00+00:00,33.359,33.473,33.344,33.47,44.7187
2025-05-26 20:00:00+00:00,33.457,33.493,33.383,33.396,44.3471
2025-05-27 00:00:00+00:00,33.395,33.516,33.272,33.3,218.1079
2025-05-27 04:00:00+00:00,33.3,33.34,32.957,32.985,363.5409
2025-05-27 08:00:00+00:00,32.985,33.162,32.834,32.839,377.32995
2025-05-27 12:00:00+00:00,32.846,33.141,32.748,33.084,565.6007
2025-05-27 16:00:00+00:00,33.084,33.261,33.064,33.241,197.77794
2025-05-27 20:00:00+00:00,33.236,33.281,33.192,33.263,62.1987
2025-05-28 00:00:00+00:00,33.263,33.338,33.2,33.269,221.5137
2025-05-28 04:00:00+00:00,33.274,33.353,33.115,33.348,264.1651
2025-05-28 08:00:00+00:00,33.351,33.424,33.159,33.246,246.91945
2025-05-28 12:00:00+00:00,33.241,33.269,32.971,32.983,469.9809
2025-05-28 16:00:00+00:00,32.989,33.042,32.942,32.948,204.03435
2025-05-28 20:00:00+00:00,32.953,32.999,32.684,32.866,152.5399
2025-05-29 00:00:00+00:00,32.864,33.218,32.805,33.18,365.6069
2025-05-29 04:00:00+00:00,33.185,33.333,33.109,33.311,237.0781
2025-05-29 08:00:00+00:00,33.311,33.461,33.208,33.409,289.85515
2025-05-29 12:00:00+00:00,33.408,33.489,33.055,33.253,684.647
2025-05-29 16:00:00+00:00,33.255,33.345,33.224,33.336,236.71515
2025-05-29 20:00:00+00:00,33.337,33.352,33.231,33.251,67.5059
2025-05-30 00:00:00+00:00,33.248,33.274,32.937,32.955,280.4101
2025-05-30 04:00:00+00:00,32.948,33.153,32.92,33.13,230.10005
2025-05-30 08:00:00+00:00,33.132,33.195,32.976,33.094,278.6811
2025-05-30 12:00:00+00:00,33.103,33.3,32.865,32.932,766.17685
2025-05-30 16:00:00+00:00,32.93,33.003,32.75,32.978,321.619
2025-05-30 20:00:00+00:00,32.985,32.992,32.957,32.972,24.0398
2025-06-01 20:00:00+00:00,33.003,33.124,32.958,33.059,104.43932
2025-06-02 00:00:00+00:00,33.065,33.122,32.939,33.019,238.8746
2025-06-02 04:00:00+00:00,33.026,33.564,33.016,33.413,359.94895
2025-06-02 08:00:00+00:00,33.408,33.498,33.173,33.272,415.11885
2025-06-02 12:00:00+00:00,33.275,34.463,33.256,34.423,1086.05308
2025-06-02 16:00:00+00:00,34.424,34.739,34.328,34.737,382.3661
2025-06-02 20:00:00+00:00,34.732,34.779,34.625,34.711,266.8761
2025-06-03 00:00:00+00:00,34.715,34.738,33.944,34.024,668.0407
2025-06-03 04:00:00+00:00,34.028,34.234,34.016,34.219,405.7316
2025-06-03 08:00:00+00:00,34.217,34.298,34.166,34.287,297.787
2025-06-03 12:00:00+00:00,34.279,34.526,34.091,34.43,726.48705
2025-06-03 16:00:00+00:00,34.429,34.598,34.365,34.571,289.99615
2025-06-03 20:00:00+00:00,34.57,34.596,34.467,34.581,69.1105
2025-06-04 00:00:00+00:00,34.569,34.637,34.444,34.47,269.1622
2025-06-04 04:00:00+00:00,34.47,34.56,34.39,34.415,248.92185
2025-06-04 08:00:00+00:00,34.414,34.55,34.164,34.353,369.7765
2025-06-04 12:00:00+00:00,34.346,34.561,34.213,34.406,679.32901
2025-06-04 16:00:00+00:00,34.407,34.542,34.38,34.466,252.62228
2025-06-04 20:00:00+00:00,34.465,34.529,34.424,34.495,70.64694
2025-06-05 00:00:00+00:00,34.492,34.583,34.439,34.484,228.58578
2025-06-05 04:00:00+00:00,34.483,34.611,34.419,34.602,268.80975
2025-06-05 08:00:00+00:00,34.6,35.941,34.593,35.696,708.52176
2025-06-05 12:00:00+00:00,35.693,36.056,35.285,35.387,1416.56678
2025-06-05 16:00:00+00:00,35.383,35.69,35.301,35.683,474.12265
2025-06-05 20:00:00+00:00,35.679,35.739,35.561,35.708,94.2433
2025-06-06 00:00:00+00:00,35.705,36.056,35.686,36.022,305.8426
2025-06-06 04:00:00+00:00,36.025,36.206,35.891,36.146,386.29785
2025-06-06 08:00:00+00:00,36.147,36.257,35.978,36.092,391.2888
2025-06-06 12:00:00+00:00,36.098,36.322,35.799,36.05,1145.617
2025-06-06 16:00:00+00:00,36.054,36.094,35.891,35.943,326.94615
2025-06-06 20:00:00+00:00,35.945,36.003,35.909,35.961,28.4017
2025-06-08 20:00:00+00:00,36.001,36.086,35.948,36.04,70.3395
2025-06-09 00:00:00+00:00,36.038,36.071,35.898,35.985,318.3887
2025-06-09 04:00:00+00:00,35.981,36.403,35.956,36.276,344.2629
2025-06-09 08:00:00+00:00,36.288,36.426,36.128,36.349,342.8032
2025-06-09 12:00:00+00:00,36.352,36.683,36.238,36.614,673.89172
2025-06-09 16:00:00+00:00,36.615,36.876,36.592,36.707,313.2964
2025-06-09 20:00:00+00:00,36.712,36.817,36.706,36.79,72.8043
2025-06-10 00:00:00+00:00,36.79,36.791,36.293,36.521,403.5917
2025-06-10 04:00:00+00:00,36.516,36.622,36.404,36.477,417.6343
2025-06-10 08:00:00+00:00,36.48,36.796,36.465,36.708,347.03425
2025-06-10 12:00:00+00:00,36.704,36.764,36.305,36.417,942.5808
2025-06-10 16:00:00+00:00,36.425,36.592,36.4,36.534,312.33645
2025-06-10 20:00:00+00:00,36.537,36.584,36.457,36.572,110.6736
2025-06-11 00:00:00+00:00,36.573,36.633,36.481,36.586,249.2947
2025-06-11 04:00:00+00:00,36.58,36.615,36.357,36.541,308.9181
2025-06-11 08:00:00+00:00,36.534,36.554,36.002,36.238,636.165
2025-06-11 12:00:00+00:00,36.239,36.549,36.017,36.262,1048.8422
2025-06-11 16:00:00+00:00,36.264,36.286,36.04,36.22,580.42795
2025-06-11 20:00:00+00:00,36.213,36.355,35.97,36.346,126.8405
2025-06-12 00:00:00+00:00,36.348,36.392,36.253,36.363,370.2639
2025-06-12 04:00:00+00:00,36.362,36.443,35.44,35.72,443.2095
2025-06-12 08:00:00+00:00,35.725,36.303,35.678,36.239,668.40795
2025-06-12 12:00:00+00:00,36.245,36.388,36.065,36.282,922.05385
2025-06-12 16:00:00+00:00,36.28,36.356,36.187,36.347,294.1313
2025-06-12 20:00:00+00:00,36.352,36.388,36.294,36.384,83.0291
2025-06-13 00:00:00+00:00,36.384,36.627,35.963,36.246,760.2676
2025-06-13 04:00:00+00:00,36.245,36.371,35.961,36.26,557.45827
2025-06-13 08:00:00+00:00,36.261,36.448,36.048,36.219,765.69775
2025-06-13 12:00:00+00:00,36.227,36.357,36.061,36.191,1046.6094
2025-06-13 16:00:00+00:00,36.196,36.335,36.147,36.248,390.65175
2025-06-13 20:00:00+00:00,36.252,36.339,36.218,36.3,43.8216
2025-06-15 20:00:00+00:00,36.339,36.389,36.04,36.288,135.1502
2025-06-16 00:00:00+00:00,36.283,36.38,36.079,36.228,403.0775
2025-06-16 04:00:00+00:00,36.226,36.528,36.191,36.437,419.2958
2025-06-16 08:00:00+00:00,36.438,36.465,36.26,36.296,590.09365
2025-06-16 12:00:00+00:00,36.303,36.493,36.186,36.391,1164.7098
2025-06-16 16:00:00+00:00,36.396,36.414,36.265,36.312,371.3651
2025-06-16 20:00:00+00:00,36.308,36.383,36.228,36.311,123.8831
2025-06-17 00:00:00+00:00,36.311,36.441,36.116,36.228,348.7558
2025-06-17 04:00:00+00:00,36.229,36.485,36.224,36.448,315.282
2025-06-17 08:00:00+00:00,36.454,37.23,36.332,36.992,590.10245
2025-06-17 12:00:00+00:00,36.995,37.224,36.734,37.18,984.22017
2025-06-17 16:00:00+00:00,37.182,37.247,36.994,37.099,491.3668
2025-06-17 20:00:00+00:00,37.101,37.154,37.086,37.114,90.2013
2025-06-18 00:00:00+00:00,37.111,37.256,37.043,37.232,345.7356
2025-06-18 04:00:00+00:00,37.236,37.303,37.079,37.212,387.93715
2025-06-18 08:00:00+00:00,37.211,37.278,37.083,37.121,357.2005
2025-06-18 12:00:00+00:00,37.12,37.16,36.624,36.889,786.16575
2025-06-18 16:00:00+00:00,36.889,36.982,36.514,36.591,617.0192
2025-06-18 20:00:00+00:00,36.595,36.764,36.557,36.737,113.4157
2025-06-19 00:00:00+00:00,36.733,36.773,36.583,36.743,279.6067
2025-06-19 04:00:00+00:00,36.743,36.767,36.21,36.271,434.4276
2025-06-19 08:00:00+00:00,36.272,36.424,36.203,36.342,361.12295
2025-06-19 12:00:00+00:00,36.337,36.417,36.196,36.371,525.51755
2025-06-19 16:00:00+00:00,36.375,36.403,36.325,36.38,125.4178
2025-06-19 20:00:00+00:00,36.328,36.417,36.328,36.384,77.1825
2025-06-20 00:00:00+00:00,36.385,36.404,35.654,35.792,414.3271
2025-06-20 04:00:00+00:00,35.789,35.905,35.496,35.893,378.72295
2025-06-20 08:00:00+00:00,35.889,36.152,35.87,35.977,406.96855
2025-06-20 12:00:00+00:00,35.985,36.097,35.833,35.959,822.30795
2025-06-20 16:00:00+00:00,35.956,36.072,35.922,36.005,291.1451
2025-06-20 20:00:00+00:00,36.002,36.03,35.938,35.969,24.1257
2025-06-22 20:00:00+00:00,36.029,36.109,35.796,36.068,107.5058
2025-06-23 00:00:00+00:00,36.066,36.125,35.87,36.084,426.003
2025-06-23 04:00:00+00:00,36.089,36.139,35.926,36.1,308.004
2025-06-23 08:00:00+00:00,36.101,36.231,36.048,36.2,513.23255
2025-06-23 12:00:00+00:00,36.203,36.333,35.922,36.275,853.46815
2025-06-23 16:00:00+00:00,36.285,36.354,36.146,36.248,408.736
2025-06-23 20:00:00+00:00,36.242,36.267,35.584,35.884,198.4803
2025-06-24 00:00:00+00:00,35.883,36.19,35.808,36.117,468.8069
2025-06-24 04:00:00+00:00,36.113,36.179,35.911,36.102,509.66795
2025-06-24 08:00:00+00:00,36.105,36.161,36.03,36.137,504.4427
2025-06-24 12:00:00+00:00,36.137,36.141,35.266,35.697,1118.90935
2025-06-24 16:00:00+00:00,35.704,35.904,35.677,35.883,312.7219
2025-06-24 20:00:00+00:00,35.884,35.956,35.866,35.934,62.7675
2025-06-25 00:00:00+00:00,35.93,35.978,35.884,35.912,315.4671
2025-06-25 04:00:00+00:00,35.905,36.043,35.885,35.985,272.38155
2025-06-25 08:00:00+00:00,35.983,35.991,35.66,35.75,379.4419
2025-06-25 12:00:00+00:00,35.751,36.031,35.688,36.0,809.3297
2025-06-25 16:00:00+00:00,36.002,36.313,35.999,36.303,404.08485
2025-06-25 20:00:00+00:00,36.307,36.349,36.203,36.328,71.3971
2025-06-26 00:00:00+00:00,36.327,36.413,36.222,36.373,252.8114
2025-06-26 04:00:00+00:00,36.372,36.396,36.225,36.39,308.5239
2025-06-26 08:00:00+00:00,36.393,36.821,36.341,36.608,564.98525
2025-06-26 12:00:00+00:00,36.611,36.676,36.246,36.642,867.9559
2025-06-26 16:00:00+00:00,36.648,36.704,36.56,36.666,357.1936
2025-06-26 20:00:00+00:00,36.667,36.69,36.546,36.621,64.4204
2025-06-27 00:00:00+00:00,36.616,36.715,36.383,36.394,427.0237
2025-06-27 04:00:00+00:00,36.395,36.621,36.068,36.081,552.0917
2025-06-27 08:00:00+00:00,36.085,36.18,35.777,36.019,710.49215
2025-06-27 12:00:00+00:00,36.021,36.166,35.788,36.111,1097.9971
2025-06-27 16:00:00+00:00,36.113,36.199,35.9,35.903,392.76705
2025-06-27 20:00:00+00:00,35.905,35.993,35.861,35.956,35.8021
2025-06-29 20:00:00+00:00,35.929,36.071,35.394,35.752,153.9445
2025-06-30 00:00:00+00:00,35.751,36.165,35.743,36.104,368.2072
2025-06-30 04:00:00+00:00,36.104,36.222,36.06,36.106,318.24105
2025-06-30 08:00:00+00:00,36.103,36.198,35.817,35.898,487.92245
2025-06-30 12:00:00+00:00,35.905,36.073,35.874,35.943,945.60895
2025-06-30 16:00:00+00:00,35.945,36.102,35.922,36.074,284.99865
2025-06-30 20:00:00+00:00,36.079,36.148,36.057,36.14,68.9955
2025-07-01 00:00:00+00:00,36.139,36.178,35.787,36.011,337.1655
2025-07-01 04:00:00+00:00,36.017,36.504,36.01,36.223,544.40065
2025-07-01 08:00:00+00:00,36.217,36.607,36.191,36.407,593.89845
2025-07-01 12:00:00+00:00,36.408,36.544,36.017,36.203,1039.87525
2025-07-01 16:00:00+00:00,36.21,36.266,35.987,36.002,404.06515
2025-07-01 20:00:00+00:00,36.004,36.09,35.972,36.08,74.4842
2025-07-02 00:00:00+00:00,36.082,36.195,35.89,35.972,285.3209
2025-07-02 04:00:00+00:00,35.971,36.164,35.861,36.084,316.2316
2025-07-02 08:00:00+00:00,36.087,36.362,36.024,36.249,402.75145
2025-07-02 12:00:00+00:00,36.248,36.467,36.161,36.447,897.27725
2025-07-02 16:00:00+00:00,36.449,36.57,36.43,36.557,292.15155
2025-07-02 20:00:00+00:00,36.565,36.576,36.374,36.402,73.72432
2025-07-03 00:00:00+00:00,36.407,36.445,36.327,36.354,177.6243
2025-07-03 04:00:00+00:00,36.355,36.959,36.352,36.902,329.79055
2025-07-03 08:00:00+00:00,36.902,37.064,36.675,36.853,425.56745
2025-07-03 12:00:00+00:00,36.854,36.903,36.309,36.786,929.23855
2025-07-03 16:00:00+00:00,36.782,36.909,36.748,36.841,143.58695
2025-07-03 20:00:00+00:00,36.837,36.858,36.754,36.78,47.4101
2025-07-04 00:00:00+00:00,36.779,36.836,36.608,36.782,214.9388
2025-07-04 04:00:00+00:00,36.776,36.915,36.653,36.833,265.4409
2025-07-04 08:00:00+00:00,36.832,36.921,36.754,36.854,239.20105
2025-07-04 12:00:00+00:00,36.853,36.944,36.754,36.894,219.3499
2025-07-04 16:00:00+00:00,36.899,36.946,36.88,36.908,22.5475
2025-07-06 20:00:00+00:00,36.912,37.215,36.902,36.984,84.14487
2025-07-07 00:00:00+00:00,36.981,36.993,36.639,36.75,360.8435
2025-07-07 04:00:00+00:00,36.754,36.807,36.345,36.477,434.21675
2025-07-07 08:00:00+00:00,36.481,36.621,36.139,36.216,552.767
2025-07-07 12:00:00+00:00,36.214,36.692,36.168,36.685,667.6197
2025-07-07 16:00:00+00:00,36.681,36.789,36.631,36.774,379.16071
2025-07-07 20:00:00+00:00,36.777,36.811,36.736,36.782,45.9188
2025-07-08 00:00:00+00:00,36.776,36.82,36.638,36.771,131.1435
2025-07-08 04:00:00+00:00,36.772,36.87,36.723,36.844,246.2537
2025-07-08 08:00:00+00:00,36.845,36.845,36.644,36.691,345.8904
2025-07-08 12:00:00+00:00,36.695,36.776,36.323,36.401,761.57372
2025-07-08 16:00:00+00:00,36.399,36.715,36.276,36.651,718.72535
2025-07-08 20:00:00+00:00,36.655,36.766,36.497,36.533,131.13915
2025-07-09 00:00:00+00:00,36.544,36.714,36.462,36.559,535.8013
2025-07-09 04:00:00+00:00,36.56,36.716,36.478,36.526,430.17335
2025-07-09 08:00:00+00:00,36.534,36.645,36.404,36.481,398.2221
2025-07-09 12:00:00+00:00,36.485,36.512,36.256,36.427,599.4105
2025-07-09 16:00:00+00:00,36.426,36.461,36.28,36.327,205.4614
2025-07-09 20:00:00+00:00,36.327,36.417,36.31,36.402,48.79395
2025-07-10 00:00:00+00:00,36.4,36.475,36.337,36.437,235.5394
2025-07-10 04:00:00+00:00,36.438,36.706,36.356,36.53,296.38895
2025-07-10 08:00:00+00:00,36.534,36.835,36.463,36.608,438.47857
2025-07-10 12:00:00+00:00,36.597,36.887,36.447,36.84,884.55427
2025-07-10 16:00:00+00:00,36.839,37.112,36.731,37.066,321.78114
2025-07-10 20:00:00+00:00,37.072,37.122,36.827,37.094,60.4755
2025-07-11 00:00:00+00:00,37.092,37.215,36.898,37.171,431.0995
2025-07-11 04:00:00+00:00,37.17,37.448,37.063,37.403,284.7654
2025-07-11 08:00:00+00:00,37.402,37.65,37.394,37.632,218.9871
2025-07-11 12:00:00+00:00,37.629,38.333,37.512,38.17,682.45159
2025-07-11 16:00:00+00:00,38.171,38.524,38.149,38.492,265.7971
2025-07-11 20:00:00+00:00,38.49,38.49,38.308,38.308,39.456
2025-07-13 20:00:00+00:00,38.447,38.563,38.336,38.501,135.5235
2025-07-14 00:00:00+00:00,38.502,38.916,38.4,38.897,724.272
2025-07-14 04:00:00+00:00,38.899,39.081,38.768,38.967,529.6916
2025-07-14 08:00:00+00:00,38.964,39.121,38.868,38.963,364.7026
2025-07-14 12:00:00+00:00,38.959,39.041,38.188,38.248,920.65358
2025-07-14 16:00:00+00:00,38.247,38.473,38.091,38.117,350.30841
2025-07-14 20:00:00+00:00,38.117,38.279,38.064,38.258,68.3594
2025-07-15 00:00:00+00:00,38.26,38.289,37.896,38.119,315.37329
2025-07-15 04:00:00+00:00,38.119,38.37,38.119,38.336,351.73335
2025-07-15 08:00:00+00:00,38.343,38.348,38.109,38.269,492.55845
2025-07-15 12:00:00+00:00,38.27,38.286,37.572,37.635,1167.0124
2025-07-15 16:00:00+00:00,37.638,37.825,37.618,37.729,442.8691
2025-07-15 20:00:00+00:00,37.729,37.798,37.646,37.789,59.7505
2025-07-16 00:00:00+00:00,37.793,37.841,37.708,37.822,251.6715
2025-07-16 04:00:00+00:00,37.825,37.961,37.792,37.933,240.5968
2025-07-16 08:00:00+00:00,37.938,38.08,37.817,37.999,364.26835
2025-07-16 12:00:00+00:00,38.0,38.04,37.484,37.795,1183.74205
2025-07-16 16:00:00+00:00,37.8,37.951,37.695,37.859,461.7452
2025-07-16 20:00:00+00:00,37.86,37.93,37.853,37.883,62.1675
2025-07-17 00:00:00+00:00,37.885,37.985,37.823,37.978,230.7928
2025-07-17 04:00:00+00:00,37.975,38.006,37.74,37.779,353.97945
2025-07-17 08:00:00+00:00,37.783,37.882,37.741,37.85,443.3098
2025-07-17 12:00:00+00:00,37.853,38.064,37.526,37.999,1020.5924
2025-07-17 16:00:00+00:00,38.001,38.155,37.952,38.135,259.9821
2025-07-17 20:00:00+00:00,38.138,38.172,37.967,38.109,56.7147
2025-07-18 00:00:00+00:00,38.108,38.188,38.04,38.136,357.3695
2025-07-18 04:00:00+00:00,38.133,38.38,38.064,38.335,366.9533
2025-07-18 08:00:00+00:00,38.334,38.425,38.259,38.386,370.77035
2025-07-18 12:00:00+00:00,38.385,38.431,38.152,38.233,722.9839
2025-07-18 16:00:00+00:00,38.235,38.283,38.091,38.111,309.3694
2025-07-18 20:00:00+00:00,38.115,38.211,38.102,38.147,28.806
2025-07-20 20:00:00+00:00,38.121,38.196,38.073,38.196,35.061
2025-07-21 00:00:00+00:00,38.195,38.321,38.156,38.156,187.6695
2025-07-21 04:00:00+00:00,38.157,38.452,38.146,38.387,269.66
2025-07-21 08:00:00+00:00,38.388,38.558,38.34,38.541,500.3527
2025-07-21 12:00:00+00:00,38.537,38.958,38.45,38.923,930.47533
2025-07-21 16:00:00+00:00,38.919,39.043,38.873,38.882,370.1592
2025-07-21 20:00:00+00:00,38.883,38.978,38.873,38.956,52.3189
2025-07-22 00:00:00+00:00,38.954,38.982,38.724,38.835,294.6855
2025-07-22 04:00:00+00:00,38.825,38.931,38.703,38.796,315.9276
2025-07-22 08:00:00+00:00,38.797,38.941,38.744,38.927,330.40385
2025-07-22 12:00:00+00:00,38.926,39.203,38.71,39.184,868.47823
2025-07-22 16:00:00+00:00,39.185,39.291,39.13,39.281,193.43085
2025-07-22 20:00:00+00:00,39.276,39.328,39.209,39.225,69.7574
2025-07-23 00:00:00+00:00,39.223,39.366,39.106,39.204,410.8131
2025-07-23 04:00:00+00:00,39.207,39.372,39.144,39.184,428.63425
2025-07-23 08:00:00+00:00,39.181,39.44,39.164,39.364,387.804
2025-07-23 12:00:00+00:00,39.363,39.52,39.225,39.254,947.84815
2025-07-23 16:00:00+00:00,39.258,39.297,39.033,39.282,662.96105
2025-07-23 20:00:00+00:00,39.276,39.346,39.213,39.279,84.3495
2025-07-24 00:00:00+00:00,39.282,39.307,38.784,39.03,542.18245
2025-07-24 04:00:00+00:00,39.03,39.151,38.927,39.037,345.2586
2025-07-24 08:00:00+00:00,39.036,39.125,38.957,39.064,401.47485
2025-07-24 12:00:00+00:00,39.063,39.108,38.682,39.002,739.76515
2025-07-24 16:00:00+00:00,38.993,39.123,38.889,39.056,318.0465
2025-07-24 20:00:00+00:00,39.056,39.134,38.988,39.087,67.308
2025-07-25 00:00:00+00:00,39.087,39.185,38.974,39.003,283.1796
2025-07-25 04:00:00+00:00,39.007,39.125,38.92,39.021,319.9083
2025-07-25 08:00:00+00:00,39.022,39.055,38.617,38.752,322.6784
2025-07-25 12:00:00+00:00,38.751,38.95,37.936,38.049,983.1417
2025-07-25 16:00:00+00:00,38.048,38.259,38.019,38.149,350.96395
2025-07-25 20:00:00+00:00,38.148,38.185,38.13,38.137,26.1542
2025-07-27 20:00:00+00:00,38.067,38.186,37.957,38.162,72.41092
2025-07-28 00:00:00+00:00,38.163,38.297,38.131,38.228,287.9501
2025-07-28 04:00:00+00:00,38.234,38.327,38.172,38.235,278.21755
2025-07-28 08:00:00+00:00,38.236,38.286,38.076,38.118,296.83085
2025-07-28 12:00:00+00:00,38.122,38.167,37.886,38.14,797.1934
2025-07-28 16:00:00+00:00,38.137,38.174,38.01,38.132,215.32565
2025-07-28 20:00:00+00:00,38.13,38.18,38.108,38.17,52.509
2025-07-29 00:00:00+00:00,38.169,38.175,38.025,38.11,167.8963
2025-07-29 04:00:00+00:00,38.109,38.222,37.892,38.063,333.6439
2025-07-29 08:00:00+00:00,38.064,38.214,38.019,38.036,349.72555
2025-07-29 12:00:00+00:00,38.035,38.282,37.949,38.116,963.0366
2025-07-29 16:00:00+00:00,38.124,38.216,38.089,38.135,386.6739
2025-07-29 20:00:00+00:00,38.139,38.21,38.132,38.195,57.4783
2025-07-30 00:00:00+00:00,38.193,38.215,37.994,38.199,197.6179
2025-07-30 04:00:00+00:00,38.2,38.236,38.014,38.058,239.0202
2025-07-30 08:00:00+00:00,38.059,38.118,37.765,37.943,323.83915
2025-07-30 12:00:00+00:00,37.936,37.961,37.473,37.602,1074.8224
2025-07-30 16:00:00+00:00,37.606,37.742,36.767,36.896,858.2404
2025-07-30 20:00:00+00:00,36.896,37.154,36.883,37.133,129.0363
2025-07-31 00:00:00+00:00,37.133,37.187,36.966,37.168,361.908
2025-07-31 04:00:00+00:00,37.165,37.265,36.914,36.945,316.8948
2025-07-31 08:00:00+00:00,36.944,36.993,36.197,36.575,613.93695
2025-07-31 12:00:00+00:00,36.577,36.802,36.444,36.62,1168.2914
2025-07-31 16:00:00+00:00,36.619,36.717,36.53,36.674,453.30105
2025-07-31 20:00:00+00:00,36.671,36.742,36.652,36.668,56.3611
2025-08-01 00:00:00+00:00,36.662,36.715,36.409,36.558,251.0231
2025-08-01 04:00:00+00:00,36.554,36.713,36.385,36.44,394.19815
2025-08-01 08:00:00+00:00,36.437,36.522,36.342,36.432,433.5119
2025-08-01 12:00:00+00:00,36.439,37.176,36.369,36.922,1360.50335
2025-08-01 16:00:00+00:00,36.93,37.01,36.75,36.965,307.19425
2025-08-01 20:00:00+00:00,36.97,37.022,36.952,37.017,22.9755
2025-08-03 20:00:00+00:00,36.979,37.044,36.954,37.021,58.9845
2025-08-04 00:00:00+00:00,37.022,37.09,36.656,37.075,287.7593
2025-08-04 04:00:00+00:00,37.073,37.277,37.05,37.264,260.15445
2025-08-04 08:00:00+00:00,37.264,37.39,37.119,37.333,347.71875
2025-08-04 12:00:00+00:00,37.335,37.47,37.139,37.381,582.84615
2025-08-04 16:00:00+00:00,37.381,37.395,37.258,37.395,224.2846
2025-08-04 20:00:00+00:00,37.393,37.43,37.325,37.425,28.0415
2025-08-05 00:00:00+00:00,37.42,37.48,37.356,37.397,137.4243
2025-08-05 04:00:00+00:00,37.398,37.48,37.311,37.413,244.84185
2025-08-05 08:00:00+00:00,37.413,37.514,37.294,37.353,284.6775
2025-08-05 12:00:00+00:00,37.348,37.871,37.346,37.814,752.6231
2025-08-05 16:00:00+00:00,37.815,37.872,37.723,37.789,268.4101
2025-08-05 20:00:00+00:00,37.789,37.845,37.731,37.804,40.1903
2025-08-06 00:00:00+00:00,37.805,37.858,37.747,37.812,215.28715
2025-08-06 04:00:00+00:00,37.811,37.899,37.754,37.871,302.47015
2025-08-06 08:00:00+00:00,37.87,37.884,37.638,37.799,503.73457
2025-08-06 12:00:00+00:00,37.789,37.938,37.597,37.866,745.93975
2025-08-06 16:00:00+00:00,37.865,37.898,37.786,37.81,248.5744
2025-08-06 20:00:00+00:00,37.809,37.935,37.689,37.868,47.0262
2025-08-07 00:00:00+00:00,37.865,38.021,37.813,38.015,184.4477
2025-08-07 04:00:00+00:00,38.016,38.301,37.973,38.254,258.5389
2025-08-07 08:00:00+00:00,38.244,38.469,37.88,38.303,630.97635
2025-08-07 12:00:00+00:00,38.309,38.495,38.15,38.202,1029.41029
2025-08-07 16:00:00+00:00,38.207,38.292,37.987,38.256,477.9215
2025-08-07 20:00:00+00:00,38.26,38.35,37.997,38.179,309.3218
2025-08-08 00:00:00+00:00,38.177,38.303,37.817,38.156,436.20126
2025-08-08 04:00:00+00:00,38.155,38.446,38.029,38.416,333.522
2025-08-08 08:00:00+00:00,38.417,38.472,38.196,38.278,326.9625
2025-08-08 12:00:00+00:00,38.278,38.406,38.169,38.311,869.7795
2025-08-08 16:00:00+00:00,38.312,38.407,37.987,38.383,492.4882
2025-08-08 20:00:00+00:00,38.391,38.418,38.245,38.339,40.4397
2025-08-10 20:00:00+00:00,38.299,38.383,38.153,38.168,33.831
2025-08-11 00:00:00+00:00,38.172,38.237,37.903,38.059,393.9932
2025-08-11 04:00:00+00:00,38.061,38.213,37.588,37.689,399.14315
2025-08-11 08:00:00+00:00,37.691,37.974,37.677,37.717,486.03855
2025-08-11 12:00:00+00:00,37.719,37.9,37.536,37.735,758.74755
2025-08-11 16:00:00+00:00,37.743,37.79,37.631,37.639,316.01195
2025-08-11 20:00:00+00:00,37.639,37.676,37.492,37.666,81.37145
2025-08-12 00:00:00+00:00,37.666,37.911,37.649,37.866,200.5265
2025-08-12 04:00:00+00:00,37.872,37.946,37.769,37.79,229.0144
2025-08-12 08:00:00+00:00,37.784,37.826,37.589,37.752,306.25665
2025-08-12 12:00:00+00:00,37.751,38.01,37.552,37.953,958.84055
2025-08-12 16:00:00+00:00,37.95,37.969,37.825,37.882,222.6824
2025-08-12 20:00:00+00:00,37.882,37.954,37.856,37.909,43.1231
2025-08-13 00:00:00+00:00,37.908,38.189,37.835,38.131,189.669
2025-08-13 04:00:00+00:00,38.137,38.431,38.116,38.404,202.06645
2025-08-13 08:00:00+00:00,38.404,38.637,38.374,38.566,246.49925
2025-08-13 12:00:00+00:00,38.558,38.605,38.335,38.46,631.79505
2025-08-13 16:00:00+00:00,38.463,38.569,38.429,38.524,199.1471
2025-08-13 20:00:00+00:00,38.522,38.54,38.468,38.52,33.4283
2025-08-14 00:00:00+00:00,38.512,38.728,38.512,38.556,233.3884
2025-08-14 04:00:00+00:00,38.556,38.595,38.262,38.281,327.87225
2025-08-14 08:00:00+00:00,38.287,38.418,38.198,38.307,482.20335
2025-08-14 12:00:00+00:00,38.308,38.319,37.823,38.071,895.8751
2025-08-14 16:00:00+00:00,38.066,38.073,37.852,37.991,312.8036
2025-08-14 20:00:00+00:00,37.996,38.02,37.958,37.992,44.6135
2025-08-15 00:00:00+00:00,37.996,38.058,37.804,38.018,203.567
2025-08-15 04:00:00+00:00,38.018,38.092,37.869,38.031,259.4879
2025-08-15 08:00:00+00:00,38.031,38.055,37.72,37.812,337.45995
2025-08-15 12:00:00+00:00,37.815,37.985,37.669,37.965,552.91905
2025-08-15 16:00:00+00:00,37.968,38.0,37.867,37.971,206.32715
2025-08-15 20:00:00+00:00,37.978,37.996,37.861,37.993,17.731
2025-08-17 20:00:00+00:00,38.007,38.027,37.802,37.857,32.00123
2025-08-18 00:00:00+00:00,37.851,38.127,37.848,38.111,195.3793
2025-08-18 04:00:00+00:00,38.112,38.164,38.003,38.102,242.67625
2025-08-18 08:00:00+00:00,38.095,38.163,37.975,38.046,261.8423
2025-08-18 12:00:00+00:00,38.049,38.256,37.988,38.04,473.0707
2025-08-18 16:00:00+00:00,38.036,38.048,37.947,38.03,172.97765
2025-08-18 20:00:00+00:00,38.038,38.085,37.985,38.052,35.0885
2025-08-19 00:00:00+00:00,38.049,38.084,37.709,37.906,261.75335
2025-08-19 04:00:00+00:00,37.903,38.028,37.834,38.014,222.7868
2025-08-19 08:00:00+00:00,38.015,38.1,37.967,38.044,175.16085
2025-08-19 12:00:00+00:00,38.041,38.134,37.381,37.442,670.45166
2025-08-19 16:00:00+00:00,37.441,37.495,37.262,37.304,306.461
2025-08-19 20:00:00+00:00,37.299,37.423,37.293,37.357,41.61945
2025-08-20 00:00:00+00:00,37.356,37.38,37.151,37.198,304.4603
2025-08-20 04:00:00+00:00,37.2,37.265,37.107,37.156,251.67475
2025-08-20 08:00:00+00:00,37.161,37.185,36.951,37.17,278.4109
2025-08-20 12:00:00+00:00,37.173,37.839,37.166,37.743,655.00129
2025-08-20 16:00:00+00:00,37.741,37.927,37.738,37.901,263.34892
2025-08-20 20:00:00+00:00,37.899,37.947,37.758,37.897,71.0625
2025-08-21 00:00:00+00:00,37.898,37.961,37.807,37.839,206.9684
2025-08-21 04:00:00+00:00,37.838,37.93,37.783,37.822,201.0173
2025-08-21 08:00:00+00:00,37.827,37.845,37.519,37.717,262.82295
2025-08-21 12:00:00+00:00,37.718,38.195,37.695,38.144,651.72975
2025-08-21 16:00:00+00:00,38.143,38.144,38.044,38.104,236.9557
2025-08-21 20:00:00+00:00,38.105,38.151,38.069,38.087,33.6661
2025-08-22 00:00:00+00:00,38.088,38.179,38.062,38.063,177.9041
2025-08-22 04:00:00+00:00,38.062,38.102,37.893,37.996,251.459
2025-08-22 08:00:00+00:00,37.996,38.085,37.898,37.965,212.2228
2025-08-22 12:00:00+00:00,37.967,39.052,37.684,38.917,894.8321
2025-08-22 16:00:00+00:00,38.915,39.057,38.863,38.903,255.8257
2025-08-22 20:00:00+00:00,38.902,38.948,38.648,38.888,16.9094
2025-08-24 20:00:00+00:00,38.899,38.951,38.844,38.911,47.2965
2025-08-25 00:00:00+00:00,38.911,38.985,38.749,38.827,250.3233
2025-08-25 04:00:00+00:00,38.829,38.971,38.776,38.853,143.3982
2025-08-25 08:00:00+00:00,38.854,38.87,38.678,38.813,190.1816
2025-08-25 12:00:00+00:00,38.811,38.922,38.559,38.802,516.7576
2025-08-25 16:00:00+00:00,38.791,38.823,38.56,38.565,233.3254
2025-08-25 20:00:00+00:00,38.561,38.583,38.355,38.402,89.1654
2025-08-26 00:00:00+00:00,38.403,38.756,38.327,38.718,368.80695
2025-08-26 04:00:00+00:00,38.717,38.842,38.551,38.666,206.29265
2025-08-26 08:00:00+00:00,38.667,38.711,38.361,38.504,259.7096
2025-08-26 12:00:00+00:00,38.498,38.65,38.367,38.623,601.70805
2025-08-26 16:00:00+00:00,38.618,38.631,38.473,38.551,242.65245
2025-08-26 20:00:00+00:00,38.555,38.688,38.543,38.647,63.8615
2025-08-27 00:00:00+00:00,38.644,38.666,38.491,38.528,202.7566
2025-08-27 04:00:00+00:00,38.529,38.532,38.328,38.392,215.0168
2025-08-27 08:00:00+00:00,38.381,38.411,38.071,38.259,281.56905
2025-08-27 12:00:00+00:00,38.257,38.517,38.113,38.489,762.4253
2025-08-27 16:00:00+00:00,38.497,38.62,38.454,38.513,270.48735
2025-08-27 20:00:00+00:00,38.508,38.626,38.459,38.602,61.8312
2025-08-28 00:00:00+00:00,38.601,38.768,38.58,38.699,220.257
2025-08-28 04:00:00+00:00,38.698,38.919,38.665,38.911,260.0142
2025-08-28 08:00:00+00:00,38.915,39.021,38.807,39.001,307.52125
2025-08-28 12:00:00+00:00,39.009,39.111,38.796,38.947,694.8389
2025-08-28 16:00:00+00:00,38.953,39.111,38.946,39.094,277.9183
2025-08-28 20:00:00+00:00,39.085,39.1,38.945,38.97,51.1726
2025-08-29 00:00:00+00:00,38.969,39.031,38.771,38.827,144.7394
2025-08-29 04:00:00+00:00,38.826,38.94,38.754,38.893,215.5177
2025-08-29 08:00:00+00:00,38.891,38.999,38.77,38.837,367.4582
2025-08-29 12:00:00+00:00,38.838,39.562,38.4,39.536,908.10927
2025-08-29 16:00:00+00:00,39.538,39.961,39.538,39.817,489.1174
2025-08-29 20:00:00+00:00,39.816,39.816,39.53,39.549,61.5065
2025-08-31 20:00:00+00:00,39.71,39.832,39.53,39.784,28.4345
2025-09-01 00:00:00+00:00,39.781,40.526,39.741,40.452,640.3725
2025-09-01 04:00:00+00:00,40.452,40.664,40.366,40.607,468.29352
2025-09-01 08:00:00+00:00,40.607,40.745,40.44,40.542,330.306
2025-09-01 12:00:00+00:00,40.541,40.74,40.47,40.636,471.7635
2025-09-01 16:00:00+00:00,40.635,40.745,40.519,40.705,73.7039
2025-09-01 20:00:00+00:00,40.705,40.712,40.526,40.643,80.7637
2025-09-02 00:00:00+00:00,40.644,40.845,40.567,40.746,827.5065
2025-09-02 04:00:00+00:00,40.745,40.821,40.457,40.467,467.5815
2025-09-02 08:00:00+00:00,40.47,40.608,40.16,40.596,456.5535
2025-09-02 12:00:00+00:00,40.593,40.844,40.127,40.83,941.5988
2025-09-02 16:00:00+00:00,40.837,40.919,40.709,40.901,436.89015
2025-09-02 20:00:00+00:00,40.902,40.919,40.682,40.844,52.2985
2025-09-03 00:00:00+00:00,40.848,40.965,40.624,40.673,693.4734
2025-09-03 04:00:00+00:00,40.672,40.853,40.619,40.759,464.463
2025-09-03 08:00:00+00:00,40.758,40.934,40.749,40.878,623.5946
2025-09-03 12:00:00+00:00,40.876,41.457,40.827,41.259,1370.32894
2025-09-03 16:00:00+00:00,41.258,41.389,41.046,41.119,692.47955
2025-09-03 20:00:00+00:00,41.118,41.235,40.943,41.067,158.5035
2025-09-04 00:00:00+00:00,41.066,41.211,40.508,40.722,746.906
2025-09-04 04:00:00+00:00,40.721,40.93,40.684,40.904,550.0139
2025-09-04 08:00:00+00:00,40.904,41.032,40.811,40.888,739.6485
2025-09-04 12:00:00+00:00,40.885,41.014,40.39,40.737,1131.36476
2025-09-04 16:00:00+00:00,40.736,40.793,40.465,40.684,422.5614
2025-09-04 20:00:00+00:00,40.689,40.754,40.531,40.717,102.3906
2025-09-05 00:00:00+00:00,40.72,40.868,40.692,40.841,466.1205
2025-09-05 04:00:00+00:00,40.842,40.917,40.735,40.79,469.251
2025-09-05 08:00:00+00:00,40.781,40.818,40.664,40.774,614.1843
2025-09-05 12:00:00+00:00,40.776,41.407,40.554,41.002,1612.35365
2025-09-05 16:00:00+00:00,41.003,41.089,40.881,40.974,595.8339
2025-09-05 20:00:00+00:00,40.977,41.001,40.902,40.984,53.1239
2025-09-07 20:00:00+00:00,40.937,40.955,40.735,40.848,102.6262
2025-09-08 00:00:00+00:00,40.844,41.054,40.574,40.606,561.3901
2025-09-08 04:00:00+00:00,40.6,41.076,40.519,41.051,520.7566
2025-09-08 08:00:00+00:00,41.05,41.33,41.034,41.27,579.59205
2025-09-08 12:00:00+00:00,41.276,41.659,41.143,41.428,1112.93675
2025-09-08 16:00:00+00:00,41.425,41.451,41.212,41.307,521.0525
2025-09-08 20:00:00+00:00,41.308,41.346,41.171,41.315,85.671
2025-09-09 00:00:00+00:00,41.316,41.41,41.194,41.295,483.6412
2025-09-09 04:00:00+00:00,41.291,41.468,41.225,41.35,577.74856
2025-09-09 08:00:00+00:00,41.355,41.369,41.123,41.185,595.72
2025-09-09 12:00:00+00:00,41.193,41.376,40.797,40.892,1327.5653
2025-09-09 16:00:00+00:00,40.887,40.983,40.805,40.912,459.4835
2025-09-09 20:00:00+00:00,40.913,40.936,40.711,40.861,104.7851
2025-09-10 00:00:00+00:00,40.86,41.032,40.693,41.025,434.4855
2025-09-10 04:00:00+00:00,41.026,41.172,40.98,41.143,443.8199
2025-09-10 08:00:00+00:00,41.144,41.231,41.041,41.09,535.8291
2025-09-10 12:00:00+00:00,41.089,41.275,40.955,41.17,1012.3982
2025-09-10 16:00:00+00:00,41.16,41.209,41.013,41.171,264.4208
2025-09-10 20:00:00+00:00,41.169,41.232,41.113,41.187,69.3675
2025-09-11 00:00:00+00:00,41.189,41.241,41.048,41.082,570.333
2025-09-11 04:00:00+00:00,41.083,41.138,40.891,41.098,488.5882
2025-09-11 08:00:00+00:00,41.092,41.116,40.883,41.011,594.4723
2025-09-11 12:00:00+00:00,41.012,41.54,40.861,41.534,1161.95445
2025-09-11 16:00:00+00:00,41.533,41.749,41.449,41.593,485.20545
2025-09-11 20:00:00+00:00,41.592,41.609,41.469,41.512,75.1331
2025-09-12 00:00:00+00:00,41.511,42.092,41.386,42.046,620.4989
2025-09-12 04:00:00+00:00,42.04,42.176,41.96,42.152,349.16615
2025-09-12 08:00:00+00:00,42.147,42.45,42.12,42.224,602.3974
2025-09-12 12:00:00+00:00,42.225,42.337,41.804,42.164,1011.9269
2025-09-12 16:00:00+00:00,42.168,42.327,42.132,42.196,378.94605
2025-09-12 20:00:00+00:00,42.195,42.212,42.043,42.161,27.0422
2025-09-14 20:00:00+00:00,42.175,42.226,42.054,42.085,56.2844
2025-09-15 00:00:00+00:00,42.092,42.303,41.997,42.28,346.437
2025-09-15 04:00:00+00:00,42.281,42.288,42.066,42.222,312.52195
2025-09-15 08:00:00+00:00,42.211,42.258,42.086,42.192,575.0725
2025-09-15 12:00:00+00:00,42.191,42.635,42.016,42.588,1075.42705
2025-09-15 16:00:00+00:00,42.589,42.711,42.468,42.671,436.33595
2025-09-15 20:00:00+00:00,42.669,42.731,42.586,42.606,84.59415
2025-09-16 00:00:00+00:00,42.605,42.739,42.329,42.563,480.0125
2025-09-16 04:00:00+00:00,42.567,42.765,42.546,42.732,391.5829
2025-09-16 08:00:00+00:00,42.723,42.857,42.661,42.801,565.4712
2025-09-16 12:00:00+00:00,42.798,42.964,42.24,42.424,1480.21854
2025-09-16 16:00:00+00:00,42.419,42.592,42.398,42.523,379.2195
2025-09-16 20:00:00+00:00,42.518,42.629,42.516,42.613,56.5323
2025-09-17 00:00:00+00:00,42.615,42.622,41.77,41.993,474.29028
2025-09-17 04:00:00+00:00,41.995,42.115,41.684,41.751,412.16505
2025-09-17 08:00:00+00:00,41.75,41.756,41.08,41.581,701.9894
2025-09-17 12:00:00+00:00,41.582,42.078,41.567,42.031,887.09169
2025-09-17 16:00:00+00:00,42.038,42.225,41.139,41.632,1238.08015
2025-09-17 20:00:00+00:00,41.631,41.877,41.462,41.801,131.946
2025-09-18 00:00:00+00:00,41.804,41.87,41.465,41.486,479.9751
2025-09-18 04:00:00+00:00,41.481,41.843,41.189,41.706,496.69938
2025-09-18 08:00:00+00:00,41.71,41.967,41.667,41.819,446.64925
2025-09-18 12:00:00+00:00,41.818,41.922,41.436,41.725,1028.4474
2025-09-18 16:00:00+00:00,41.723,41.849,41.711,41.826,356.42015
2025-09-18 20:00:00+00:00,41.829,41.835,41.686,41.708,41.9428
2025-09-19 00:00:00+00:00,41.712,42.29,41.64,42.27,434.7565
2025-09-19 04:00:00+00:00,42.269,42.369,41.94,42.104,380.0671
2025-09-19 08:00:00+00:00,42.11,42.275,42.024,42.08,392.25965
2025-09-19 12:00:00+00:00,42.082,42.791,41.947,42.718,869.9743
2025-09-19 16:00:00+00:00,42.719,43.067,42.626,42.979,406.39335
2025-09-19 20:00:00+00:00,42.977,43.092,42.909,43.064,30.2351
2025-09-21 20:00:00+00:00,43.097,43.14,43.004,43.095,109.3935
2025-09-22 00:00:00+00:00,43.099,43.58,43.072,43.53,439.6682
2025-09-22 04:00:00+00:00,43.529,43.765,43.449,43.568,404.30606
2025-09-22 08:00:00+00:00,43.572,43.795,43.532,43.641,436.0114
2025-09-22 12:00:00+00:00,43.642,43.85,43.337,43.817,915.79455
2025-09-22 16:00:00+00:00,43.819,44.106,43.793,44.077,384.03285
2025-09-22 20:00:00+00:00,44.077,44.1,43.936,44.005,79.6038
2025-09-23 00:00:00+00:00,44.004,44.034,43.624,43.82,438.44314
2025-09-23 04:00:00+00:00,43.821,44.098,43.647,43.86,393.56255
2025-09-23 08:00:00+00:00,43.861,44.425,43.791,44.341,487.81855
2025-09-23 12:00:00+00:00,44.341,44.455,44.113,44.317,958.6861
2025-09-23 16:00:00+00:00,44.322,44.348,43.831,44.011,707.85133
2025-09-23 20:00:00+00:00,44.01,44.148,43.882,43.935,92.5332
2025-09-24 00:00:00+00:00,43.934,44.128,43.659,44.087,405.5482
2025-09-24 04:00:00+00:00,44.085,44.293,44.044,44.266,343.9388
2025-09-24 08:00:00+00:00,44.267,44.269,43.824,44.02,397.8419
2025-09-24 12:00:00+00:00,44.012,44.308,43.777,43.832,1520.87515
2025-09-24 16:00:00+00:00,43.83,43.966,43.656,43.852,582.12195
2025-09-24 20:00:00+00:00,43.854,43.934,43.828,43.914,82.3799
2025-09-25 00:00:00+00:00,43.912,43.997,43.762,43.961,350.5028
2025-09-25 04:00:00+00:00,43.962,44.506,43.844,44.48,379.16085
2025-09-25 08:00:00+00:00,44.476,45.069,44.47,44.811,719.57195
2025-09-25 12:00:00+00:00,44.807,44.986,44.192,44.755,1328.02275
2025-09-25 16:00:00+00:00,44.759,45.213,44.652,45.168,585.02885
2025-09-25 20:00:00+00:00,45.171,45.219,44.619,44.883,183.0407
2025-09-26 00:00:00+00:00,44.883,45.062,44.558,44.782,397.8754
2025-09-26 04:00:00+00:00,44.783,45.207,44.673,45.016,459.9249
2025-09-26 08:00:00+00:00,45.015,45.156,44.935,45.024,358.07575
2025-09-26 12:00:00+00:00,45.019,46.088,44.983,46.049,1309.7462
2025-09-26 16:00:00+00:00,46.053,46.617,45.924,46.098,778.8603
2025-09-26 20:00:00+00:00,46.094,46.198,46.002,46.041,75.477
2025-09-28 20:00:00+00:00,46.137,46.352,46.07,46.247,124.4829
2025-09-29 00:00:00+00:00,46.246,47.0,45.932,46.791,804.8305
2025-09-29 04:00:00+00:00,46.79,47.17,46.595,46.692,685.58108
2025-09-29 08:00:00+00:00,46.695,47.064,46.657,46.95,585.86193
2025-09-29 12:00:00+00:00,46.95,47.084,46.48,47.054,1461.23754
2025-09-29 16:00:00+00:00,47.046,47.076,46.712,46.821,619.58705
2025-09-29 20:00:00+00:00,46.823,46.94,46.719,46.803,99.1995
2025-09-30 00:00:00+00:00,46.799,47.11,46.769,47.022,577.5096
2025-09-30 04:00:00+00:00,47.023,47.16,46.577,46.733,622.94875
2025-09-30 08:00:00+00:00,46.725,46.813,45.8,46.19,1056.61265
2025-09-30 12:00:00+00:00,46.19,46.777,45.94,46.279,1367.57495
2025-09-30 16:00:00+00:00,46.273,46.68,46.231,46.652,567.91445
2025-09-30 20:00:00+00:00,46.655,46.725,46.429,46.704,119.0684
2025-10-01 00:00:00+00:00,46.703,47.547,46.642,47.083,560.5243
2025-10-01 04:00:00+00:00,47.076,47.299,46.669,47.276,598.8928
2025-10-01 08:00:00+00:00,47.265,47.459,47.129,47.395,750.3662
2025-10-01 12:00:00+00:00,47.403,47.82,47.081,47.43,1427.09965
2025-10-01 16:00:00+00:00,47.429,47.596,47.248,47.291,436.4076
2025-10-01 20:00:00+00:00,47.281,47.342,47.057,47.215,130.801
2025-10-02 00:00:00+00:00,47.216,47.517,46.956,47.237,292.99002
2025-10-02 04:00:00+00:00,47.246,47.509,47.151,47.422,356.4948
2025-10-02 08:00:00+00:00,47.422,47.533,47.354,47.514,503.757
2025-10-02 12:00:00+00:00,47.52,48.038,45.893,46.113,1862.84115
2025-10-02 16:00:00+00:00,46.113,46.925,46.001,46.838,613.58031
2025-10-02 20:00:00+00:00,46.84,46.993,46.813,46.958,93.8167
2025-10-03 00:00:00+00:00,46.96,46.975,46.633,46.81,508.7374
2025-10-03 04:00:00+00:00,46.806,47.412,46.793,47.39,463.3125
2025-10-03 08:00:00+00:00,47.389,47.653,47.207,47.534,489.06033
2025-10-03 12:00:00+00:00,47.536,48.36,47.396,48.295,1455.03895
2025-10-03 16:00:00+00:00,48.302,48.304,47.706,47.972,705.9921
2025-10-03 20:00:00+00:00,47.971,48.015,47.906,47.906,66.1695
2025-10-05 20:00:00+00:00,48.054,48.273,47.93,48.225,141.1049
2025-10-06 00:00:00+00:00,48.224,48.575,47.997,48.539,513.227
2025-10-06 04:00:00+00:00,48.535,48.75,48.415,48.667,650.253
2025-10-06 08:00:00+00:00,48.666,48.75,48.18,48.391,670.0475
2025-10-06 12:00:00+00:00,48.393,48.746,48.053,48.696,1242.27335
2025-10-06 16:00:00+00:00,48.689,48.757,48.334,48.534,502.65175
2025-10-06 20:00:00+00:00,48.533,48.605,48.358,48.485,171.8726
2025-10-07 00:00:00+00:00,48.486,48.639,48.242,48.497,345.213
2025-10-07 04:00:00+00:00,48.496,48.634,47.712,48.0,635.9259
2025-10-07 08:00:00+00:00,47.99,48.628,47.819,48.574,561.9935
2025-10-07 12:00:00+00:00,48.576,48.625,47.327,47.628,1493.12305
2025-10-07 16:00:00+00:00,47.638,47.875,47.315,47.739,690.77105
2025-10-07 20:00:00+00:00,47.731,47.939,47.7,47.918,102.9645
2025-10-08 00:00:00+00:00,47.923,48.447,47.725,48.344,598.7445
2025-10-08 04:00:00+00:00,48.346,48.929,48.346,48.792,678.57253
2025-10-08 08:00:00+00:00,48.801,49.006,48.674,48.977,663.41705
2025-10-08 12:00:00+00:00,48.982,49.485,48.754,49.399,1262.8104
2025-10-08 16:00:00+00:00,49.4,49.537,48.966,49.049,763.7998
2025-10-08 20:00:00+00:00,49.045,49.065,48.439,48.751,192.02424
2025-10-09 00:00:00+00:00,48.738,49.111,48.456,48.867,940.22864
2025-10-09 04:00:00+00:00,48.866,49.257,48.744,49.069,660.6302
2025-10-09 08:00:00+00:00,49.068,49.734,49.064,49.723,668.39649
2025-10-09 12:00:00+00:00,49.718,51.223,49.598,50.124,1012.86337
2025-10-09 16:00:00+00:00,50.125,50.178,48.408,49.289,765.0139
2025-10-09 20:00:00+00:00,49.295,49.495,48.221,48.718,114.17062
2025-10-10 00:00:00+00:00,48.828,49.7,48.248,49.114,781.995
2025-10-10 04:00:00+00:00,49.113,50.493,48.6,50.421,1068.29
2025-10-10 08:00:00+00:00,50.421,51.107,49.211,49.963,734.16827
2025-10-10 12:00:00+00:00,49.969,50.707,49.678,49.982,1305.6846
2025-10-10 16:00:00+00:00,49.979,50.269,49.1,49.855,1759.51094
2025-10-10 20:00:00+00:00,49.827,50.051,48.6,49.323,186.921
2025-10-12 20:00:00+00:00,49.688,50.363,49.533,50.341,2.7165
2025-10-13 00:00:00+00:00,50.341,51.452,49.727,51.061,295.927
2025-10-13 04:00:00+00:00,51.055,51.709,51.051,51.521,439.9565
2025-10-13 08:00:00+00:00,51.521,51.634,49.423,51.508,547.65237
2025-10-13 12:00:00+00:00,51.501,52.054,51.25,51.584,570.3329
2025-10-13 16:00:00+00:00,51.586,52.226,51.572,52.115,570.32305
2025-10-13 20:00:00+00:00,52.107,52.768,51.099,52.396,123.4715
2025-10-14 00:00:00+00:00,52.396,53.353,52.312,53.114,297.8295
2025-10-14 04:00:00+00:00,53.107,53.424,49.918,52.237,464.2818
2025-10-14 08:00:00+00:00,52.213,52.419,50.751,51.399,657.1494
2025-10-14 12:00:00+00:00,51.402,51.849,50.453,51.825,806.04613
2025-10-14 16:00:00+00:00,51.825,51.909,51.285,51.51,499.59686
2025-10-14 20:00:00+00:00,51.51,52.098,51.17,51.951,171.066
2025-10-15 00:00:00+00:00,51.948,52.209,51.452,52.121,663.849
2025-10-15 04:00:00+00:00,52.122,52.704,51.929,52.675,714.3845
2025-10-15 08:00:00+00:00,52.677,53.068,52.26,52.955,353.2305
2025-10-15 12:00:00+00:00,52.956,53.059,52.341,52.528,908.8015
2025-10-15 16:00:00+00:00,52.529,53.125,52.262,53.076,640.089
2025-10-15 20:00:00+00:00,53.067,53.123,52.185,53.011,206.583
2025-10-16 00:00:00+00:00,53.012,53.311,52.882,53.116,391.4415
2025-10-16 04:00:00+00:00,53.116,53.13,52.375,52.796,509.7375
2025-10-16 08:00:00+00:00,52.798,53.188,52.717,52.902,475.6545
2025-10-16 12:00:00+00:00,52.903,53.933,52.733,53.83,1623.5625
2025-10-16 16:00:00+00:00,53.83,54.147,53.424,54.046,1826.94034
2025-10-16 20:00:00+00:00,54.049,54.356,53.489,54.27,348.0915
2025-10-17 00:00:00+00:00,54.27,54.282,53.394,54.212,803.547
2025-10-17 04:00:00+00:00,54.212,54.442,53.65,53.86,1008.1726
2025-10-17 08:00:00+00:00,53.858,54.11,53.292,53.33,579.9475
2025-10-17 12:00:00+00:00,53.33,53.716,51.669,51.909,1396.38661
2025-10-17 16:00:00+00:00,51.909,52.009,50.493,51.691,580.3923
2025-10-17 20:00:00+00:00,51.689,51.961,51.338,51.527,17.817
2025-10-19 20:00:00+00:00,51.536,51.927,50.893,51.786,121.8285
2025-10-20 00:00:00+00:00,51.794,52.247,51.234,52.146,1143.762
2025-10-20 04:00:00+00:00,52.147,52.226,51.416,51.95,898.7383
2025-10-20 08:00:00+00:00,51.951,52.19,51.549,52.033,433.7525
2025-10-20 12:00:00+00:00,52.033,52.753,51.903,52.481,697.13846
2025-10-20 16:00:00+00:00,52.481,52.613,52.047,52.561,238.4655
2025-10-20 20:00:00+00:00,52.555,52.597,52.065,52.527,93.405
2025-10-21 00:00:00+00:00,52.526,52.534,51.565,51.86,252.999
2025-10-21 04:00:00+00:00,51.861,52.046,50.59,50.817,435.397
2025-10-21 08:00:00+00:00,50.819,50.834,49.007,50.059,915.752
2025-10-21 12:00:00+00:00,50.053,50.122,47.789,48.933,1478.9145
2025-10-21 16:00:00+00:00,48.931,49.011,47.952,48.3,751.6135
2025-10-21 20:00:00+00:00,48.298,48.705,47.558,48.213,155.7045
2025-10-22 00:00:00+00:00,48.209,48.959,47.451,48.916,1420.6585
2025-10-22 04:00:00+00:00,48.916,49.269,48.782,48.792,933.243
2025-10-22 08:00:00+00:00,48.792,48.821,47.653,47.762,781.2
2025-10-22 12:00:00+00:00,47.765,48.651,47.763,48.165,1067.87726
2025-10-22 16:00:00+00:00,48.165,48.649,47.921,48.472,667.80258
2025-10-22 20:00:00+00:00,48.469,48.538,48.132,48.153,408.7995
2025-10-23 00:00:00+00:00,48.149,48.688,47.894,48.494,1379.1045
2025-10-23 04:00:00+00:00,48.493,49.308,48.292,48.866,1184.5245
2025-10-23 08:00:00+00:00,48.867,49.375,48.867,49.108,405.9855
2025-10-23 12:00:00+00:00,49.106,49.44,48.992,49.123,909.603
2025-10-23 16:00:00+00:00,49.127,49.23,48.763,48.777,598.446
2025-10-23 20:00:00+00:00,48.779,48.926,48.596,48.786,204.3
2025-10-24 00:00:00+00:00,48.786,48.994,48.378,48.629,1005.855
2025-10-24 04:00:00+00:00,48.633,48.696,48.059,48.12,850.8405
2025-10-24 08:00:00+00:00,48.119,48.257,47.81,48.035,1010.251
2025-10-24 12:00:00+00:00,48.039,48.941,47.827,48.823,1595.385
2025-10-24 16:00:00+00:00,48.822,48.872,48.393,48.491,650.664
2025-10-24 20:00:00+00:00,48.496,48.633,48.194,48.547,83.589
2025-10-26 20:00:00+00:00,48.324,48.679,47.698,48.146,367.118
2025-10-27 00:00:00+00:00,48.144,48.533,47.922,47.947,898.743
2025-10-27 04:00:00+00:00,47.947,48.363,47.769,48.126,660.123
2025-10-27 08:00:00+00:00,48.124,48.141,47.315,47.35,578.862
2025-10-27 12:00:00+00:00,47.341,47.799,46.067,46.497,1265.205
2025-10-27 16:00:00+00:00,46.497,47.0,46.496,46.74,782.591
2025-10-27 20:00:00+00:00,46.738,47.077,46.61,46.926,318.8835
2025-10-28 00:00:00+00:00,46.927,47.198,46.571,46.822,670.0575
2025-10-28 04:00:00+00:00,46.821,46.839,46.214,46.411,833.0805
2025-10-28 08:00:00+00:00,46.417,46.502,45.513,46.415,902.0085
2025-10-28 12:00:00+00:00,46.416,47.136,46.23,47.088,1261.722
2025-10-28 16:00:00+00:00,47.089,47.256,46.848,47.072,921.465
2025-10-28 20:00:00+00:00,47.071,47.154,46.704,47.141,277.256
2025-10-29 00:00:00+00:00,47.139,47.6,47.081,47.463,664.026
2025-10-29 04:00:00+00:00,47.467,48.078,47.353,48.068,559.331
2025-10-29 08:00:00+00:00,48.067,48.39,48.018,48.151,751.419
2025-10-29 12:00:00+00:00,48.152,48.445,48.01,48.137,1392.423
2025-10-29 16:00:00+00:00,48.146,48.308,47.236,47.667,1618.899
2025-10-29 20:00:00+00:00,47.671,47.827,47.337,47.788,439.1205
2025-10-30 00:00:00+00:00,47.789,47.957,47.245,47.58,707.358
2025-10-30 04:00:00+00:00,47.581,47.919,47.411,47.596,791.0865
2025-10-30 08:00:00+00:00,47.6,48.274,47.541,48.116,564.4635
2025-10-30 12:00:00+00:00,48.119,48.895,47.877,48.802,1034.508
2025-10-30 16:00:00+00:00,48.799,48.971,48.664,48.865,687.4305
2025-10-30 20:00:00+00:00,48.87,49.147,48.736,49.061,246.7455
2025-10-31 00:00:00+00:00,49.062,49.229,48.684,48.797,763.041
2025-10-31 04:00:00+00:00,48.798,49.343,48.676,49.308,793.773
2025-10-31 08:00:00+00:00,49.309,49.318,48.714,48.993,536.4405
2025-10-31 12:00:00+00:00,48.994,49.164,48.709,48.847,871.4925
2025-10-31 16:00:00+00:00,48.844,48.915,48.361,48.509,894.2445
2025-10-31 20:00:00+00:00,48.509,48.69,48.462,48.642,59.799
2025-11-02 20:00:00+00:00,48.424,48.729,48.424,48.541,112.446
2025-11-03 00:00:00+00:00,48.529,48.896,48.194,48.844,763.5135
2025-11-03 04:00:00+00:00,48.843,49.069,48.747,49.054,506.328
2025-11-03 08:00:00+00:00,49.053,49.095,48.48,48.773,537.7075
2025-11-03 12:00:00+00:00,48.783,48.969,48.15,48.403,635.16
2025-11-03 16:00:00+00:00,48.409,48.483,47.989,48.122,519.4575
2025-11-03 20:00:00+00:00,48.12,48.272,47.647,47.934,196.71
2025-11-04 00:00:00+00:00,47.936,48.172,47.614,48.159,851.0985
2025-11-04 04:00:00+00:00,48.159,48.213,47.464,47.815,805.1265
2025-11-04 08:00:00+00:00,47.817,48.114,47.598,47.742,575.2275
2025-11-04 12:00:00+00:00,47.741,47.945,46.855,47.461,990.906
2025-11-04 16:00:00+00:00,47.457,47.881,47.21,47.228,462.635
2025-11-04 20:00:00+00:00,47.232,47.275,46.983,47.08,244.524
2025-11-05 00:00:00+00:00,47.081,47.698,46.863,47.587,593.3805
2025-11-05 04:00:00+00:00,47.585,47.838,47.501,47.803,526.7505
2025-11-05 08:00:00+00:00,47.804,47.96,47.507,47.641,368.5875
2025-11-05 12:00:00+00:00,47.636,48.219,47.475,48.146,581.8645
2025-11-05 16:00:00+00:00,48.144,48.235,47.981,48.222,379.7505
2025-11-05 20:00:00+00:00,48.223,48.266,47.82,48.005,138.234
2025-11-06 00:00:00+00:00,48.003,48.223,47.717,48.206,374.601
2025-11-06 04:00:00+00:00,48.205,48.524,48.192,48.449,324.1845
2025-11-06 08:00:00+00:00,48.451,48.781,48.421,48.689,503.853
2025-11-06 12:00:00+00:00,48.691,48.745,47.832,47.875,735.597
2025-11-06 16:00:00+00:00,47.876,48.268,47.641,48.178,715.7895
2025-11-06 20:00:00+00:00,48.174,48.222,47.944,48.215,206.817
2025-11-07 00:00:00+00:00,48.214,48.425,48.116,48.27,445.7865
2025-11-07 04:00:00+00:00,48.271,48.724,48.228,48.676,471.6855
2025-11-07 08:00:00+00:00,48.677,48.861,48.375,48.658,487.14156
2025-11-07 12:00:00+00:00,48.659,48.822,48.073,48.204,838.5645
2025-11-07 16:00:00+00:00,48.203,48.776,47.959,48.423,738.636
2025-11-07 20:00:00+00:00,48.426,48.428,48.087,48.088,93.933
2025-11-09 20:00:00+00:00,48.357,48.579,48.215,48.578,79.188
2025-11-10 00:00:00+00:00,48.577,49.278,48.472,49.093,969.749
2025-11-10 04:00:00+00:00,49.092,49.793,49.091,49.64,805.5645
2025-11-10 08:00:00+00:00,49.644,49.991,49.638,49.956,406.41
2025-11-10 12:00:00+00:00,49.961,50.199,49.6,49.879,585.461
2025-11-10 16:00:00+00:00,49.877,50.546,49.819,50.526,452.1435
2025-11-10 20:00:00+00:00,50.524,50.6,50.384,50.481,232.9905
2025-11-11 00:00:00+00:00,50.481,50.981,50.444,50.977,761.003
2025-11-11 04:00:00+00:00,50.976,51.127,50.5,50.639,583.4782
2025-11-11 08:00:00+00:00,50.641,51.188,50.632,51.166,445.78705
2025-11-11 12:00:00+00:00,51.165,51.23,50.272,50.46,928.97925
2025-11-11 16:00:00+00:00,50.458,51.147,50.411,51.005,647.4526
2025-11-11 20:00:00+00:00,51.006,51.335,51.005,51.264,184.7877
2025-11-12 00:00:00+00:00,51.264,51.356,51.013,51.029,647.0115
2025-11-12 04:00:00+00:00,51.028,51.762,50.846,51.617,782.9205
2025-11-12 08:00:00+00:00,51.615,51.887,51.474,51.496,538.9515
2025-11-12 12:00:00+00:00,51.494,53.132,51.462,52.916,1193.3425
2025-11-12 16:00:00+00:00,52.918,53.654,52.753,53.516,1326.02834
2025-11-12 20:00:00+00:00,53.514,53.557,53.139,53.223,264.9855
2025-11-13 00:00:00+00:00,53.222,54.161,52.874,54.14,998.18
2025-11-13 04:00:00+00:00,54.14,54.306,53.738,54.067,931.9675
2025-11-13 08:00:00+00:00,54.068,54.389,53.417,53.771,510.676
2025-11-13 12:00:00+00:00,53.768,54.11,52.552,52.733,992.7275
2025-11-13 16:00:00+00:00,52.732,53.259,52.044,52.415,565.217
2025-11-13 20:00:00+00:00,52.413,52.552,52.151,52.513,326.907
2025-11-14 00:00:00+00:00,52.513,53.551,52.493,53.296,778.935
2025-11-14 04:00:00+00:00,53.304,53.333,52.413,52.929,691.716
2025-11-14 08:00:00+00:00,52.936,53.115,51.985,51.999,480.888
2025-11-14 12:00:00+00:00,51.991,52.051,50.043,51.285,1155.6565
2025-11-14 16:00:00+00:00,51.287,51.476,50.702,50.742,819.333
2025-11-14 20:00:00+00:00,50.74,50.786,50.488,50.543,303.675
2025-11-16 20:00:00+00:00,50.276,51.005,50.262,50.825,123.3015
2025-11-17 00:00:00+00:00,50.825,51.188,50.664,50.973,490.9935
2025-11-17 04:00:00+00:00,50.971,51.163,50.355,51.14,753.276
2025-11-17 08:00:00+00:00,51.143,51.298,50.73,51.04,706.03808
2025-11-17 12:00:00+00:00,51.052,51.087,50.489,50.759,749.3488
2025-11-17 16:00:00+00:00,50.758,50.99,49.65,49.654,865.5135
2025-11-17 20:00:00+00:00,49.652,50.223,49.491,49.886,507.957
2025-11-18 00:00:00+00:00,49.885,50.164,49.668,49.709,736.3995
2025-11-18 04:00:00+00:00,49.71,49.883,49.345,49.688,730.095
2025-11-18 08:00:00+00:00,49.68,50.573,49.673,50.291,866.0415
2025-11-18 12:00:00+00:00,50.292,50.839,49.872,50.407,1571.5737
2025-11-18 16:00:00+00:00,50.404,51.155,50.256,51.151,1261.287
2025-11-18 20:00:00+00:00,51.145,51.169,50.404,50.866,408.246
2025-11-19 00:00:00+00:00,50.866,51.271,50.557,50.771,586.59
2025-11-19 04:00:00+00:00,50.77,51.54,50.705,51.404,588.834
2025-11-19 08:00:00+00:00,51.405,52.46,51.182,52.103,701.8595
2025-11-19 12:00:00+00:00,52.104,52.35,51.51,51.693,845.183
2025-11-19 16:00:00+00:00,51.697,51.753,50.359,51.094,1282.638
2025-11-19 20:00:00+00:00,51.095,51.758,51.042,51.717,354.8145
2025-11-20 00:00:00+00:00,51.72,51.861,50.674,51.254,806.6715
2025-11-20 04:00:00+00:00,51.252,51.478,50.966,50.988,464.63
2025-11-20 08:00:00+00:00,50.987,51.045,50.321,50.831,823.107
2025-11-20 12:00:00+00:00,50.83,51.393,50.614,50.865,948.6875
2025-11-20 16:00:00+00:00,50.864,51.036,50.214,50.822,1226.811
2025-11-20 20:00:00+00:00,50.82,50.844,50.357,50.771,339.2985
2025-11-21 00:00:00+00:00,50.77,50.817,49.532,49.811,815.1135
2025-11-21 04:00:00+00:00,49.808,49.89,49.134,49.162,974.682
2025-11-21 08:00:00+00:00,49.168,49.619,48.616,48.963,999.3855
2025-11-21 12:00:00+00:00,48.96,49.91,48.863,49.66,1337.1255
2025-11-21 16:00:00+00:00,49.659,50.66,49.577,50.293,1047.67156
2025-11-21 20:00:00+00:00,50.286,50.33,49.735,49.976,419.205
2025-11-23 20:00:00+00:00,50.227,50.364,50.018,50.113,83.322
2025-11-24 00:00:00+00:00,50.11,50.188,49.707,49.978,647.4465
2025-11-24 04:00:00+00:00,49.98,50.123,49.77,49.973,556.449
2025-11-24 08:00:00+00:00,49.968,50.39,49.916,50.069,339.3175
2025-11-24 12:00:00+00:00,50.068,50.472,49.958,50.352,470.8335
2025-11-24 16:00:00+00:00,50.353,51.173,50.307,51.135,624.6585
2025-11-24 20:00:00+00:00,51.139,51.402,51.114,51.367,259.374
2025-11-25 00:00:00+00:00,51.366,51.588,50.994,51.437,462.9645
2025-11-25 04:00:00+00:00,51.43,51.741,51.183,51.26,332.652
2025-11-25 08:00:00+00:00,51.261,51.397,50.786,51.201,408.6585
2025-11-25 12:00:00+00:00,51.216,51.733,50.68,50.774,760.9085
2025-11-25 16:00:00+00:00,50.77,51.564,50.729,51.232,496.2375
2025-11-25 20:00:00+00:00,51.235,51.491,51.235,51.334,133.6845
2025-11-26 00:00:00+00:00,51.34,52.056,51.319,51.983,566.0195
2025-11-26 04:00:00+00:00,51.977,52.16,51.735,52.057,562.6595
2025-11-26 08:00:00+00:00,52.06,52.611,51.979,52.426,336.65038
2025-11-26 12:00:00+00:00,52.423,52.735,51.966,52.702,594.69435
2025-11-26 16:00:00+00:00,52.7,53.354,52.574,53.287,528.68236
2025-11-26 20:00:00+00:00,53.286,53.444,53.206,53.402,211.539
2025-11-27 00:00:00+00:00,53.402,53.433,52.675,52.87,558.2573
2025-11-27 04:00:00+00:00,52.871,53.847,52.726,53.71,436.4235
2025-11-27 08:00:00+00:00,53.708,53.904,53.136,53.342,312.66881
2025-11-27 12:00:00+00:00,53.341,53.481,52.876,53.16,367.6549
2025-11-27 16:00:00+00:00,53.162,53.464,53.104,53.384,123.624
2025-11-27 20:00:00+00:00,53.305,53.468,53.302,53.459,16.728
2025-11-28 00:00:00+00:00,53.46,54.19,53.272,53.472,340.8405
2025-11-28 04:00:00+00:00,53.46,54.364,53.42,53.815,179.0475
2025-11-28 08:00:00+00:00,53.77,53.949,52.158,53.673,96.5685
2025-11-28 12:00:00+00:00,53.73,55.624,53.656,55.532,668.6275
2025-11-28 16:00:00+00:00,55.533,56.528,55.424,56.365,455.3533
2025-11-30 20:00:00+00:00,56.659,57.279,56.024,56.995,209.0735
2025-12-01 00:00:00+00:00,56.986,57.86,56.703,57.227,1048.9145
2025-12-01 04:00:00+00:00,57.228,57.327,56.427,56.911,780.9824
2025-12-01 08:00:00+00:00,56.905,57.808,56.881,57.466,415.544
2025-12-01 12:00:00+00:00,57.462,57.831,56.891,57.659,1731.4981
2025-12-01 16:00:00+00:00,57.66,58.839,57.638,58.115,1529.352
2025-12-01 20:00:00+00:00,58.118,58.3,57.439,57.594,424.9195
2025-12-02 00:00:00+00:00,57.599,57.636,56.571,57.163,817.7505
2025-12-02 04:00:00+00:00,57.167,57.54,56.79,57.252,499.3125
2025-12-02 08:00:00+00:00,57.252,57.428,56.652,57.355,411.0735
2025-12-02 12:00:00+00:00,57.356,58.374,57.058,57.143,1107.67527
2025-12-02 16:00:00+00:00,57.151,58.386,57.094,58.304,616.30467
2025-12-02 20:00:00+00:00,58.305,58.737,58.02,58.627,233.55577
2025-12-03 00:00:00+00:00,58.628,58.937,58.118,58.864,865.6716
2025-12-03 04:00:00+00:00,58.863,58.912,57.528,58.077,773.321
2025-12-03 08:00:00+00:00,58.083,58.359,57.863,58.359,556.866
2025-12-03 12:00:00+00:00,58.358,58.968,57.483,58.442,940.0165
2025-12-03 16:00:00+00:00,58.439,58.786,57.816,58.459,537.18523
2025-12-03 20:00:00+00:00,58.46,58.542,58.282,58.502,116.658
2025-12-04 00:00:00+00:00,58.505,58.739,58.014,58.138,735.799
2025-12-04 04:00:00+00:00,58.137,58.284,57.065,57.45,795.0705
2025-12-04 08:00:00+00:00,57.438,57.61,56.593,57.554,802.656
2025-12-04 12:00:00+00:00,57.554,57.806,56.435,56.93,1268.916
2025-12-04 16:00:00+00:00,56.921,57.243,56.662,57.044,906.224
2025-12-04 20:00:00+00:00,57.04,57.153,56.914,57.014,208.194
2025-12-05 00:00:00+00:00,57.017,57.698,56.854,57.434,590.592
2025-12-05 04:00:00+00:00,57.434,58.502,57.412,58.204,707.667
2025-12-05 08:00:00+00:00,58.202,58.333,57.821,58.17,379.31214
2025-12-05 12:00:00+00:00,58.175,59.324,57.811,59.077,1192.94916
2025-12-05 16:00:00+00:00,59.079,59.19,57.939,58.433,1498.489
2025-12-05 20:00:00+00:00,58.434,58.501,58.216,58.291,324.3915
2025-12-07 20:00:00+00:00,58.196,58.606,57.592,58.425,69.18
2025-12-08 00:00:00+00:00,58.425,58.603,57.504,58.008,657.679
2025-12-08 04:00:00+00:00,58.011,58.414,57.882,58.245,431.368
2025-12-08 08:00:00+00:00,58.25,58.52,58.106,58.354,474.995
2025-12-08 12:00:00+00:00,58.345,58.534,57.624,57.907,1349.651
2025-12-08 16:00:00+00:00,57.909,58.123,57.675,57.994,923.679
2025-12-08 20:00:00+00:00,57.99,58.16,57.938,58.105,218.1555
2025-12-09 00:00:00+00:00,58.104,58.415,57.864,58.284,615.7125
2025-12-09 04:00:00+00:00,58.285,58.372,57.582,58.034,679.624
2025-12-09 08:00:00+00:00,58.035,58.921,58.031,58.524,884.3392
2025-12-09 12:00:00+00:00,58.521,60.296,58.515,60.213,1304.97585
2025-12-09 16:00:00+00:00,60.218,60.734,60.053,60.661,999.0915
2025-12-09 20:00:00+00:00,60.661,60.903,60.392,60.839,271.497
2025-12-10 00:00:00+00:00,60.846,61.467,60.616,61.005,752.777
2025-12-10 04:00:00+00:00,61.004,61.607,60.874,61.453,436.2665
2025-12-10 08:00:00+00:00,61.452,61.567,60.598,61.01,309.8805
2025-12-10 12:00:00+00:00,61.011,61.274,60.092,60.54,787.24682
2025-12-10 16:00:00+00:00,60.538,61.112,59.822,61.103,847.9755
2025-12-10 20:00:00+00:00,61.097,61.955,60.931,61.89,584.78081
2025-12-11 00:00:00+00:00,61.892,62.883,61.816,62.057,801.845
2025-12-11 04:00:00+00:00,62.051,62.235,61.419,62.034,680.0975
2025-12-11 08:00:00+00:00,62.035,62.466,61.938,62.014,485.211
2025-12-11 12:00:00+00:00,62.013,63.547,62.003,63.277,885.7401
2025-12-11 16:00:00+00:00,63.28,64.293,63.135,63.763,1148.7365
2025-12-11 20:00:00+00:00,63.762,63.839,62.8,63.053,308.78235
2025-12-12 00:00:00+00:00,63.052,63.923,62.931,63.5,781.0075
2025-12-12 04:00:00+00:00,63.496,63.876,63.35,63.715,629.334
2025-12-12 08:00:00+00:00,63.712,64.565,63.606,64.499,478.2935
2025-12-12 12:00:00+00:00,64.505,64.648,61.957,62.07,1847.6115
2025-12-12 16:00:00+00:00,62.069,62.305,60.735,61.833,1495.794
2025-12-12 20:00:00+00:00,61.835,62.02,61.339,61.867,206.6555
2025-12-14 20:00:00+00:00,61.926,62.107,61.807,61.958,96.699
2025-12-15 00:00:00+00:00,61.961,62.812,61.729,62.603,678.2505
2025-12-15 04:00:00+00:00,62.601,63.367,62.468,63.25,544.66314
2025-12-15 08:00:00+00:00,63.258,63.959,63.235,63.867,655.8903
2025-12-15 12:00:00+00:00,63.868,64.089,63.104,63.799,1466.50844
2025-12-15 16:00:00+00:00,63.799,64.105,62.883,64.087,1424.8425
2025-12-15 20:00:00+00:00,64.086,64.16,63.569,63.895,374.097
2025-12-16 00:00:00+00:00,63.896,64.072,62.217,62.718,1225.7995
2025-12-16 04:00:00+00:00,62.721,63.162,62.13,63.156,806.1935
2025-12-16 08:00:00+00:00,63.149,63.25,62.782,62.961,541.1585
2025-12-16 12:00:00+00:00,62.958,63.832,62.822,63.57,1018.216
2025-12-16 16:00:00+00:00,63.572,63.906,62.964,63.868,1124.06801
2025-12-16 20:00:00+00:00,63.868,63.921,63.543,63.775,292.8825
2025-12-17 00:00:00+00:00,63.776,66.004,63.76,65.847,1171.4145
2025-12-17 04:00:00+00:00,65.848,66.512,65.55,65.621,976.238
2025-12-17 08:00:00+00:00,65.611,66.005,65.447,65.898,714.657
2025-12-17 12:00:00+00:00,65.895,66.109,65.092,65.638,1614.6289
2025-12-17 16:00:00+00:00,65.641,66.887,65.55,66.488,1873.72578
2025-12-17 20:00:00+00:00,66.491,66.815,65.883,66.303,507.512
2025-12-18 00:00:00+00:00,66.302,66.512,65.53,66.376,840.5936
2025-12-18 04:00:00+00:00,66.377,66.612,66.161,66.492,578.8665
2025-12-18 08:00:00+00:00,66.489,66.528,65.838,66.277,524.9385
2025-12-18 12:00:00+00:00,66.278,66.456,64.615,65.465,1273.6375
2025-12-18 16:00:00+00:00,65.466,66.193,64.781,65.173,1140.135
2025-12-18 20:00:00+00:00,65.175,65.597,65.145,65.548,406.578
2025-12-19 00:00:00+00:00,65.551,65.597,64.424,65.114,843.4485
2025-12-19 04:00:00+00:00,65.116,66.004,65.035,65.715,675.7815
2025-12-19 08:00:00+00:00,65.708,66.193,65.675,65.859,555.627
2025-12-19 12:00:00+00:00,65.86,66.844,65.637,66.823,874.195
2025-12-19 16:00:00+00:00,66.813,67.445,66.668,67.199,652.46
2025-12-19 20:00:00+00:00,67.205,67.286,66.886,67.066,128.061
2025-12-21 20:00:00+00:00,67.062,67.482,67.062,67.424,96.411
2025-12-22 00:00:00+00:00,67.423,69.226,67.362,69.193,1032.264
2025-12-22 04:00:00+00:00,69.194,69.437,68.493,68.983,779.362
2025-12-22 08:00:00+00:00,68.989,69.16,68.6,69.096,255.0255
2025-12-22 12:00:00+00:00,69.095,69.253,68.419,68.799,893.866
2025-12-22 16:00:00+00:00,68.8,68.953,68.113,68.567,643.045
2025-12-22 20:00:00+00:00,68.565,69.272,68.554,69.129,237.687
2025-12-23 00:00:00+00:00,69.135,69.987,68.909,69.589,798.996
2025-12-23 04:00:00+00:00,69.587,69.707,69.076,69.533,658.3365
2025-12-23 08:00:00+00:00,69.536,69.741,69.384,69.729,358.566
2025-12-23 12:00:00+00:00,69.724,70.662,68.814,69.735,1380.898
2025-12-23 16:00:00+00:00,69.74,71.501,69.712,71.168,932.793
2025-12-23 20:00:00+00:00,71.16,71.849,71.101,71.808,410.271
2025-12-24 00:00:00+00:00,71.809,72.693,71.508,72.279,725.664
2025-12-24 04:00:00+00:00,72.281,72.5,71.868,72.079,644.2935
2025-12-24 08:00:00+00:00,72.076,72.205,71.375,72.172,406.071
2025-12-24 12:00:00+00:00,72.163,72.443,70.177,70.663,1213.16
2025-12-24 16:00:00+00:00,70.665,72.097,70.56,71.731,728.847
2025-12-25 20:00:00+00:00,73.159,73.304,71.428,73.104,129.936
2025-12-26 00:00:00+00:00,73.106,75.121,73.098,74.303,923.705
2025-12-26 04:00:00+00:00,74.296,75.052,74.295,74.603,698.046
2025-12-26 08:00:00+00:00,74.598,75.609,73.571,74.435,629.00503
2025-12-26 12:00:00+00:00,74.438,76.075,73.903,75.99,1466.25685
2025-12-26 16:00:00+00:00,76.008,77.648,75.475,77.272,1759.191
2025-12-26 20:00:00+00:00,77.269,79.301,77.252,78.96,654.9075
2025-12-28 20:00:00+00:00,82.274,83.968,81.581,81.814,374.1155
2025-12-29 00:00:00+00:00,81.818,81.866,74.621,80.346,2005.9031
2025-12-29 04:00:00+00:00,80.314,80.497,74.913,76.033,1856.5165
2025-12-29 08:00:00+00:00,76.033,76.546,73.901,74.337,1123.7355
2025-12-29 12:00:00+00:00,74.339,76.084,70.49,71.359,2138.4905
2025-12-29 16:00:00+00:00,71.356,72.703,70.783,72.3,1584.9075
2025-12-29 20:00:00+00:00,72.305,73.064,71.134,72.522,661.938
2025-12-30 00:00:00+00:00,72.518,74.608,72.024,74.324,1220.082
2025-12-30 04:00:00+00:00,74.326,75.162,73.932,74.876,1070.385
2025-12-30 08:00:00+00:00,74.878,74.945,73.813,74.845,829.38
2025-12-30 12:00:00+00:00,74.846,76.533,74.82,76.04,1357.457
2025-12-30 16:00:00+00:00,76.052,78.052,75.759,76.214,1508.0065
2025-12-30 20:00:00+00:00,76.208,76.74,73.998,75.199,814.068
2025-12-31 00:00:00+00:00,75.2,75.793,71.921,72.059,1065.069
2025-12-31 04:00:00+00:00,72.063,72.768,70.43,72.237,1412.9365
2025-12-31 08:00:00+00:00,72.248,72.482,70.991,71.94,793.8545
2025-12-31 12:00:00+00:00,71.937,73.759,71.305,72.402,901.0725
2025-12-31 16:00:00+00:00,72.397,72.524,70.355,70.457,676.9665
2025-12-31 20:00:00+00:00,70.457,71.581,70.049,71.537,518.733
2026-01-01 20:00:00+00:00,71.663,73.01,70.909,72.651,115.0555
2026-01-02 00:00:00+00:00,72.646,73.543,71.912,73.335,728.7205
2026-01-02 04:00:00+00:00,73.334,74.216,73.132,74.032,704.895
2026-01-02 08:00:00+00:00,74.017,74.555,73.974,74.204,267.7785
2026-01-02 12:00:00+00:00,74.207,74.425,72.559,72.62,1193.9692
2026-01-02 16:00:00+00:00,72.616,72.748,71.398,72.005,1910.8895
2026-01-02 20:00:00+00:00,72.001,72.828,71.931,72.819,511.067
2026-01-04 20:00:00+00:00,73.245,74.147,72.903,74.015,244.949
2026-01-05 00:00:00+00:00,74.009,76.344,73.924,75.175,1480.1415
2026-01-05 04:00:00+00:00,75.191,75.554,74.952,75.491,782.44
2026-01-05 08:00:00+00:00,75.491,76.345,74.686,74.76,724.143
2026-01-05 12:00:00+00:00,74.743,77.175,74.575,77.133,1727.9365
2026-01-05 16:00:00+00:00,77.132,77.872,75.609,76.103,1589.5855
2026-01-05 20:00:00+00:00,76.093,76.719,75.656,76.174,496.0575
2026-01-06 00:00:00+00:00,76.171,78.949,75.893,78.804,1034.8195
2026-01-06 04:00:00+00:00,78.8,79.352,78.011,78.088,872.295
2026-01-06 08:00:00+00:00,78.083,78.572,77.424,78.331,619.6151
2026-01-06 12:00:00+00:00,78.332,80.72,78.122,80.274,1826.356
2026-01-06 16:00:00+00:00,80.264,81.433,79.826,80.086,1857.2127
2026-01-06 20:00:00+00:00,80.084,82.751,79.921,82.501,724.8325
2026-01-07 00:00:00+00:00,82.497,82.678,79.49,80.2,1352.93975
2026-01-07 04:00:00+00:00,80.209,80.304,78.164,79.898,1156.15382
2026-01-07 08:00:00+00:00,79.89,80.093,78.839,78.862,821.6565
2026-01-07 12:00:00+00:00,78.862,79.12,76.343,77.168,1749.916
2026-01-07 16:00:00+00:00,77.17,78.904,77.151,78.429,1660.5955
2026-01-07 20:00:00+00:00,78.428,78.798,78.033,78.742,554.5765
2026-01-08 00:00:00+00:00,78.747,79.001,77.461,77.991,1086.3
2026-01-08 04:00:00+00:00,77.989,78.022,75.448,75.942,851.9119
2026-01-08 08:00:00+00:00,75.938,76.266,75.169,75.348,609.297
2026-01-08 12:00:00+00:00,75.35,75.963,73.827,75.768,1682.754
2026-01-08 16:00:00+00:00,75.759,76.397,75.226,75.85,1277.061
2026-01-08 20:00:00+00:00,75.847,77.157,75.821,76.659,588.9825
2026-01-09 00:00:00+00:00,76.67,77.504,75.477,76.514,1140.1145
2026-01-09 04:00:00+00:00,76.521,77.454,76.279,77.165,850.2315
2026-01-09 08:00:00+00:00,77.164,78.257,77.081,77.964,591.6645
2026-01-09 12:00:00+00:00,77.963,80.199,77.232,80.136,1889.73685
2026-01-09 16:00:00+00:00,80.136,80.499,79.262,79.863,1553.5365
2026-01-09 20:00:00+00:00,79.85,80.157,79.536,79.851,398.823
2026-01-11 20:00:00+00:00,80.436,81.764,80.206,81.595,231.6135
2026-01-12 00:00:00+00:00,81.593,83.989,81.494,83.296,1527.469
2026-01-12 04:00:00+00:00,83.296,84.588,83.091,84.133,1112.361
2026-01-12 08:00:00+00:00,84.125,84.522,83.534,83.791,569.20718
2026-01-12 12:00:00+00:00,83.787,85.764,83.712,85.28,2127.6868
2026-01-12 16:00:00+00:00,85.282,86.234,84.884,85.631,1728.492
2026-01-12 20:00:00+00:00,85.63,85.679,83.355,84.371,907.947
2026-01-13 00:00:00+00:00,84.371,86.003,83.597,85.46,1339.022
2026-01-13 04:00:00+00:00,85.455,85.924,84.557,85.197,964.86
2026-01-13 08:00:00+00:00,85.2,86.03,85.147,85.772,624.2745
2026-01-13 12:00:00+00:00,85.774,89.109,85.427,88.677,1758.7995
2026-01-13 16:00:00+00:00,88.679,89.045,86.172,87.472,1914.85625
2026-01-13 20:00:00+00:00,87.474,87.863,85.901,87.832,721.3884
2026-01-14 00:00:00+00:00,87.831,90.768,87.702,90.731,1053.6888
2026-01-14 04:00:00+00:00,90.732,91.545,89.15,90.116,1221.6991
2026-01-14 08:00:00+00:00,90.114,90.768,89.199,90.545,692.6295
2026-01-14 12:00:00+00:00,90.557,92.232,90.162,91.8,1817.124
2026-01-14 16:00:00+00:00,91.799,92.969,89.681,92.729,1928.78938
2026-01-14 20:00:00+00:00,92.727,93.49,91.043,92.2,1022.7853
2026-01-15 00:00:00+00:00,92.198,93.025,85.632,87.748,1774.17845
2026-01-15 04:00:00+00:00,87.661,90.041,86.855,89.33,1174.364
2026-01-15 08:00:00+00:00,89.329,91.471,88.972,91.238,745.512
2026-01-15 12:00:00+00:00,91.221,91.41,87.843,90.608,1804.87985
2026-01-15 16:00:00+00:00,90.611,93.022,89.978,92.51,2087.052
2026-01-15 20:00:00+00:00,92.51,92.617,90.186,91.436,979.4385
2026-01-16 00:00:00+00:00,91.426,92.062,89.447,90.178,1310.9155
2026-01-16 04:00:00+00:00,90.177,91.873,89.865,90.951,980.745
2026-01-16 08:00:00+00:00,90.95,91.758,90.032,91.041,658.551
2026-01-16 12:00:00+00:00,91.043,91.045,86.834,87.878,1922.6183
2026-01-16 16:00:00+00:00,87.877,89.717,87.747,89.334,1927.3255
2026-01-16 20:00:00+00:00,89.355,90.094,88.738,90.078,583.2405
2026-01-18 20:00:00+00:00,91.626,94.077,91.451,93.361,377.528
2026-01-19 00:00:00+00:00,93.349,94.076,92.45,93.017,1502.7815
2026-01-19 04:00:00+00:00,93.018,93.839,92.738,93.115,695.3955
2026-01-19 08:00:00+00:00,93.112,93.631,92.4,92.928,518.616
2026-01-19 12:00:00+00:00,92.931,94.123,92.814,93.837,935.961
2026-01-19 16:00:00+00:00,93.838,94.664,93.646,94.326,481.9035
2026-01-19 20:00:00+00:00,94.0,94.486,93.674,93.754,102.338
2026-01-20 00:00:00+00:00,93.75,93.879,92.539,93.303,982.156
2026-01-20 04:00:00+00:00,93.301,94.624,93.3,94.257,878.2005
2026-01-20 08:00:00+00:00,94.256,95.705,94.182,95.686,827.0395
2026-01-20 12:00:00+00:00,95.67,95.86,93.118,93.859,2033.264
2026-01-20 16:00:00+00:00,93.86,95.017,93.557,94.478,2007.3465
2026-01-20 20:00:00+00:00,94.475,94.902,93.737,94.865,785.358
2026-01-21 00:00:00+00:00,94.862,95.542,93.328,93.902,1227.87
2026-01-21 04:00:00+00:00,93.9,95.113,93.704,94.721,1117.96
2026-01-21 08:00:00+00:00,94.722,95.319,94.435,94.738,759.2958
2026-01-21 12:00:00+00:00,94.737,95.099,92.281,93.624,1876.628
2026-01-21 16:00:00+00:00,93.643,93.979,90.297,91.344,2255.901
2026-01-21 20:00:00+00:00,91.341,93.369,90.814,90.955,1059.6225
2026-01-22 00:00:00+00:00,90.956,93.418,90.781,93.381,1110.1545
2026-01-22 04:00:00+00:00,93.383,94.327,93.077,94.178,731.5595
2026-01-22 08:00:00+00:00,94.179,94.384,93.393,93.532,665.7365
2026-01-22 12:00:00+00:00,93.529,95.834,92.857,95.624,1623.628
2026-01-22 16:00:00+00:00,95.63,96.582,95.118,95.886,1940.114
2026-01-22 20:00:00+00:00,95.887,96.966,95.863,96.94,714.8025
2026-01-23 00:00:00+00:00,96.938,99.167,96.649,98.713,1036.8225
2026-01-23 04:00:00+00:00,98.722,99.374,98.443,98.715,658.5715
2026-01-23 08:00:00+00:00,98.692,99.027,97.521,98.985,941.4435
2026-01-23 12:00:00+00:00,98.986,100.272,98.609,99.817,1821.07563
2026-01-23 16:00:00+00:00,99.822,102.022,99.822,101.913,1822.176
2026-01-23 20:00:00+00:00,101.889,103.333,101.628,103.155,619.4885
2026-01-25 20:00:00+00:00,104.475,105.146,103.567,105.002,294.05719
2026-01-26 00:00:00+00:00,105.001,109.448,104.602,108.24,1770.578
2026-01-26 04:00:00+00:00,108.24,108.665,106.254,108.34,1462.3585
2026-01-26 08:00:00+00:00,108.338,110.12,108.173,109.366,1218.0784
2026-01-26 12:00:00+00:00,109.364,112.387,108.503,112.119,2313.39228
2026-01-26 16:00:00+00:00,112.118,117.725,106.456,107.421,2847.5565
2026-01-26 20:00:00+00:00,107.439,109.733,100.962,106.694,1673.4125
2026-01-27 00:00:00+00:00,106.704,111.157,104.321,109.742,2267.3495
2026-01-27 04:00:00+00:00,109.732,113.463,107.182,112.556,1891.0815
2026-01-27 08:00:00+00:00,112.553,113.078,110.138,111.609,1502.409
2026-01-27 12:00:00+00:00,111.612,113.055,104.949,108.268,2435.87805
2026-01-27 16:00:00+00:00,108.258,109.54,105.693,109.286,1666.767
2026-01-27 20:00:00+00:00,109.286,113.2,109.22,112.733,1352.087
2026-01-28 00:00:00+00:00,112.73,115.411,111.688,114.721,1750.7535
2026-01-28 04:00:00+00:00,114.702,116.091,113.612,114.745,1267.6875
2026-01-28 08:00:00+00:00,114.739,115.071,111.198,112.486,1431.5066
2026-01-28 12:00:00+00:00,112.488,115.67,111.866,113.089,2107.99522
2026-01-28 16:00:00+00:00,113.094,114.976,110.48,114.419,2398.523
2026-01-28 20:00:00+00:00,114.417,119.402,114.129,117.755,1704.5135
2026-01-29 00:00:00+00:00,117.754,118.56,116.122,117.392,2239.836
2026-01-29 04:00:00+00:00,117.392,120.437,117.055,118.1,1843.221
2026-01-29 08:00:00+00:00,118.08,118.492,115.311,118.432,1538.85
2026-01-29 12:00:00+00:00,118.439,121.647,106.212,109.766,2721.0778
2026-01-29 16:00:00+00:00,109.771,116.684,109.264,113.473,3445.24813
2026-01-29 20:00:00+00:00,113.475,117.804,112.362,117.6,1612.785
2026-01-30 00:00:00+00:00,117.599,118.463,107.838,109.75,2744.83265
2026-01-30 04:00:00+00:00,109.731,112.467,104.565,107.077,2223.2885
2026-01-30 08:00:00+00:00,107.069,107.069,94.76,103.012,1690.78541
2026-01-30 12:00:00+00:00,102.978,104.049,96.605,98.323,1746.76434
2026-01-30 16:00:00+00:00,98.312,98.451,73.406,85.265,2997.46685
2026-01-30 20:00:00+00:00,85.276,85.721,81.328,85.286,907.0605
2026-02-01 20:00:00+00:00,81.97,82.486,76.119,81.559,482.991
2026-02-02 00:00:00+00:00,81.603,87.91,76.243,76.716,2995.7015
2026-02-02 04:00:00+00:00,76.715,80.286,71.192,76.257,2805.987
2026-02-02 08:00:00+00:00,76.272,84.052,75.275,82.787,1275.794
2026-02-02 12:00:00+00:00,82.787,84.353,75.664,75.811,2226.449
2026-02-02 16:00:00+00:00,75.807,81.57,75.288,81.126,1745.505
2026-02-02 20:00:00+00:00,81.11,82.906,78.863,82.866,901.5495
2026-02-03 00:00:00+00:00,82.873,85.603,80.929,83.294,2561.8705
2026-02-03 04:00:00+00:00,83.294,86.98,82.448,86.677,2056.641
2026-02-03 08:00:00+00:00,86.671,87.94,85.395,86.475,1378.722
2026-02-03 12:00:00+00:00,86.475,89.176,86.056,88.402,1821.0774
2026-02-03 16:00:00+00:00,88.404,89.077,82.61,84.531,2868.6105
2026-02-03 20:00:00+00:00,84.524,85.78,82.633,84.508,1334.337
2026-02-04 00:00:00+00:00,84.472,88.209,84.372,87.731,1478.899
2026-02-04 04:00:00+00:00,87.732,90.728,86.975,90.335,1064.111
2026-02-04 08:00:00+00:00,90.334,90.595,88.177,90.581,673.917
2026-02-04 12:00:00+00:00,90.58,92.166,86.176,86.849,1598.09886
2026-02-04 16:00:00+00:00,86.843,87.388,83.651,87.062,1828.649
2026-02-04 20:00:00+00:00,87.064,90.256,85.58,89.604,714.3585
2026-02-05 00:00:00+00:00,89.603,90.39,73.382,77.054,2284.2963
2026-02-05 04:00:00+00:00,77.047,80.395,73.848,80.004,1867.064
2026-02-05 08:00:00+00:00,79.985,81.054,77.583,78.366,999.065
2026-02-05 12:00:00+00:00,78.368,78.833,72.255,74.059,2069.15019
2026-02-05 16:00:00+00:00,74.059,77.837,73.897,74.673,1543.637
2026-02-05 20:00:00+00:00,74.677,75.359,66.68,67.113,1160.9085
2026-02-06 00:00:00+00:00,67.113,73.343,63.994,72.879,2514.5115
2026-02-06 04:00:00+00:00,72.871,75.321,71.753,72.183,1469.7315
2026-02-06 08:00:00+00:00,72.182,75.012,71.434,74.611,970.7625
2026-02-06 12:00:00+00:00,74.551,77.007,73.733,75.707,1326.8865
2026-02-06 16:00:00+00:00,75.714,78.115,75.021,77.377,1058.5775
2026-02-06 20:00:00+00:00,77.376,78.041,76.556,77.816,397.6155
2026-02-08 20:00:00+00:00,78.962,80.145,78.452,79.81,261.7155
2026-02-09 00:00:00+00:00,79.818,81.613,78.961,81.015,981.343
2026-02-09 04:00:00+00:00,81.014,82.45,80.376,80.966,872.5255
2026-02-09 08:00:00+00:00,81.009,82.165,78.68,80.294,794.1475
2026-02-09 12:00:00+00:00,80.295,82.633,79.056,82.592,1483.345
2026-02-09 16:00:00+00:00,82.595,83.629,82.001,83.381,1736.572
2026-02-09 20:00:00+00:00,83.379,84.013,80.834,81.784,689.4555
2026-02-10 00:00:00+00:00,81.736,82.944,80.771,81.432,1188.1085
2026-02-10 04:00:00+00:00,81.429,82.072,80.581,81.778,805.893
2026-02-10 08:00:00+00:00,81.736,82.807,81.283,82.25,426.0965
2026-02-10 12:00:00+00:00,82.251,83.026,80.425,80.987,1521.35288
2026-02-10 16:00:00+00:00,80.995,81.571,79.915,81.111,1449.347
2026-02-10 20:00:00+00:00,81.111,81.626,80.58,81.393,495.6465
2026-02-11 00:00:00+00:00,81.394,82.788,81.029,82.635,614.0925
2026-02-11 04:00:00+00:00,82.634,84.086,81.98,83.809,457.6155
2026-02-11 08:00:00+00:00,83.808,86.228,83.331,86.074,628.7445
2026-02-11 12:00:00+00:00,86.075,86.291,82.565,83.291,1991.36236
2026-02-11 16:00:00+00:00,83.289,84.846,82.641,84.104,1861.985
2026-02-11 20:00:00+00:00,84.105,84.614,82.738,82.742,547.7925
2026-02-12 00:00:00+00:00,82.741,84.126,81.469,83.528,833.72054
2026-02-12 04:00:00+00:00,83.526,84.209,82.692,83.355,547.37826
2026-02-12 08:00:00+00:00,83.357,84.011,83.108,83.482,369.84984
2026-02-12 12:00:00+00:00,83.483,83.526,81.873,82.393,1180.50814
2026-02-12 16:00:00+00:00,82.389,82.541,74.694,76.241,2215.90832
2026-02-12 20:00:00+00:00,76.242,76.432,73.621,75.138,548.432
2026-02-13 00:00:00+00:00,75.093,77.349,74.55,77.087,913.7415
2026-02-13 04:00:00+00:00,77.083,78.361,75.955,77.881,607.3815
2026-02-13 08:00:00+00:00,77.883,79.331,76.548,77.329,667.322
2026-02-13 12:00:00+00:00,77.322,79.248,75.908,77.033,1571.02695
2026-02-13 16:00:00+00:00,77.038,78.431,76.997,77.283,1177.4335
2026-02-13 20:00:00+00:00,77.283,77.521,76.498,77.276,477.768
2026-02-15 20:00:00+00:00,75.062,77.021,74.126,76.318,152.34396
2026-02-16 00:00:00+00:00,76.317,77.463,74.733,75.269,779.886
2026-02-16 04:00:00+00:00,75.264,77.045,74.805,76.943,397.5495
2026-02-16 08:00:00+00:00,76.945,77.348,76.547,77.142,315.85716
2026-02-16 12:00:00+00:00,77.144,77.153,75.938,76.106,442.5345
2026-02-16 16:00:00+00:00,76.12,76.84,75.695,76.596,221.2215
2026-02-16 20:00:00+00:00,76.33,76.879,76.018,76.414,72.8955
2026-02-17 00:00:00+00:00,76.415,76.532,72.958,75.448,832.317
2026-02-17 04:00:00+00:00,75.447,75.656,72.715,75.005,908.0565
2026-02-17 08:00:00+00:00,74.994,75.472,73.677,74.7,340.88016
2026-02-17 12:00:00+00:00,74.677,75.271,71.925,73.224,1088.04006
2026-02-17 16:00:00+00:00,73.231,74.08,72.052,73.505,1670.96904
2026-02-17 20:00:00+00:00,73.504,73.753,72.278,72.396,490.032
2026-02-18 00:00:00+00:00,72.397,74.735,72.256,74.673,597.621
2026-02-18 04:00:00+00:00,74.672,76.108,74.501,75.698,462.2865
2026-02-18 08:00:00+00:00,75.698,76.286,75.292,75.439,222.20534
2026-02-18 12:00:00+00:00,75.438,78.274,75.317,77.664,1099.9173
2026-02-18 16:00:00+00:00,77.668,78.313,76.238,76.649,1524.573
2026-02-18 20:00:00+00:00,76.65,77.668,76.501,77.164,570.759
2026-02-19 00:00:00+00:00,77.165,78.042,76.323,77.977,569.1375
2026-02-19 04:00:00+00:00,77.977,79.227,77.657,78.87,418.323
2026-02-19 08:00:00+00:00,78.869,79.473,77.367,77.943,443.48956
2026-02-19 12:00:00+00:00,77.947,79.107,77.17,78.619,747.46254
2026-02-19 16:00:00+00:00,78.638,78.641,77.349,77.774,854.5091
2026-02-19 20:00:00+00:00,77.775,78.542,77.765,77.944,397.662
2026-02-20 00:00:00+00:00,77.945,78.745,77.405,77.643,547.224
2026-02-20 04:00:00+00:00,77.64,79.061,77.63,78.733,324.105
2026-02-20 08:00:00+00:00,78.737,81.191,78.729,80.439,538.66146
2026-02-20 12:00:00+00:00,80.438,82.486,79.707,81.727,1359.39756
2026-02-20 16:00:00+00:00,81.727,83.336,81.388,83.256,1981.6425
2026-02-20 20:00:00+00:00,83.257,84.637,83.151,84.507,650.289
2026-02-22 20:00:00+00:00,85.112,87.26,85.112,87.004,201.53095
2026-02-23 00:00:00+00:00,87.002,87.8,85.906,87.192,876.4845
2026-02-23 04:00:00+00:00,87.191,87.584,85.154,85.835,565.071
2026-02-23 08:00:00+00:00,85.834,87.073,85.671,86.527,341.0665
2026-02-23 12:00:00+00:00,86.53,88.019,85.678,86.67,737.6735
2026-02-23 16:00:00+00:00,86.665,87.828,85.966,87.676,1629.504
2026-02-23 20:00:00+00:00,87.669,89.03,87.636,88.125,563.97
2026-02-24 00:00:00+00:00,88.124,88.26,84.805,86.94,1197.6255
2026-02-24 04:00:00+00:00,86.939,88.904,86.525,87.879,741.7995
2026-02-24 08:00:00+00:00,87.878,88.569,87.611,88.068,423.54164
2026-02-24 12:00:00+00:00,88.069,88.261,85.361,87.797,1499.04024
2026-02-24 16:00:00+00:00,87.797,88.213,86.547,86.946,1843.782
2026-02-24 20:00:00+00:00,86.947,87.698,86.391,87.214,607.2885
2026-02-25 00:00:00+00:00,87.216,89.807,86.765,89.456,995.41
2026-02-25 04:00:00+00:00,89.456,91.222,89.008,90.355,877.6231
2026-02-25 08:00:00+00:00,90.355,91.083,89.464,90.478,631.5755
2026-02-25 12:00:00+00:00,90.474,90.992,89.381,90.614,855.8631
2026-02-25 16:00:00+00:00,90.609,91.272,90.273,91.072,1105.0985
2026-02-25 20:00:00+00:00,91.069,91.163,87.213,87.539,852.384
2026-02-26 00:00:00+00:00,87.543,90.313,87.456,89.252,1299.0375
2026-02-26 04:00:00+00:00,89.255,89.963,88.051,88.434,772.4805
2026-02-26 08:00:00+00:00,88.444,88.535,86.255,87.118,965.706
2026-02-26 12:00:00+00:00,87.12,87.606,85.184,87.449,1493.24892
2026-02-26 16:00:00+00:00,87.449,88.362,86.334,88.239,1694.9505
2026-02-26 20:00:00+00:00,88.236,88.938,87.462,88.16,498.6345
2026-02-27 00:00:00+00:00,88.161,90.065,87.798,89.319,1080.9915
2026-02-27 04:00:00+00:00,89.316,90.57,89.13,90.153,727.3845
2026-02-27 08:00:00+00:00,90.148,90.34,89.059,89.976,725.763
2026-02-27 12:00:00+00:00,89.978,93.805,89.434,93.531,1964.3445
2026-02-27 16:00:00+00:00,93.535,94.127,92.302,93.17,1900.6365
2026-02-27 20:00:00+00:00,93.167,93.871,93.041,93.678,533.0595
2026-03-01 20:00:00+00:00,94.75,96.386,94.593,95.727,370.863
2026-03-02 00:00:00+00:00,95.727,95.77,91.994,94.334,1784.5563
2026-03-02 04:00:00+00:00,94.333,96.101,93.299,96.094,1202.5425
2026-03-02 08:00:00+00:00,96.094,96.167,94.32,94.615,1089.22
2026-03-02 12:00:00+00:00,94.649,95.288,88.197,88.666,1791.07812
2026-03-02 16:00:00+00:00,88.629,89.742,86.455,89.303,1949.4795
2026-03-02 20:00:00+00:00,89.304,90.772,89.176,90.031,787.149
2026-03-03 00:00:00+00:00,90.043,91.319,88.153,90.19,1462.6365
2026-03-03 04:00:00+00:00,90.192,90.265,82.767,87.108,1545.66294
2026-03-03 08:00:00+00:00,87.142,87.691,77.877,81.13,1375.08784
2026-03-03 12:00:00+00:00,81.133,83.454,79.13,82.519,1808.06328
2026-03-03 16:00:00+00:00,82.522,84.035,81.606,83.011,2159.17997
2026-03-03 20:00:00+00:00,83.034,83.492,81.654,82.968,727.38876
2026-03-04 00:00:00+00:00,82.966,85.471,81.85,84.903,1565.289
2026-03-04 04:00:00+00:00,84.902,85.421,83.712,84.815,1140.5925
2026-03-04 08:00:00+00:00,84.814,86.617,84.373,86.17,353.87472
2026-03-04 12:00:00+00:00,86.166,86.794,83.091,84.158,435.19272
2026-03-04 16:00:00+00:00,84.158,84.582,82.103,83.505,268.42764
2026-03-04 20:00:00+00:00,83.493,83.707,82.772,83.687,31.455
2026-03-05 00:00:00+00:00,83.706,85.363,83.581,84.659,36.4365
2026-03-05 04:00:00+00:00,84.674,84.89,80.307,83.648,80.88228
2026-03-05 08:00:00+00:00,83.628,84.941,82.797,84.097,251.57466
2026-03-05 12:00:00+00:00,84.097,84.637,81.334,82.333,376.06596
2026-03-05 16:00:00+00:00,82.338,82.378,80.599,80.959,353.76275
2026-03-05 20:00:00+00:00,80.948,83.095,80.688,82.56,61.7745
2026-03-06 00:00:00+00:00,82.542,84.432,81.693,84.184,57.28032
2026-03-06 04:00:00+00:00,84.16,84.597,83.178,84.581,25.2045
2026-03-06 08:00:00+00:00,84.587,84.66,81.863,82.263,197.92203
2026-03-06 12:00:00+00:00,82.266,84.884,81.644,84.111,331.11004
2026-03-06 16:00:00+00:00,84.106,84.78,83.489,84.315,268.4025
2026-03-06 20:00:00+00:00,84.32,84.685,83.521,84.086,34.3335
2026-03-08 20:00:00+00:00,83.673,84.148,80.767,81.772,66.3081
2026-03-09 00:00:00+00:00,81.772,83.252,79.448,82.931,88.3125
2026-03-09 04:00:00+00:00,82.916,84.75,82.236,83.558,52.8465
2026-03-09 08:00:00+00:00,83.562,84.459,82.79,83.183,275.592
2026-03-09 12:00:00+00:00,83.192,85.065,83.014,84.32,325.14
2026-03-09 16:00:00+00:00,84.309,86.616,83.776,86.258,142.9425
2026-03-09 20:00:00+00:00,86.269,87.849,86.108,87.141,19.665
2026-03-10 00:00:00+00:00,87.127,89.826,86.4,87.851,59.4225
2026-03-10 04:00:00+00:00,87.867,89.123,87.692,89.106,28.755
2026-03-10 08:00:00+00:00,89.11,89.41,87.777,88.339,172.64214
2026-03-10 12:00:00+00:00,88.344,89.677,87.905,89.462,368.45328
2026-03-10 16:00:00+00:00,89.477,89.666,86.852,88.325,263.97
2026-03-10 20:00:00+00:00,88.325,88.864,87.604,88.36,16.2495
2026-03-11 00:00:00+00:00,88.377,89.25,87.666,88.019,36.552
2026-03-11 04:00:00+00:00,88.006,88.259,86.211,86.92,26.3234
2026-03-11 08:00:00+00:00,86.915,87.3,85.948,86.225,81.0793
2026-03-11 12:00:00+00:00,86.228,86.719,84.402,84.817,345.01287
2026-03-11 16:00:00+00:00,84.803,85.99,84.436,85.958,220.3145
2026-03-11 20:00:00+00:00,85.953,86.028,84.384,84.433,14.148
2026-03-12 00:00:00+00:00,84.419,85.751,83.776,84.735,36.1845
2026-03-12 04:00:00+00:00,84.723,87.011,84.22,86.969,23.50728
2026-03-12 08:00:00+00:00,86.974,87.216,86.479,86.9,129.0855
2026-03-12 12:00:00+00:00,86.926,87.393,84.465,85.211,491.43492
2026-03-12 16:00:00+00:00,85.202,85.566,84.307,84.455,350.631
2026-03-12 20:00:00+00:00,84.463,84.569,82.928,83.851,17.92548
2026-03-13 00:00:00+00:00,83.833,85.269,83.761,84.564,27.234
2026-03-13 04:00:00+00:00,84.577,84.588,81.483,82.345,43.04565
2026-03-13 08:00:00+00:00,82.34,83.776,81.56,83.683,175.485
2026-03-13 12:00:00+00:00,83.686,84.411,80.141,80.23,386.5305
2026-03-13 16:00:00+00:00,80.203,81.319,79.401,80.163,426.666
2026-03-13 20:00:00+00:00,80.17,80.529,79.824,80.498,8.1045
2026-03-15 20:00:00+00:00,79.832,80.432,79.104,79.908,20.016
2026-03-16 00:00:00+00:00,79.92,81.379,78.304,80.069,72.27288
2026-03-16 04:00:00+00:00,80.069,80.592,78.781,79.024,34.5591
2026-03-16 08:00:00+00:00,79.013,79.512,77.032,78.918,219.057
2026-03-16 12:00:00+00:00,78.916,81.62,78.81,80.284,407.388
2026-03-16 16:00:00+00:00,80.284,81.367,79.433,80.832,226.7655
2026-03-16 20:00:00+00:00,80.828,81.013,80.351,80.956,12.825
2026-03-17 00:00:00+00:00,80.956,81.392,79.684,81.191,23.8725
2026-03-17 04:00:00+00:00,81.191,82.366,80.344,80.973,27.924
2026-03-17 08:00:00+00:00,80.976,81.186,79.828,80.268,155.44302
2026-03-17 12:00:00+00:00,80.259,81.351,78.223,79.172,355.122
2026-03-17 16:00:00+00:00,79.179,79.906,78.741,79.112,198.5055
2026-03-17 20:00:00+00:00,79.116,79.282,78.558,79.018,10.7595
2026-03-18 00:00:00+00:00,79.031,79.905,77.956,78.526,29.36034
2026-03-18 04:00:00+00:00,78.538,80.005,78.098,79.68,21.744
2026-03-18 08:00:00+00:00,79.675,80.036,78.359,78.55,280.4163
2026-03-18 12:00:00+00:00,78.552,78.971,75.518,76.616,356.0028
2026-03-18 16:00:00+00:00,76.608,77.48,75.777,75.823,247.698
2026-03-18 20:00:00+00:00,75.812,76.09,74.844,75.705,23.6565
2026-03-19 00:00:00+00:00,75.705,76.527,75.289,75.655,41.355
2026-03-19 04:00:00+00:00,75.638,75.855,71.033,71.088,61.20657
2026-03-19 08:00:00+00:00,71.098,71.94,69.892,70.246,347.8088
2026-03-19 12:00:00+00:00,70.231,70.997,65.979,70.085,587.39958
2026-03-19 16:00:00+00:00,70.066,72.523,69.757,72.443,352.2975
2026-03-19 20:00:00+00:00,72.443,73.184,71.803,72.316,20.2545
2026-03-20 00:00:00+00:00,72.316,74.353,72.046,73.993,56.4705
2026-03-20 04:00:00+00:00,73.993,74.011,70.969,72.911,52.6095
2026-03-20 08:00:00+00:00,72.923,73.597,71.188,72.154,219.6972
2026-03-20 12:00:00+00:00,72.18,72.43,68.345,69.229,501.7887
2026-03-20 16:00:00+00:00,69.225,70.395,67.593,67.843,238.638
2026-03-20 20:00:00+00:00,67.854,68.146,67.621,67.873,10.3635
2026-03-22 20:00:00+00:00,66.871,69.227,66.871,67.846,21.3369
2026-03-23 00:00:00+00:00,67.846,68.12,64.369,65.127,129.16816
2026-03-23 04:00:00+00:00,65.14,66.449,60.683,63.833,148.1352
2026-03-23 08:00:00+00:00,63.833,69.161,63.147,67.238,351.13575
2026-03-23 12:00:00+00:00,67.228,70.738,66.585,67.868,712.2702
2026-03-23 16:00:00+00:00,67.853,70.124,67.817,69.733,397.554
2026-03-23 20:00:00+00:00,68.891,69.933,68.295,69.561,23.745
2026-03-24 00:00:00+00:00,69.561,69.748,66.184,66.762,98.595
2026-03-24 04:00:00+00:00,66.773,70.372,65.798,70.02,76.30818
2026-03-24 08:00:00+00:00,70.017,70.326,68.38,70.045,296.91
2026-03-24 12:00:00+00:00,70.048,70.28,67.662,69.519,503.184
2026-03-24 16:00:00+00:00,69.523,70.012,68.671,69.489,345.5145
2026-03-24 20:00:00+00:00,69.483,72.884,69.313,72.727,41.652
2026-03-25 00:00:00+00:00,72.714,74.375,72.401,73.213,57.9735
2026-03-25 04:00:00+00:00,73.183,73.482,72.393,72.865,31.4055
2026-03-25 08:00:00+00:00,72.897,73.679,71.908,73.133,198.2295
2026-03-25 12:00:00+00:00,73.153,73.319,71.646,72.517,452.016
2026-03-25 16:00:00+00:00,72.522,72.853,71.193,71.922,271.7895
2026-03-25 20:00:00+00:00,71.915,72.053,70.205,70.487,24.09978
2026-03-26 00:00:00+00:00,70.475,72.021,70.435,71.526,48.0843
2026-03-26 04:00:00+00:00,71.543,71.789,68.816,69.293,53.11278
2026-03-26 08:00:00+00:00,69.293,69.53,66.883,67.235,215.05656
2026-03-26 12:00:00+00:00,67.235,69.681,67.051,68.47,437.79168
2026-03-26 16:00:00+00:00,68.453,68.571,66.619,67.032,150.37488
2026-03-26 20:00:00+00:00,67.04,68.898,66.921,68.457,36.73728
2026-03-27 00:00:00+00:00,68.444,69.358,67.18,69.173,43.632
2026-03-27 04:00:00+00:00,69.173,70.14,68.961,69.417,33.948
2026-03-27 08:00:00+00:00,69.386,69.458,67.66,67.802,85.23891
2026-03-27 12:00:00+00:00,67.8,71.563,67.46,70.718,359.391
2026-03-27 16:00:00+00:00,70.724,70.895,69.337,69.915,124.06878
2026-03-27 20:00:00+00:00,69.924,70.018,69.578,69.717,10.773
2026-03-29 20:00:00+00:00,69.034,69.117,67.479,67.932,18.891
2026-03-30 00:00:00+00:00,67.976,70.29,67.577,69.608,70.8975
2026-03-30 04:00:00+00:00,69.621,70.68,69.498,70.494,42.0705
2026-03-30 08:00:00+00:00,70.489,71.589,70.2,71.263,185.1015
2026-03-30 12:00:00+00:00,71.264,71.754,70.007,70.999,528.834
2026-03-30 16:00:00+00:00,70.996,71.023,69.598,70.153,333.588
2026-03-30 20:00:00+00:00,70.152,70.197,69.462,69.842,28.254
2026-03-31 00:00:00+00:00,69.842,73.451,68.906,71.948,313.695
2026-03-31 04:00:00+00:00,71.952,73.112,71.521,73.072,233.697
2026-03-31 08:00:00+00:00,73.051,73.338,72.25,73.126,329.832
2026-03-31 12:00:00+00:00,73.129,74.16,72.515,73.683,563.472
2026-03-31 16:00:00+00:00,73.681,75.272,73.621,75.225,347.58756
2026-03-31 20:00:00+00:00,75.221,75.477,74.316,74.802,32.919
2026-04-01 00:00:00+00:00,74.777,75.552,73.827,73.947,167.4165
2026-04-01 04:00:00+00:00,73.939,75.357,73.669,73.957,116.35335
2026-04-01 08:00:00+00:00,73.96,75.428,73.899,75.124,170.5845
2026-04-01 12:00:00+00:00,75.124,75.794,74.373,75.675,572.0782
2026-04-01 16:00:00+00:00,75.677,76.103,74.893,75.236,402.43606
2026-04-01 20:00:00+00:00,75.236,75.795,74.714,75.285,55.5525
2026-04-02 00:00:00+00:00,75.246,75.828,71.501,72.133,532.78593
2026-04-02 04:00:00+00:00,72.141,72.231,69.484,71.541,329.13778
2026-04-02 08:00:00+00:00,71.538,71.741,70.242,70.607,261.093
2026-04-02 12:00:00+00:00,70.617,73.101,69.524,71.918,708.04918
2026-04-02 16:00:00+00:00,71.911,72.945,71.657,72.623,435.12
2026-04-02 20:00:00+00:00,72.601,73.018,72.588,72.962,19.452
2026-04-05 20:00:00+00:00,72.734,72.749,70.799,71.613,75.99228
2026-04-06 00:00:00+00:00,71.47,73.141,71.47,71.931,203.2815
2026-04-06 04:00:00+00:00,71.926,72.742,71.679,72.473,135.699
2026-04-06 08:00:00+00:00,72.408,73.529,72.393,73.241,173.091
2026-04-06 12:00:00+00:00,73.244,73.547,72.018,72.611,460.2345
2026-04-06 16:00:00+00:00,72.613,73.193,72.148,73.012,365.5155
2026-04-06 20:00:00+00:00,73.012,73.243,72.674,72.861,34.812
2026-04-07 00:00:00+00:00,72.769,73.103,71.498,72.662,297.978
2026-04-07 04:00:00+00:00,72.672,73.309,71.644,72.218,209.5785
2026-04-07 08:00:00+00:00,72.213,73.11,71.66,72.139,349.5075
2026-04-07 12:00:00+00:00,72.117,72.439,69.728,71.43,613.52935
2026-04-07 16:00:00+00:00,71.435,73.058,71.246,72.825,434.11689
2026-04-07 20:00:00+00:00,72.749,76.9,72.696,76.523,218.23908
2026-04-08 00:00:00+00:00,76.376,77.133,75.907,76.25,262.7804
2026-04-08 04:00:00+00:00,76.26,77.621,76.125,76.98,281.031
2026-04-08 08:00:00+00:00,76.925,77.399,76.504,77.241,253.90932
2026-04-08 12:00:00+00:00,77.24,77.584,74.663,75.489,572.36546
2026-04-08 16:00:00+00:00,75.489,75.746,73.443,74.531,522.26566
2026-04-08 20:00:00+00:00,74.484,74.626,73.435,73.723,73.545
2026-04-09 00:00:00+00:00,73.713,74.359,72.78,73.963,220.2945
2026-04-09 04:00:00+00:00,73.9,74.269,73.584,74.082,170.616
2026-04-09 08:00:00+00:00,74.082,74.6,73.802,74.572,178.42092
2026-04-09 12:00:00+00:00,74.575,75.962,73.996,75.795,438.27357
2026-04-09 16:00:00+00:00,75.798,76.621,75.519,75.568,336.97775
2026-04-09 20:00:00+00:00,75.573,75.702,75.111,75.366,46.71
2026-04-10 00:00:00+00:00,75.361,75.958,74.887,75.882,192.8328
2026-04-10 04:00:00+00:00,75.877,76.195,75.249,75.345,148.095
2026-04-10 08:00:00+00:00,75.345,75.638,74.806,75.617,185.34507
2026-04-10 12:00:00+00:00,75.61,76.797,75.478,75.925,478.02817
2026-04-10 16:00:00+00:00,75.925,76.466,75.691,76.313,315.2745
2026-04-10 20:00:00+00:00,76.226,76.343,75.478,75.832,21.177
2026-04-12 20:00:00+00:00,73.694,73.88,72.515,73.743,75.4275
2026-04-13 00:00:00+00:00,73.579,74.726,73.491,74.395,202.86612
2026-04-13 04:00:00+00:00,74.4,74.81,74.044,74.723,143.745
2026-04-13 08:00:00+00:00,74.722,74.894,73.94,74.001,211.86279
2026-04-13 12:00:00+00:00,74.001,74.455,73.541,74.096,439.2807
2026-04-13 16:00:00+00:00,74.087,75.834,74.0,75.418,340.74165
2026-04-13 20:00:00+00:00,75.403,75.921,75.266,75.667,38.4689
2026-04-14 00:00:00+00:00,75.672,76.997,75.321,76.923,206.33984
2026-04-14 04:00:00+00:00,76.923,77.922,76.486,77.717,213.93866
2026-04-14 08:00:00+00:00,77.714,78.106,77.281,77.53,241.69788
2026-04-14 12:00:00+00:00,77.53,79.312,77.144,79.118,691.58566
2026-04-14 16:00:00+00:00,79.116,79.574,78.904,79.524,414.6543
2026-04-14 20:00:00+00:00,79.517,79.726,79.283,79.473,107.3545
2026-04-15 00:00:00+00:00,79.472,80.987,79.262,79.857,453.8085
2026-04-15 04:00:00+00:00,79.857,79.972,79.0,79.191,340.3605
2026-04-15 08:00:00+00:00,79.176,79.337,78.211,79.032,396.15578
2026-04-15 12:00:00+00:00,79.031,80.488,78.547,79.289,701.0314
2026-04-15 16:00:00+00:00,79.286,79.654,78.988,79.356,485.4234
2026-04-15 20:00:00+00:00,79.362,79.556,78.862,79.461,107.0813
2026-04-16 00:00:00+00:00,79.46,80.591,79.46,80.343,341.72828
2026-04-16 04:00:00+00:00,80.339,80.838,79.994,80.067,292.2365
2026-04-16 08:00:00+00:00,80.067,80.126,79.38,79.657,274.5396
2026-04-16 12:00:00+00:00,79.667,79.771,78.029,78.905,763.8937
2026-04-16 16:00:00+00:00,78.905,79.016,78.156,78.702,517.836
2026-04-16 20:00:00+00:00,78.7,78.836,78.363,78.678,82.8735
2026-04-17 00:00:00+00:00,78.667,79.133,77.712,78.871,391.4934
2026-04-17 04:00:00+00:00,78.87,79.227,78.476,78.915,320.931
2026-04-17 08:00:00+00:00,78.911,79.789,78.908,79.623,232.9145
2026-04-17 12:00:00+00:00,79.62,83.031,79.585,82.249,846.53439
2026-04-17 16:00:00+00:00,82.234,82.51,81.082,81.325,615.8781
2026-04-17 20:00:00+00:00,81.33,81.371,80.593,80.724,50.5745
2026-04-19 20:00:00+00:00,79.211,79.77,78.614,78.953,166.2
2026-04-20 00:00:00+00:00,78.954,80.647,78.619,79.922,489.579
2026-04-20 04:00:00+00:00,79.923,80.074,79.243,79.393,439.8495
2026-04-20 08:00:00+00:00,79.393,79.828,79.061,79.785,344.8425
2026-04-20 12:00:00+00:00,79.786,80.421,79.318,79.813,811.0965
2026-04-20 16:00:00+00:00,79.813,80.093,79.582,79.722,472.0365
2026-04-20 20:00:00+00:00,79.721,80.183,79.608,79.825,114.057
2026-04-21 00:00:00+00:00,79.826,80.023,78.529,78.93,416.868
2026-04-21 04:00:00+00:00,78.933,79.314,78.588,78.959,362.973
2026-04-21 08:00:00+00:00,78.957,79.277,78.475,79.181,274.803
2026-04-21 12:00:00+00:00,79.182,79.242,76.669,76.97,808.7325
2026-04-21 16:00:00+00:00,76.971,77.276,75.472,75.653,840.86443
2026-04-21 20:00:00+00:00,75.653,77.36,75.375,77.296,224.5535
2026-04-22 00:00:00+00:00,77.298,78.281,77.298,78.07,406.6695
2026-04-22 04:00:00+00:00,78.071,78.662,77.84,78.276,323.65911
2026-04-22 08:00:00+00:00,78.276,78.301,77.669,77.997,378.06
2026-04-22 12:00:00+00:00,77.997,78.384,77.396,77.827,754.01575
2026-04-22 16:00:00+00:00,77.826,78.038,77.585,77.746,526.683
2026-04-22 20:00:00+00:00,77.746,77.793,77.383,77.508,118.1955
2026-04-23 00:00:00+00:00,77.509,78.361,75.638,76.118,671.24782
2026-04-23 04:00:00+00:00,76.117,76.349,75.55,76.208,437.23389
2026-04-23 08:00:00+00:00,76.206,76.298,74.222,75.52,502.13278
2026-04-23 12:00:00+00:00,75.521,77.009,75.48,76.016,717.51924
2026-04-23 16:00:00+00:00,76.018,76.485,74.591,75.523,741.23491
2026-04-23 20:00:00+00:00,75.527,75.749,75.195,75.507,143.4945
2026-04-24 00:00:00+00:00,75.506,75.922,74.658,74.813,493.542
2026-04-24 04:00:00+00:00,74.812,75.193,73.935,74.892,429.6225
2026-04-24 08:00:00+00:00,74.879,76.221,74.535,75.928,496.7235
2026-04-24 12:00:00+00:00,75.931,76.537,75.2,76.349,855.2167
2026-04-24 16:00:00+00:00,76.322,76.662,75.936,75.967,576.45967
2026-04-24 20:00:00+00:00,75.959,75.977,75.462,75.646,39.2235
2026-04-26 20:00:00+00:00,75.506,75.709,74.71,74.883,107.0775
2026-04-27 00:00:00+00:00,74.884,76.573,74.825,76.357,504.9615
2026-04-27 04:00:00+00:00,76.354,76.53,75.566,75.707,373.5287
2026-04-27 08:00:00+00:00,75.707,75.919,75.417,75.641,320.826
2026-04-27 12:00:00+00:00,75.64,75.925,74.639,74.94,756.102
2026-04-27 16:00:00+00:00,74.94,75.718,74.782,75.492,359.3685
2026-04-27 20:00:00+00:00,75.492,75.978,75.36,75.93,87.5295
2026-04-28 00:00:00+00:00,75.93,76.135,74.168,74.622,353.5371
2026-04-28 04:00:00+00:00,74.624,74.649,72.845,73.344,430.218
2026-04-28 08:00:00+00:00,73.343,73.695,72.014,72.215,431.543
2026-04-28 12:00:00+00:00,72.217,73.691,72.076,73.183,816.40718
2026-04-28 16:00:00+00:00,73.183,73.488,72.898,73.128,530.0065
2026-04-28 20:00:00+00:00,73.131,73.299,72.981,73.278,89.6835
2026-04-29 00:00:00+00:00,73.28,73.858,72.755,73.587,442.6363
2026-04-29 04:00:00+00:00,73.592,73.929,72.94,72.945,341.877
2026-04-29 08:00:00+00:00,72.946,73.14,72.454,72.51,344.169
2026-04-29 12:00:00+00:00,72.508,72.763,71.286,71.509,651.7959
2026-04-29 16:00:00+00:00,71.508,71.852,70.849,71.683,595.90784
2026-04-29 20:00:00+00:00,71.682,71.843,71.198,71.818,175.4388
2026-04-30 00:00:00+00:00,71.817,72.957,71.795,71.99,483.396
2026-04-30 04:00:00+00:00,71.992,73.271,71.561,73.108,480.003
2026-04-30 08:00:00+00:00,73.096,73.9,73.042,73.553,539.9715
2026-04-30 12:00:00+00:00,73.553,73.815,72.808,73.161,776.4075
2026-04-30 16:00:00+00:00,73.16,73.842,72.982,73.632,455.4495
2026-04-30 20:00:00+00:00,73.637,74.485,73.586,74.325,123.1845
2026-05-01 00:00:00+00:00,74.322,74.569,74.017,74.275,260.7315
2026-05-01 04:00:00+00:00,74.274,74.327,73.052,73.135,288.1035
2026-05-01 08:00:00+00:00,73.135,73.704,72.943,73.687,263.52
2026-05-01 12:00:00+00:00,73.687,76.962,73.671,76.086,707.4733
2026-05-01 16:00:00+00:00,76.082,76.237,75.358,75.432,397.044
2026-05-01 20:00:00+00:00,75.433,75.479,75.073,75.294,20.979
2026-05-03 20:00:00+00:00,75.413,75.982,75.388,75.676,124.362
2026-05-04 00:00:00+00:00,75.672,75.802,75.005,75.718,375.6945
2026-05-04 04:00:00+00:00,75.716,75.73,74.415,74.427,353.205
2026-05-04 08:00:00+00:00,74.426,74.562,72.191,73.358,464.43989
2026-05-04 12:00:00+00:00,73.361,74.651,72.55,72.895,646.6803
2026-05-04 16:00:00+00:00,72.885,73.285,72.489,72.835,486.758
2026-05-04 20:00:00+00:00,72.832,72.838,72.483,72.584,81.6465
2026-05-05 00:00:00+00:00,72.605,73.22,72.381,72.657,277.428
2026-05-05 04:00:00+00:00,72.656,73.753,72.611,73.316,308.1465
2026-05-05 08:00:00+00:00,73.316,73.819,73.241,73.709,347.3595
2026-05-05 12:00:00+00:00,73.706,74.178,73.222,73.472,507.3034
2026-05-05 16:00:00+00:00,73.473,73.5,72.767,72.825,281.1019
2026-05-05 20:00:00+00:00,72.833,74.083,72.616,73.867,163.05
2026-05-06 00:00:00+00:00,73.866,75.706,73.585,75.496,534.849
2026-05-06 04:00:00+00:00,75.496,76.313,75.403,76.3,432.3285
2026-05-06 08:00:00+00:00,76.299,77.801,75.957,76.828,535.69372
2026-05-06 12:00:00+00:00,76.826,77.769,75.729,77.01,735.75761
2026-05-06 16:00:00+00:00,77.007,77.523,76.72,77.453,521.44408
2026-05-06 20:00:00+00:00,77.455,77.723,77.252,77.507,133.7835
2026-05-07 00:00:00+00:00,77.505,78.264,76.966,77.578,505.7892
2026-05-07 04:00:00+00:00,77.577,79.779,77.46,79.731,389.5491
2026-05-07 08:00:00+00:00,79.747,80.973,79.417,80.914,364.59001
2026-05-07 12:00:00+00:00,80.916,82.116,80.349,80.417,725.64426
2026-05-07 16:00:00+00:00,80.418,80.484,78.631,79.113,868.3173
2026-05-07 20:00:00+00:00,79.111,79.854,78.139,79.215,225.801
2026-05-08 00:00:00+00:00,79.217,80.197,78.8,79.843,541.2105
2026-05-08 04:00:00+00:00,79.844,80.694,79.27,79.855,463.488
2026-05-08 08:00:00+00:00,79.862,80.858,79.776,80.718,505.21722
2026-05-08 12:00:00+00:00,80.72,81.56,79.871,79.888,793.8779
2026-05-08 16:00:00+00:00,79.877,80.876,79.862,80.666,458.2695
2026-05-08 20:00:00+00:00,80.666,80.674,80.012,80.282,39.3865
2026-05-10 20:00:00+00:00,79.394,80.286,79.037,79.975,138.3705
2026-05-11 00:00:00+00:00,79.974,81.616,79.532,80.626,646.8645
2026-05-11 04:00:00+00:00,80.624,80.723,79.737,80.279,481.449
2026-05-11 08:00:00+00:00,80.279,81.344,79.997,81.318,365.91066
2026-05-11 12:00:00+00:00,81.326,86.006,81.048,85.95,890.77886
2026-05-11 16:00:00+00:00,85.951,86.16,84.955,86.145,551.586
2026-05-11 20:00:00+00:00,86.143,87.199,85.635,87.14,165.9535
2026-05-12 00:00:00+00:00,87.141,87.141,85.467,86.103,582.394
2026-05-12 04:00:00+00:00,86.104,86.498,83.478,84.463,504.5715
2026-05-12 08:00:00+00:00,84.463,84.719,83.045,84.103,442.4504
2026-05-12 12:00:00+00:00,84.103,85.439,83.032,84.169,957.76832
2026-05-12 16:00:00+00:00,84.181,86.83,84.071,86.75,579.634
2026-05-12 20:00:00+00:00,86.749,87.285,86.465,87.133,148.7055
2026-05-13 00:00:00+00:00,87.137,87.79,85.972,86.58,559.6275
2026-05-13 04:00:00+00:00,86.579,86.93,85.599,86.526,435.2743
2026-05-13 08:00:00+00:00,86.519,87.611,86.158,87.081,572.4725
2026-05-13 12:00:00+00:00,87.079,88.805,85.968,88.79,1064.57389
2026-05-13 16:00:00+00:00,88.801,89.364,87.268,87.648,632.1825
2026-05-13 20:00:00+00:00,87.645,87.992,87.379,87.7,122.048
2026-05-14 00:00:00+00:00,87.698,88.436,86.353,86.412,532.6864
2026-05-14 04:00:00+00:00,86.414,87.549,86.254,86.977,448.53226
2026-05-14 08:00:00+00:00,86.974,87.543,86.471,86.661,543.15795
2026-05-14 12:00:00+00:00,86.661,87.022,83.808,84.866,801.981
2026-05-14 16:00:00+00:00,84.864,84.98,83.337,83.444,526.545
2026-05-14 20:00:00+00:00,83.447,83.853,82.88,83.513,176.0175
2026-05-15 00:00:00+00:00,83.511,83.71,80.605,81.401,706.5245
2026-05-15 04:00:00+00:00,81.408,81.515,77.544,78.904,705.082
2026-05-15 08:00:00+00:00,78.902,79.1,76.81,78.342,653.5828
2026-05-15 12:00:00+00:00,78.336,78.592,75.753,76.229,907.6393
2026-05-15 16:00:00+00:00,76.233,77.385,75.886,76.273,703.64742
2026-05-15 20:00:00+00:00,76.272,76.275,75.714,75.894,77.6385
2026-05-17 20:00:00+00:00,75.668,76.906,75.168,76.632,196.65225
2026-05-18 00:00:00+00:00,76.634,76.9,73.833,75.225,863.0145
2026-05-18 04:00:00+00:00,75.226,76.275,74.822,75.935,617.2364
2026-05-18 08:00:00+00:00,75.936,77.064,75.367,76.407,536.75747
2026-05-18 12:00:00+00:00,76.409,78.182,76.117,76.846,1004.112
2026-05-18 16:00:00+00:00,76.842,77.586,76.272,77.324,574.5582
2026-05-18 20:00:00+00:00,77.327,78.884,77.311,78.658,116.931
2026-05-19 00:00:00+00:00,78.656,78.87,76.088,76.189,605.9775
2026-05-19 04:00:00+00:00,76.189,76.661,75.689,76.467,545.424
2026-05-19 08:00:00+00:00,76.468,76.551,75.444,75.758,494.232
2026-05-19 12:00:00+00:00,75.765,76.378,73.068,74.445,834.04015
2026-05-19 16:00:00+00:00,74.45,74.919,73.836,73.935,540.1545
2026-05-19 20:00:00+00:00,73.934,74.406,73.599,74.195,124.0785
2026-05-20 00:00:00+00:00,74.195,74.899,73.081,73.513,729.5073
2026-05-20 04:00:00+00:00,73.514,75.458,73.422,74.96,558.4637
2026-05-20 08:00:00+00:00,74.962,75.807,74.886,75.744,317.2884
2026-05-20 12:00:00+00:00,75.746,76.597,74.402,75.723,674.32462
2026-05-20 16:00:00+00:00,75.724,76.378,75.544,75.926,325.602
2026-05-20 20:00:00+00:00,75.926,76.097,75.253,75.914,147.3585
2026-05-21 00:00:00+00:00,75.915,76.938,75.172,75.284,601.476
2026-05-21 04:00:00+00:00,75.285,75.769,74.738,74.78,473.2935
2026-05-21 08:00:00+00:00,74.786,75.851,74.563,74.995,513.874
2026-05-21 12:00:00+00:00,74.994,75.705,74.4,75.54,889.08194
2026-05-21 16:00:00+00:00,75.542,77.105,75.542,76.748,677.77579
2026-05-21 20:00:00+00:00,76.747,76.821,76.439,76.621,94.287
2026-05-22 00:00:00+00:00,76.62,76.674,75.895,76.459,443.7195
2026-05-22 04:00:00+00:00,76.46,77.036,75.718,75.99,407.5805
2026-05-22 08:00:00+00:00,76.002,76.219,75.564,75.794,351.9525
2026-05-22 12:00:00+00:00,75.789,76.481,74.958,75.95,794.04799
2026-05-22 16:00:00+00:00,75.948,76.312,75.381,75.566,477.261
2026-05-22 20:00:00+00:00,75.583,75.592,75.372,75.48,31.9455
2026-05-24 20:00:00+00:00,76.784,78.788,76.324,78.153,158.41789
2026-05-25 00:00:00+00:00,78.154,78.727,77.286,77.609,495.7734
2026-05-25 04:00:00+00:00,77.61,77.983,77.35,77.935,365.43606
2026-05-25 08:00:00+00:00,77.938,78.265,77.704,78.019,224.259
2026-05-25 12:00:00+00:00,78.019,78.042,77.339,77.766,368.8722
2026-05-25 16:00:00+00:00,77.766,78.483,77.672,78.068,143.3265
2026-05-25 20:00:00+00:00,78.043,78.364,77.079,77.661,111.42
2026-05-26 00:00:00+00:00,77.66,77.683,75.708,76.877,523.914
2026-05-26 04:00:00+00:00,76.877,76.907,75.89,76.407,382.437
2026-05-26 08:00:00+00:00,76.437,76.612,75.638,75.988,364.1909
2026-05-26 12:00:00+00:00,75.984,76.641,75.476,75.961,528.84441
2026-05-26 16:00:00+00:00,75.984,77.038,75.815,77.03,331.4614
2026-05-26 20:00:00+00:00,77.028,77.498,76.742,77.352,91.5465
2026-05-27 00:00:00+00:00,77.352,77.512,76.504,76.556,362.949
2026-05-27 04:00:00+00:00,76.554,77.01,74.611,74.961,416.0064
2026-05-27 08:00:00+00:00,74.91,75.538,73.375,73.827,486.44125
2026-05-27 12:00:00+00:00,73.824,75.191,73.742,74.498,884.77032
2026-05-27 16:00:00+00:00,74.497,74.975,74.4,74.622,389.8565
2026-05-27 20:00:00+00:00,74.621,74.906,74.357,74.491,105.5955
2026-05-28 00:00:00+00:00,74.492,74.943,72.152,72.219,663.83008
2026-05-28 04:00:00+00:00,72.22,73.538,71.775,73.479,480.0512
2026-05-28 08:00:00+00:00,73.476,73.617,72.699,73.011,235.74626
2026-05-28 12:00:00+00:00,73.01,75.065,72.772,75.064,646.32365
2026-05-28 16:00:00+00:00,75.069,76.005,74.814,75.557,445.2498
2026-05-28 20:00:00+00:00,75.534,75.816,75.512,75.662,89.5725
2026-05-29 00:00:00+00:00,75.662,76.414,75.353,75.483,548.4019
2026-05-29 04:00:00+00:00,75.483,75.971,75.213,75.561,430.3767
2026-05-29 08:00:00+00:00,75.541,75.808,74.951,75.748,374.59214
2026-05-29 12:00:00+00:00,75.75,76.622,74.55,75.691,747.3165
2026-05-29 16:00:00+00:00,75.693,75.924,75.286,75.498,100.93485
2026-05-29 20:00:00+00:00,75.502,75.632,75.179,75.241,7.458
2026-05-31 20:00:00+00:00,74.962,75.695,73.714,75.555,151.755
2026-06-01 00:00:00+00:00,75.556,76.028,74.792,75.383,567.1455
2026-06-01 04:00:00+00:00,75.384,75.983,75.263,75.798,425.007
2026-06-01 08:00:00+00:00,75.796,76.283,75.311,75.69,364.0605
2026-06-01 12:00:00+00:00,75.69,75.894,73.814,74.89,794.7011
2026-06-01 16:00:00+00:00,74.888,75.429,74.573,74.806,499.60799
2026-06-01 20:00:00+00:00,74.806,75.129,74.718,75.02,129.288
2026-06-02 00:00:00+00:00,75.021,75.901,74.467,75.257,668.7525
2026-06-02 04:00:00+00:00,75.255,76.919,75.228,76.912,474.381
2026-06-02 08:00:00+00:00,76.901,76.998,76.126,76.284,355.3245
2026-06-02 12:00:00+00:00,76.285,76.676,75.246,75.754,756.53507
2026-06-02 16:00:00+00:00,75.761,75.788,74.731,75.157,475.8845
2026-06-02 20:00:00+00:00,75.155,75.268,74.271,74.796,213.2369
2026-06-03 00:00:00+00:00,74.796,75.32,74.042,75.156,578.034
2026-06-03 04:00:00+00:00,75.158,75.218,73.996,74.062,504.5565
2026-06-03 08:00:00+00:00,74.063,74.821,73.941,74.512,469.353
2026-06-03 12:00:00+00:00,74.515,74.568,73.141,73.377,777.1995
2026-06-03 16:00:00+00:00,73.383,73.665,73.077,73.187,605.0265
2026-06-03 20:00:00+00:00,73.19,73.388,72.423,73.188,241.0905
2026-06-04 00:00:00+00:00,73.19,73.806,72.747,73.453,681.3195
2026-06-04 04:00:00+00:00,73.453,73.886,72.879,73.19,450.6127
2026-06-04 08:00:00+00:00,73.186,74.669,73.105,74.612,589.42403
2026-06-04 12:00:00+00:00,74.607,75.063,73.182,73.85,801.49398
2026-06-04 16:00:00+00:00,73.853,74.132,73.608,74.055,416.05047
2026-06-04 20:00:00+00:00,74.055,74.11,73.755,73.78,135.4755
2026-06-05 00:00:00+00:00,73.779,73.783,72.303,72.678,797.9223
2026-06-05 04:00:00+00:00,72.677,72.838,71.244,72.603,571.4295
2026-06-05 08:00:00+00:00,72.604,73.009,72.402,72.957,376.2771
2026-06-05 12:00:00+00:00,72.958,73.469,68.447,68.719,994.3473
2026-06-05 16:00:00+00:00,68.719,69.286,67.811,68.015,849.6407
2026-06-05 20:00:00+00:00,68.018,68.039,67.552,67.791,73.29591
2026-06-07 20:00:00+00:00,67.68,68.212,66.931,68.174,273.4584
2026-06-08 00:00:00+00:00,68.172,68.468,66.912,67.843,873.3705
2026-06-08 04:00:00+00:00,67.842,68.008,66.14,66.893,723.9683
2026-06-08 08:00:00+00:00,66.891,68.53,66.545,68.427,659.89839
2026-06-08 12:00:00+00:00,68.42,68.924,67.687,68.663,937.25732
2026-06-08 16:00:00+00:00,68.663,68.795,68.011,68.066,749.7945
2026-06-08 20:00:00+00:00,68.064,68.24,67.772,67.827,134.8035
2026-06-09 00:00:00+00:00,67.824,68.267,67.417,67.961,744.915
2026-06-09 04:00:00+00:00,67.961,68.614,67.711,68.326,506.2581
2026-06-09 08:00:00+00:00,68.329,68.851,68.133,68.541,636.81886
2026-06-09 12:00:00+00:00,68.547,69.027,65.116,65.236,1010.59979
2026-06-09 16:00:00+00:00,65.228,65.78,64.338,65.209,987.9879
2026-06-09 20:00:00+00:00,65.21,65.408,64.622,64.867,221.49934
2026-06-10 00:00:00+00:00,64.873,65.073,63.659,64.137,884.68575
2026-06-10 04:00:00+00:00,64.143,65.274,63.407,64.348,690.1126
2026-06-10 08:00:00+00:00,64.354,64.516,63.521,63.76,735.6705
2026-06-10 12:00:00+00:00,63.761,65.736,63.349,64.909,1105.08181
2026-06-10 16:00:00+00:00,64.937,65.189,63.698,63.736,885.3639
2026-06-10 20:00:00+00:00,63.737,63.749,61.452,62.166,379.48032
2026-06-11 00:00:00+00:00,62.165,64.491,61.996,63.528,989.9655
2026-06-11 04:00:00+00:00,63.528,64.505,63.406,64.411,652.503
2026-06-11 08:00:00+00:00,64.4,64.667,63.454,63.731,477.087
2026-06-11 12:00:00+00:00,63.733,64.286,62.783,63.996,1013.60541
2026-06-11 16:00:00+00:00,63.997,67.547,63.623,67.258,997.39744
2026-06-11 20:00:00+00:00,67.265,67.951,67.081,67.495,278.475
2026-06-12 00:00:00+00:00,67.492,67.773,66.452,67.126,833.73
2026-06-12 04:00:00+00:00,67.127,67.18,65.87,66.331,600.4338
2026-06-12 08:00:00+00:00,66.335,67.541,66.255,67.163,590.52206
2026-06-12 12:00:00+00:00,67.165,68.044,66.184,67.467,917.76936
2026-06-12 16:00:00+00:00,67.469,68.327,67.309,67.755,654.3562
2026-06-12 20:00:00+00:00,67.755,68.032,67.741,67.986,24.993
2026-06-14 20:00:00+00:00,69.013,70.339,68.581,70.293,155.49306
2026-06-15 00:00:00+00:00,70.3,70.797,69.855,70.332,518.4825
2026-06-15 04:00:00+00:00,70.335,70.543,69.866,70.236,363.8192
2026-06-15 08:00:00+00:00,70.229,71.03,70.194,70.759,347.29799
2026-06-15 12:00:00+00:00,70.76,71.309,70.378,70.658,658.40859
2026-06-15 16:00:00+00:00,70.659,70.719,69.915,70.186,501.6682
2026-06-15 20:00:00+00:00,70.181,70.223,69.793,69.91,144.75
2026-06-16 00:00:00+00:00,69.911,69.968,69.046,69.813,583.128
2026-06-16 04:00:00+00:00,69.814,70.127,69.226,70.109,469.3317
2026-06-16 08:00:00+00:00,70.112,70.653,69.977,70.526,339.70056
2026-06-16 12:00:00+00:00,70.526,71.183,69.392,70.048,798.6712
2026-06-16 16:00:00+00:00,70.042,70.43,69.738,70.083,681.414
2026-06-16 20:00:00+00:00,70.083,70.163,69.79,69.866,78.3823
2026-06-17 00:00:00+00:00,69.865,70.515,69.851,70.146,431.19
2026-06-17 04:00:00+00:00,70.143,70.439,69.825,69.943,383.487
2026-06-17 08:00:00+00:00,69.939,70.09,69.474,69.739,334.5246
2026-06-17 12:00:00+00:00,69.74,70.878,69.531,70.727,671.71455
2026-06-17 16:00:00+00:00,70.724,71.539,66.776,67.026,886.6073
2026-06-17 20:00:00+00:00,67.03,68.386,67.005,68.373,281.338
2026-06-18 00:00:00+00:00,68.376,69.835,68.36,69.229,696.59799
2026-06-18 04:00:00+00:00,69.227,69.317,68.462,68.486,539.7735
2026-06-18 08:00:00+00:00,68.487,68.564,66.553,66.801,496.46596
2026-06-18 12:00:00+00:00,66.803,67.554,65.895,66.06,805.85992
2026-06-18 16:00:00+00:00,66.062,66.358,65.045,65.766,621.0013
2026-06-18 20:00:00+00:00,65.766,65.948,64.933,65.244,177.838
2026-06-19 00:00:00+00:00,65.249,65.477,63.985,64.078,597.795
2026-06-19 04:00:00+00:00,64.076,64.962,63.255,64.805,540.3825
2026-06-19 08:00:00+00:00,64.804,65.358,64.341,64.75,314.65632
2026-06-19 12:00:00+00:00,64.749,65.372,64.179,64.522,578.12622
2026-06-19 16:00:00+00:00,64.525,64.91,64.329,64.859,68.103
2026-06-21 20:00:00+00:00,63.867,65.026,63.862,64.371,187.0967
2026-06-22 00:00:00+00:00,64.375,67.157,64.368,65.478,578.64324
2026-06-22 04:00:00+00:00,65.483,66.806,65.431,66.185,356.99892
2026-06-22 08:00:00+00:00,66.185,66.726,65.725,66.455,324.3528
2026-06-22 12:00:00+00:00,66.46,66.865,65.112,65.446,698.35647
2026-06-22 16:00:00+00:00,65.448,65.715,64.956,65.133,546.3555
2026-06-22 20:00:00+00:00,65.131,65.201,64.847,64.888,117.954
2026-06-23 00:00:00+00:00,64.887,65.17,62.714,63.171,769.2419
2026-06-23 04:00:00+00:00,63.173,63.231,61.8,61.879,588.8529
2026-06-23 08:00:00+00:00,61.881,62.695,61.79,62.045,463.59651
2026-06-23 12:00:00+00:00,62.045,62.479,61.487,62.258,811.9155
2026-06-23 16:00:00+00:00,62.269,62.334,61.314,61.602,562.2195
2026-06-23 20:00:00+00:00,61.6,61.748,60.792,61.643,218.946
2026-06-24 00:00:00+00:00,61.644,62.008,60.699,61.335,710.473
2026-06-24 04:00:00+00:00,61.337,62.363,60.859,61.508,303.20148
2026-06-24 08:00:00+00:00,61.503,61.633,59.359,59.404,296.0645
2026-06-24 12:00:00+00:00,59.404,59.587,57.983,58.692,904.22396
2026-06-24 16:00:00+00:00,58.69,58.902,55.451,57.2,835.58765
2026-06-24 20:00:00+00:00,57.2,57.87,57.063,57.685,264.7231
2026-06-25 00:00:00+00:00,57.686,57.829,56.315,57.444,883.335
2026-06-25 04:00:00+00:00,57.446,57.637,56.531,57.266,452.6606
2026-06-25 08:00:00+00:00,57.272,57.683,56.941,57.134,282.91773
2026-06-25 12:00:00+00:00,57.139,59.014,56.63,58.747,988.9221
2026-06-25 16:00:00+00:00,58.75,58.8,57.657,57.874,817.992
2026-06-25 20:00:00+00:00,57.876,58.055,57.558,57.611,254.6355
2026-06-26 00:00:00+00:00,57.609,58.013,55.677,56.581,834.4512
2026-06-26 04:00:00+00:00,56.58,58.338,56.236,57.85,452.8569
2026-06-26 08:00:00+00:00,57.851,58.501,57.615,58.151,411.31683
2026-06-26 12:00:00+00:00,58.15,59.561,57.972,59.369,867.4702
2026-06-26 16:00:00+00:00,59.368,59.438,58.814,58.894,548.3083
2026-06-26 20:00:00+00:00,58.901,59.248,58.458,59.13,47.658
2026-06-28 20:00:00+00:00,58.794,59.455,58.007,58.642,176.5715
2026-06-29 00:00:00+00:00,58.646,59.146,58.04,58.633,682.7364
2026-06-29 04:00:00+00:00,58.633,58.924,57.741,58.306,506.8974
2026-06-29 08:00:00+00:00,58.304,58.51,57.399,58.18,388.91866
2026-06-29 12:00:00+00:00,58.181,58.745,57.408,58.072,683.90995
2026-06-29 16:00:00+00:00,58.073,58.391,57.895,58.223,478.2576
2026-06-29 20:00:00+00:00,58.223,58.539,58.14,58.402,115.96266
2026-06-30 00:00:00+00:00,58.402,58.402,56.588,57.248,543.0134
2026-06-30 04:00:00+00:00,57.251,59.592,57.066,58.978,485.69522
2026-06-30 08:00:00+00:00,58.987,59.164,58.351,59.031,299.23485
2026-06-30 12:00:00+00:00,59.032,60.427,58.228,59.548,559.4118
2026-06-30 16:00:00+00:00,59.549,59.832,59.078,59.12,456.8625
2026-06-30 20:00:00+00:00,59.109,59.251,58.361,58.38,171.834
2026-07-01 00:00:00+00:00,58.379,58.677,57.451,57.799,471.208
2026-07-01 04:00:00+00:00,57.799,57.844,57.136,57.691,335.095
2026-07-01 08:00:00+00:00,57.69,59.111,57.501,58.897,356.844
2026-07-01 12:00:00+00:00,58.895,60.984,58.302,60.174,843.777
2026-07-01 16:00:00+00:00,60.176,60.404,59.175,59.238,491.505
2026-07-01 20:00:00+00:00,59.239,59.408,58.891,59.078,183.747
2026-07-02 00:00:00+00:00,59.08,60.384,58.889,60.26,448.1175
2026-07-02 04:00:00+00:00,60.263,60.4,59.359,59.389,387.214
2026-07-02 08:00:00+00:00,59.383,60.291,59.291,59.767,320.013
2026-07-02 12:00:00+00:00,59.768,62.071,59.67,61.076,958.2615
2026-07-02 16:00:00+00:00,61.077,61.114,60.336,60.843,710.229
2026-07-02 20:00:00+00:00,60.846,61.132,60.753,61.037,163.719
2026-07-03 00:00:00+00:00,61.041,62.581,60.969,62.247,576.7575
2026-07-03 04:00:00+00:00,62.246,62.84,62.093,62.68,346.255
2026-07-03 08:00:00+00:00,62.68,62.87,62.218,62.335,287.961
2026-07-03 12:00:00+00:00,62.333,62.504,61.891,62.211,489.5895
2026-07-03 16:00:00+00:00,62.207,62.395,62.202,62.352,61.1385
2026-07-05 20:00:00+00:00,62.763,63.252,62.64,62.778,170.47935
2026-07-06 00:00:00+00:00,62.777,63.096,61.72,61.82,584.4895
2026-07-06 04:00:00+00:00,61.818,62.349,61.54,62.331,292.179
2026-07-06 08:00:00+00:00,62.328,62.361,61.8,62.164,267.5145
2026-07-06 12:00:00+00:00,62.161,62.235,61.346,61.772,697.39757
2026-07-06 16:00:00+00:00,61.758,62.328,61.492,62.051,453.504
2026-07-06 20:00:00+00:00,62.054,62.131,61.733,61.747,106.6575
2026-07-07 00:00:00+00:00,61.748,62.033,60.884,61.091,505.4775
2026-07-07 04:00:00+00:00,61.093,61.284,60.292,60.814,426.1215
2026-07-07 08:00:00+00:00,60.802,61.382,60.629,61.359,394.137
2026-07-07 12:00:00+00:00,61.362,61.851,60.456,60.619,823.922
2026-07-07 16:00:00+00:00,60.625,61.056,59.394,60.216,640.083
2026-07-07 20:00:00+00:00,60.213,60.299,59.556,59.647,204.3315
2026-07-08 00:00:00+00:00,59.651,60.736,59.589,60.331,555.3165
2026-07-08 04:00:00+00:00,60.329,61.019,60.23,60.603,358.665
2026-07-08 08:00:00+00:00,60.608,60.671,58.026,58.73,642.2295
2026-07-08 12:00:00+00:00,58.727,58.962,57.2,57.371,795.4935
2026-07-08 16:00:00+00:00,57.383,58.676,57.323,58.388,600.639
2026-07-08 20:00:00+00:00,58.391,58.483,58.087,58.422,187.212
2026-07-09 00:00:00+00:00,58.414,58.59,57.568,57.866,681.0615
2026-07-09 04:00:00+00:00,57.869,59.284,57.679,59.203,517.7965
2026-07-09 08:00:00+00:00,59.208,59.465,58.703,59.007,428.598
2026-07-09 12:00:00+00:00,59.008,60.502,58.875,60.317,804.7455
2026-07-09 16:00:00+00:00,60.316,60.609,59.837,59.89,487.7295
2026-07-09 20:00:00+00:00,59.887,60.022,59.793,59.988,119.6595
2026-07-10 00:00:00+00:00,59.987,60.76,59.71,60.386,674.079
2026-07-10 04:00:00+00:00,60.386,60.497,59.782,59.919,362.2605
2026-07-10 08:00:00+00:00,59.929,59.967,59.258,59.409,165.31074
2026-07-10 12:00:00+00:00,59.416,60.035,58.842,59.948,617.7999
2026-07-10 16:00:00+00:00,59.949,60.004,59.48,59.674,460.683
2026-07-10 20:00:00+00:00,59.673,59.888,59.654,59.853,42.522
2026-07-12 20:00:00+00:00,58.999,59.341,58.453,58.923,198.537
2026-07-13 00:00:00+00:00,58.922,59.361,57.991,58.163,795.32
2026-07-13 04:00:00+00:00,58.164,58.51,57.688,58.471,492.144
2026-07-13 08:00:00+00:00,58.474,58.972,58.258,58.513,402.5085
2026-07-13 12:00:00+00:00,58.511,58.7,57.491,57.964,782.14
2026-07-13 16:00:00+00:00,57.963,58.045,57.18,57.676,622.182
2026-07-13 20:00:00+00:00,57.673,57.763,57.17,57.585,191.931
2026-07-14 00:00:00+00:00,57.584,57.76,56.844,57.662,876.225
2026-07-14 04:00:00+00:00,57.661,58.411,57.5,57.959,466.03794
2026-07-14 08:00:00+00:00,57.976,58.174,57.716,58.056,234.636
2026-07-14 12:00:00+00:00,58.054,59.657,57.784,58.767,852.712
2026-07-14 16:00:00+00:00,58.763,58.879,58.416,58.792,509.625
2026-07-14 20:00:00+00:00,58.797,58.836,58.399,58.761,139.95
2026-07-15 00:00:00+00:00,58.768,59.042,58.175,58.377,680.331
2026-07-15 04:00:00+00:00,58.378,58.558,57.973,58.148,463.9275
2026-07-15 08:00:00+00:00,58.149,58.437,57.813,58.151,440.409
2026-07-15 12:00:00+00:00,58.154,58.831,57.434,57.631,850.9185
2026-07-15 16:00:00+00:00,57.633,58.382,56.6,57.719,706.4215
2026-07-15 20:00:00+00:00,57.715,57.889,57.646,57.761,149.91
2026-07-16 00:00:00+00:00,57.746,57.817,56.836,57.183,692.0805
2026-07-16 04:00:00+00:00,57.186,57.444,56.679,56.829,453.7365
2026-07-16 08:00:00+00:00,56.827,57.103,56.38,56.72,427.7925
2026-07-16 12:00:00+00:00,56.721,56.805,55.379,56.274,949.407
2026-07-16 16:00:00+00:00,56.279,56.288,55.309,55.708,723.5055
2026-07-16 20:00:00+00:00,55.721,55.721,55.383,55.559,162.213
2026-07-17 00:00:00+00:00,55.565,55.775,54.747,55.381,711.02708
2026-07-17 04:00:00+00:00,55.379,55.999,54.904,55.427,539.8575
2026-07-17 08:00:00+00:00,55.426,55.722,55.189,55.41,438.465
2026-07-17 12:00:00+00:00,55.408,56.19,54.845,56.072,799.592
2026-07-17 16:00:00+00:00,56.075,56.187,55.855,56.133,622.026
2026-07-17 20:00:00+00:00,56.133,56.14,55.607,55.616,44.022
2026-07-19 20:00:00+00:00,55.609,55.893,54.788,55.888,133.527
2026-07-20 00:00:00+00:00,55.871,57.361,55.567,57.022,764.193
2026-07-20 04:00:00+00:00,57.026,57.054,56.362,57.002,500.6325
2026-07-20 08:00:00+00:00,56.997,57.468,56.68,57.075,390.11448
2026-07-20 12:00:00+00:00,57.077,57.17,56.366,56.925,729.8425
2026-07-20 16:00:00+00:00,56.921,57.159,56.338,56.393,459.6525
2026-07-20 20:00:00+00:00,56.386,56.462,56.068,56.333,141.573
2026-07-21 00:00:00+00:00,56.328,57.835,56.156,57.8,743.452
2026-07-21 04:00:00+00:00,57.802,59.142,57.699,59.122,465.929
2026-07-21 08:00:00+00:00,59.117,59.232,58.657,58.816,340.404
2026-07-21 12:00:00+00:00,58.818,59.19,58.232,58.929,675.3585
2026-07-21 16:00:00+00:00,58.929,59.094,58.669,58.712,374.8395
2026-07-21 20:00:00+00:00,58.724,58.885,58.631,58.832,126.5175
2026-07-22 00:00:00+00:00,58.835,59.989,58.733,59.768,649.4865
2026-07-22 04:00:00+00:00,59.768,59.798,59.064,59.116,385.8045
2026-07-22 08:00:00+00:00,59.125,59.62,59.089,59.324,281.6605
2026-07-22 12:00:00+00:00,59.33,60.917,58.89,60.233,514.722
2026-07-22 16:00:00+00:00,60.229,60.266,59.523,59.636,368.5875
2026-07-22 20:00:00+00:00,59.64,59.91,58.723,59.71,216.735
2026-07-23 00:00:00+00:00,59.707,60.054,59.386,59.721,496.281
2026-07-23 04:00:00+00:00,59.731,59.891,58.65,58.927,351.171
2026-07-23 08:00:00+00:00,58.927,59.012,57.961,58.512,278.904
2026-07-23 12:00:00+00:00,58.511,58.523,57.041,57.575,522.4335
2026-07-23 16:00:00+00:00,57.585,57.911,57.383,57.568,323.653
2026-07-23 20:00:00+00:00,57.579,57.702,57.498,57.507,127.263
2026-07-24 00:00:00+00:00,57.518,57.881,57.059,57.276,615.6585
2026-07-24 04:00:00+00:00,57.271,58.413,57.151,58.169,413.712
2026-07-24 08:00:00+00:00,58.172,58.625,58.035,58.442,216.587
2026-07-24 12:00:00+00:00,58.441,58.975,57.833,58.888,470.698
2026-07-24 16:00:00+00:00,58.888,58.917,58.057,58.175,328.56
2026-07-24 20:00:00+00:00,58.172,58.256,57.872,57.884,15.3525
2026-07-26 20:00:00+00:00,59.457,59.867,58.562,59.617,100.9695
2026-07-27 00:00:00+00:00,59.631,60.078,59.246,59.283,508.353
2026-07-27 04:00:00+00:00,59.286,59.795,59.112,59.175,258.234
2026-07-27 08:00:00+00:00,59.178,59.441,58.991,59.048,233.961
2026-07-27 12:00:00+00:00,59.044,59.137,58.28,58.616,603.9455
2026-07-27 16:00:00+00:00,58.616,58.983,58.147,58.532,365.45
2026-07-27 20:00:00+00:00,58.537,58.551,58.214,58.345,68.2695
2026-07-28 00:00:00+00:00,58.345,58.398,57.021,57.348,444.7335
2026-07-28 04:00:00+00:00,57.348,57.56,56.689,57.451,302.2485
2026-07-28 08:00:00+00:00,57.453,57.682,57.0,57.348,286.544
2026-07-28 12:00:00+00:00,57.36,57.507,56.624,57.431,537.1445
2026-07-28 16:00:00+00:00,57.42,57.536,56.993,57.158,263.274
2026-07-28 20:00:00+00:00,57.158,57.211,56.829,57.201,108.597
2026-07-29 00:00:00+00:00,57.204,57.991,56.91,57.362,492.3165
2026-07-29 04:00:00+00:00,57.366,58.223,57.301,58.08,306.0705
2026-07-29 08:00:00+00:00,58.092,58.092,57.353,57.644,215.314
2026-07-29 12:00:00+00:00,57.644,57.689,56.729,56.972,438.59048
2026-07-29 16:00:00+00:00,56.974,59.243,56.786,57.243,521.57563
2026-07-29 20:00:00+00:00,57.247,58.437,57.049,58.164,166.3095
2026-07-30 00:00:00+00:00,58.172,58.633,57.324,57.52,540.334
2026-07-30 04:00:00+00:00,57.522,57.573,56.927,56.966,341.79
2026-07-30 08:00:00+00:00,56.959,58.258,56.917,58.1,197.98783
2026-07-30 12:00:00+00:00,58.101,58.639,57.768,58.589,445.78431
2026-07-30 16:00:00+00:00,58.588,59.238,58.519,59.185,287.40433
2026-07-30 20:00:00+00:00,59.187,59.303,58.892,59.055,104.715
2026-07-31 00:00:00+00:00,59.06,59.14,58.28,58.341,266.946
2026-07-31 04:00:00+00:00,58.341,58.746,58.019,58.211,220.563
2026-07-31 08:00:00+00:00,58.208,58.265,57.623,57.811,169.7325
2026-07-31 12:00:00+00:00,57.813,57.89,57.017,57.461,450.3645
2026-07-31 16:00:00+00:00,57.459,57.973,57.322,57.91,300.87896
2026-07-31 20:00:00+00:00,57.91,57.94,57.383,57.444,37.072
2026-08-02 20:00:00+00:00,58.583,58.607,57.937,58.286,91.5015
2026-08-03 00:00:00+00:00,58.284,58.388,57.792,58.225,520.2255
2026-08-03 04:00:00+00:00,58.22,58.603,57.763,58.277,296.16
2026-08-03 08:00:00+00:00,58.279,58.384,57.733,57.991,247.55942
2026-08-03 12:00:00+00:00,57.993,58.043,56.548,57.433,375.25985
2026-08-03 16:00:00+00:00,57.433,58.206,57.364,58.049,216.68929
2026-08-03 20:00:00+00:00,58.034,58.249,57.957,58.24,59.6475
2026-08-04 00:00:00+00:00,58.242,58.815,57.97,58.659,383.661
2026-08-04 04:00:00+00:00,58.655,59.149,58.623,58.974,247.45056
2026-08-04 08:00:00+00:00,58.966,59.467,58.555,59.432,253.57416
2026-08-04 12:00:00+00:00,59.432,59.988,59.121,59.715,454.14058
2026-08-04 16:00:00+00:00,59.713,60.037,59.502,59.556,239.63527
2026-08-04 20:00:00+00:00,59.558,59.604,59.373,59.417,94.029
2026-08-05 00:00:00+00:00,59.42,60.926,59.384,60.71,336.198
2026-08-05 04:00:00+00:00,60.715,61.887,60.643,61.824,276.62527
2026-08-05 08:00:00+00:00,61.81,62.015,61.064,61.954,234.11224
2026-08-05 12:00:00+00:00,61.962,62.762,61.444,61.899,541.77313
2026-08-05 16:00:00+00:00,61.893,62.371,61.718,62.005,328.3395
2026-08-05 20:00:00+00:00,62.001,62.317,61.935,62.194,84.261
2026-08-06 00:00:00+00:00,62.19,62.896,61.919,62.079,466.1745
2026-08-06 04:00:00+00:00,62.08,62.185,61.524,61.895,255.88732
2026-08-06 08:00:00+00:00,61.902,62.201,61.577,61.79,210.8935
2026-08-06 12:00:00+00:00,61.789,61.803,60.951,61.071,422.11949
2026-08-06 16:00:00+00:00,61.076,61.828,60.858,61.775,296.6965
2026-08-06 20:00:00+00:00,61.775,61.83,61.384,61.633,69.761
2026-08-07 00:00:00+00:00,61.633,62.378,61.134,62.35,356.5935
2026-08-07 04:00:00+00:00,62.353,63.896,62.187,63.824,308.3325
2026-08-07 08:00:00+00:00,63.829,64.639,63.793,64.075,264.30556
2026-08-07 12:00:00+00:00,64.075,65.103,63.285,63.326,581.22455
2026-08-07 16:00:00+00:00,63.323,63.702,63.04,63.603,385.77871
2026-08-07 20:00:00+00:00,63.607,63.616,63.373,63.518,30.858
2026-08-09 20:00:00+00:00,63.544,63.86,63.338,63.507,27.948
2026-08-10 00:00:00+00:00,63.496,64.015,62.964,63.594,382.101
2026-08-10 04:00:00+00:00,63.597,64.444,63.54,64.315,238.55336
2026-08-10 08:00:00+00:00,64.321,64.41,63.802,64.044,158.031
2026-08-10 12:00:00+00:00,64.04,65.144,63.583,65.027,339.02853
2026-08-10 16:00:00+00:00,65.03,66.045,64.758,65.716,315.28864
2026-08-10 20:00:00+00:00,65.72,65.853,65.645,65.795,61.893
2026-08-11 00:00:00+00:00,65.803,66.465,65.395,65.761,462.6975
2026-08-11 04:00:00+00:00,65.764,65.845,64.216,64.425,333.385
2026-08-11 08:00:00+00:00,64.427,65.32,64.427,65.162,245.3881
2026-08-11 12:00:00+00:00,65.159,65.304,64.335,64.932,419.005
2026-08-11 16:00:00+00:00,64.931,65.115,64.377,64.752,264.9727
2026-08-11 20:00:00+00:00,64.754,64.854,64.611,64.758,67.9755
2026-08-12 00:00:00+00:00,64.755,65.74,64.685,65.338,342.93
2026-08-12 04:00:00+00:00,65.335,66.157,64.908,66.042,262.328
2026-08-12 08:00:00+00:00,66.041,66.783,66.019,66.294,215.178
2026-08-12 12:00:00+00:00,66.265,66.678,65.507,65.774,635.8246
2026-08-12 16:00:00+00:00,65.779,65.873,65.057,65.347,365.451
2026-08-12 20:00:00+00:00,65.345,65.371,65.026,65.28,52.761
2026-08-13 00:00:00+00:00,65.287,66.28,64.925,65.337,369.096
2026-08-13 04:00:00+00:00,65.331,65.62,64.462,64.568,260.5635
2026-08-13 08:00:00+00:00,64.572,65.045,64.198,65.035,191.99673
2026-08-13 12:00:00+00:00,65.038,65.416,64.371,64.647,509.83111
2026-08-13 16:00:00+00:00,64.647,64.948,64.199,64.371,280.60228
2026-08-13 20:00:00+00:00,64.37,64.653,64.295,64.522,73.9485
2026-08-14 00:00:00+00:00,64.508,64.713,63.665,63.98,428.2785
2026-08-14 04:00:00+00:00,63.978,64.688,63.478,64.577,249.0645
2026-08-14 08:00:00+00:00,64.578,64.995,64.48,64.977,203.4885
2026-08-14 12:00:00+00:00,64.962,65.685,64.767,65.016,475.51029
2026-08-14 16:00:00+00:00,65.015,65.115,64.651,64.695,316.0575
2026-08-14 20:00:00+00:00,64.696,64.706,64.581,64.62,21.342
2026-08-16 20:00:00+00:00,64.836,65.186,64.454,64.804,57.1335
2026-08-17 00:00:00+00:00,64.801,66.211,64.788,65.517,326.9385
2026-08-17 04:00:00+00:00,65.517,65.985,65.364,65.715,220.73956
2026-08-17 08:00:00+00:00,65.713,65.838,65.427,65.65,145.22474
2026-08-17 12:00:00+00:00,65.647,66.538,65.034,66.413,342.92156
2026-08-17 16:00:00+00:00,66.412,66.432,65.655,65.884,160.167
2026-08-17 20:00:00+00:00,65.883,65.953,65.583,65.949,53.376
2026-08-18 00:00:00+00:00,65.952,66.545,65.158,65.192,368.23885
2026-08-18 04:00:00+00:00,65.194,65.439,64.735,65.005,230.8905
2026-08-18 08:00:00+00:00,65.004,65.155,64.823,65.14,172.07041
2026-08-18 12:00:00+00:00,65.139,65.301,63.504,63.974,452.36204
2026-08-18 16:00:00+00:00,63.971,64.125,63.337,63.538,283.5705
2026-08-18 20:00:00+00:00,63.545,63.577,62.622,62.918,79.7985
2026-08-19 00:00:00+00:00,62.922,63.317,62.579,63.019,357.9405
2026-08-19 04:00:00+00:00,63.021,63.294,62.55,63.071,255.9746
2026-08-19 08:00:00+00:00,63.072,63.675,63.024,63.55,212.2455
2026-08-19 12:00:00+00:00,63.552,65.921,63.496,65.882,594.0085
2026-08-19 16:00:00+00:00,65.89,66.425,65.475,66.376,361.2915
2026-08-19 20:00:00+00:00,66.378,67.11,66.297,66.949,98.547
2026-08-20 00:00:00+00:00,66.946,67.3,66.379,67.168,427.659
2026-08-20 04:00:00+00:00,67.161,67.278,66.457,66.583,246.855
2026-08-20 08:00:00+00:00,66.584,66.946,66.123,66.145,253.3795
2026-08-20 12:00:00+00:00,66.158,68.98,65.62,68.306,559.874
2026-08-20 16:00:00+00:00,68.308,68.425,67.728,68.265,263.7865
2026-08-20 20:00:00+00:00,68.263,68.378,68.04,68.182,73.2975
2026-08-21 00:00:00+00:00,68.185,69.008,67.864,68.858,379.236
2026-08-21 04:00:00+00:00,68.86,69.416,68.716,69.327,256.204
2026-08-21 08:00:00+00:00,69.327,70.005,69.119,69.697,265.2765
2026-08-21 12:00:00+00:00,69.697,69.848,68.885,69.516,455.74324
2026-08-21 16:00:00+00:00,69.518,69.936,69.259,69.347,293.214
2026-08-21 20:00:00+00:00,69.345,69.357,68.771,68.802,31.089
2026-08-23 20:00:00+00:00,69.179,69.441,68.82,69.335,79.9335
2026-08-24 00:00:00+00:00,69.341,69.633,68.393,68.949,527.1675
2026-08-24 04:00:00+00:00,68.952,69.434,68.611,68.895,336.8325
2026-08-24 08:00:00+00:00,68.907,69.533,68.639,69.27,250.9625
2026-08-24 12:00:00+00:00,69.267,69.903,68.344,68.517,519.045
2026-08-24 16:00:00+00:00,68.518,68.886,68.294,68.8,310.9785
2026-08-24 20:00:00+00:00,68.8,69.735,68.779,69.688,71.301
2026-08-25 00:00:00+00:00,69.694,69.924,67.528,67.962,509.5245
2026-08-25 04:00:00+00:00,67.952,68.648,67.7,68.034,330.1965
2026-08-25 08:00:00+00:00,68.037,68.255,67.558,68.088,222.1495
2026-08-25 12:00:00+00:00,68.092,68.892,67.431,68.82,403.1175
2026-08-25 16:00:00+00:00,68.832,69.277,68.503,68.932,237.5855
2026-08-25 20:00:00+00:00,68.93,69.075,68.557,68.724,74.9025
2026-08-26 00:00:00+00:00,68.717,69.717,68.183,69.199,414.683
2026-08-26 04:00:00+00:00,69.199,69.413,68.605,68.677,265.9415
2026-08-26 08:00:00+00:00,68.677,68.724,68.358,68.645,243.8465
2026-08-26 12:00:00+00:00,68.631,68.959,67.498,67.914,523.945
2026-08-26 16:00:00+00:00,67.91,68.285,67.808,68.144,311.033
2026-08-26 20:00:00+00:00,68.143,69.032,67.871,68.93,103.0245
2026-08-27 00:00:00+00:00,68.937,69.611,68.425,69.044,291.12
2026-08-27 04:00:00+00:00,69.056,69.106,68.236,68.438,252.3165
2026-08-27 08:00:00+00:00,68.434,68.563,67.968,68.281,179.1915
2026-08-27 12:00:00+00:00,68.278,69.471,67.6,69.432,382.09242
2026-08-27 16:00:00+00:00,69.432,69.711,68.994,69.448,323.601
2026-08-27 20:00:00+00:00,69.449,69.461,69.119,69.129,65.7885
2026-08-28 00:00:00+00:00,69.123,69.662,68.416,68.798,428.985
2026-08-28 04:00:00+00:00,68.8,70.939,68.623,70.671,334.70435
2026-08-28 08:00:00+00:00,70.661,70.764,70.102,70.167,284.7345
2026-08-28 12:00:00+00:00,70.162,71.155,67.906,68.048,782.13298
2026-08-28 16:00:00+00:00,68.05,68.157,66.09,66.438,472.3986
2026-08-28 20:00:00+00:00,66.439,66.47,66.243,66.355,39.519
2026-08-30 20:00:00+00:00,65.637,66.648,65.554,66.417,98.2275
2026-08-31 00:00:00+00:00,66.418,66.841,65.647,66.13,543.54
2026-08-31 04:00:00+00:00,66.132,67.055,66.083,66.972,267.10604
2026-08-31 08:00:00+00:00,66.959,67.438,66.862,67.262,156.24986
2026-08-31 12:00:00+00:00,67.264,67.455,66.033,66.112,499.868
2026-08-31 16:00:00+00:00,66.116,66.625,66.046,66.56,292.6994
2026-08-31 20:00:00+00:00,66.575,66.693,66.397,66.585,61.6305
2026-09-01 00:00:00+00:00,66.588,66.922,66.061,66.711,364.9875
2026-09-01 04:00:00+00:00,66.715,67.054,65.936,66.404,297.9975
2026-09-01 08:00:00+00:00,66.4,66.458,64.446,64.748,374.66132
2026-09-01 12:00:00+00:00,64.751,65.284,64.245,65.222,624.21184
2026-09-01 16:00:00+00:00,65.225,65.36,64.007,64.085,466.00782
2026-09-01 20:00:00+00:00,64.082,64.271,63.938,64.105,76.7355
2026-09-02 00:00:00+00:00,64.111,64.382,63.277,63.673,435.7275
2026-09-02 04:00:00+00:00,63.676,64.218,63.622,63.997,265.33
2026-09-02 08:00:00+00:00,63.998,64.379,63.575,64.308,344.50706
2026-09-02 12:00:00+00:00,64.308,65.561,64.183,65.065,644.14651
2026-09-02 16:00:00+00:00,65.065,65.349,64.798,65.339,302.658
2026-09-02 20:00:00+00:00,65.337,65.437,65.221,65.325,56.5425
2026-09-03 00:00:00+00:00,65.328,66.148,65.183,66.092,368.3565
2026-09-03 04:00:00+00:00,66.09,66.237,65.604,65.911,307.539
2026-09-03 08:00:00+00:00,65.905,66.232,65.407,65.815,240.288
2026-09-03 12:00:00+00:00,65.813,67.459,65.596,67.077,580.8265
2026-09-03 16:00:00+00:00,67.085,67.229,66.82,67.011,279.15766
2026-09-03 20:00:00+00:00,67.01,67.054,66.844,66.954,56.4705
2026-09-04 00:00:00+00:00,66.948,67.185,66.554,66.573,275.985
2026-09-04 04:00:00+00:00,66.576,67.035,66.269,66.975,241.7595
2026-09-04 08:00:00+00:00,66.978,67.172,66.612,66.906,217.3372
2026-09-04 12:00:00+00:00,66.908,67.151,64.72,66.128,623.568
2026-09-04 16:00:00+00:00,66.128,66.29,65.728,66.198,296.5575
2026-09-04 20:00:00+00:00,66.195,66.214,66.106,66.204,20.661
2026-09-06 20:00:00+00:00,66.115,66.312,65.855,66.138,33.708
2026-09-07 00:00:00+00:00,66.135,66.43,65.526,65.768,305.382
2026-09-07 04:00:00+00:00,65.772,66.154,65.453,65.861,219.7755
2026-09-07 08:00:00+00:00,65.864,66.204,65.381,65.468,162.158
2026-09-07 12:00:00+00:00,65.471,66.721,65.464,66.321,143.41904
2026-09-07 16:00:00+00:00,66.32,66.371,66.045,66.095,34.1685
2026-09-07 20:00:00+00:00,66.212,66.662,66.163,66.537,48.456
2026-09-08 00:00:00+00:00,66.534,67.173,66.278,66.988,415.449
2026-09-08 04:00:00+00:00,66.993,67.11,65.814,65.907,356.9835
2026-09-08 08:00:00+00:00,65.908,66.28,65.67,66.242,305.364
2026-09-08 12:00:00+00:00,66.239,66.645,65.728,66.182,431.79003
2026-09-08 16:00:00+00:00,66.186,66.576,65.505,65.718,346.2207
2026-09-08 20:00:00+00:00,65.713,65.826,65.486,65.56,73.7535
2026-09-09 00:00:00+00:00,65.57,66.668,65.56,66.193,354.024
2026-09-09 04:00:00+00:00,66.198,66.984,66.042,66.836,248.9067
2026-09-09 08:00:00+00:00,66.833,66.838,66.034,66.276,239.5515
2026-09-09 12:00:00+00:00,66.275,68.29,65.969,67.266,622.40029
2026-09-09 16:00:00+00:00,67.267,68.309,67.129,67.22,374.3685
2026-09-09 20:00:00+00:00,67.218,67.374,67.086,67.178,60.171
2026-09-10 00:00:00+00:00,67.172,67.67,67.145,67.357,393.969
2026-09-10 04:00:00+00:00,67.362,67.934,67.075,67.319,284.13426
2026-09-10 08:00:00+00:00,67.319,67.364,65.507,65.548,364.416
2026-09-10 12:00:00+00:00,65.545,65.763,63.902,64.315,668.4345
2026-09-10 16:00:00+00:00,64.316,64.453,63.51,63.646,433.3005
2026-09-10 20:00:00+00:00,63.644,63.65,63.27,63.439,82.506
2026-09-11 00:00:00+00:00,63.436,63.802,63.015,63.057,442.8405
2026-09-11 04:00:00+00:00,63.051,64.187,63.016,63.986,315.3165
2026-09-11 08:00:00+00:00,63.989,64.339,63.705,63.814,217.221
2026-09-11 12:00:00+00:00,63.815,65.256,62.722,64.446,641.835
2026-09-11 16:00:00+00:00,64.443,64.684,64.049,64.339,304.0755
2026-09-11 20:00:00+00:00,64.348,64.453,64.305,64.424,22.488
2026-09-13 20:00:00+00:00,63.92,64.176,63.317,63.886,76.7475
2026-09-14 00:00:00+00:00,63.883,64.46,63.674,63.887,452.877
2026-09-14 04:00:00+00:00,63.887,64.106,63.197,63.301,282.6165
2026-09-14 08:00:00+00:00,63.305,63.438,62.321,62.893,297.477
2026-09-14 12:00:00+00:00,62.897,63.595,62.488,63.279,564.222
2026-09-14 16:00:00+00:00,63.273,63.849,62.923,62.927,301.7415
2026-09-14 20:00:00+00:00,62.933,63.262,62.522,63.115,74.475
2026-09-15 00:00:00+00:00,63.116,63.564,62.851,63.319,346.8495
2026-09-15 04:00:00+00:00,63.31,63.393,62.704,62.802,292.8285
2026-09-15 08:00:00+00:00,62.803,63.3,62.541,63.267,239.889
2026-09-15 12:00:00+00:00,63.267,63.925,63.043,63.263,462.456
2026-09-15 16:00:00+00:00,63.264,63.926,63.127,63.655,276.075
2026-09-15 20:00:00+00:00,63.655,63.802,63.526,63.641,55.1775
2026-09-16 00:00:00+00:00,63.643,64.832,63.403,64.559,368.45664
2026-09-16 04:00:00+00:00,64.56,64.872,64.367,64.495,230.1525
2026-09-16 08:00:00+00:00,64.499,64.917,64.284,64.712,198.5445
2026-09-16 12:00:00+00:00,64.712,64.881,64.089,64.543,522.7809
2026-09-16 16:00:00+00:00,64.543,64.811,62.279,63.134,599.39201
2026-09-16 20:00:00+00:00,63.136,63.303,62.78,63.219,121.0575
2026-09-17 00:00:00+00:00,63.228,64.152,63.032,63.705,426.8265
2026-09-17 04:00:00+00:00,63.706,64.444,63.419,64.325,262.965
2026-09-17 08:00:00+00:00,64.318,64.749,63.773,64.739,193.8255
2026-09-17 12:00:00+00:00,64.741,66.143,64.569,65.884,466.7577
2026-09-17 16:00:00+00:00,65.883,65.944,65.206,65.281,249.951
2026-09-17 20:00:00+00:00,65.283,65.457,64.98,65.398,66.315
2026-09-18 00:00:00+00:00,65.401,66.118,65.331,66.091,270.2715
2026-09-18 04:00:00+00:00,66.093,67.117,65.84,66.958,231.22286
2026-09-18 08:00:00+00:00,66.957,67.32,66.77,66.929,178.82426
2026-09-18 12:00:00+00:00,66.932,66.94,65.971,66.339,491.422
2026-09-18 16:00:00+00:00,66.339,66.857,66.203,66.325,274.79002
2026-09-18 20:00:00+00:00,66.318,66.437,66.17,66.237,28.962
2026-09-20 20:00:00+00:00,66.041,66.428,66.009,66.311,59.637
2026-09-21 00:00:00+00:00,66.306,67.037,66.106,66.165,416.6415
2026-09-21 04:00:00+00:00,66.168,66.441,65.71,65.895,286.755
2026-09-21 08:00:00+00:00,65.888,66.721,65.79,66.603,165.95238
2026-09-21 12:00:00+00:00,66.608,66.901,65.79,66.156,427.077
2026-09-21 16:00:00+00:00,66.157,66.386,65.7,66.033,268.8435
2026-09-21 20:00:00+00:00,66.032,66.659,65.925,66.629,66.6255
2026-09-22 00:00:00+00:00,66.639,66.794,65.89,65.963,365.9655
2026-09-22 04:00:00+00:00,65.965,66.102,64.922,64.947,324.354
2026-09-22 08:00:00+00:00,64.942,65.751,64.548,65.577,335.7885
2026-09-22 12:00:00+00:00,65.58,66.078,65.384,65.753,460.962
2026-09-22 16:00:00+00:00,65.758,67.54,65.629,67.23,332.7165
2026-09-22 20:00:00+00:00,67.231,67.451,66.787,67.376,70.083
2026-09-23 00:00:00+00:00,67.373,67.502,66.338,66.565,352.602
2026-09-23 04:00:00+00:00,66.56,66.714,65.36,65.382,256.413
2026-09-23 08:00:00+00:00,65.385,65.519,64.786,65.067,224.8335
2026-09-23 12:00:00+00:00,65.064,65.341,64.347,64.493,396.9599
2026-09-23 16:00:00+00:00,64.49,64.676,64.211,64.373,311.1225
2026-09-23 20:00:00+00:00,64.373,64.519,64.269,64.287,61.4475
2026-09-24 00:00:00+00:00,64.284,64.509,63.717,64.147,340.6005
2026-09-24 04:00:00+00:00,64.144,64.325,63.921,64.022,243.1321
2026-09-24 08:00:00+00:00,64.025,64.228,63.296,63.541,223.9995
2026-09-24 12:00:00+00:00,63.538,63.711,63.056,63.292,326.3055
2026-09-24 16:00:00+00:00,63.293,64.023,63.155,63.767,416.1015
2026-09-24 20:00:00+00:00,63.763,63.855,63.488,63.571,77.16
2026-09-25 00:00:00+00:00,63.564,64.066,63.531,63.628,256.9845
2026-09-25 04:00:00+00:00,63.628,63.878,63.333,63.815,232.053
2026-09-25 08:00:00+00:00,63.81,65.078,63.663,64.721,214.4363
2026-09-25 12:00:00+00:00,64.726,64.967,63.389,64.417,318.7155
2026-09-25 16:00:00+00:00,64.424,64.786,64.103,64.346,341.631
