timestamp,open,high,low,close,volume
2024-01-01 20:00:00+00:00,2062.598,2066.595,2062.405,2063.615,0.46798
2024-01-02 00:00:00+00:00,2063.625,2070.285,2062.275,2069.528,3.30854
2024-01-02 04:00:00+00:00,2069.528,2076.665,2068.775,2073.048,3.66692
2024-01-02 08:00:00+00:00,2073.015,2078.825,2068.205,2069.145,5.30864
2024-01-02 12:00:00+00:00,2069.105,2070.965,2055.818,2059.265,10.986819
2024-01-02 16:00:00+00:00,2059.305,2067.515,2059.075,2060.825,3.81531
2024-01-02 20:00:00+00:00,2060.885,2061.545,2057.915,2059.455,1.17432
2024-01-03 00:00:00+00:00,2059.475,2065.525,2059.094,2065.025,3.00324
2024-01-03 04:00:00+00:00,2064.965,2065.835,2060.795,2062.928,2.91388
2024-01-03 08:00:00+00:00,2062.835,2064.228,2046.594,2047.485,5.09967
2024-01-03 12:00:00+00:00,2047.505,2048.698,2031.665,2032.495,9.1717
2024-01-03 16:00:00+00:00,2032.545,2042.205,2030.515,2036.575,5.69024
2024-01-03 20:00:00+00:00,2036.595,2043.835,2036.435,2042.895,3.32025
2024-01-04 00:00:00+00:00,2042.865,2046.808,2040.055,2044.518,4.02705
2024-01-04 04:00:00+00:00,2044.498,2049.445,2042.345,2047.615,2.79098
2024-01-04 08:00:00+00:00,2047.615,2050.855,2044.828,2045.065,3.91554
2024-01-04 12:00:00+00:00,2044.995,2047.625,2036.155,2045.025,5.93324
2024-01-04 16:00:00+00:00,2045.075,2046.675,2040.765,2044.285,3.0161
2024-01-04 20:00:00+00:00,2044.265,2044.785,2042.725,2044.098,1.23196
2024-01-05 00:00:00+00:00,2044.128,2048.155,2043.225,2045.235,2.21253
2024-01-05 04:00:00+00:00,2045.265,2046.925,2040.805,2042.995,3.80777
2024-01-05 08:00:00+00:00,2043.005,2044.238,2037.035,2039.155,3.26021
2024-01-05 12:00:00+00:00,2039.155,2063.838,2024.255,2054.745,14.74815
2024-01-05 16:00:00+00:00,2054.815,2056.155,2040.335,2045.635,6.79468
2024-01-05 20:00:00+00:00,2045.655,2046.068,2042.785,2045.355,1.30654
2024-01-07 20:00:00+00:00,2044.385,2045.565,2042.805,2044.195,0.5798
2024-01-08 00:00:00+00:00,2044.235,2046.525,2034.975,2036.015,3.01245
2024-01-08 04:00:00+00:00,2036.075,2037.555,2026.925,2031.355,3.53861
2024-01-08 08:00:00+00:00,2031.305,2031.685,2016.604,2019.958,5.37109
2024-01-08 12:00:00+00:00,2019.958,2034.675,2018.345,2034.115,8.81349
2024-01-08 16:00:00+00:00,2034.105,2036.778,2026.295,2029.285,4.04316
2024-01-08 20:00:00+00:00,2029.265,2030.835,2025.978,2030.665,1.3933
2024-01-09 00:00:00+00:00,2030.665,2035.775,2030.615,2033.565,3.60653
2024-01-09 04:00:00+00:00,2033.505,2037.145,2030.245,2035.885,3.50421
2024-01-09 08:00:00+00:00,2035.955,2038.428,2031.145,2034.935,6.38214
2024-01-09 12:00:00+00:00,2034.925,2041.898,2028.665,2028.735,9.02988
2024-01-09 16:00:00+00:00,2028.755,2031.945,2026.015,2028.735,5.85546
2024-01-09 20:00:00+00:00,2028.845,2031.125,2028.205,2030.665,1.65064
2024-01-10 00:00:00+00:00,2030.674,2032.785,2027.145,2028.845,3.17599
2024-01-10 04:00:00+00:00,2028.835,2031.595,2023.795,2030.905,2.97388
2024-01-10 08:00:00+00:00,2030.925,2040.135,2030.165,2033.925,4.96724
2024-01-10 12:00:00+00:00,2033.905,2035.555,2024.685,2027.795,6.42966
2024-01-10 16:00:00+00:00,2027.835,2028.395,2020.395,2023.938,5.160877
2024-01-10 20:00:00+00:00,2023.875,2027.865,2021.725,2026.695,2.6541
2024-01-11 00:00:00+00:00,2026.735,2031.808,2026.505,2030.835,4.351
2024-01-11 04:00:00+00:00,2030.795,2035.655,2030.795,2033.805,2.71153
2024-01-11 08:00:00+00:00,2033.795,2034.305,2030.125,2034.235,3.77887
2024-01-11 12:00:00+00:00,2034.285,2043.864,2024.825,2028.945,16.11669
2024-01-11 16:00:00+00:00,2028.955,2029.505,2013.225,2026.345,8.711746
2024-01-11 20:00:00+00:00,2026.355,2035.455,2023.395,2035.125,2.53254
2024-01-12 00:00:00+00:00,2035.055,2035.575,2029.975,2033.865,2.8548
2024-01-12 04:00:00+00:00,2033.835,2039.275,2032.698,2037.405,3.92359
2024-01-12 08:00:00+00:00,2037.375,2047.305,2036.945,2045.315,4.61146
2024-01-12 12:00:00+00:00,2045.355,2062.145,2044.258,2053.595,13.86825
2024-01-12 16:00:00+00:00,2053.615,2055.455,2041.325,2047.225,5.03639
2024-01-12 20:00:00+00:00,2047.275,2049.138,2045.965,2048.675,1.29798
2024-01-14 20:00:00+00:00,2048.498,2048.605,2046.235,2047.505,0.58797
2024-01-15 00:00:00+00:00,2047.525,2057.985,2045.675,2057.305,3.49604
2024-01-15 04:00:00+00:00,2057.285,2057.465,2052.765,2054.175,3.27423
2024-01-15 08:00:00+00:00,2054.215,2058.505,2051.465,2053.225,3.28169
2024-01-15 12:00:00+00:00,2053.255,2054.315,2049.29,2053.125,3.66852
2024-01-15 16:00:00+00:00,2053.108,2056.218,2053.078,2054.505,3.40114
2024-01-15 20:00:00+00:00,2053.914,2055.495,2053.228,2053.895,0.49543
2024-01-16 00:00:00+00:00,2054.025,2054.435,2048.265,2049.435,2.75567
2024-01-16 04:00:00+00:00,2049.435,2050.825,2047.285,2049.315,3.03097
2024-01-16 08:00:00+00:00,2049.295,2050.035,2038.124,2039.785,8.380427
2024-01-16 12:00:00+00:00,2039.775,2044.915,2031.275,2041.035,9.78006
2024-01-16 16:00:00+00:00,2041.095,2041.195,2024.165,2029.205,9.69274
2024-01-16 20:00:00+00:00,2029.185,2029.705,2025.728,2028.045,2.41373
2024-01-17 00:00:00+00:00,2028.055,2032.815,2023.288,2023.955,4.68839
2024-01-17 04:00:00+00:00,2023.915,2026.085,2017.598,2025.705,4.35188
2024-01-17 08:00:00+00:00,2025.695,2028.265,2018.915,2023.805,7.00092
2024-01-17 12:00:00+00:00,2023.835,2028.898,2006.095,2008.795,10.72099
2024-01-17 16:00:00+00:00,2008.805,2011.895,2001.755,2005.455,5.84406
2024-01-17 20:00:00+00:00,2005.515,2009.805,2004.675,2009.465,2.12144
2024-01-18 00:00:00+00:00,2009.505,2012.055,2006.345,2007.975,3.25257
2024-01-18 04:00:00+00:00,2007.955,2014.045,2005.705,2012.198,2.996
2024-01-18 08:00:00+00:00,2012.218,2013.405,2008.075,2012.505,4.32353
2024-01-18 12:00:00+00:00,2012.525,2017.155,2007.175,2013.525,7.05851
2024-01-18 16:00:00+00:00,2013.515,2021.025,2012.985,2019.725,3.92739
2024-01-18 20:00:00+00:00,2019.725,2024.555,2019.725,2023.675,1.85083
2024-01-19 00:00:00+00:00,2023.675,2025.475,2021.895,2022.805,2.98902
2024-01-19 04:00:00+00:00,2022.815,2029.625,2020.325,2027.945,3.43368
2024-01-19 08:00:00+00:00,2027.895,2031.875,2026.105,2031.555,3.45573
2024-01-19 12:00:00+00:00,2031.605,2039.278,2023.035,2027.645,9.49131
2024-01-19 16:00:00+00:00,2027.645,2029.425,2023.175,2029.075,4.55577
2024-01-19 20:00:00+00:00,2029.075,2029.815,2027.655,2029.375,1.03471
2024-01-21 20:00:00+00:00,2029.715,2029.715,2026.848,2027.535,0.45693
2024-01-22 00:00:00+00:00,2027.505,2032.005,2025.385,2026.895,2.58132
2024-01-22 04:00:00+00:00,2026.945,2027.065,2018.985,2021.695,4.15419
2024-01-22 08:00:00+00:00,2021.645,2026.458,2020.335,2026.078,3.33951
2024-01-22 12:00:00+00:00,2026.038,2030.028,2016.448,2023.994,9.92863
2024-01-22 16:00:00+00:00,2024.005,2024.438,2019.055,2020.955,4.66225
2024-01-22 20:00:00+00:00,2020.955,2021.855,2019.125,2020.635,0.96504
2024-01-23 00:00:00+00:00,2020.695,2027.855,2019.515,2027.395,4.08403
2024-01-23 04:00:00+00:00,2027.325,2037.808,2026.645,2031.565,5.48881
2024-01-23 08:00:00+00:00,2031.635,2031.655,2022.298,2023.875,3.78635
2024-01-23 12:00:00+00:00,2023.875,2030.265,2021.325,2025.045,6.06314
2024-01-23 16:00:00+00:00,2025.085,2030.558,2022.565,2029.755,4.29469
2024-01-23 20:00:00+00:00,2029.765,2030.178,2027.235,2029.255,2.0807
2024-01-24 00:00:00+00:00,2029.255,2029.255,2023.628,2024.685,2.46361
2024-01-24 04:00:00+00:00,2024.675,2031.495,2022.725,2029.465,2.36667
2024-01-24 08:00:00+00:00,2029.485,2034.185,2028.105,2033.305,3.68065
2024-01-24 12:00:00+00:00,2033.305,2036.575,2014.815,2015.145,10.77506
2024-01-24 16:00:00+00:00,2015.215,2019.715,2011.105,2012.115,5.988
2024-01-24 20:00:00+00:00,2012.115,2017.565,2011.675,2016.265,3.63999
2024-01-25 00:00:00+00:00,2016.305,2017.175,2014.435,2015.725,2.66183
2024-01-25 04:00:00+00:00,2015.725,2018.225,2013.515,2015.648,2.47264
2024-01-25 08:00:00+00:00,2015.625,2019.445,2012.555,2017.425,2.98069
2024-01-25 12:00:00+00:00,2017.455,2025.175,2009.455,2020.158,11.96241
2024-01-25 16:00:00+00:00,2020.145,2021.505,2012.415,2017.648,5.9615
2024-01-25 20:00:00+00:00,2017.648,2021.811,2016.845,2020.565,1.67584
2024-01-26 00:00:00+00:00,2020.625,2024.125,2019.245,2021.755,2.39014
2024-01-26 04:00:00+00:00,2021.705,2023.395,2019.735,2021.285,1.94975
2024-01-26 08:00:00+00:00,2021.225,2024.545,2018.105,2023.295,3.90159
2024-01-26 12:00:00+00:00,2023.305,2026.715,2016.055,2016.908,8.23458
2024-01-26 16:00:00+00:00,2016.918,2019.278,2015.845,2016.925,2.75714
2024-01-26 20:00:00+00:00,2016.955,2019.205,2016.365,2017.915,0.59275
2024-01-28 20:00:00+00:00,2024.215,2028.384,2021.185,2021.775,1.13863
2024-01-29 00:00:00+00:00,2021.855,2026.265,2019.195,2025.555,2.35624
2024-01-29 04:00:00+00:00,2025.555,2033.795,2024.625,2031.275,3.41081
2024-01-29 08:00:00+00:00,2031.225,2033.525,2025.358,2028.085,3.11593
2024-01-29 12:00:00+00:00,2028.075,2037.465,2020.485,2025.365,5.30059
2024-01-29 16:00:00+00:00,2025.345,2030.995,2023.975,2026.865,3.17192
2024-01-29 20:00:00+00:00,2026.895,2035.145,2026.808,2031.035,4.32836
2024-01-30 00:00:00+00:00,2031.045,2034.025,2029.745,2032.025,1.64026
2024-01-30 04:00:00+00:00,2032.025,2040.285,2031.145,2037.815,2.00693
2024-01-30 08:00:00+00:00,2037.795,2039.328,2031.298,2034.275,4.05433
2024-01-30 12:00:00+00:00,2034.265,2048.448,2028.935,2032.465,12.73932
2024-01-30 16:00:00+00:00,2032.515,2036.918,2031.345,2035.995,4.71069
2024-01-30 20:00:00+00:00,2035.965,2037.175,2035.185,2036.335,1.44346
2024-01-31 00:00:00+00:00,2036.365,2038.528,2032.735,2033.785,2.3888
2024-01-31 04:00:00+00:00,2033.765,2038.535,2033.115,2036.535,2.12464
2024-01-31 08:00:00+00:00,2036.525,2040.305,2036.055,2037.195,4.38837
2024-01-31 12:00:00+00:00,2037.235,2055.878,2035.955,2052.185,10.04276
2024-01-31 16:00:00+00:00,2052.175,2053.575,2039.075,2044.605,9.09849
2024-01-31 20:00:00+00:00,2044.625,2045.845,2031.0,2039.825,4.940532
2024-02-01 00:00:00+00:00,2039.855,2049.475,2039.045,2046.144,4.25025
2024-02-01 04:00:00+00:00,2046.144,2046.505,2041.055,2042.775,3.4467
2024-02-01 08:00:00+00:00,2042.745,2042.745,2029.905,2033.355,4.767909
2024-02-01 12:00:00+00:00,2033.355,2052.905,2030.035,2051.875,9.99588
2024-02-01 16:00:00+00:00,2051.875,2065.348,2051.158,2054.608,10.638
2024-02-01 20:00:00+00:00,2054.648,2056.145,2053.385,2054.745,1.8062
2024-02-02 00:00:00+00:00,2054.725,2056.845,2051.775,2054.545,4.19606
2024-02-02 04:00:00+00:00,2054.545,2056.855,2053.938,2054.965,5.52296
2024-02-02 08:00:00+00:00,2054.955,2056.715,2052.595,2055.948,2.79457
2024-02-02 12:00:00+00:00,2055.935,2057.545,2027.635,2034.915,11.96271
2024-02-02 16:00:00+00:00,2034.935,2038.665,2032.988,2038.085,5.84501
2024-02-02 20:00:00+00:00,2038.125,2039.735,2035.905,2039.275,1.12814
2024-02-04 20:00:00+00:00,2040.054,2042.034,2038.854,2039.115,0.585
2024-02-05 00:00:00+00:00,2039.155,2039.745,2030.108,2032.195,2.80549
2024-02-05 04:00:00+00:00,2032.165,2033.285,2026.654,2027.465,2.19925
2024-02-05 08:00:00+00:00,2027.495,2028.258,2020.555,2027.565,3.26748
2024-02-05 12:00:00+00:00,2027.575,2027.995,2014.835,2017.675,6.62666
2024-02-05 16:00:00+00:00,2017.815,2027.465,2017.665,2025.885,4.45851
2024-02-05 20:00:00+00:00,2025.835,2026.258,2023.665,2025.005,1.5302
2024-02-06 00:00:00+00:00,2025.005,2028.505,2023.395,2023.825,2.63385
2024-02-06 04:00:00+00:00,2023.845,2029.715,2023.505,2026.245,2.96592
2024-02-06 08:00:00+00:00,2026.265,2027.415,2022.795,2026.665,2.99311
2024-02-06 12:00:00+00:00,2026.635,2038.035,2024.405,2036.205,6.59392
2024-02-06 16:00:00+00:00,2036.218,2038.785,2032.005,2035.935,4.05659
2024-02-06 20:00:00+00:00,2035.985,2036.875,2034.445,2035.175,0.87879
2024-02-07 00:00:00+00:00,2035.135,2036.055,2033.965,2034.305,3.56078
2024-02-07 04:00:00+00:00,2034.305,2036.085,2032.298,2035.105,3.49897
2024-02-07 08:00:00+00:00,2035.115,2035.705,2031.138,2034.035,2.151847
2024-02-07 12:00:00+00:00,2034.035,2044.465,2030.505,2038.235,7.38056
2024-02-07 16:00:00+00:00,2038.215,2040.835,2034.0,2035.495,5.53703
2024-02-07 20:00:00+00:00,2035.495,2036.495,2033.605,2036.395,2.61268
2024-02-08 00:00:00+00:00,2036.395,2038.635,2031.675,2032.745,3.38641
2024-02-08 04:00:00+00:00,2032.725,2035.045,2031.014,2032.785,1.6869
2024-02-08 08:00:00+00:00,2032.795,2038.355,2027.785,2028.945,3.36947
2024-02-08 12:00:00+00:00,2028.975,2033.935,2020.095,2031.828,9.5796
2024-02-08 16:00:00+00:00,2031.795,2035.175,2027.578,2032.515,4.17022
2024-02-08 20:00:00+00:00,2032.515,2034.848,2032.485,2034.185,0.92789
2024-02-09 00:00:00+00:00,2034.205,2034.978,2031.785,2033.465,1.94278
2024-02-09 04:00:00+00:00,2033.565,2034.825,2032.038,2033.458,1.84838
2024-02-09 08:00:00+00:00,2033.435,2033.965,2030.425,2031.418,3.38223
2024-02-09 12:00:00+00:00,2031.405,2037.058,2021.775,2022.308,11.910005
2024-02-09 16:00:00+00:00,2022.338,2026.245,2020.195,2024.665,2.14207
2024-02-09 20:00:00+00:00,2024.645,2026.175,2023.795,2024.155,0.77687
2024-02-11 20:00:00+00:00,2023.495,2026.708,2023.194,2025.345,0.70257
2024-02-12 00:00:00+00:00,2025.375,2026.505,2021.755,2022.815,0.9822
2024-02-12 04:00:00+00:00,2022.765,2026.338,2022.515,2025.435,1.73673
2024-02-12 08:00:00+00:00,2025.435,2027.158,2019.915,2021.565,2.98325
2024-02-12 12:00:00+00:00,2021.565,2027.505,2011.985,2013.045,5.28649
2024-02-12 16:00:00+00:00,2013.125,2021.448,2011.795,2019.028,5.91793
2024-02-12 20:00:00+00:00,2019.025,2020.408,2018.525,2018.845,2.16087
2024-02-13 00:00:00+00:00,2018.785,2021.125,2016.785,2018.498,0.95829
2024-02-13 04:00:00+00:00,2018.475,2025.705,2018.315,2025.125,1.25856
2024-02-13 08:00:00+00:00,2025.165,2029.255,2024.405,2027.565,2.98811
2024-02-13 12:00:00+00:00,2027.565,2032.845,1989.985,1992.145,10.671955
2024-02-13 16:00:00+00:00,1992.155,1997.755,1991.195,1991.705,2.84611
2024-02-13 20:00:00+00:00,1991.655,1993.585,1990.655,1991.435,1.13048
2024-02-14 00:00:00+00:00,1991.425,1993.515,1988.735,1992.298,1.89878
2024-02-14 04:00:00+00:00,1992.298,1993.245,1989.295,1989.385,1.63184
2024-02-14 08:00:00+00:00,1989.385,1993.315,1985.945,1992.175,3.68372
2024-02-14 12:00:00+00:00,1992.175,1993.175,1984.088,1987.775,5.47459
2024-02-14 16:00:00+00:00,1987.795,1996.025,1987.395,1991.665,3.63038
2024-02-14 20:00:00+00:00,1991.665,1993.755,1989.535,1993.645,1.75043
2024-02-15 00:00:00+00:00,1993.685,1994.195,1990.175,1990.735,1.82001
2024-02-15 04:00:00+00:00,1990.735,1994.615,1990.385,1993.785,1.18644
2024-02-15 08:00:00+00:00,1993.765,1998.045,1993.465,1997.445,2.0474
2024-02-15 12:00:00+00:00,1997.425,2008.175,1995.585,2000.705,10.46216
2024-02-15 16:00:00+00:00,2000.705,2006.375,1998.365,2005.035,3.84321
2024-02-15 20:00:00+00:00,2005.035,2005.035,2003.295,2003.345,0.90859
2024-02-16 00:00:00+00:00,2003.445,2005.555,2002.228,2004.178,2.61509
2024-02-16 04:00:00+00:00,2004.178,2006.405,2002.625,2005.095,1.44827
2024-02-16 08:00:00+00:00,2005.035,2007.735,2003.755,2007.235,2.7394
2024-02-16 12:00:00+00:00,2007.235,2010.915,1994.985,2007.768,9.28324
2024-02-16 16:00:00+00:00,2007.768,2015.095,2007.115,2012.565,4.42036
2024-02-16 20:00:00+00:00,2012.545,2013.835,2011.185,2013.055,0.87855
2024-02-18 20:00:00+00:00,2014.595,2016.245,2009.935,2013.695,1.14877
2024-02-19 00:00:00+00:00,2013.644,2022.785,2013.544,2019.805,3.69114
2024-02-19 04:00:00+00:00,2019.765,2022.895,2018.185,2020.825,2.24727
2024-02-19 08:00:00+00:00,2020.825,2021.145,2018.115,2018.285,3.59908
2024-02-19 12:00:00+00:00,2018.275,2019.158,2014.675,2014.815,2.8809
2024-02-19 16:00:00+00:00,2014.755,2018.435,2013.185,2017.775,0.95365
2024-02-19 20:00:00+00:00,2017.498,2017.855,2015.745,2016.085,0.32994
2024-02-20 00:00:00+00:00,2016.115,2019.165,2014.945,2018.138,1.61161
2024-02-20 04:00:00+00:00,2018.138,2022.775,2017.635,2021.358,1.70087
2024-02-20 08:00:00+00:00,2021.315,2027.535,2020.705,2026.778,4.70414
2024-02-20 12:00:00+00:00,2026.725,2030.765,2025.315,2027.375,6.82482
2024-02-20 16:00:00+00:00,2027.395,2028.785,2024.695,2025.025,1.98394
2024-02-20 20:00:00+00:00,2025.105,2025.105,2023.455,2024.095,1.20798
2024-02-21 00:00:00+00:00,2024.155,2030.805,2022.835,2030.435,1.26242
2024-02-21 04:00:00+00:00,2030.435,2032.195,2028.265,2028.705,1.97442
2024-02-21 08:00:00+00:00,2028.695,2030.075,2025.845,2028.165,3.11034
2024-02-21 12:00:00+00:00,2028.185,2031.475,2023.938,2024.025,6.97359
2024-02-21 16:00:00+00:00,2024.105,2026.435,2019.915,2025.915,4.78507
2024-02-21 20:00:00+00:00,2025.895,2026.895,2023.858,2025.658,2.02179
2024-02-22 00:00:00+00:00,2025.658,2028.485,2024.975,2026.205,1.71894
2024-02-22 04:00:00+00:00,2026.245,2031.935,2025.448,2031.345,2.39876
2024-02-22 08:00:00+00:00,2031.425,2034.708,2027.155,2028.925,4.08747
2024-02-22 12:00:00+00:00,2028.905,2029.795,2020.088,2023.225,9.59131
2024-02-22 16:00:00+00:00,2023.225,2024.575,2019.555,2022.965,4.21202
2024-02-22 20:00:00+00:00,2022.975,2025.928,2022.465,2024.615,1.49389
2024-02-23 00:00:00+00:00,2024.665,2027.295,2022.685,2025.665,1.55873
2024-02-23 04:00:00+00:00,2025.665,2026.445,2018.025,2021.684,1.35297
2024-02-23 08:00:00+00:00,2021.684,2023.895,2015.955,2023.785,3.57584
2024-02-23 12:00:00+00:00,2023.785,2031.028,2023.005,2030.008,9.08095
2024-02-23 16:00:00+00:00,2030.015,2041.285,2030.015,2037.245,6.33693
2024-02-23 20:00:00+00:00,2037.245,2037.425,2034.955,2035.215,0.93228
2024-02-25 20:00:00+00:00,2034.295,2034.865,2032.638,2033.935,0.34621
2024-02-26 00:00:00+00:00,2033.975,2033.975,2029.775,2032.455,2.79678
2024-02-26 04:00:00+00:00,2032.445,2035.235,2031.795,2035.015,1.84474
2024-02-26 08:00:00+00:00,2034.945,2036.965,2030.745,2030.815,4.20509
2024-02-26 12:00:00+00:00,2030.865,2034.328,2024.975,2029.065,6.330466
2024-02-26 16:00:00+00:00,2029.108,2030.155,2026.475,2029.665,5.27017
2024-02-26 20:00:00+00:00,2029.635,2033.555,2029.635,2031.205,1.10353
2024-02-27 00:00:00+00:00,2031.185,2034.435,2030.908,2033.345,1.90896
2024-02-27 04:00:00+00:00,2033.415,2036.145,2032.745,2035.295,2.45535
2024-02-27 08:00:00+00:00,2035.285,2039.375,2034.525,2038.155,3.56075
2024-02-27 12:00:00+00:00,2038.175,2038.978,2032.885,2033.685,7.55319
2024-02-27 16:00:00+00:00,2033.695,2035.965,2029.335,2030.185,4.21537
2024-02-27 20:00:00+00:00,2030.155,2030.755,2028.725,2030.025,1.06014
2024-02-28 00:00:00+00:00,2030.075,2033.625,2029.075,2030.835,1.65737
2024-02-28 04:00:00+00:00,2030.855,2031.965,2027.725,2027.985,1.7768
2024-02-28 08:00:00+00:00,2027.965,2029.165,2024.355,2027.135,3.11208
2024-02-28 12:00:00+00:00,2027.108,2037.805,2026.775,2031.735,7.704693
2024-02-28 16:00:00+00:00,2031.735,2035.478,2030.738,2032.075,2.60538
2024-02-28 20:00:00+00:00,2032.075,2035.274,2032.035,2034.518,1.1167
2024-02-29 00:00:00+00:00,2034.575,2037.015,2033.855,2036.458,1.99756
2024-02-29 04:00:00+00:00,2036.448,2037.735,2034.355,2037.205,2.19395
2024-02-29 08:00:00+00:00,2037.225,2037.385,2028.755,2030.235,3.01319
2024-02-29 12:00:00+00:00,2030.235,2050.605,2028.015,2047.995,10.21752
2024-02-29 16:00:00+00:00,2047.995,2048.235,2043.138,2044.395,4.79634
2024-02-29 20:00:00+00:00,2044.335,2045.355,2042.775,2044.185,0.90953
2024-03-01 00:00:00+00:00,2044.165,2046.755,2042.765,2046.445,1.87284
2024-03-01 04:00:00+00:00,2046.415,2048.745,2043.315,2045.345,1.82236
2024-03-01 08:00:00+00:00,2045.365,2057.395,2038.915,2055.295,5.54057
2024-03-01 12:00:00+00:00,2055.295,2070.828,2045.495,2069.078,11.31979
2024-03-01 16:00:00+00:00,2069.064,2088.215,2069.064,2085.148,10.4317
2024-03-01 20:00:00+00:00,2085.125,2085.198,2082.345,2082.395,1.30483
2024-03-03 20:00:00+00:00,2081.835,2086.145,2081.835,2083.445,0.70445
2024-03-04 00:00:00+00:00,2083.445,2084.305,2079.308,2081.375,3.06891
2024-03-04 04:00:00+00:00,2081.375,2088.195,2080.174,2087.335,2.65905
2024-03-04 08:00:00+00:00,2087.295,2087.435,2081.795,2082.025,4.05384
2024-03-04 12:00:00+00:00,2082.055,2109.285,2081.018,2108.925,11.27839
2024-03-04 16:00:00+00:00,2108.915,2119.805,2107.604,2116.205,12.38107
2024-03-04 20:00:00+00:00,2116.265,2118.495,2113.295,2114.475,1.55971
2024-03-05 00:00:00+00:00,2114.455,2116.725,2110.375,2112.875,2.13173
2024-03-05 04:00:00+00:00,2112.875,2119.645,2112.565,2114.325,4.22379
2024-03-05 08:00:00+00:00,2114.435,2127.235,2114.355,2124.385,5.88927
2024-03-05 12:00:00+00:00,2124.445,2141.748,2121.105,2126.565,15.30056
2024-03-05 16:00:00+00:00,2126.555,2134.655,2123.565,2129.488,9.56386
2024-03-05 20:00:00+00:00,2129.475,2130.845,2126.798,2127.945,1.72463
2024-03-06 00:00:00+00:00,2127.945,2127.995,2123.615,2124.695,2.25002
2024-03-06 04:00:00+00:00,2124.695,2131.445,2124.695,2128.335,2.21147
2024-03-06 08:00:00+00:00,2128.345,2132.505,2124.255,2132.415,5.15125
2024-03-06 12:00:00+00:00,2132.435,2149.115,2130.925,2140.875,15.63252
2024-03-06 16:00:00+00:00,2140.885,2152.085,2139.345,2144.295,15.38159
2024-03-06 20:00:00+00:00,2144.265,2151.135,2143.095,2147.275,1.94941
2024-03-07 00:00:00+00:00,2147.205,2152.328,2144.048,2151.665,3.96934
2024-03-07 04:00:00+00:00,2151.635,2161.435,2151.435,2155.905,7.16251
2024-03-07 08:00:00+00:00,2155.915,2159.735,2153.128,2155.965,5.29336
2024-03-07 12:00:00+00:00,2155.878,2164.635,2147.825,2153.595,15.41648
2024-03-07 16:00:00+00:00,2153.605,2160.785,2149.175,2159.905,6.52137
2024-03-07 20:00:00+00:00,2159.945,2162.485,2157.895,2161.865,1.28972
2024-03-08 00:00:00+00:00,2161.865,2163.475,2153.895,2157.555,2.09982
2024-03-08 04:00:00+00:00,2157.515,2161.925,2156.258,2161.255,3.19643
2024-03-08 08:00:00+00:00,2161.235,2170.995,2161.015,2168.158,8.28826
2024-03-08 12:00:00+00:00,2168.165,2185.305,2155.778,2177.115,19.7278
2024-03-08 16:00:00+00:00,2177.105,2195.085,2168.215,2176.245,12.28375
2024-03-08 20:00:00+00:00,2176.305,2179.155,2175.615,2178.965,1.32092
2024-03-10 20:00:00+00:00,2179.015,2183.735,2177.005,2181.545,0.97199
2024-03-11 00:00:00+00:00,2181.585,2188.925,2176.755,2179.374,4.40224
2024-03-11 04:00:00+00:00,2179.365,2182.635,2176.765,2182.215,3.38592
2024-03-11 08:00:00+00:00,2182.195,2182.958,2175.785,2178.835,5.39648
2024-03-11 12:00:00+00:00,2178.835,2185.595,2174.695,2184.215,11.30738
2024-03-11 16:00:00+00:00,2184.155,2184.548,2177.045,2181.275,4.56601
2024-03-11 20:00:00+00:00,2181.214,2184.625,2180.635,2183.555,1.11026
2024-03-12 00:00:00+00:00,2183.555,2184.425,2176.695,2177.385,2.41457
2024-03-12 04:00:00+00:00,2177.345,2179.145,2173.485,2176.925,2.12038
2024-03-12 08:00:00+00:00,2176.885,2178.955,2170.515,2171.825,4.20504
2024-03-12 12:00:00+00:00,2171.815,2181.868,2152.545,2162.878,22.61947
2024-03-12 16:00:00+00:00,2162.878,2166.408,2150.455,2157.285,5.752506
2024-03-12 20:00:00+00:00,2157.275,2161.335,2155.665,2156.885,1.38282
2024-03-13 00:00:00+00:00,2156.905,2161.495,2156.555,2159.045,1.91796
2024-03-13 04:00:00+00:00,2159.005,2161.408,2157.198,2159.615,4.65446
2024-03-13 08:00:00+00:00,2159.635,2164.065,2157.395,2163.895,5.21813
2024-03-13 12:00:00+00:00,2163.935,2174.468,2161.345,2171.635,21.50483
2024-03-13 16:00:00+00:00,2171.635,2179.745,2169.455,2172.485,6.8027
2024-03-13 20:00:00+00:00,2172.535,2176.085,2172.275,2175.345,1.27578
2024-03-14 00:00:00+00:00,2175.315,2176.848,2171.065,2172.165,2.02293
2024-03-14 04:00:00+00:00,2172.175,2172.385,2167.325,2168.575,3.90719
2024-03-14 08:00:00+00:00,2168.545,2171.935,2167.065,2168.375,4.937
2024-03-14 12:00:00+00:00,2168.385,2170.268,2152.665,2157.095,14.60825
2024-03-14 16:00:00+00:00,2157.095,2164.905,2156.575,2163.345,5.17406
2024-03-14 20:00:00+00:00,2163.435,2163.798,2160.755,2161.555,0.66974
2024-03-15 00:00:00+00:00,2161.595,2165.875,2160.485,2164.478,1.75658
2024-03-15 04:00:00+00:00,2164.478,2169.975,2163.485,2166.925,2.93162
2024-03-15 08:00:00+00:00,2166.965,2172.615,2165.205,2166.905,5.11799
2024-03-15 12:00:00+00:00,2166.895,2167.265,2156.435,2159.925,9.42883
2024-03-15 16:00:00+00:00,2159.885,2163.375,2155.115,2156.795,4.45929
2024-03-15 20:00:00+00:00,2157.045,2158.215,2155.325,2155.625,0.28526
2024-03-17 20:00:00+00:00,2155.395,2156.768,2151.435,2156.428,1.35872
2024-03-18 00:00:00+00:00,2156.428,2157.435,2145.985,2146.675,2.4947
2024-03-18 04:00:00+00:00,2146.655,2152.095,2145.985,2152.045,2.13529
2024-03-18 08:00:00+00:00,2152.065,2161.195,2150.055,2160.975,5.01277
2024-03-18 12:00:00+00:00,2160.995,2163.455,2155.465,2158.228,14.24548
2024-03-18 16:00:00+00:00,2158.235,2161.048,2154.465,2160.085,6.34351
2024-03-18 20:00:00+00:00,2160.085,2162.465,2159.278,2162.035,1.02768
2024-03-19 00:00:00+00:00,2162.085,2162.745,2158.485,2161.445,2.69173
2024-03-19 04:00:00+00:00,2161.425,2162.055,2153.925,2155.648,4.0887
2024-03-19 08:00:00+00:00,2155.655,2156.625,2147.045,2155.475,5.4491
2024-03-19 12:00:00+00:00,2155.475,2158.615,2148.285,2154.205,8.30341
2024-03-19 16:00:00+00:00,2154.245,2157.865,2153.038,2157.675,4.74986
2024-03-19 20:00:00+00:00,2157.695,2159.565,2156.858,2156.965,1.24021
2024-03-20 00:00:00+00:00,2156.985,2159.925,2155.125,2159.765,1.48721
2024-03-20 04:00:00+00:00,2159.845,2160.135,2156.365,2158.125,2.43109
2024-03-20 08:00:00+00:00,2158.045,2158.275,2152.215,2153.865,2.95498
2024-03-20 12:00:00+00:00,2153.885,2164.755,2149.475,2155.735,7.35898
2024-03-20 16:00:00+00:00,2155.748,2188.735,2155.485,2182.675,12.58894
2024-03-20 20:00:00+00:00,2182.785,2222.875,2182.725,2203.855,4.78799
2024-03-21 00:00:00+00:00,2203.875,2212.275,2192.365,2202.695,7.061106
2024-03-21 04:00:00+00:00,2202.775,2210.095,2201.715,2206.415,4.42312
2024-03-21 08:00:00+00:00,2206.415,2211.685,2196.735,2207.375,8.66384
2024-03-21 12:00:00+00:00,2207.385,2208.735,2166.264,2174.555,14.110341
2024-03-21 16:00:00+00:00,2174.565,2183.875,2172.905,2181.348,5.12151
2024-03-21 20:00:00+00:00,2181.375,2182.545,2180.465,2181.735,0.87544
2024-03-22 00:00:00+00:00,2181.735,2185.965,2171.735,2173.675,4.84729
2024-03-22 04:00:00+00:00,2173.685,2176.175,2162.475,2168.298,4.8666
2024-03-22 08:00:00+00:00,2168.298,2170.015,2164.825,2165.945,4.31632
2024-03-22 12:00:00+00:00,2165.958,2180.035,2165.385,2166.075,13.37505
2024-03-22 16:00:00+00:00,2165.995,2167.395,2157.035,2163.858,4.15103
2024-03-22 20:00:00+00:00,2163.955,2167.155,2163.465,2165.055,0.69372
2024-03-24 20:00:00+00:00,2165.475,2168.795,2165.085,2168.275,1.24006
2024-03-25 00:00:00+00:00,2168.335,2178.245,2163.885,2170.495,4.45663
2024-03-25 04:00:00+00:00,2170.515,2171.565,2163.455,2165.835,3.83803
2024-03-25 08:00:00+00:00,2165.825,2171.775,2163.705,2170.405,4.02639
2024-03-25 12:00:00+00:00,2170.385,2181.205,2170.235,2175.385,8.10891
2024-03-25 16:00:00+00:00,2175.355,2177.765,2170.645,2170.865,3.09867
2024-03-25 20:00:00+00:00,2170.975,2173.475,2170.615,2172.815,1.08142
2024-03-26 00:00:00+00:00,2172.795,2174.295,2167.458,2170.225,3.77197
2024-03-26 04:00:00+00:00,2170.255,2174.085,2169.525,2172.895,4.23037
2024-03-26 08:00:00+00:00,2172.835,2199.995,2171.445,2196.355,7.13889
2024-03-26 12:00:00+00:00,2196.385,2197.208,2171.595,2174.215,12.47817
2024-03-26 16:00:00+00:00,2174.225,2179.095,2174.155,2177.785,5.42238
2024-03-26 20:00:00+00:00,2177.825,2179.815,2174.508,2179.358,1.04027
2024-03-27 00:00:00+00:00,2179.365,2181.615,2173.275,2177.635,2.52703
2024-03-27 04:00:00+00:00,2177.615,2180.735,2175.625,2180.425,2.75008
2024-03-27 08:00:00+00:00,2180.455,2197.505,2176.445,2188.335,5.90613
2024-03-27 12:00:00+00:00,2188.335,2195.125,2183.435,2190.335,10.10505
2024-03-27 16:00:00+00:00,2190.338,2194.168,2188.925,2193.255,3.72009
2024-03-27 20:00:00+00:00,2193.245,2195.065,2190.065,2190.545,1.21765
2024-03-28 00:00:00+00:00,2190.565,2196.335,2187.225,2194.715,4.28834
2024-03-28 04:00:00+00:00,2194.675,2200.545,2192.545,2193.665,2.42725
2024-03-28 08:00:00+00:00,2193.675,2213.635,2190.725,2210.325,7.27801
2024-03-28 12:00:00+00:00,2210.295,2216.975,2202.094,2215.768,14.56071
2024-03-28 16:00:00+00:00,2215.768,2225.365,2213.295,2221.635,7.57779
2024-03-28 20:00:00+00:00,2221.625,2236.015,2219.505,2232.698,1.56268
2024-03-31 20:00:00+00:00,2238.435,2247.265,2234.845,2245.885,2.69461
2024-04-01 00:00:00+00:00,2245.935,2265.035,2243.755,2264.325,5.92878
2024-04-01 04:00:00+00:00,2264.345,2265.585,2256.785,2257.358,4.11655
2024-04-01 08:00:00+00:00,2257.355,2260.085,2245.435,2246.745,3.57167
2024-04-01 12:00:00+00:00,2246.745,2257.758,2228.395,2239.625,12.33936
2024-04-01 16:00:00+00:00,2239.605,2244.648,2234.635,2244.648,4.55866
2024-04-01 20:00:00+00:00,2244.648,2255.745,2242.948,2248.885,2.58756
2024-04-02 00:00:00+00:00,2248.865,2255.165,2246.585,2251.485,4.61175
2024-04-02 04:00:00+00:00,2251.585,2259.798,2250.295,2256.315,4.97245
2024-04-02 08:00:00+00:00,2256.315,2266.695,2255.168,2260.495,6.29446
2024-04-02 12:00:00+00:00,2260.555,2276.858,2250.785,2258.528,21.76536
2024-04-02 16:00:00+00:00,2258.525,2279.325,2254.035,2277.348,8.02479
2024-04-02 20:00:00+00:00,2277.375,2288.185,2275.635,2279.845,2.06052
2024-04-03 00:00:00+00:00,2279.674,2287.885,2276.564,2284.985,4.12101
2024-04-03 04:00:00+00:00,2285.025,2286.898,2270.338,2271.075,6.47892
2024-04-03 08:00:00+00:00,2271.065,2275.995,2267.558,2273.598,6.63544
2024-04-03 12:00:00+00:00,2273.565,2288.245,2265.405,2286.215,22.63358
2024-04-03 16:00:00+00:00,2286.215,2298.745,2280.605,2297.365,15.57712
2024-04-03 20:00:00+00:00,2297.485,2302.555,2296.245,2297.445,2.27794
2024-04-04 00:00:00+00:00,2297.515,2304.795,2297.235,2299.015,2.91218
2024-04-04 04:00:00+00:00,2299.078,2300.558,2291.755,2292.925,3.28114
2024-04-04 08:00:00+00:00,2292.904,2295.045,2288.745,2289.205,4.4792
2024-04-04 12:00:00+00:00,2289.235,2299.305,2282.604,2291.985,13.37669
2024-04-04 16:00:00+00:00,2291.914,2305.425,2279.688,2284.775,9.7909
2024-04-04 20:00:00+00:00,2284.725,2293.265,2284.725,2288.635,1.80995
2024-04-05 00:00:00+00:00,2288.675,2290.255,2267.605,2276.595,5.42867
2024-04-05 04:00:00+00:00,2276.655,2290.495,2276.455,2289.075,6.95263
2024-04-05 08:00:00+00:00,2289.045,2295.985,2284.768,2291.055,6.72232
2024-04-05 12:00:00+00:00,2290.905,2328.278,2280.235,2326.085,31.86601
2024-04-05 16:00:00+00:00,2326.085,2330.345,2320.575,2323.115,7.70213
2024-04-05 20:00:00+00:00,2323.165,2330.025,2322.745,2328.195,0.92013
2024-04-07 20:00:00+00:00,2323.125,2328.255,2303.705,2311.115,4.53145
2024-04-08 00:00:00+00:00,2311.195,2353.835,2302.755,2345.425,12.3018
2024-04-08 04:00:00+00:00,2345.435,2345.505,2331.705,2337.695,8.17803
2024-04-08 08:00:00+00:00,2337.695,2343.435,2333.215,2337.225,12.08748
2024-04-08 12:00:00+00:00,2337.235,2337.905,2318.575,2327.795,19.63814
2024-04-08 16:00:00+00:00,2327.885,2341.905,2325.925,2338.305,8.31806
2024-04-08 20:00:00+00:00,2338.305,2340.375,2336.795,2338.685,1.3905
2024-04-09 00:00:00+00:00,2338.685,2348.345,2337.725,2343.855,6.2014
2024-04-09 04:00:00+00:00,2343.855,2356.805,2342.948,2353.855,6.85038
2024-04-09 08:00:00+00:00,2353.855,2365.185,2349.465,2354.455,9.43663
2024-04-09 12:00:00+00:00,2354.455,2364.135,2338.125,2340.225,23.24659
2024-04-09 16:00:00+00:00,2340.218,2351.428,2339.975,2351.055,10.61404
2024-04-09 20:00:00+00:00,2351.055,2355.148,2350.328,2354.775,2.03375
2024-04-10 00:00:00+00:00,2354.715,2355.465,2344.665,2351.225,2.59646
2024-04-10 04:00:00+00:00,2351.205,2360.065,2350.825,2352.965,8.22724
2024-04-10 08:00:00+00:00,2353.138,2355.795,2344.715,2346.935,11.66721
2024-04-10 12:00:00+00:00,2346.915,2352.285,2319.265,2336.925,28.336497
2024-04-10 16:00:00+00:00,2336.895,2345.125,2325.715,2329.625,11.05132
2024-04-10 20:00:00+00:00,2329.505,2337.175,2329.465,2335.435,1.97093
2024-04-11 00:00:00+00:00,2335.495,2346.765,2333.195,2343.825,4.19179
2024-04-11 04:00:00+00:00,2343.835,2346.005,2333.785,2336.325,7.17961
2024-04-11 08:00:00+00:00,2336.345,2339.498,2325.655,2337.135,10.54315
2024-04-11 12:00:00+00:00,2337.135,2347.345,2331.645,2344.655,15.77995
2024-04-11 16:00:00+00:00,2344.665,2374.505,2342.575,2372.745,11.05178
2024-04-11 20:00:00+00:00,2372.885,2379.455,2370.724,2376.725,2.39631
2024-04-12 00:00:00+00:00,2376.965,2395.265,2374.485,2384.105,6.4326
2024-04-12 04:00:00+00:00,2384.095,2400.215,2382.685,2399.865,9.05647
2024-04-12 08:00:00+00:00,2399.875,2400.575,2390.315,2395.325,7.72163
2024-04-12 12:00:00+00:00,2395.325,2431.385,2381.945,2395.505,28.10782
2024-04-12 16:00:00+00:00,2395.435,2395.435,2333.755,2343.295,19.0829
2024-04-12 20:00:00+00:00,2343.295,2345.005,2341.635,2343.285,1.19273
2024-04-14 20:00:00+00:00,2352.098,2372.435,2346.735,2364.585,6.46908
2024-04-15 00:00:00+00:00,2364.645,2365.755,2348.255,2358.475,8.40869
2024-04-15 04:00:00+00:00,2358.385,2362.335,2349.865,2353.035,8.63852
2024-04-15 08:00:00+00:00,2353.015,2361.075,2344.615,2357.875,11.11736
2024-04-15 12:00:00+00:00,2357.878,2361.015,2323.858,2351.555,21.90828
2024-04-15 16:00:00+00:00,2351.555,2387.448,2346.065,2386.305,18.73239
2024-04-15 20:00:00+00:00,2386.305,2392.035,2379.985,2381.825,3.02477
2024-04-16 00:00:00+00:00,2381.744,2389.198,2379.185,2387.818,9.87041
2024-04-16 04:00:00+00:00,2387.825,2388.935,2362.844,2365.385,11.57702
2024-04-16 08:00:00+00:00,2365.445,2375.228,2365.035,2373.888,12.11818
2024-04-16 12:00:00+00:00,2373.878,2392.908,2363.435,2385.865,30.76873
2024-04-16 16:00:00+00:00,2385.928,2398.128,2379.615,2389.528,22.05944
2024-04-16 20:00:00+00:00,2389.485,2390.175,2378.275,2382.575,2.1055
2024-04-17 00:00:00+00:00,2382.585,2386.105,2380.615,2381.605,3.6706
2024-04-17 04:00:00+00:00,2381.588,2383.185,2372.575,2382.378,7.48189
2024-04-17 08:00:00+00:00,2382.378,2394.165,2382.378,2387.195,10.90202
2024-04-17 12:00:00+00:00,2387.215,2395.448,2378.248,2382.075,18.75414
2024-04-17 16:00:00+00:00,2382.075,2384.335,2360.955,2372.555,9.30134
2024-04-17 20:00:00+00:00,2372.545,2373.195,2354.435,2367.815,2.17118
2024-04-18 00:00:00+00:00,2367.815,2375.205,2363.965,2374.735,6.43768
2024-04-18 04:00:00+00:00,2374.655,2380.855,2373.148,2377.715,7.0509
2024-04-18 08:00:00+00:00,2377.698,2385.195,2377.155,2380.795,10.60524
2024-04-18 12:00:00+00:00,2380.795,2392.624,2369.468,2383.978,24.00962
2024-04-18 16:00:00+00:00,2383.978,2389.228,2378.025,2380.095,8.75574
2024-04-18 20:00:00+00:00,2380.095,2381.375,2376.845,2379.795,0.81548
2024-04-19 00:00:00+00:00,2379.685,2417.745,2373.685,2391.235,18.64086
2024-04-19 04:00:00+00:00,2391.235,2393.795,2378.505,2385.255,12.25284
2024-04-19 08:00:00+00:00,2385.195,2386.208,2372.805,2376.735,12.15352
2024-04-19 12:00:00+00:00,2376.735,2395.895,2373.005,2394.765,17.55534
2024-04-19 16:00:00+00:00,2394.715,2401.845,2386.565,2387.495,11.29301
2024-04-19 20:00:00+00:00,2387.455,2392.088,2386.595,2390.295,0.53988
2024-04-21 20:00:00+00:00,2387.635,2388.425,2381.275,2386.405,1.32462
2024-04-22 00:00:00+00:00,2386.405,2386.455,2361.664,2369.285,5.26206
2024-04-22 04:00:00+00:00,2369.345,2372.805,2351.265,2360.865,9.17482
2024-04-22 08:00:00+00:00,2360.845,2363.565,2339.295,2342.085,9.13525
2024-04-22 12:00:00+00:00,2342.085,2350.228,2330.965,2334.595,19.14213
2024-04-22 16:00:00+00:00,2334.595,2336.345,2324.555,2329.145,5.94984
2024-04-22 20:00:00+00:00,2329.125,2333.815,2325.225,2333.665,1.52218
2024-04-23 00:00:00+00:00,2333.595,2334.305,2295.408,2302.465,11.0677
2024-04-23 04:00:00+00:00,2302.485,2314.605,2298.718,2308.895,12.29258
2024-04-23 08:00:00+00:00,2308.905,2309.605,2291.265,2302.035,15.71097
2024-04-23 12:00:00+00:00,2302.055,2332.045,2301.125,2323.145,28.17368
2024-04-23 16:00:00+00:00,2323.125,2331.214,2321.115,2322.168,13.18011
2024-04-23 20:00:00+00:00,2322.198,2324.165,2321.205,2323.155,1.68562
2024-04-24 00:00:00+00:00,2323.215,2328.045,2315.725,2327.815,7.43808
2024-04-24 04:00:00+00:00,2327.815,2331.215,2320.575,2320.575,7.56981
2024-04-24 08:00:00+00:00,2320.595,2321.835,2311.635,2316.035,9.00341
2024-04-24 12:00:00+00:00,2316.015,2337.128,2311.985,2322.465,27.05708
2024-04-24 16:00:00+00:00,2322.455,2330.395,2317.665,2318.858,10.45782
2024-04-24 20:00:00+00:00,2318.885,2319.455,2313.555,2316.085,1.7758
2024-04-25 00:00:00+00:00,2316.085,2321.985,2304.898,2313.075,5.19396
2024-04-25 04:00:00+00:00,2313.084,2326.075,2312.275,2325.555,8.89065
2024-04-25 08:00:00+00:00,2325.555,2330.478,2323.995,2328.425,7.82185
2024-04-25 12:00:00+00:00,2328.425,2344.708,2312.734,2330.265,30.42845
2024-04-25 16:00:00+00:00,2330.265,2336.288,2322.855,2332.795,13.51444
2024-04-25 20:00:00+00:00,2332.815,2333.578,2329.995,2330.545,1.14473
2024-04-26 00:00:00+00:00,2330.535,2336.128,2326.165,2334.565,4.43059
2024-04-26 04:00:00+00:00,2334.575,2347.088,2333.435,2345.405,5.72378
2024-04-26 08:00:00+00:00,2345.415,2352.418,2343.268,2344.775,10.77673
2024-04-26 12:00:00+00:00,2344.785,2351.428,2328.605,2336.615,19.15673
2024-04-26 16:00:00+00:00,2336.595,2341.275,2332.565,2339.915,9.77896
2024-04-26 20:00:00+00:00,2339.915,2340.045,2336.298,2337.245,1.65178
2024-04-28 20:00:00+00:00,2336.065,2337.095,2332.405,2335.845,1.27766
2024-04-29 00:00:00+00:00,2335.775,2336.145,2319.728,2328.338,6.27838
2024-04-29 04:00:00+00:00,2328.338,2337.805,2327.255,2337.165,9.99547
2024-04-29 08:00:00+00:00,2337.065,2344.285,2335.295,2336.955,9.32825
2024-04-29 12:00:00+00:00,2336.965,2339.358,2325.455,2337.695,14.8105
2024-04-29 16:00:00+00:00,2337.735,2346.585,2332.895,2335.615,9.81448
2024-04-29 20:00:00+00:00,2335.605,2337.005,2332.705,2333.025,1.06845
2024-04-30 00:00:00+00:00,2333.005,2336.055,2326.745,2329.054,3.67013
2024-04-30 04:00:00+00:00,2329.045,2329.385,2315.215,2317.445,3.877002
2024-04-30 08:00:00+00:00,2317.455,2318.375,2309.435,2312.625,4.03783
2024-04-30 12:00:00+00:00,2312.605,2313.355,2293.018,2295.835,14.351425
2024-04-30 16:00:00+00:00,2295.845,2299.235,2289.205,2290.655,6.09682
2024-04-30 20:00:00+00:00,2290.625,2293.405,2284.975,2291.265,1.77648
2024-05-01 00:00:00+00:00,2291.185,2292.765,2282.745,2284.075,3.54791
2024-05-01 04:00:00+00:00,2284.025,2289.695,2281.515,2285.725,4.62873
2024-05-01 08:00:00+00:00,2285.725,2296.975,2283.695,2294.445,6.57308
2024-05-01 12:00:00+00:00,2294.445,2310.325,2294.028,2307.128,23.23553
2024-05-01 16:00:00+00:00,2307.215,2328.225,2295.445,2309.675,19.856426
2024-05-01 20:00:00+00:00,2309.795,2324.685,2306.948,2323.638,4.10772
2024-05-02 00:00:00+00:00,2323.678,2326.325,2317.205,2319.395,3.36818
2024-05-02 04:00:00+00:00,2319.475,2320.875,2308.025,2309.115,6.34817
2024-05-02 08:00:00+00:00,2309.225,2310.915,2295.065,2298.878,8.32786
2024-05-02 12:00:00+00:00,2298.824,2306.825,2285.358,2299.773,20.71091
2024-05-02 16:00:00+00:00,2299.805,2309.335,2297.805,2302.795,11.43369
2024-05-02 20:00:00+00:00,2302.748,2305.545,2300.535,2304.115,1.67676
2024-05-03 00:00:00+00:00,2304.115,2306.208,2299.725,2302.345,3.65782
2024-05-03 04:00:00+00:00,2302.365,2308.615,2297.675,2299.078,4.08204
2024-05-03 08:00:00+00:00,2299.105,2303.055,2296.265,2298.215,4.03901
2024-05-03 12:00:00+00:00,2298.195,2320.548,2277.165,2293.598,32.7454
2024-05-03 16:00:00+00:00,2293.608,2302.985,2292.735,2301.268,10.01364
2024-05-03 20:00:00+00:00,2301.255,2303.235,2300.545,2301.175,1.17578
2024-05-05 20:00:00+00:00,2304.655,2305.855,2293.185,2293.875,2.06374
2024-05-06 00:00:00+00:00,2293.875,2315.215,2291.645,2309.215,10.10903
2024-05-06 04:00:00+00:00,2309.215,2324.045,2308.015,2322.645,9.99114
2024-05-06 08:00:00+00:00,2322.645,2322.965,2315.485,2318.165,8.65044
2024-05-06 12:00:00+00:00,2318.145,2331.988,2314.485,2324.665,17.16591
2024-05-06 16:00:00+00:00,2324.655,2327.278,2317.565,2324.915,9.80918
2024-05-06 20:00:00+00:00,2324.874,2328.795,2322.095,2325.935,2.0105
2024-05-07 00:00:00+00:00,2325.975,2329.788,2319.568,2324.775,4.68916
2024-05-07 04:00:00+00:00,2324.795,2324.925,2317.635,2319.195,5.61613
2024-05-07 08:00:00+00:00,2319.185,2319.755,2311.608,2312.245,9.0359
2024-05-07 12:00:00+00:00,2312.215,2323.528,2309.818,2314.655,12.85442
2024-05-07 16:00:00+00:00,2314.685,2317.295,2310.955,2314.555,7.88933
2024-05-07 20:00:00+00:00,2314.555,2316.715,2312.628,2315.105,1.89577
2024-05-08 00:00:00+00:00,2315.125,2318.045,2306.875,2316.925,4.182
2024-05-08 04:00:00+00:00,2316.975,2321.345,2305.115,2305.505,3.84188
2024-05-08 08:00:00+00:00,2305.505,2317.938,2303.555,2314.595,4.15524
2024-05-08 12:00:00+00:00,2314.575,2320.265,2306.685,2320.265,10.38777
2024-05-08 16:00:00+00:00,2320.265,2320.945,2307.855,2308.005,4.20371
2024-05-08 20:00:00+00:00,2308.125,2310.815,2307.755,2308.695,0.93202
2024-05-09 00:00:00+00:00,2308.795,2312.948,2307.738,2312.235,3.66621
2024-05-09 04:00:00+00:00,2312.065,2319.638,2307.555,2309.215,6.24994
2024-05-09 08:00:00+00:00,2309.205,2316.524,2306.615,2315.818,7.46466
2024-05-09 12:00:00+00:00,2315.778,2338.665,2311.968,2330.275,23.40368
2024-05-09 16:00:00+00:00,2330.315,2343.975,2329.075,2343.675,9.74036
2024-05-09 20:00:00+00:00,2343.654,2348.245,2342.965,2346.404,2.81093
2024-05-10 00:00:00+00:00,2346.495,2355.674,2345.865,2353.255,6.88268
2024-05-10 04:00:00+00:00,2353.285,2370.225,2351.115,2366.535,7.61225
2024-05-10 08:00:00+00:00,2366.535,2378.365,2365.725,2372.075,7.9614
2024-05-10 12:00:00+00:00,2371.995,2375.648,2356.495,2364.755,19.6046
2024-05-10 16:00:00+00:00,2364.755,2370.815,2361.585,2363.295,8.87678
2024-05-10 20:00:00+00:00,2363.315,2364.945,2359.605,2360.175,0.68759
2024-05-12 20:00:00+00:00,2362.895,2363.995,2359.625,2360.278,1.1551
2024-05-13 00:00:00+00:00,2360.325,2364.355,2354.715,2356.958,7.03883
2024-05-13 04:00:00+00:00,2356.925,2356.925,2346.395,2348.518,4.25768
2024-05-13 08:00:00+00:00,2348.518,2350.258,2338.325,2344.475,5.968785
2024-05-13 12:00:00+00:00,2344.364,2349.678,2331.985,2335.778,17.917785
2024-05-13 16:00:00+00:00,2335.765,2338.408,2334.385,2337.248,7.57213
2024-05-13 20:00:00+00:00,2337.248,2339.195,2334.935,2338.275,0.84006
2024-05-14 00:00:00+00:00,2338.275,2344.385,2334.695,2343.008,3.50077
2024-05-14 04:00:00+00:00,2342.975,2345.798,2335.985,2339.085,4.53947
2024-05-14 08:00:00+00:00,2339.135,2348.108,2337.695,2343.415,9.99381
2024-05-14 12:00:00+00:00,2343.415,2356.935,2336.395,2347.848,24.24257
2024-05-14 16:00:00+00:00,2347.838,2359.558,2346.205,2356.505,7.80267
2024-05-14 20:00:00+00:00,2356.585,2358.378,2354.975,2355.695,1.33992
2024-05-15 00:00:00+00:00,2355.695,2360.895,2354.774,2360.238,5.27738
2024-05-15 04:00:00+00:00,2360.238,2364.838,2355.575,2362.315,8.7624
2024-05-15 08:00:00+00:00,2362.315,2374.175,2361.915,2362.668,11.56301
2024-05-15 12:00:00+00:00,2362.625,2385.665,2351.735,2377.488,23.66133
2024-05-15 16:00:00+00:00,2377.518,2390.188,2376.975,2386.305,10.66036
2024-05-15 20:00:00+00:00,2386.295,2391.815,2385.065,2391.715,1.44656
2024-05-16 00:00:00+00:00,2391.755,2397.275,2386.415,2388.595,7.80724
2024-05-16 04:00:00+00:00,2388.595,2394.388,2384.545,2389.205,6.945132
2024-05-16 08:00:00+00:00,2389.185,2391.255,2380.805,2384.508,6.35234
2024-05-16 12:00:00+00:00,2384.485,2386.125,2370.845,2381.428,19.006005
2024-05-16 16:00:00+00:00,2381.415,2383.645,2377.704,2378.045,9.72776
2024-05-16 20:00:00+00:00,2378.085,2379.585,2375.788,2377.705,0.97441
2024-05-17 00:00:00+00:00,2377.785,2381.095,2373.788,2377.755,5.25027
2024-05-17 04:00:00+00:00,2377.765,2387.668,2376.515,2383.748,6.57235
2024-05-17 08:00:00+00:00,2383.748,2390.028,2381.185,2389.685,7.1697
2024-05-17 12:00:00+00:00,2389.685,2418.988,2386.755,2407.615,20.82393
2024-05-17 16:00:00+00:00,2407.675,2419.055,2405.625,2416.358,9.11225
2024-05-17 20:00:00+00:00,2416.365,2422.575,2413.298,2414.525,1.23369
2024-05-19 20:00:00+00:00,2417.098,2425.195,2416.715,2420.185,1.47836
2024-05-20 00:00:00+00:00,2420.185,2440.465,2416.415,2437.518,8.62766
2024-05-20 04:00:00+00:00,2437.488,2449.985,2431.848,2442.108,10.67099
2024-05-20 08:00:00+00:00,2442.075,2447.015,2427.525,2430.495,8.95219
2024-05-20 12:00:00+00:00,2430.435,2430.695,2407.145,2424.808,22.48604
2024-05-20 16:00:00+00:00,2424.768,2437.205,2422.365,2426.648,12.28906
2024-05-20 20:00:00+00:00,2426.825,2430.435,2423.195,2426.105,1.66436
2024-05-21 00:00:00+00:00,2426.115,2432.955,2406.158,2413.665,9.8552
2024-05-21 04:00:00+00:00,2413.645,2422.075,2408.484,2419.185,7.95815
2024-05-21 08:00:00+00:00,2419.235,2423.628,2412.058,2423.325,8.11748
2024-05-21 12:00:00+00:00,2423.325,2433.838,2419.915,2423.275,23.22186
2024-05-21 16:00:00+00:00,2423.255,2424.928,2417.238,2423.228,9.42221
2024-05-21 20:00:00+00:00,2423.225,2423.338,2420.258,2421.494,1.67504
2024-05-22 00:00:00+00:00,2421.564,2426.344,2412.224,2413.904,10.8445
2024-05-22 04:00:00+00:00,2413.914,2418.314,2411.214,2417.024,18.68231
2024-05-22 08:00:00+00:00,2417.034,2419.195,2404.648,2408.665,9.93958
2024-05-22 12:00:00+00:00,2408.645,2414.968,2382.105,2391.918,24.18015
2024-05-22 16:00:00+00:00,2391.895,2394.915,2374.855,2379.108,13.43527
2024-05-22 20:00:00+00:00,2379.058,2382.635,2377.315,2382.105,2.37125
2024-05-23 00:00:00+00:00,2382.115,2383.605,2366.628,2372.365,9.03615
2024-05-23 04:00:00+00:00,2372.315,2373.808,2354.855,2355.955,12.14089
2024-05-23 08:00:00+00:00,2355.955,2369.315,2355.005,2367.945,13.21078
2024-05-23 12:00:00+00:00,2367.908,2369.705,2340.175,2346.018,25.88954
2024-05-23 16:00:00+00:00,2346.048,2350.055,2330.845,2331.418,12.591015
2024-05-23 20:00:00+00:00,2331.395,2333.515,2326.848,2331.908,1.89616
2024-05-24 00:00:00+00:00,2331.908,2335.058,2325.265,2330.495,6.45742
2024-05-24 04:00:00+00:00,2330.495,2340.495,2330.355,2337.618,5.48391
2024-05-24 08:00:00+00:00,2337.608,2343.735,2335.975,2338.108,7.44067
2024-05-24 12:00:00+00:00,2338.108,2347.325,2332.255,2334.475,11.91708
2024-05-24 16:00:00+00:00,2334.495,2336.868,2331.765,2333.658,5.98914
2024-05-24 20:00:00+00:00,2333.815,2335.028,2333.075,2333.405,0.51657
2024-05-26 20:00:00+00:00,2336.365,2340.588,2332.125,2337.105,1.25061
2024-05-27 00:00:00+00:00,2337.135,2347.485,2334.328,2345.905,4.32614
2024-05-27 04:00:00+00:00,2345.885,2345.948,2337.975,2338.458,5.7607
2024-05-27 08:00:00+00:00,2338.555,2346.085,2338.055,2344.975,8.09849
2024-05-27 12:00:00+00:00,2344.975,2358.388,2343.575,2352.328,15.43915
2024-05-27 16:00:00+00:00,2352.285,2355.445,2350.498,2350.754,4.07402
2024-05-27 20:00:00+00:00,2351.098,2353.765,2350.945,2352.365,0.75262
2024-05-28 00:00:00+00:00,2352.365,2356.228,2349.015,2350.788,5.36095
2024-05-28 04:00:00+00:00,2350.745,2353.625,2341.235,2343.975,5.94395
2024-05-28 08:00:00+00:00,2343.935,2348.348,2340.155,2347.348,5.86633
2024-05-28 12:00:00+00:00,2347.294,2363.975,2345.815,2360.188,16.27902
2024-05-28 16:00:00+00:00,2360.155,2362.105,2352.685,2358.108,9.05023
2024-05-28 20:00:00+00:00,2358.055,2362.105,2357.705,2359.685,2.04386
2024-05-29 00:00:00+00:00,2359.495,2360.915,2354.288,2358.045,5.99438
2024-05-29 04:00:00+00:00,2358.075,2361.275,2349.925,2350.425,6.26857
2024-05-29 08:00:00+00:00,2350.405,2351.715,2338.435,2341.585,8.74103
2024-05-29 12:00:00+00:00,2341.495,2347.065,2334.438,2339.048,13.61636
2024-05-29 16:00:00+00:00,2339.038,2344.198,2335.895,2336.648,7.8603
2024-05-29 20:00:00+00:00,2336.675,2339.105,2335.785,2338.285,1.92913
2024-05-30 00:00:00+00:00,2338.235,2339.758,2327.885,2334.268,8.31734
2024-05-30 04:00:00+00:00,2334.255,2337.588,2322.458,2334.255,8.263921
2024-05-30 08:00:00+00:00,2334.355,2340.795,2330.455,2335.748,8.7866
2024-05-30 12:00:00+00:00,2335.745,2351.698,2331.895,2343.738,20.32799
2024-05-30 16:00:00+00:00,2343.738,2348.755,2339.795,2341.428,7.27394
2024-05-30 20:00:00+00:00,2341.425,2346.275,2341.335,2343.864,1.88719
2024-05-31 00:00:00+00:00,2343.865,2347.608,2336.845,2343.595,6.90583
2024-05-31 04:00:00+00:00,2343.595,2346.945,2339.825,2340.295,6.93094
2024-05-31 08:00:00+00:00,2340.315,2344.785,2339.615,2343.725,5.12592
2024-05-31 12:00:00+00:00,2343.705,2359.598,2327.625,2329.978,22.92917
2024-05-31 16:00:00+00:00,2329.925,2336.618,2320.395,2327.588,12.37515
2024-05-31 20:00:00+00:00,2327.525,2330.495,2326.915,2326.995,0.99092
2024-06-02 20:00:00+00:00,2327.425,2329.315,2323.205,2325.748,1.06984
2024-06-03 00:00:00+00:00,2325.795,2331.005,2320.785,2321.285,6.86787
2024-06-03 04:00:00+00:00,2321.335,2328.755,2314.635,2325.845,8.82586
2024-06-03 08:00:00+00:00,2325.845,2333.128,2324.308,2329.868,12.8632
2024-06-03 12:00:00+00:00,2329.868,2345.575,2325.535,2342.675,21.38864
2024-06-03 16:00:00+00:00,2342.675,2354.565,2341.235,2347.588,11.96266
2024-06-03 20:00:00+00:00,2347.555,2352.005,2346.865,2350.488,1.56303
2024-06-04 00:00:00+00:00,2350.485,2352.645,2343.068,2345.578,7.34632
2024-06-04 04:00:00+00:00,2345.578,2351.675,2339.008,2339.585,5.83199
2024-06-04 08:00:00+00:00,2339.605,2339.625,2325.4,2327.865,13.716965
2024-06-04 12:00:00+00:00,2327.865,2337.925,2315.508,2325.968,23.08897
2024-06-04 16:00:00+00:00,2325.955,2330.198,2322.395,2327.128,13.45566
2024-06-04 20:00:00+00:00,2327.115,2328.788,2325.918,2328.668,1.59132
2024-06-05 00:00:00+00:00,2328.678,2337.748,2325.785,2337.048,6.44407
2024-06-05 04:00:00+00:00,2337.048,2341.535,2327.945,2331.485,8.08777
2024-06-05 08:00:00+00:00,2331.465,2335.434,2329.348,2332.435,7.78089
2024-06-05 12:00:00+00:00,2332.435,2357.278,2332.078,2353.575,21.21869
2024-06-05 16:00:00+00:00,2353.615,2356.628,2351.238,2353.928,9.40842
2024-06-05 20:00:00+00:00,2353.958,2357.785,2352.778,2354.935,1.70254
2024-06-06 00:00:00+00:00,2354.935,2374.805,2354.408,2368.328,8.48181
2024-06-06 04:00:00+00:00,2368.328,2371.268,2362.045,2362.785,7.23106
2024-06-06 08:00:00+00:00,2362.755,2363.778,2358.395,2359.705,7.45789
2024-06-06 12:00:00+00:00,2359.665,2378.408,2353.305,2374.128,20.66822
2024-06-06 16:00:00+00:00,2374.128,2376.805,2368.895,2372.428,9.38826
2024-06-06 20:00:00+00:00,2372.425,2378.015,2372.258,2376.718,1.71211
2024-06-07 00:00:00+00:00,2376.675,2381.845,2369.278,2380.085,8.00405
2024-06-07 04:00:00+00:00,2380.025,2387.595,2372.738,2373.445,10.782555
2024-06-07 08:00:00+00:00,2373.415,2373.765,2330.965,2336.485,19.002005
2024-06-07 12:00:00+00:00,2336.468,2339.255,2304.415,2304.918,25.02591
2024-06-07 16:00:00+00:00,2304.905,2314.445,2287.528,2288.195,7.076215
2024-06-07 20:00:00+00:00,2288.115,2294.205,2286.628,2293.415,0.98809
2024-06-09 20:00:00+00:00,2294.415,2300.038,2288.755,2298.328,1.62677
2024-06-10 00:00:00+00:00,2298.315,2301.128,2293.835,2295.178,4.36341
2024-06-10 04:00:00+00:00,2295.178,2297.165,2287.665,2296.405,7.39678
2024-06-10 08:00:00+00:00,2296.405,2305.175,2291.705,2304.975,8.6052
2024-06-10 12:00:00+00:00,2304.975,2308.605,2300.235,2307.228,11.77972
2024-06-10 16:00:00+00:00,2307.525,2313.655,2306.855,2308.638,6.62662
2024-06-10 20:00:00+00:00,2308.645,2312.385,2308.395,2309.798,1.27611
2024-06-11 00:00:00+00:00,2309.825,2311.835,2298.625,2303.528,8.13955
2024-06-11 04:00:00+00:00,2303.515,2305.325,2297.595,2304.425,6.93954
2024-06-11 08:00:00+00:00,2304.445,2308.738,2301.425,2307.545,7.92977
2024-06-11 12:00:00+00:00,2307.515,2319.865,2307.505,2310.018,17.877465
2024-06-11 16:00:00+00:00,2310.018,2315.605,2305.795,2315.218,7.22613
2024-06-11 20:00:00+00:00,2315.248,2317.508,2313.835,2315.008,1.73959
2024-06-12 00:00:00+00:00,2315.055,2316.625,2310.584,2313.915,6.80358
2024-06-12 04:00:00+00:00,2313.915,2317.645,2311.025,2314.445,5.56256
2024-06-12 08:00:00+00:00,2314.445,2315.628,2310.665,2312.828,5.90731
2024-06-12 12:00:00+00:00,2312.745,2341.495,2311.465,2335.475,30.0361
2024-06-12 16:00:00+00:00,2335.475,2339.408,2315.755,2321.215,21.95286
2024-06-12 20:00:00+00:00,2321.235,2325.398,2320.145,2320.448,2.53487
2024-06-13 00:00:00+00:00,2320.445,2322.815,2307.985,2314.138,7.94387
2024-06-13 04:00:00+00:00,2314.085,2318.525,2308.855,2316.905,6.19379
2024-06-13 08:00:00+00:00,2317.005,2319.855,2303.845,2306.948,10.37369
2024-06-13 12:00:00+00:00,2306.935,2326.495,2297.645,2298.858,29.62491
2024-06-13 16:00:00+00:00,2298.795,2304.865,2295.395,2303.328,14.33329
2024-06-13 20:00:00+00:00,2303.305,2304.238,2301.648,2302.208,1.75234
2024-06-14 00:00:00+00:00,2302.145,2308.575,2301.415,2305.358,6.35985
2024-06-14 04:00:00+00:00,2305.338,2316.548,2303.385,2315.215,9.27561
2024-06-14 08:00:00+00:00,2315.215,2336.575,2314.675,2331.885,14.159
2024-06-14 12:00:00+00:00,2331.885,2335.358,2323.945,2325.985,18.23324
2024-06-14 16:00:00+00:00,2326.055,2335.455,2325.325,2332.348,6.75643
2024-06-14 20:00:00+00:00,2332.294,2332.898,2330.888,2332.184,0.60188
2024-06-16 20:00:00+00:00,2331.098,2332.488,2327.228,2328.748,1.677
2024-06-17 00:00:00+00:00,2328.748,2328.815,2321.375,2324.268,6.48966
2024-06-17 04:00:00+00:00,2324.255,2326.128,2315.365,2316.848,8.45794
2024-06-17 08:00:00+00:00,2316.835,2322.535,2316.318,2318.078,7.69804
2024-06-17 12:00:00+00:00,2318.055,2327.495,2309.895,2312.455,11.81585
2024-06-17 16:00:00+00:00,2312.455,2320.475,2312.455,2320.075,6.2269
2024-06-17 20:00:00+00:00,2320.068,2321.088,2318.098,2320.545,1.06318
2024-06-18 00:00:00+00:00,2320.545,2325.535,2319.108,2324.348,5.49007
2024-06-18 04:00:00+00:00,2324.338,2324.688,2314.865,2315.398,5.04964
2024-06-18 08:00:00+00:00,2315.364,2315.364,2306.465,2313.275,6.960795
2024-06-18 12:00:00+00:00,2313.275,2329.685,2311.355,2326.758,17.6556
2024-06-18 16:00:00+00:00,2326.768,2333.008,2326.365,2329.158,10.19307
2024-06-18 20:00:00+00:00,2329.215,2330.485,2327.308,2328.195,0.9773
2024-06-19 00:00:00+00:00,2328.215,2331.635,2326.348,2328.145,4.26308
2024-06-19 04:00:00+00:00,2328.145,2332.555,2326.675,2331.725,4.97922
2024-06-19 08:00:00+00:00,2331.725,2334.868,2325.715,2330.325,6.01384
2024-06-19 12:00:00+00:00,2330.335,2332.835,2323.984,2329.678,8.3847
2024-06-19 16:00:00+00:00,2329.698,2331.278,2327.425,2327.695,1.8255
2024-06-19 20:00:00+00:00,2327.865,2330.515,2327.865,2329.265,0.58043
2024-06-20 00:00:00+00:00,2329.285,2338.878,2327.628,2333.805,6.04542
2024-06-20 04:00:00+00:00,2333.825,2345.555,2333.645,2338.498,8.43012
2024-06-20 08:00:00+00:00,2338.485,2341.268,2331.475,2339.205,8.52025
2024-06-20 12:00:00+00:00,2339.198,2365.375,2335.205,2353.595,19.07867
2024-06-20 16:00:00+00:00,2353.585,2360.968,2352.705,2358.828,6.88466
2024-06-20 20:00:00+00:00,2358.858,2360.965,2357.978,2360.715,1.6915
2024-06-21 00:00:00+00:00,2360.728,2364.685,2356.998,2362.018,6.97028
2024-06-21 04:00:00+00:00,2362.035,2365.485,2354.995,2362.835,7.66029
2024-06-21 08:00:00+00:00,2362.835,2368.558,2361.178,2366.158,9.2552
2024-06-21 12:00:00+00:00,2366.125,2367.978,2323.165,2327.828,21.076414
2024-06-21 16:00:00+00:00,2327.828,2329.195,2316.588,2322.068,6.63308
2024-06-21 20:00:00+00:00,2322.038,2322.578,2320.685,2321.755,0.51431
2024-06-23 20:00:00+00:00,2322.775,2322.775,2317.575,2319.085,0.99617
2024-06-24 00:00:00+00:00,2318.995,2326.578,2317.818,2325.335,8.1407
2024-06-24 04:00:00+00:00,2325.365,2331.688,2321.215,2330.678,7.24961
2024-06-24 08:00:00+00:00,2330.645,2332.688,2320.625,2326.098,8.6306
2024-06-24 12:00:00+00:00,2326.095,2333.765,2323.205,2327.528,15.04448
2024-06-24 16:00:00+00:00,2327.508,2334.588,2326.758,2331.578,9.75071
2024-06-24 20:00:00+00:00,2331.675,2334.595,2330.105,2330.755,1.29596
2024-06-25 00:00:00+00:00,2330.815,2330.835,2323.035,2323.985,5.80147
2024-06-25 04:00:00+00:00,2323.985,2330.018,2322.608,2324.745,8.65371
2024-06-25 08:00:00+00:00,2324.695,2337.018,2322.785,2329.975,10.76401
2024-06-25 12:00:00+00:00,2329.965,2330.345,2315.455,2324.585,18.240895
2024-06-25 16:00:00+00:00,2324.645,2324.935,2315.405,2319.698,8.87399
2024-06-25 20:00:00+00:00,2319.698,2321.215,2317.885,2319.898,2.01755
2024-06-26 00:00:00+00:00,2319.845,2323.738,2310.455,2317.125,8.63002
2024-06-26 04:00:00+00:00,2317.115,2318.105,2309.608,2315.985,6.65997
2024-06-26 08:00:00+00:00,2315.985,2318.285,2304.265,2312.918,12.46273
2024-06-26 12:00:00+00:00,2312.925,2317.728,2293.464,2299.938,15.70599
2024-06-26 16:00:00+00:00,2299.895,2302.928,2296.835,2298.575,8.33192
2024-06-26 20:00:00+00:00,2298.665,2299.148,2296.615,2298.258,1.54336
2024-06-27 00:00:00+00:00,2298.288,2300.025,2296.635,2298.858,5.93718
2024-06-27 04:00:00+00:00,2298.835,2303.335,2296.425,2302.215,7.29226
2024-06-27 08:00:00+00:00,2302.205,2317.758,2301.935,2316.928,9.9234
2024-06-27 12:00:00+00:00,2316.928,2330.825,2315.985,2327.365,18.88156
2024-06-27 16:00:00+00:00,2327.378,2328.198,2322.355,2325.968,7.44201
2024-06-27 20:00:00+00:00,2325.955,2328.445,2325.395,2327.588,1.17321
2024-06-28 00:00:00+00:00,2327.618,2328.185,2318.905,2321.638,8.09824
2024-06-28 04:00:00+00:00,2321.635,2328.748,2319.645,2327.078,6.99351
2024-06-28 08:00:00+00:00,2327.145,2337.068,2326.355,2333.798,7.23572
2024-06-28 12:00:00+00:00,2333.798,2339.635,2322.745,2328.475,21.22415
2024-06-28 16:00:00+00:00,2328.515,2332.618,2322.918,2324.938,8.09647
2024-06-28 20:00:00+00:00,2324.928,2326.675,2322.735,2326.275,0.81309
2024-06-30 20:00:00+00:00,2326.315,2326.775,2322.505,2324.825,1.04375
2024-07-01 00:00:00+00:00,2324.815,2328.425,2322.065,2324.608,5.18582
2024-07-01 04:00:00+00:00,2324.578,2328.865,2318.395,2323.638,6.48967
2024-07-01 08:00:00+00:00,2323.514,2338.118,2321.775,2338.065,10.2095
2024-07-01 12:00:00+00:00,2338.115,2338.388,2319.125,2327.698,16.93947
2024-07-01 16:00:00+00:00,2327.728,2331.768,2326.575,2330.908,7.39892
2024-07-01 20:00:00+00:00,2330.955,2332.595,2330.775,2332.138,1.15061
2024-07-02 00:00:00+00:00,2332.095,2334.208,2325.628,2325.888,5.19967
2024-07-02 04:00:00+00:00,2325.898,2331.645,2323.198,2330.688,6.32175
2024-07-02 08:00:00+00:00,2330.688,2332.325,2319.895,2320.585,9.80999
2024-07-02 12:00:00+00:00,2320.675,2336.668,2318.945,2324.618,16.57661
2024-07-02 16:00:00+00:00,2324.638,2331.318,2320.818,2330.778,7.64744
2024-07-02 20:00:00+00:00,2330.785,2331.308,2328.625,2330.138,1.46274
2024-07-03 00:00:00+00:00,2330.115,2332.378,2326.685,2331.598,4.03673
2024-07-03 04:00:00+00:00,2331.598,2347.074,2331.598,2345.275,8.29905
2024-07-03 08:00:00+00:00,2345.225,2349.418,2342.015,2345.308,8.74672
2024-07-03 12:00:00+00:00,2345.305,2364.795,2344.815,2362.945,19.99049
2024-07-03 16:00:00+00:00,2362.945,2363.055,2353.585,2354.218,6.73326
2024-07-03 20:00:00+00:00,2354.218,2359.455,2354.115,2358.675,1.00274
2024-07-04 00:00:00+00:00,2358.725,2362.385,2356.365,2357.965,5.73427
2024-07-04 04:00:00+00:00,2357.965,2359.485,2350.364,2357.445,5.80521
2024-07-04 08:00:00+00:00,2357.435,2359.888,2355.415,2358.368,4.80448
2024-07-04 12:00:00+00:00,2358.365,2361.758,2355.355,2357.318,6.96466
2024-07-04 16:00:00+00:00,2357.305,2359.028,2356.035,2356.555,1.84199
2024-07-04 20:00:00+00:00,2356.615,2357.605,2354.115,2356.655,0.82082
2024-07-05 00:00:00+00:00,2356.655,2363.018,2355.908,2361.655,5.98927
2024-07-05 04:00:00+00:00,2361.655,2367.345,2361.238,2365.115,6.99997
2024-07-05 08:00:00+00:00,2365.115,2367.955,2361.715,2365.725,6.95277
2024-07-05 12:00:00+00:00,2365.725,2388.308,2347.515,2384.595,21.122
2024-07-05 16:00:00+00:00,2384.615,2392.815,2383.845,2388.668,11.25272
2024-07-05 20:00:00+00:00,2388.668,2391.518,2388.125,2390.705,0.60853
2024-07-07 20:00:00+00:00,2385.498,2390.008,2384.625,2385.938,1.70114
2024-07-08 00:00:00+00:00,2385.915,2390.935,2380.535,2382.805,6.4872
2024-07-08 04:00:00+00:00,2382.835,2386.645,2376.538,2377.778,6.86635
2024-07-08 08:00:00+00:00,2377.755,2378.695,2368.175,2375.238,8.95347
2024-07-08 12:00:00+00:00,2375.248,2379.405,2350.945,2355.385,17.34221
2024-07-08 16:00:00+00:00,2355.385,2359.748,2350.915,2359.105,8.80603
2024-07-08 20:00:00+00:00,2359.125,2361.955,2357.908,2361.655,1.19939
2024-07-09 00:00:00+00:00,2361.645,2367.825,2360.378,2367.548,5.295617
2024-07-09 04:00:00+00:00,2367.568,2368.658,2358.265,2358.875,5.17108
2024-07-09 08:00:00+00:00,2358.875,2365.515,2357.455,2360.498,6.06853
2024-07-09 12:00:00+00:00,2360.498,2371.358,2349.455,2361.958,16.867275
2024-07-09 16:00:00+00:00,2361.958,2365.535,2356.425,2363.448,9.66601
2024-07-09 20:00:00+00:00,2363.408,2365.955,2362.091,2364.918,1.23829
2024-07-10 00:00:00+00:00,2364.828,2370.165,2363.168,2368.065,5.10533
2024-07-10 04:00:00+00:00,2368.068,2374.885,2366.505,2372.525,7.73181
2024-07-10 08:00:00+00:00,2372.528,2378.238,2371.358,2378.218,6.76917
2024-07-10 12:00:00+00:00,2378.235,2386.548,2373.848,2378.728,14.9531
2024-07-10 16:00:00+00:00,2378.728,2381.238,2369.785,2371.708,6.881173
2024-07-10 20:00:00+00:00,2371.678,2372.775,2370.235,2372.694,0.9475
2024-07-11 00:00:00+00:00,2372.708,2380.108,2371.375,2378.648,4.81313
2024-07-11 04:00:00+00:00,2378.638,2383.125,2378.375,2379.828,7.69296
2024-07-11 08:00:00+00:00,2379.795,2384.465,2378.945,2380.705,9.268
2024-07-11 12:00:00+00:00,2380.695,2424.395,2377.668,2417.268,34.91635
2024-07-11 16:00:00+00:00,2417.278,2419.128,2409.865,2414.018,10.96327
2024-07-11 20:00:00+00:00,2413.975,2415.995,2410.995,2415.875,2.77785
2024-07-12 00:00:00+00:00,2415.875,2416.165,2406.558,2408.658,7.58978
2024-07-12 04:00:00+00:00,2408.638,2409.965,2400.165,2404.055,10.08924
2024-07-12 08:00:00+00:00,2404.045,2408.148,2398.195,2401.645,7.273974
2024-07-12 12:00:00+00:00,2401.675,2413.635,2391.325,2411.618,18.52316
2024-07-12 16:00:00+00:00,2411.595,2418.128,2411.595,2412.738,8.57764
2024-07-12 20:00:00+00:00,2412.695,2412.695,2410.534,2410.534,0.50825
2024-07-14 20:00:00+00:00,2412.455,2414.855,2405.525,2408.545,1.44533
2024-07-15 00:00:00+00:00,2408.575,2411.848,2404.815,2411.508,7.10906
2024-07-15 04:00:00+00:00,2411.465,2413.815,2401.225,2407.825,8.702585
2024-07-15 08:00:00+00:00,2407.805,2420.178,2406.835,2418.115,9.4858
2024-07-15 12:00:00+00:00,2418.155,2437.355,2411.385,2433.198,20.68757
2024-07-15 16:00:00+00:00,2433.164,2439.628,2419.665,2421.008,9.71582
2024-07-15 20:00:00+00:00,2420.985,2422.618,2420.575,2422.435,1.38141
2024-07-16 00:00:00+00:00,2422.435,2431.368,2419.835,2428.518,7.88375
2024-07-16 04:00:00+00:00,2428.495,2439.205,2424.955,2436.845,9.91606
2024-07-16 08:00:00+00:00,2436.875,2443.345,2433.488,2439.445,10.75428
2024-07-16 12:00:00+00:00,2439.425,2465.128,2429.285,2463.048,22.00817
2024-07-16 16:00:00+00:00,2463.048,2468.588,2457.754,2468.488,10.81522
2024-07-16 20:00:00+00:00,2468.505,2469.865,2466.135,2468.175,2.39532
2024-07-17 00:00:00+00:00,2468.148,2482.325,2463.878,2471.615,10.55175
2024-07-17 04:00:00+00:00,2471.645,2474.275,2461.718,2474.115,11.96459
2024-07-17 08:00:00+00:00,2474.095,2478.755,2466.578,2469.988,12.74304
2024-07-17 12:00:00+00:00,2469.988,2483.548,2457.925,2463.375,21.313574
2024-07-17 16:00:00+00:00,2463.385,2464.918,2451.425,2457.928,9.23122
2024-07-17 20:00:00+00:00,2457.928,2461.728,2457.178,2461.215,3.20902
2024-07-18 00:00:00+00:00,2461.215,2468.775,2457.225,2467.928,8.18305
2024-07-18 04:00:00+00:00,2467.928,2474.805,2464.475,2471.825,9.12543
2024-07-18 08:00:00+00:00,2471.815,2473.595,2461.415,2464.388,10.94743
2024-07-18 12:00:00+00:00,2464.365,2469.775,2457.495,2461.208,19.58322
2024-07-18 16:00:00+00:00,2461.208,2461.948,2440.195,2442.865,10.040159
2024-07-18 20:00:00+00:00,2442.935,2445.705,2441.148,2441.148,2.11133
2024-07-19 00:00:00+00:00,2441.148,2441.218,2420.315,2428.578,10.00857
2024-07-19 04:00:00+00:00,2428.585,2429.175,2412.748,2418.065,8.57148
2024-07-19 08:00:00+00:00,2418.065,2421.525,2408.375,2409.905,7.30505
2024-07-19 12:00:00+00:00,2409.925,2410.095,2393.675,2405.275,18.97183
2024-07-19 16:00:00+00:00,2405.275,2405.865,2395.515,2398.548,7.85731
2024-07-19 20:00:00+00:00,2398.625,2401.365,2397.655,2400.485,0.59558
2024-07-21 20:00:00+00:00,2401.298,2411.815,2400.875,2411.435,2.41754
2024-07-22 00:00:00+00:00,2411.435,2412.035,2403.145,2406.628,7.97702
2024-07-22 04:00:00+00:00,2406.625,2407.175,2398.825,2402.408,9.96047
2024-07-22 08:00:00+00:00,2402.455,2408.268,2397.938,2397.958,8.59927
2024-07-22 12:00:00+00:00,2397.935,2400.005,2383.715,2386.168,17.540305
2024-07-22 16:00:00+00:00,2386.145,2399.998,2385.975,2398.978,7.91994
2024-07-22 20:00:00+00:00,2398.885,2399.388,2394.675,2395.565,1.14041
2024-07-23 00:00:00+00:00,2395.555,2403.875,2395.385,2398.185,8.14475
2024-07-23 04:00:00+00:00,2398.185,2399.465,2388.135,2397.745,11.31626
2024-07-23 08:00:00+00:00,2397.775,2411.908,2396.215,2407.458,13.25185
2024-07-23 12:00:00+00:00,2407.455,2409.135,2399.425,2405.338,19.66385
2024-07-23 16:00:00+00:00,2405.308,2408.945,2402.518,2407.498,9.10429
2024-07-23 20:00:00+00:00,2407.498,2409.885,2405.268,2408.408,1.73982
2024-07-24 00:00:00+00:00,2408.408,2418.228,2404.795,2416.375,9.45812
2024-07-24 04:00:00+00:00,2416.375,2419.105,2411.505,2414.475,11.55577
2024-07-24 08:00:00+00:00,2414.454,2417.658,2409.665,2417.345,9.837755
2024-07-24 12:00:00+00:00,2417.378,2431.945,2413.555,2424.668,17.80023
2024-07-24 16:00:00+00:00,2424.655,2424.798,2398.268,2398.348,7.827405
2024-07-24 20:00:00+00:00,2398.405,2401.045,2392.895,2398.595,3.20588
2024-07-25 00:00:00+00:00,2398.645,2399.935,2366.625,2374.598,17.77397
2024-07-25 04:00:00+00:00,2374.598,2378.605,2365.725,2373.898,12.23093
2024-07-25 08:00:00+00:00,2373.865,2382.485,2367.935,2368.415,13.44752
2024-07-25 12:00:00+00:00,2368.435,2376.925,2357.918,2362.998,21.74767
2024-07-25 16:00:00+00:00,2362.985,2365.425,2353.005,2362.438,7.98811
2024-07-25 20:00:00+00:00,2362.415,2365.295,2359.255,2363.635,2.10974
2024-07-26 00:00:00+00:00,2363.685,2379.265,2355.728,2371.605,7.71177
2024-07-26 04:00:00+00:00,2371.625,2375.145,2365.098,2371.375,6.98834
2024-07-26 08:00:00+00:00,2371.485,2375.635,2369.235,2373.105,5.87105
2024-07-26 12:00:00+00:00,2373.105,2390.655,2370.898,2385.048,17.50971
2024-07-26 16:00:00+00:00,2385.098,2390.228,2381.015,2386.205,6.92202
2024-07-26 20:00:00+00:00,2386.345,2388.658,2385.315,2386.765,0.84808
2024-07-28 20:00:00+00:00,2387.645,2402.995,2387.115,2396.875,2.92847
2024-07-29 00:00:00+00:00,2396.935,2402.395,2388.528,2394.445,10.42507
2024-07-29 04:00:00+00:00,2394.445,2396.108,2389.355,2391.468,9.90747
2024-07-29 08:00:00+00:00,2391.468,2395.275,2386.738,2387.645,6.97398
2024-07-29 12:00:00+00:00,2387.655,2396.585,2369.518,2376.698,16.24803
2024-07-29 16:00:00+00:00,2376.815,2385.305,2374.405,2382.998,8.53456
2024-07-29 20:00:00+00:00,2382.924,2384.825,2380.775,2380.988,1.2139
2024-07-30 00:00:00+00:00,2381.095,2385.878,2376.358,2385.638,6.63386
2024-07-30 04:00:00+00:00,2385.668,2391.915,2385.565,2390.218,9.34983
2024-07-30 08:00:00+00:00,2390.168,2392.295,2386.835,2386.938,9.24217
2024-07-30 12:00:00+00:00,2387.035,2397.648,2383.265,2385.205,17.84453
2024-07-30 16:00:00+00:00,2385.235,2410.798,2384.915,2406.978,12.56288
2024-07-30 20:00:00+00:00,2406.905,2412.705,2406.884,2409.675,3.18987
2024-07-31 00:00:00+00:00,2409.715,2418.895,2403.765,2416.325,11.3651
2024-07-31 04:00:00+00:00,2416.305,2425.355,2414.285,2417.015,10.23463
2024-07-31 08:00:00+00:00,2417.015,2423.118,2415.315,2419.445,9.46922
2024-07-31 12:00:00+00:00,2419.465,2428.918,2417.225,2423.008,17.3014
2024-07-31 16:00:00+00:00,2422.945,2450.745,2421.394,2449.748,15.24324
2024-07-31 20:00:00+00:00,2449.714,2450.848,2444.128,2445.638,2.72277
2024-08-01 00:00:00+00:00,2445.615,2458.295,2437.218,2442.598,13.61915
2024-08-01 04:00:00+00:00,2442.585,2448.748,2439.828,2440.185,17.07917
2024-08-01 08:00:00+00:00,2440.118,2442.875,2430.075,2440.658,10.58158
2024-08-01 12:00:00+00:00,2440.675,2462.125,2440.175,2445.095,26.73693
2024-08-01 16:00:00+00:00,2445.075,2448.635,2434.828,2443.035,13.36846
2024-08-01 20:00:00+00:00,2443.075,2447.468,2441.738,2445.705,3.29358
2024-08-02 00:00:00+00:00,2445.705,2459.335,2434.815,2454.375,13.3889
2024-08-02 04:00:00+00:00,2454.375,2468.285,2454.108,2461.485,16.7605
2024-08-02 08:00:00+00:00,2461.505,2465.225,2457.485,2459.095,13.37198
2024-08-02 12:00:00+00:00,2459.068,2477.494,2410.664,2433.075,28.93315
2024-08-02 16:00:00+00:00,2433.075,2439.124,2422.898,2437.448,10.06556
2024-08-02 20:00:00+00:00,2437.448,2443.815,2435.488,2443.055,1.03412
2024-08-04 20:00:00+00:00,2443.975,2447.345,2437.574,2440.865,4.75568
2024-08-05 00:00:00+00:00,2440.865,2452.395,2413.908,2450.835,14.84142
2024-08-05 04:00:00+00:00,2450.835,2458.655,2422.025,2431.794,28.71561
2024-08-05 08:00:00+00:00,2431.815,2434.335,2383.105,2386.675,28.348735
2024-08-05 12:00:00+00:00,2386.625,2412.074,2364.164,2402.678,30.45001
2024-08-05 16:00:00+00:00,2402.655,2412.995,2398.928,2407.598,15.4778
2024-08-05 20:00:00+00:00,2407.625,2412.405,2404.285,2404.675,3.5177
2024-08-06 00:00:00+00:00,2404.695,2418.215,2404.455,2408.895,13.2844
2024-08-06 04:00:00+00:00,2408.895,2412.535,2394.728,2409.688,15.1284
2024-08-06 08:00:00+00:00,2409.645,2416.195,2408.025,2410.805,14.84747
2024-08-06 12:00:00+00:00,2410.815,2412.095,2381.515,2387.455,26.06525
2024-08-06 16:00:00+00:00,2387.545,2395.885,2385.525,2387.578,9.75302
2024-08-06 20:00:00+00:00,2387.605,2391.675,2382.665,2383.748,3.34932
2024-08-07 00:00:00+00:00,2383.735,2388.295,2378.868,2385.785,16.15404
2024-08-07 04:00:00+00:00,2385.785,2397.445,2385.548,2389.195,18.48385
2024-08-07 08:00:00+00:00,2389.178,2402.185,2388.195,2400.958,17.192292
2024-08-07 12:00:00+00:00,2400.915,2406.858,2391.845,2394.448,22.9742
2024-08-07 16:00:00+00:00,2394.395,2399.635,2383.715,2385.608,17.61751
2024-08-07 20:00:00+00:00,2385.525,2387.218,2380.855,2384.685,3.66748
2024-08-08 00:00:00+00:00,2384.715,2394.588,2383.085,2394.175,9.37001
2024-08-08 04:00:00+00:00,2394.175,2400.645,2392.345,2396.715,9.11221
2024-08-08 08:00:00+00:00,2396.715,2413.475,2392.745,2412.135,10.77924
2024-08-08 12:00:00+00:00,2412.105,2424.195,2402.205,2418.578,25.0555
2024-08-08 16:00:00+00:00,2418.534,2426.178,2415.665,2423.448,14.81598
2024-08-08 20:00:00+00:00,2423.485,2427.848,2422.785,2424.445,2.90425
2024-08-09 00:00:00+00:00,2424.485,2428.845,2419.198,2420.908,10.57093
2024-08-09 04:00:00+00:00,2420.825,2426.915,2416.815,2423.028,7.48143
2024-08-09 08:00:00+00:00,2423.028,2432.505,2422.115,2426.565,9.90422
2024-08-09 12:00:00+00:00,2426.575,2435.798,2420.965,2431.358,21.99603
2024-08-09 16:00:00+00:00,2431.348,2436.884,2427.118,2429.005,8.037075
2024-08-09 20:00:00+00:00,2429.035,2431.115,2429.035,2430.925,0.79753
2024-08-11 20:00:00+00:00,2430.298,2433.305,2426.835,2427.765,1.2215
2024-08-12 00:00:00+00:00,2427.835,2430.115,2423.695,2428.445,6.814065
2024-08-12 04:00:00+00:00,2428.415,2442.745,2428.095,2441.515,7.6731
2024-08-12 08:00:00+00:00,2441.525,2445.015,2439.518,2441.495,6.94205
2024-08-12 12:00:00+00:00,2441.485,2460.358,2441.345,2459.705,19.84761
2024-08-12 16:00:00+00:00,2459.705,2472.065,2458.894,2470.418,10.00036
2024-08-12 20:00:00+00:00,2470.408,2475.855,2469.825,2475.425,2.57501
2024-08-13 00:00:00+00:00,2475.445,2476.845,2460.764,2463.318,11.42597
2024-08-13 04:00:00+00:00,2463.325,2466.065,2458.365,2464.085,7.22475
2024-08-13 08:00:00+00:00,2464.125,2466.498,2458.775,2465.648,9.80833
2024-08-13 12:00:00+00:00,2465.648,2475.505,2458.818,2468.498,19.29567
2024-08-13 16:00:00+00:00,2468.454,2470.925,2462.105,2466.965,5.28325
2024-08-13 20:00:00+00:00,2466.888,2467.728,2462.808,2463.975,2.22522
2024-08-14 00:00:00+00:00,2463.985,2472.415,2455.225,2460.765,9.028166
2024-08-14 04:00:00+00:00,2460.745,2471.815,2459.098,2470.828,6.99612
2024-08-14 08:00:00+00:00,2470.825,2478.615,2468.605,2474.638,10.20757
2024-08-14 12:00:00+00:00,2474.668,2479.715,2441.948,2443.935,16.46974
2024-08-14 16:00:00+00:00,2443.955,2448.275,2438.0,2447.115,10.8381
2024-08-14 20:00:00+00:00,2447.075,2449.348,2446.355,2449.295,1.41692
2024-08-15 00:00:00+00:00,2449.315,2454.195,2448.075,2453.565,8.63739
2024-08-15 04:00:00+00:00,2453.565,2458.665,2450.205,2455.665,6.26975
2024-08-15 08:00:00+00:00,2455.665,2464.065,2453.485,2463.418,6.89556
2024-08-15 12:00:00+00:00,2463.418,2469.945,2432.015,2458.255,25.567376
2024-08-15 16:00:00+00:00,2458.328,2461.558,2453.338,2455.414,9.05502
2024-08-15 20:00:00+00:00,2455.415,2458.098,2454.225,2457.195,2.63837
2024-08-16 00:00:00+00:00,2457.225,2459.908,2450.565,2452.308,8.06078
2024-08-16 04:00:00+00:00,2452.285,2464.405,2451.025,2461.885,7.12278
2024-08-16 08:00:00+00:00,2461.925,2472.195,2458.954,2472.015,7.04704
2024-08-16 12:00:00+00:00,2472.015,2500.045,2471.148,2491.635,25.536674
2024-08-16 16:00:00+00:00,2491.645,2508.875,2491.565,2507.824,11.59986
2024-08-16 20:00:00+00:00,2507.765,2509.638,2505.405,2506.844,1.07326
2024-08-18 20:00:00+00:00,2508.298,2509.998,2502.148,2506.305,2.30115
2024-08-19 00:00:00+00:00,2506.325,2506.645,2494.845,2503.155,10.95469
2024-08-19 04:00:00+00:00,2503.155,2505.098,2498.695,2502.925,10.08182
2024-08-19 08:00:00+00:00,2502.865,2507.065,2486.415,2494.365,9.96419
2024-08-19 12:00:00+00:00,2494.365,2505.865,2485.515,2503.848,17.87517
2024-08-19 16:00:00+00:00,2503.848,2507.345,2500.605,2505.345,7.34451
2024-08-19 20:00:00+00:00,2505.515,2505.538,2501.928,2503.515,1.52988
2024-08-20 00:00:00+00:00,2503.615,2508.065,2498.558,2501.665,7.92408
2024-08-20 04:00:00+00:00,2501.685,2515.005,2497.235,2514.825,10.29407
2024-08-20 08:00:00+00:00,2514.825,2526.978,2514.275,2526.178,14.09621
2024-08-20 12:00:00+00:00,2526.205,2531.558,2505.654,2508.398,24.36571
2024-08-20 16:00:00+00:00,2508.368,2515.304,2500.685,2514.878,9.37584
2024-08-20 20:00:00+00:00,2514.938,2516.828,2512.638,2512.795,2.86538
2024-08-21 00:00:00+00:00,2512.795,2519.795,2510.725,2517.275,7.00932
2024-08-21 04:00:00+00:00,2517.325,2519.428,2508.005,2509.635,7.9102
2024-08-21 08:00:00+00:00,2509.595,2513.115,2504.345,2511.698,10.00557
2024-08-21 12:00:00+00:00,2511.698,2513.585,2493.698,2508.194,14.74063
2024-08-21 16:00:00+00:00,2508.278,2518.995,2503.065,2511.418,8.78807
2024-08-21 20:00:00+00:00,2511.325,2514.235,2509.668,2512.585,2.02114
2024-08-22 00:00:00+00:00,2512.635,2514.545,2499.815,2502.268,8.5968
2024-08-22 04:00:00+00:00,2502.205,2510.485,2499.204,2506.948,8.54187
2024-08-22 08:00:00+00:00,2506.935,2509.008,2497.895,2499.395,8.6798
2024-08-22 12:00:00+00:00,2499.465,2504.045,2470.705,2481.768,17.239084
2024-08-22 16:00:00+00:00,2481.798,2485.885,2478.425,2482.795,6.53363
2024-08-22 20:00:00+00:00,2482.868,2487.525,2482.348,2487.475,1.54143
2024-08-23 00:00:00+00:00,2487.475,2493.618,2486.355,2493.075,8.54623
2024-08-23 04:00:00+00:00,2493.095,2495.665,2490.465,2493.335,7.48771
2024-08-23 08:00:00+00:00,2493.275,2502.355,2492.935,2501.495,9.11887
2024-08-23 12:00:00+00:00,2501.495,2518.195,2494.315,2509.678,24.14224
2024-08-23 16:00:00+00:00,2509.678,2513.105,2501.668,2510.698,11.564974
2024-08-23 20:00:00+00:00,2510.708,2512.575,2509.448,2512.235,0.83223
2024-08-25 20:00:00+00:00,2511.275,2516.585,2510.105,2515.785,2.15533
2024-08-26 00:00:00+00:00,2515.795,2516.845,2509.205,2509.745,9.29219
2024-08-26 04:00:00+00:00,2509.725,2521.715,2508.585,2521.305,11.45361
2024-08-26 08:00:00+00:00,2521.305,2526.708,2520.585,2526.425,13.21045
2024-08-26 12:00:00+00:00,2526.425,2526.648,2510.548,2515.748,23.97353
2024-08-26 16:00:00+00:00,2515.705,2523.255,2513.465,2518.048,7.18274
2024-08-26 20:00:00+00:00,2518.078,2518.958,2515.335,2515.335,1.38563
2024-08-27 00:00:00+00:00,2515.355,2516.625,2505.698,2508.955,8.12331
2024-08-27 04:00:00+00:00,2508.955,2517.395,2504.458,2504.858,11.12305
2024-08-27 08:00:00+00:00,2504.858,2513.605,2503.415,2511.355,15.09932
2024-08-27 12:00:00+00:00,2511.355,2520.205,2503.325,2512.045,15.3935
2024-08-27 16:00:00+00:00,2511.985,2525.818,2509.758,2524.975,7.66155
2024-08-27 20:00:00+00:00,2524.965,2528.888,2523.675,2525.178,2.44476
2024-08-28 00:00:00+00:00,2525.155,2525.725,2513.115,2515.755,6.973445
2024-08-28 04:00:00+00:00,2515.745,2516.035,2503.338,2509.865,10.559859
2024-08-28 08:00:00+00:00,2509.865,2511.275,2500.615,2501.338,8.72147
2024-08-28 12:00:00+00:00,2501.305,2510.505,2493.515,2506.058,17.526287
2024-08-28 16:00:00+00:00,2506.018,2509.465,2496.295,2507.528,9.198091
2024-08-28 20:00:00+00:00,2507.585,2508.685,2502.675,2508.094,3.09639
2024-08-29 00:00:00+00:00,2508.094,2516.695,2507.964,2516.475,8.58787
2024-08-29 04:00:00+00:00,2516.495,2521.065,2513.635,2519.025,8.25228
2024-08-29 08:00:00+00:00,2519.055,2524.295,2514.954,2519.785,8.38929
2024-08-29 12:00:00+00:00,2519.758,2525.498,2503.515,2522.438,17.226694
2024-08-29 16:00:00+00:00,2522.455,2528.558,2517.305,2521.045,8.12466
2024-08-29 20:00:00+00:00,2521.068,2522.218,2518.725,2519.435,1.53083
2024-08-30 00:00:00+00:00,2519.455,2519.968,2512.175,2513.425,6.80284
2024-08-30 04:00:00+00:00,2513.365,2523.848,2512.035,2519.215,8.16888
2024-08-30 08:00:00+00:00,2519.198,2526.725,2514.885,2519.378,8.25932
2024-08-30 12:00:00+00:00,2519.275,2524.575,2500.135,2502.365,17.532881
2024-08-30 16:00:00+00:00,2502.365,2505.955,2494.048,2502.208,8.225463
2024-08-30 20:00:00+00:00,2502.185,2503.398,2501.775,2502.925,0.72149
2024-09-01 20:00:00+00:00,2502.435,2504.545,2501.195,2502.885,1.05584
2024-09-02 00:00:00+00:00,2502.875,2504.825,2489.915,2496.165,6.773596
2024-09-02 04:00:00+00:00,2496.175,2501.285,2495.145,2498.105,5.85238
2024-09-02 08:00:00+00:00,2498.075,2507.125,2496.995,2499.678,6.83853
2024-09-02 12:00:00+00:00,2499.645,2503.075,2497.565,2501.495,5.96804
2024-09-02 16:00:00+00:00,2501.505,2501.805,2498.515,2499.228,1.13588
2024-09-02 20:00:00+00:00,2499.098,2499.855,2496.305,2497.175,0.6702
2024-09-03 00:00:00+00:00,2497.155,2497.548,2489.534,2494.665,7.7532
2024-09-03 04:00:00+00:00,2494.655,2501.938,2492.635,2500.725,7.91354
2024-09-03 08:00:00+00:00,2500.725,2506.165,2484.575,2489.558,8.267265
2024-09-03 12:00:00+00:00,2489.558,2502.034,2473.245,2488.285,15.99752
2024-09-03 16:00:00+00:00,2488.285,2494.295,2483.808,2491.978,7.26879
2024-09-03 20:00:00+00:00,2491.978,2494.524,2491.248,2493.155,1.9929
2024-09-04 00:00:00+00:00,2493.115,2496.835,2491.155,2494.945,6.45475
2024-09-04 04:00:00+00:00,2494.955,2496.625,2481.885,2482.045,7.88178
2024-09-04 08:00:00+00:00,2482.045,2491.085,2471.718,2489.085,11.17536
2024-09-04 12:00:00+00:00,2489.085,2500.145,2481.915,2493.938,18.86285
2024-09-04 16:00:00+00:00,2493.915,2497.848,2491.415,2493.275,8.86026
2024-09-04 20:00:00+00:00,2493.275,2496.825,2492.835,2495.695,2.24689
2024-09-05 00:00:00+00:00,2495.768,2499.174,2494.355,2494.718,6.54619
2024-09-05 04:00:00+00:00,2494.708,2507.445,2493.665,2506.325,6.98629
2024-09-05 08:00:00+00:00,2506.385,2518.258,2505.875,2515.075,7.34034
2024-09-05 12:00:00+00:00,2515.085,2523.448,2503.805,2507.018,21.226262
2024-09-05 16:00:00+00:00,2507.015,2516.778,2505.955,2514.778,7.70131
2024-09-05 20:00:00+00:00,2514.865,2517.828,2514.765,2517.125,1.6567
2024-09-06 00:00:00+00:00,2517.155,2518.258,2512.895,2518.155,4.57969
2024-09-06 04:00:00+00:00,2518.155,2521.668,2516.175,2516.408,6.86674
2024-09-06 08:00:00+00:00,2516.355,2520.205,2514.595,2516.165,7.18972
2024-09-06 12:00:00+00:00,2516.135,2529.125,2500.375,2505.318,28.17438
2024-09-06 16:00:00+00:00,2505.295,2505.645,2485.015,2495.868,14.29648
2024-09-06 20:00:00+00:00,2495.838,2497.758,2494.668,2497.035,0.83503
2024-09-08 20:00:00+00:00,2497.098,2498.124,2495.415,2496.745,1.46044
2024-09-09 00:00:00+00:00,2496.775,2500.365,2494.625,2499.128,5.77649
2024-09-09 04:00:00+00:00,2499.128,2499.345,2485.405,2494.125,11.72329
2024-09-09 08:00:00+00:00,2494.195,2499.035,2489.945,2497.128,9.4913
2024-09-09 12:00:00+00:00,2497.105,2505.098,2493.115,2499.005,16.73487
2024-09-09 16:00:00+00:00,2498.995,2506.405,2498.995,2505.875,11.03271
2024-09-09 20:00:00+00:00,2505.865,2507.515,2505.185,2506.625,1.76262
2024-09-10 00:00:00+00:00,2506.665,2507.358,2501.314,2502.395,7.09135
2024-09-10 04:00:00+00:00,2502.395,2507.595,2500.618,2502.595,6.81054
2024-09-10 08:00:00+00:00,2502.565,2509.555,2500.024,2504.498,8.2851
2024-09-10 12:00:00+00:00,2504.415,2518.304,2500.984,2512.618,16.666052
2024-09-10 16:00:00+00:00,2512.685,2517.355,2510.585,2517.155,8.93845
2024-09-10 20:00:00+00:00,2517.155,2518.688,2515.658,2518.555,1.79757
2024-09-11 00:00:00+00:00,2518.498,2522.415,2514.845,2519.288,8.05033
2024-09-11 04:00:00+00:00,2519.285,2528.885,2518.455,2521.338,10.64435
2024-09-11 08:00:00+00:00,2521.325,2527.085,2519.635,2522.105,6.77406
2024-09-11 12:00:00+00:00,2522.065,2523.368,2500.825,2514.675,33.22645
2024-09-11 16:00:00+00:00,2514.675,2519.944,2509.675,2512.824,14.170005
2024-09-11 20:00:00+00:00,2512.795,2513.748,2511.015,2511.778,1.69245
2024-09-12 00:00:00+00:00,2511.775,2515.965,2510.885,2515.715,6.66666
2024-09-12 04:00:00+00:00,2515.715,2522.195,2514.385,2515.785,7.50781
2024-09-12 08:00:00+00:00,2515.775,2520.905,2512.905,2519.425,8.00724
2024-09-12 12:00:00+00:00,2519.435,2555.035,2518.775,2553.154,25.44011
2024-09-12 16:00:00+00:00,2553.165,2558.985,2544.698,2557.748,14.39479
2024-09-12 20:00:00+00:00,2557.704,2559.978,2556.538,2558.344,3.41336
2024-09-13 00:00:00+00:00,2558.334,2569.925,2556.625,2567.805,8.93863
2024-09-13 04:00:00+00:00,2567.795,2570.888,2563.035,2569.668,9.77904
2024-09-13 08:00:00+00:00,2569.695,2572.825,2563.584,2567.165,14.558155
2024-09-13 12:00:00+00:00,2567.265,2583.258,2565.935,2582.048,26.64937
2024-09-13 16:00:00+00:00,2582.095,2585.965,2578.515,2582.518,13.648
2024-09-13 20:00:00+00:00,2582.515,2582.798,2577.575,2577.615,0.95404
2024-09-15 20:00:00+00:00,2578.725,2580.464,2577.384,2579.025,1.98603
2024-09-16 00:00:00+00:00,2579.015,2588.865,2578.715,2586.225,4.86689
2024-09-16 04:00:00+00:00,2586.205,2589.515,2579.325,2581.985,8.00015
2024-09-16 08:00:00+00:00,2581.965,2588.375,2575.115,2582.905,9.6537
2024-09-16 12:00:00+00:00,2582.925,2589.205,2575.945,2579.735,19.35301
2024-09-16 16:00:00+00:00,2579.768,2583.995,2579.455,2582.438,9.68788
2024-09-16 20:00:00+00:00,2582.438,2583.805,2581.428,2583.545,1.97101
2024-09-17 00:00:00+00:00,2583.535,2586.165,2576.645,2577.058,6.11407
2024-09-17 04:00:00+00:00,2577.004,2586.835,2574.395,2583.714,8.15427
2024-09-17 08:00:00+00:00,2583.714,2584.084,2569.645,2579.745,13.488692
2024-09-17 12:00:00+00:00,2579.775,2582.115,2561.625,2565.475,16.695402
2024-09-17 16:00:00+00:00,2565.458,2571.558,2560.984,2568.568,8.871779
2024-09-17 20:00:00+00:00,2568.578,2574.244,2568.178,2573.885,2.00915
2024-09-18 00:00:00+00:00,2573.875,2576.314,2569.855,2575.785,7.11424
2024-09-18 04:00:00+00:00,2575.785,2576.295,2565.715,2571.505,11.40241
2024-09-18 08:00:00+00:00,2571.515,2580.575,2567.825,2577.285,7.45583
2024-09-18 12:00:00+00:00,2577.295,2578.708,2567.895,2569.565,13.6046
2024-09-18 16:00:00+00:00,2569.615,2599.995,2546.645,2548.834,29.68258
2024-09-18 20:00:00+00:00,2548.754,2561.395,2548.098,2559.175,4.09067
2024-09-19 00:00:00+00:00,2559.185,2566.558,2551.005,2563.978,11.21738
2024-09-19 04:00:00+00:00,2563.905,2584.574,2559.435,2584.324,10.93554
2024-09-19 08:00:00+00:00,2584.324,2594.775,2581.268,2589.315,14.81855
2024-09-19 12:00:00+00:00,2589.265,2591.105,2569.625,2588.935,22.74078
2024-09-19 16:00:00+00:00,2589.025,2592.535,2585.798,2588.265,10.49607
2024-09-19 20:00:00+00:00,2588.245,2589.648,2585.835,2587.135,2.05513
2024-09-20 00:00:00+00:00,2587.125,2593.475,2584.654,2591.305,8.68036
2024-09-20 04:00:00+00:00,2591.295,2609.615,2591.185,2607.015,8.26425
2024-09-20 08:00:00+00:00,2607.014,2615.318,2602.385,2613.608,12.68311
2024-09-20 12:00:00+00:00,2613.608,2622.835,2602.445,2622.678,32.55961
2024-09-20 16:00:00+00:00,2622.728,2625.574,2617.785,2620.958,17.12513
2024-09-20 20:00:00+00:00,2621.008,2622.375,2618.938,2621.504,1.09396
2024-09-22 20:00:00+00:00,2620.915,2622.615,2617.984,2620.165,2.84043
2024-09-23 00:00:00+00:00,2620.155,2631.035,2615.945,2628.358,8.29573
2024-09-23 04:00:00+00:00,2628.355,2631.205,2613.685,2615.018,12.36076
2024-09-23 08:00:00+00:00,2615.018,2625.688,2614.498,2623.955,14.87914
2024-09-23 12:00:00+00:00,2623.995,2634.715,2619.894,2629.168,21.4452
2024-09-23 16:00:00+00:00,2629.168,2630.758,2625.575,2626.188,9.06541
2024-09-23 20:00:00+00:00,2626.138,2628.595,2625.684,2626.205,1.74017
2024-09-24 00:00:00+00:00,2626.235,2635.995,2623.685,2633.965,9.18247
2024-09-24 04:00:00+00:00,2633.965,2639.945,2622.475,2628.795,13.2798
2024-09-24 08:00:00+00:00,2628.785,2636.045,2623.245,2626.275,13.14104
2024-09-24 12:00:00+00:00,2626.295,2648.285,2623.345,2643.025,24.66723
2024-09-24 16:00:00+00:00,2643.025,2664.204,2642.298,2662.548,16.92946
2024-09-24 20:00:00+00:00,2662.524,2663.588,2656.334,2658.035,2.88015
2024-09-25 00:00:00+00:00,2658.035,2670.348,2655.345,2661.385,10.25148
2024-09-25 04:00:00+00:00,2661.415,2661.545,2651.215,2656.788,12.40959
2024-09-25 08:00:00+00:00,2656.845,2658.435,2652.615,2657.258,8.82564
2024-09-25 12:00:00+00:00,2657.258,2667.345,2654.178,2657.574,16.81301
2024-09-25 16:00:00+00:00,2657.574,2662.855,2649.715,2659.638,13.5973
2024-09-25 20:00:00+00:00,2659.638,2660.178,2656.084,2656.188,2.23852
2024-09-26 00:00:00+00:00,2656.184,2662.398,2655.268,2662.398,6.96504
2024-09-26 04:00:00+00:00,2662.415,2666.795,2657.855,2664.535,9.44046
2024-09-26 08:00:00+00:00,2664.535,2685.405,2664.485,2682.665,11.04928
2024-09-26 12:00:00+00:00,2682.655,2684.105,2654.685,2671.214,34.07661
2024-09-26 16:00:00+00:00,2671.254,2677.708,2662.744,2673.548,14.92831
2024-09-26 20:00:00+00:00,2673.598,2673.958,2670.708,2672.495,1.90244
2024-09-27 00:00:00+00:00,2672.495,2673.855,2666.075,2673.555,10.82895
2024-09-27 04:00:00+00:00,2673.555,2673.785,2660.825,2664.568,14.08912
2024-09-27 08:00:00+00:00,2664.588,2669.038,2658.198,2665.955,20.918747
2024-09-27 12:00:00+00:00,2665.975,2674.134,2644.665,2649.635,32.91735
2024-09-27 16:00:00+00:00,2649.635,2656.145,2643.111,2651.915,15.67258
2024-09-27 20:00:00+00:00,2651.888,2659.905,2651.038,2657.955,1.07376
2024-09-29 20:00:00+00:00,2657.935,2664.905,2657.025,2663.418,3.67251
2024-09-30 00:00:00+00:00,2663.418,2665.858,2647.285,2653.388,13.3245
2024-09-30 04:00:00+00:00,2653.408,2660.495,2650.588,2650.818,8.59907
2024-09-30 08:00:00+00:00,2650.788,2656.485,2634.305,2641.475,15.324556
2024-09-30 12:00:00+00:00,2641.485,2644.065,2628.614,2633.734,18.826498
2024-09-30 16:00:00+00:00,2633.808,2641.678,2624.538,2630.835,16.17796
2024-09-30 20:00:00+00:00,2630.898,2636.035,2630.615,2635.595,2.31975
2024-10-01 00:00:00+00:00,2635.595,2639.905,2633.815,2637.845,4.07422
2024-10-01 04:00:00+00:00,2637.845,2647.318,2637.335,2645.485,6.35395
2024-10-01 08:00:00+00:00,2645.505,2651.955,2642.295,2650.178,9.84749
2024-10-01 12:00:00+00:00,2650.115,2671.735,2647.865,2663.315,22.94663
2024-10-01 16:00:00+00:00,2663.275,2672.908,2657.425,2658.588,14.07238
2024-10-01 20:00:00+00:00,2658.565,2663.855,2657.755,2660.218,1.86134
2024-10-02 00:00:00+00:00,2660.195,2661.878,2654.955,2655.238,7.45638
2024-10-02 04:00:00+00:00,2655.205,2656.355,2644.395,2655.315,8.00423
2024-10-02 08:00:00+00:00,2655.315,2655.715,2647.845,2649.448,8.21802
2024-10-02 12:00:00+00:00,2649.465,2663.194,2640.954,2649.835,16.490375
2024-10-02 16:00:00+00:00,2649.835,2658.838,2647.095,2658.498,8.68497
2024-10-02 20:00:00+00:00,2658.504,2661.064,2657.725,2660.135,2.56249
2024-10-03 00:00:00+00:00,2660.135,2662.775,2653.175,2655.878,6.45903
2024-10-03 04:00:00+00:00,2655.908,2657.315,2643.304,2645.145,7.45688
2024-10-03 08:00:00+00:00,2645.068,2648.935,2640.895,2647.935,7.33495
2024-10-03 12:00:00+00:00,2647.948,2654.435,2636.255,2648.735,14.42948
2024-10-03 16:00:00+00:00,2648.805,2662.008,2648.455,2657.815,8.17639
2024-10-03 20:00:00+00:00,2657.815,2657.815,2654.178,2655.615,1.54893
2024-10-04 00:00:00+00:00,2655.655,2663.474,2655.315,2660.985,5.07905
2024-10-04 04:00:00+00:00,2660.965,2667.675,2658.605,2660.888,6.25295
2024-10-04 08:00:00+00:00,2660.865,2662.455,2656.755,2661.205,5.71401
2024-10-04 12:00:00+00:00,2661.185,2670.065,2632.068,2653.045,23.9357
2024-10-04 16:00:00+00:00,2653.045,2653.685,2641.755,2651.458,10.71606
2024-10-04 20:00:00+00:00,2651.495,2653.835,2649.705,2653.545,1.11104
2024-10-06 20:00:00+00:00,2650.375,2652.615,2648.875,2650.055,2.09289
2024-10-07 00:00:00+00:00,2650.125,2651.778,2643.708,2647.255,7.10857
2024-10-07 04:00:00+00:00,2647.255,2652.695,2639.605,2651.925,6.86132
2024-10-07 08:00:00+00:00,2651.975,2659.465,2650.565,2656.835,9.4615
2024-10-07 12:00:00+00:00,2656.868,2659.155,2637.688,2645.608,14.41161
2024-10-07 16:00:00+00:00,2645.608,2648.635,2639.505,2643.148,6.96738
2024-10-07 20:00:00+00:00,2643.058,2648.975,2641.595,2642.855,3.12714
2024-10-08 00:00:00+00:00,2642.895,2648.095,2633.665,2642.805,12.7535
2024-10-08 04:00:00+00:00,2642.805,2646.335,2631.025,2633.815,7.684
2024-10-08 08:00:00+00:00,2633.845,2651.835,2628.425,2650.615,9.55855
2024-10-08 12:00:00+00:00,2650.695,2652.885,2604.575,2612.825,28.894689
2024-10-08 16:00:00+00:00,2612.805,2623.485,2605.325,2622.815,13.81325
2024-10-08 20:00:00+00:00,2622.905,2623.665,2618.785,2621.865,2.91225
2024-10-09 00:00:00+00:00,2621.835,2624.085,2614.735,2617.085,8.57669
2024-10-09 04:00:00+00:00,2617.085,2624.165,2608.974,2611.515,11.02904
2024-10-09 08:00:00+00:00,2611.538,2622.258,2610.345,2618.885,5.743867
2024-10-09 12:00:00+00:00,2618.908,2622.225,2605.185,2614.705,14.68469
2024-10-09 16:00:00+00:00,2614.715,2615.645,2605.045,2609.038,7.20648
2024-10-09 20:00:00+00:00,2609.055,2609.298,2606.788,2608.645,1.37792
2024-10-10 00:00:00+00:00,2606.925,2616.785,2605.785,2611.615,9.69165
2024-10-10 04:00:00+00:00,2611.545,2616.915,2610.125,2616.605,6.92499
2024-10-10 08:00:00+00:00,2616.635,2618.778,2611.135,2612.915,7.61708
2024-10-10 12:00:00+00:00,2612.915,2629.564,2601.734,2623.475,33.738184
2024-10-10 16:00:00+00:00,2623.505,2631.308,2616.365,2629.048,12.712575
2024-10-10 20:00:00+00:00,2629.078,2635.855,2627.995,2633.005,2.68382
2024-10-11 00:00:00+00:00,2633.065,2645.958,2631.975,2645.364,10.20437
2024-10-11 04:00:00+00:00,2645.355,2647.075,2637.868,2645.245,7.43059
2024-10-11 08:00:00+00:00,2645.265,2646.065,2636.025,2644.585,5.79582
2024-10-11 12:00:00+00:00,2644.535,2659.098,2640.465,2658.655,17.72525
2024-10-11 16:00:00+00:00,2658.635,2661.258,2655.148,2656.028,6.83945
2024-10-11 20:00:00+00:00,2656.015,2657.175,2654.598,2656.835,0.64387
2024-10-13 20:00:00+00:00,2656.298,2656.775,2644.985,2647.865,3.13626
2024-10-14 00:00:00+00:00,2647.935,2657.285,2643.058,2655.445,8.25196
2024-10-14 04:00:00+00:00,2655.435,2666.705,2655.145,2660.298,6.18315
2024-10-14 08:00:00+00:00,2660.295,2662.885,2650.935,2651.995,5.7611
2024-10-14 12:00:00+00:00,2651.995,2661.065,2643.835,2646.625,14.193996
2024-10-14 16:00:00+00:00,2646.645,2652.498,2645.735,2652.348,3.52749
2024-10-14 20:00:00+00:00,2652.385,2653.198,2646.025,2649.255,1.39344
2024-10-15 00:00:00+00:00,2649.255,2652.608,2644.265,2645.555,8.4273
2024-10-15 04:00:00+00:00,2645.555,2653.765,2637.955,2650.615,8.53365
2024-10-15 08:00:00+00:00,2650.555,2656.645,2645.505,2647.595,10.67112
2024-10-15 12:00:00+00:00,2647.595,2665.005,2645.905,2664.515,19.1622
2024-10-15 16:00:00+00:00,2664.525,2668.805,2658.875,2661.598,10.27632
2024-10-15 20:00:00+00:00,2661.554,2663.005,2660.138,2660.345,1.57294
2024-10-16 00:00:00+00:00,2660.275,2669.935,2658.558,2667.025,8.28817
2024-10-16 04:00:00+00:00,2667.165,2677.545,2665.475,2676.005,10.03257
2024-10-16 08:00:00+00:00,2675.844,2682.648,2673.0,2678.245,7.11467
2024-10-16 12:00:00+00:00,2678.345,2685.298,2667.448,2669.878,17.571419
2024-10-16 16:00:00+00:00,2669.878,2676.524,2666.645,2674.698,5.99904
2024-10-16 20:00:00+00:00,2674.605,2674.868,2673.015,2673.998,1.27346
2024-10-17 00:00:00+00:00,2674.035,2684.755,2673.955,2676.614,12.43476
2024-10-17 04:00:00+00:00,2676.615,2685.645,2676.385,2681.865,9.02266
2024-10-17 08:00:00+00:00,2681.865,2688.668,2676.794,2681.198,6.552602
2024-10-17 12:00:00+00:00,2681.165,2696.605,2672.914,2693.158,22.66215
2024-10-17 16:00:00+00:00,2693.145,2694.055,2683.795,2691.975,8.77749
2024-10-17 20:00:00+00:00,2691.975,2694.295,2690.828,2693.635,1.58664
2024-10-18 00:00:00+00:00,2693.665,2711.815,2692.745,2709.885,12.22382
2024-10-18 04:00:00+00:00,2709.885,2713.888,2702.158,2702.188,14.00834
2024-10-18 08:00:00+00:00,2702.188,2713.085,2701.615,2709.705,10.864645
2024-10-18 12:00:00+00:00,2709.705,2720.005,2704.815,2714.708,20.449925
2024-10-18 16:00:00+00:00,2714.705,2721.178,2713.418,2719.548,7.50136
2024-10-18 20:00:00+00:00,2719.564,2722.405,2719.075,2721.105,0.98678
2024-10-20 20:00:00+00:00,2720.098,2724.915,2719.448,2723.315,1.99383
2024-10-21 00:00:00+00:00,2723.395,2732.675,2720.908,2731.425,13.42919
2024-10-21 04:00:00+00:00,2731.385,2732.348,2723.465,2730.258,12.41436
2024-10-21 08:00:00+00:00,2730.275,2737.938,2727.628,2734.368,12.04119
2024-10-21 12:00:00+00:00,2734.335,2740.418,2716.775,2720.018,19.797676
2024-10-21 16:00:00+00:00,2720.018,2725.465,2714.165,2719.764,11.44845
2024-10-21 20:00:00+00:00,2719.775,2722.485,2718.695,2721.325,1.65015
2024-10-22 00:00:00+00:00,2721.325,2732.985,2720.505,2730.868,7.59617
2024-10-22 04:00:00+00:00,2730.795,2737.025,2728.875,2733.545,9.46562
2024-10-22 08:00:00+00:00,2733.494,2739.238,2729.438,2731.885,11.8152
2024-10-22 12:00:00+00:00,2731.905,2744.085,2731.465,2737.455,16.8305
2024-10-22 16:00:00+00:00,2737.435,2748.748,2737.058,2748.245,10.74635
2024-10-22 20:00:00+00:00,2748.245,2748.775,2745.755,2746.408,2.02845
2024-10-23 00:00:00+00:00,2746.385,2747.065,2737.765,2745.955,10.62146
2024-10-23 04:00:00+00:00,2745.955,2755.485,2745.215,2754.855,9.29574
2024-10-23 08:00:00+00:00,2754.815,2758.338,2749.015,2749.785,11.53589
2024-10-23 12:00:00+00:00,2749.785,2750.355,2708.635,2721.625,33.014674
2024-10-23 16:00:00+00:00,2721.635,2723.135,2712.0,2716.095,10.988915
2024-10-23 20:00:00+00:00,2716.095,2721.755,2714.095,2721.178,2.21465
2024-10-24 00:00:00+00:00,2721.165,2726.695,2717.704,2722.805,10.7264
2024-10-24 04:00:00+00:00,2722.805,2736.948,2722.695,2733.475,6.99575
2024-10-24 08:00:00+00:00,2733.475,2739.475,2732.355,2738.475,7.97226
2024-10-24 12:00:00+00:00,2738.455,2743.175,2722.385,2730.965,24.55274
2024-10-24 16:00:00+00:00,2730.965,2737.638,2725.628,2736.898,13.37456
2024-10-24 20:00:00+00:00,2736.998,2736.998,2733.495,2733.688,1.89819
2024-10-25 00:00:00+00:00,2733.658,2735.008,2724.295,2725.885,9.44461
2024-10-25 04:00:00+00:00,2725.875,2732.425,2723.805,2726.325,9.46663
2024-10-25 08:00:00+00:00,2726.375,2729.245,2716.885,2724.068,10.21927
2024-10-25 12:00:00+00:00,2724.065,2741.968,2723.125,2737.038,18.11848
2024-10-25 16:00:00+00:00,2736.965,2744.905,2733.825,2742.428,10.0836
2024-10-25 20:00:00+00:00,2742.388,2747.635,2742.335,2746.625,1.04934
2024-10-27 20:00:00+00:00,2735.698,2740.095,2730.115,2735.655,3.9385
2024-10-28 00:00:00+00:00,2735.695,2736.185,2724.545,2729.555,11.43943
2024-10-28 04:00:00+00:00,2729.525,2744.445,2729.048,2738.745,10.45112
2024-10-28 08:00:00+00:00,2738.745,2740.705,2727.715,2732.165,11.640255
2024-10-28 12:00:00+00:00,2732.135,2745.788,2731.248,2740.688,18.74941
2024-10-28 16:00:00+00:00,2740.658,2744.865,2739.935,2742.388,8.24248
2024-10-28 20:00:00+00:00,2742.378,2744.335,2739.605,2744.285,2.00154
2024-10-29 00:00:00+00:00,2744.315,2757.615,2743.115,2751.625,10.7639
2024-10-29 04:00:00+00:00,2751.585,2756.718,2748.845,2752.348,7.62899
2024-10-29 08:00:00+00:00,2752.324,2756.465,2746.225,2751.738,13.87659
2024-10-29 12:00:00+00:00,2751.738,2771.605,2748.045,2764.165,20.46887
2024-10-29 16:00:00+00:00,2764.165,2774.695,2764.105,2772.098,10.59484
2024-10-29 20:00:00+00:00,2772.118,2775.265,2771.735,2774.885,2.09584
2024-10-30 00:00:00+00:00,2774.925,2781.995,2774.735,2778.845,12.29068
2024-10-30 04:00:00+00:00,2778.845,2789.668,2777.245,2782.155,10.26121
2024-10-30 08:00:00+00:00,2782.135,2786.388,2778.128,2778.508,10.10463
2024-10-30 12:00:00+00:00,2778.455,2787.365,2770.795,2784.535,21.79985
2024-10-30 16:00:00+00:00,2784.565,2789.925,2782.898,2787.195,9.52329
2024-10-30 20:00:00+00:00,2787.258,2788.014,2784.675,2785.258,2.11207
2024-10-31 00:00:00+00:00,2785.274,2790.005,2783.495,2784.428,8.61378
2024-10-31 04:00:00+00:00,2784.475,2786.455,2777.955,2781.895,9.477
2024-10-31 08:00:00+00:00,2781.925,2782.938,2773.198,2779.375,14.35472
2024-10-31 12:00:00+00:00,2779.365,2781.865,2731.415,2740.505,31.461491
2024-10-31 16:00:00+00:00,2740.505,2749.608,2737.858,2746.348,13.29597
2024-10-31 20:00:00+00:00,2746.348,2748.085,2743.185,2746.545,2.42917
2024-11-01 00:00:00+00:00,2746.545,2751.805,2744.695,2751.625,11.26227
2024-11-01 04:00:00+00:00,2751.625,2757.535,2747.055,2749.555,10.23002
2024-11-01 08:00:00+00:00,2749.535,2755.345,2744.685,2752.795,11.19423
2024-11-01 12:00:00+00:00,2752.815,2762.048,2739.575,2744.635,23.25672
2024-11-01 16:00:00+00:00,2744.625,2746.005,2733.095,2734.035,22.53441
2024-11-01 20:00:00+00:00,2734.025,2736.675,2733.168,2735.895,2.01966
2024-11-03 20:00:00+00:00,2733.298,2740.215,2730.0,2738.235,1.741314
2024-11-04 00:00:00+00:00,2738.205,2742.315,2735.185,2740.845,8.39132
2024-11-04 04:00:00+00:00,2740.825,2744.675,2735.008,2735.695,7.71521
2024-11-04 08:00:00+00:00,2735.685,2745.105,2731.765,2740.515,9.06093
2024-11-04 12:00:00+00:00,2740.515,2748.015,2737.565,2738.385,15.07921
2024-11-04 16:00:00+00:00,2738.385,2739.558,2731.638,2738.178,10.36306
2024-11-04 20:00:00+00:00,2738.154,2738.495,2735.698,2735.855,3.46286
2024-11-05 00:00:00+00:00,2735.895,2736.515,2724.695,2735.165,9.69107
2024-11-05 04:00:00+00:00,2735.165,2741.235,2731.605,2736.305,8.99034
2024-11-05 08:00:00+00:00,2736.335,2744.935,2731.958,2741.595,10.782435
2024-11-05 12:00:00+00:00,2741.585,2749.875,2732.908,2741.925,17.27685
2024-11-05 16:00:00+00:00,2741.925,2744.425,2736.235,2740.345,9.24667
2024-11-05 20:00:00+00:00,2740.345,2746.215,2739.495,2745.495,3.92429
2024-11-06 00:00:00+00:00,2745.485,2749.605,2730.425,2734.115,23.632385
2024-11-06 04:00:00+00:00,2734.105,2743.438,2701.245,2725.634,21.71017
2024-11-06 08:00:00+00:00,2725.505,2733.598,2695.935,2699.205,16.222994
2024-11-06 12:00:00+00:00,2699.015,2707.885,2652.295,2675.675,36.61865
2024-11-06 16:00:00+00:00,2675.675,2678.095,2661.515,2666.934,10.74647
2024-11-06 20:00:00+00:00,2666.934,2667.635,2658.375,2663.875,4.66611
2024-11-07 00:00:00+00:00,2663.885,2664.075,2643.134,2659.095,14.90862
2024-11-07 04:00:00+00:00,2659.095,2667.505,2652.635,2663.145,11.37
2024-11-07 08:00:00+00:00,2663.204,2668.255,2657.265,2666.174,11.79675
2024-11-07 12:00:00+00:00,2666.174,2700.038,2664.174,2698.725,22.03455
2024-11-07 16:00:00+00:00,2698.695,2700.225,2687.405,2694.175,16.82193
2024-11-07 20:00:00+00:00,2694.195,2710.244,2692.715,2706.785,7.61097
2024-11-08 00:00:00+00:00,2706.735,2710.235,2693.928,2695.035,10.19423
2024-11-08 04:00:00+00:00,2695.004,2696.165,2680.215,2687.295,13.397815
2024-11-08 08:00:00+00:00,2687.315,2694.815,2681.865,2691.795,15.608735
2024-11-08 12:00:00+00:00,2691.765,2703.935,2683.275,2687.355,23.93677
2024-11-08 16:00:00+00:00,2687.355,2689.165,2682.785,2686.925,15.20279
2024-11-08 20:00:00+00:00,2686.884,2688.425,2682.695,2684.035,1.94899
2024-11-10 20:00:00+00:00,2683.898,2685.515,2678.898,2685.465,1.17771
2024-11-11 00:00:00+00:00,2685.495,2686.025,2666.375,2670.105,11.50414
2024-11-11 04:00:00+00:00,2670.085,2674.115,2666.875,2669.455,12.74987
2024-11-11 08:00:00+00:00,2669.465,2675.225,2658.875,2662.445,16.40865
2024-11-11 12:00:00+00:00,2662.455,2662.995,2613.325,2614.395,31.89545
2024-11-11 16:00:00+00:00,2614.395,2620.525,2610.515,2619.115,12.17232
2024-11-11 20:00:00+00:00,2619.165,2626.075,2618.598,2623.855,2.65198
2024-11-12 00:00:00+00:00,2623.855,2627.015,2618.645,2618.805,7.98273
2024-11-12 04:00:00+00:00,2618.795,2618.998,2595.074,2598.125,14.42926
2024-11-12 08:00:00+00:00,2598.125,2606.345,2589.508,2597.695,8.515455
2024-11-12 12:00:00+00:00,2597.725,2616.885,2597.245,2598.365,18.79082
2024-11-12 16:00:00+00:00,2598.385,2603.988,2592.305,2598.035,10.98043
2024-11-12 20:00:00+00:00,2598.025,2601.235,2594.998,2598.775,2.3806
2024-11-13 00:00:00+00:00,2598.805,2613.118,2597.915,2611.485,11.15328
2024-11-13 04:00:00+00:00,2611.475,2612.235,2603.408,2606.058,9.31005
2024-11-13 08:00:00+00:00,2606.108,2611.515,2600.894,2610.715,10.89382
2024-11-13 12:00:00+00:00,2610.715,2618.628,2593.565,2605.325,24.19454
2024-11-13 16:00:00+00:00,2605.325,2605.865,2577.545,2580.785,18.08195
2024-11-13 20:00:00+00:00,2580.795,2581.198,2569.175,2570.694,4.79122
2024-11-14 00:00:00+00:00,2570.698,2574.515,2558.785,2560.555,13.99345
2024-11-14 04:00:00+00:00,2560.535,2565.115,2550.255,2556.824,12.22958
2024-11-14 08:00:00+00:00,2556.804,2559.664,2536.664,2553.515,19.07167
2024-11-14 12:00:00+00:00,2553.495,2572.905,2549.955,2570.115,30.41462
2024-11-14 16:00:00+00:00,2570.155,2577.315,2567.025,2575.885,16.71689
2024-11-14 20:00:00+00:00,2575.915,2576.325,2563.738,2566.775,7.7598
2024-11-15 00:00:00+00:00,2566.745,2571.585,2562.914,2567.574,8.80044
2024-11-15 04:00:00+00:00,2567.574,2569.405,2554.335,2563.625,8.29918
2024-11-15 08:00:00+00:00,2563.625,2573.158,2560.715,2570.594,13.94324
2024-11-15 12:00:00+00:00,2570.594,2575.908,2561.005,2570.675,32.99788
2024-11-15 16:00:00+00:00,2570.685,2573.165,2559.408,2563.705,20.19866
2024-11-15 20:00:00+00:00,2563.725,2563.765,2559.595,2562.715,4.18723
2024-11-17 20:00:00+00:00,2564.258,2575.338,2563.835,2571.255,1.81788
2024-11-18 00:00:00+00:00,2571.245,2597.155,2569.735,2589.825,14.65623
2024-11-18 04:00:00+00:00,2589.825,2593.035,2580.284,2582.695,10.51074
2024-11-18 08:00:00+00:00,2582.625,2597.185,2581.925,2594.215,11.84544
2024-11-18 12:00:00+00:00,2594.155,2613.218,2590.195,2612.835,16.42566
2024-11-18 16:00:00+00:00,2612.885,2614.955,2607.215,2609.695,10.47984
2024-11-18 20:00:00+00:00,2609.695,2612.925,2608.095,2612.435,4.32602
2024-11-19 00:00:00+00:00,2612.495,2625.408,2610.905,2624.298,11.12812
2024-11-19 04:00:00+00:00,2624.308,2626.515,2617.625,2618.965,6.61345
2024-11-19 08:00:00+00:00,2618.915,2636.375,2618.564,2629.435,14.37597
2024-11-19 12:00:00+00:00,2629.465,2639.325,2620.935,2624.315,27.92692
2024-11-19 16:00:00+00:00,2624.405,2632.998,2622.195,2630.605,12.63993
2024-11-19 20:00:00+00:00,2630.595,2635.355,2630.315,2635.015,3.94384
2024-11-20 00:00:00+00:00,2635.015,2641.665,2634.555,2637.805,8.91743
2024-11-20 04:00:00+00:00,2637.895,2638.655,2621.115,2621.425,12.87919
2024-11-20 08:00:00+00:00,2621.425,2628.035,2618.705,2627.945,11.01439
2024-11-20 12:00:00+00:00,2627.945,2648.765,2626.905,2648.708,16.37177
2024-11-20 16:00:00+00:00,2648.684,2655.275,2645.295,2650.754,11.22951
2024-11-20 20:00:00+00:00,2650.725,2652.765,2647.215,2652.025,5.86122
2024-11-21 00:00:00+00:00,2652.055,2660.285,2650.284,2656.735,11.3586
2024-11-21 04:00:00+00:00,2656.715,2664.535,2654.435,2662.985,6.83516
2024-11-21 08:00:00+00:00,2662.985,2673.385,2661.885,2671.335,13.39271
2024-11-21 12:00:00+00:00,2671.308,2671.595,2660.315,2667.505,19.1292
2024-11-21 16:00:00+00:00,2667.544,2673.308,2661.158,2669.535,9.64879
2024-11-21 20:00:00+00:00,2669.555,2671.755,2667.915,2669.018,3.66954
2024-11-22 00:00:00+00:00,2669.008,2690.375,2668.718,2686.065,15.56771
2024-11-22 04:00:00+00:00,2686.065,2698.875,2682.835,2696.345,12.79702
2024-11-22 08:00:00+00:00,2696.375,2710.035,2693.375,2698.705,19.06528
2024-11-22 12:00:00+00:00,2698.685,2704.955,2684.325,2703.545,26.88392
2024-11-22 16:00:00+00:00,2703.545,2711.365,2700.745,2708.085,14.90035
2024-11-22 20:00:00+00:00,2708.075,2716.165,2704.975,2715.805,4.72629
2024-11-24 20:00:00+00:00,2713.375,2721.185,2691.251,2719.725,2.12729
2024-11-25 00:00:00+00:00,2719.705,2719.975,2658.824,2672.095,22.16828
2024-11-25 04:00:00+00:00,2672.064,2676.185,2658.064,2667.675,15.4135
2024-11-25 08:00:00+00:00,2667.705,2688.595,2667.015,2686.685,10.3445
2024-11-25 12:00:00+00:00,2686.725,2687.785,2626.135,2628.205,22.50349
2024-11-25 16:00:00+00:00,2628.205,2639.265,2615.455,2625.635,10.76989
2024-11-25 20:00:00+00:00,2625.634,2628.625,2605.085,2610.355,6.2126
2024-11-26 00:00:00+00:00,2610.365,2632.085,2608.498,2630.225,13.58825
2024-11-26 04:00:00+00:00,2630.245,2631.298,2610.668,2613.905,11.483085
2024-11-26 08:00:00+00:00,2613.905,2633.105,2612.375,2633.105,15.94409
2024-11-26 12:00:00+00:00,2633.135,2641.774,2616.568,2629.415,23.23621
2024-11-26 16:00:00+00:00,2629.485,2631.345,2619.414,2627.985,13.80915
2024-11-26 20:00:00+00:00,2628.004,2633.995,2627.405,2632.105,4.57908
2024-11-27 00:00:00+00:00,2632.145,2640.475,2626.935,2637.655,9.90358
2024-11-27 04:00:00+00:00,2637.675,2648.275,2636.555,2646.464,13.97744
2024-11-27 08:00:00+00:00,2646.435,2653.715,2643.074,2650.984,18.14699
2024-11-27 12:00:00+00:00,2650.984,2658.098,2635.364,2642.508,18.913
2024-11-27 16:00:00+00:00,2642.504,2644.178,2633.898,2634.665,13.15412
2024-11-27 20:00:00+00:00,2634.615,2638.905,2634.235,2636.935,3.38977
2024-11-28 00:00:00+00:00,2637.005,2638.315,2620.815,2630.134,14.81192
2024-11-28 04:00:00+00:00,2630.125,2639.458,2629.165,2637.215,7.40629
2024-11-28 08:00:00+00:00,2637.155,2649.518,2635.585,2646.785,8.67302
2024-11-28 12:00:00+00:00,2646.795,2647.805,2636.165,2638.025,12.026735
2024-11-28 16:00:00+00:00,2638.015,2642.345,2637.175,2637.215,3.50599
2024-11-28 20:00:00+00:00,2637.505,2639.105,2637.075,2638.615,0.58592
2024-11-29 00:00:00+00:00,2638.615,2662.605,2633.925,2659.908,13.571325
2024-11-29 04:00:00+00:00,2659.864,2666.195,2658.245,2660.435,9.83003
2024-11-29 08:00:00+00:00,2660.445,2665.775,2654.378,2659.495,8.6437
2024-11-29 12:00:00+00:00,2659.495,2664.875,2650.495,2658.745,16.4913
2024-11-29 16:00:00+00:00,2658.735,2662.145,2648.525,2649.945,8.51071
2024-12-01 20:00:00+00:00,2653.075,2653.115,2642.975,2645.595,1.35939
2024-12-02 00:00:00+00:00,2645.748,2647.545,2622.765,2629.205,15.01012
2024-12-02 04:00:00+00:00,2629.205,2633.495,2622.0,2629.735,9.426233
2024-12-02 08:00:00+00:00,2629.735,2646.205,2626.458,2641.674,12.09966
2024-12-02 12:00:00+00:00,2641.674,2651.648,2636.878,2642.185,20.09751
2024-12-02 16:00:00+00:00,2642.185,2644.265,2633.425,2637.505,13.26715
2024-12-02 20:00:00+00:00,2637.475,2644.115,2635.175,2642.095,2.84049
2024-12-03 00:00:00+00:00,2642.145,2645.125,2633.965,2640.375,14.00133
2024-12-03 04:00:00+00:00,2640.375,2649.924,2636.985,2644.565,11.871435
2024-12-03 08:00:00+00:00,2644.525,2647.955,2639.115,2643.535,12.18126
2024-12-03 12:00:00+00:00,2643.525,2655.528,2635.115,2640.335,22.47856
2024-12-03 16:00:00+00:00,2640.305,2649.005,2638.825,2640.875,17.88079
2024-12-03 20:00:00+00:00,2640.875,2644.155,2640.545,2642.595,4.39238
2024-12-04 00:00:00+00:00,2642.605,2648.075,2637.575,2644.355,11.07515
2024-12-04 04:00:00+00:00,2644.335,2651.285,2640.185,2641.335,8.00198
2024-12-04 08:00:00+00:00,2641.335,2647.585,2636.515,2646.075,9.130795
2024-12-04 12:00:00+00:00,2646.085,2656.998,2632.315,2654.885,26.40471
2024-12-04 16:00:00+00:00,2654.865,2655.445,2646.695,2651.505,13.859015
2024-12-04 20:00:00+00:00,2651.525,2651.755,2647.985,2650.178,4.31825
2024-12-05 00:00:00+00:00,2650.208,2650.625,2644.595,2648.755,10.43944
2024-12-05 04:00:00+00:00,2648.735,2655.445,2645.224,2648.605,10.533185
2024-12-05 08:00:00+00:00,2648.595,2652.535,2641.755,2651.245,9.9561
2024-12-05 12:00:00+00:00,2651.265,2654.418,2631.885,2640.145,27.065449
2024-12-05 16:00:00+00:00,2640.125,2643.255,2623.385,2629.755,15.61866
2024-12-05 20:00:00+00:00,2629.725,2633.725,2627.935,2633.635,3.9984
2024-12-06 00:00:00+00:00,2633.625,2642.405,2612.585,2640.655,16.04093
2024-12-06 04:00:00+00:00,2640.655,2644.405,2635.165,2639.615,8.85841
2024-12-06 08:00:00+00:00,2639.615,2645.535,2632.295,2638.295,10.43023
2024-12-06 12:00:00+00:00,2638.295,2643.185,2623.864,2637.455,19.96407
2024-12-06 16:00:00+00:00,2637.475,2641.495,2632.885,2634.695,6.50122
2024-12-06 20:00:00+00:00,2634.715,2636.245,2630.955,2632.664,1.22135
2024-12-08 20:00:00+00:00,2646.52,2648.105,2636.148,2639.935,1.33378
2024-12-09 00:00:00+00:00,2639.925,2650.515,2627.455,2638.694,17.940045
2024-12-09 04:00:00+00:00,2638.695,2651.125,2634.505,2650.445,9.70786
2024-12-09 08:00:00+00:00,2650.465,2660.345,2645.915,2656.145,7.09978
2024-12-09 12:00:00+00:00,2656.115,2676.255,2653.175,2668.165,19.426175
2024-12-09 16:00:00+00:00,2668.165,2670.445,2658.755,2660.075,12.2305
2024-12-09 20:00:00+00:00,2660.075,2661.475,2656.675,2660.435,3.76689
2024-12-10 00:00:00+00:00,2660.415,2671.575,2657.805,2669.805,9.0732
2024-12-10 04:00:00+00:00,2669.855,2673.625,2663.525,2664.468,9.95418
2024-12-10 08:00:00+00:00,2664.465,2676.675,2661.064,2674.425,9.67136
2024-12-10 12:00:00+00:00,2674.465,2691.634,2672.205,2687.205,17.366
2024-12-10 16:00:00+00:00,2687.184,2695.378,2684.525,2691.798,13.19105
2024-12-10 20:00:00+00:00,2691.798,2698.195,2690.755,2695.798,4.53721
2024-12-11 00:00:00+00:00,2695.835,2704.098,2691.684,2695.435,14.045931
2024-12-11 04:00:00+00:00,2695.344,2697.538,2674.345,2689.534,12.66316
2024-12-11 08:00:00+00:00,2689.534,2699.585,2685.724,2696.364,19.23703
2024-12-11 12:00:00+00:00,2696.374,2715.855,2690.334,2712.994,28.932056
2024-12-11 16:00:00+00:00,2713.034,2721.005,2710.904,2717.945,29.50209
2024-12-11 20:00:00+00:00,2717.935,2720.185,2715.885,2719.865,4.90738
2024-12-12 00:00:00+00:00,2720.354,2726.105,2697.885,2710.465,11.08204
2024-12-12 04:00:00+00:00,2710.445,2720.315,2709.565,2715.944,11.37161
2024-12-12 08:00:00+00:00,2715.914,2719.325,2707.165,2710.685,18.02656
2024-12-12 12:00:00+00:00,2710.685,2712.205,2675.055,2679.584,32.5585
2024-12-12 16:00:00+00:00,2679.535,2686.855,2677.124,2682.864,16.70227
2024-12-12 20:00:00+00:00,2682.764,2683.425,2679.235,2680.565,5.48888
2024-12-13 00:00:00+00:00,2680.534,2692.595,2678.675,2687.885,14.87032
2024-12-13 04:00:00+00:00,2687.834,2690.324,2680.845,2682.965,14.34589
2024-12-13 08:00:00+00:00,2682.945,2684.615,2664.118,2664.705,17.10741
2024-12-13 12:00:00+00:00,2664.655,2672.805,2654.525,2659.755,20.27504
2024-12-13 16:00:00+00:00,2659.674,2664.415,2651.905,2652.765,14.14434
2024-12-13 20:00:00+00:00,2652.765,2653.345,2645.945,2647.385,3.03942
2024-12-15 20:00:00+00:00,2649.098,2652.845,2648.548,2651.345,0.92011
2024-12-16 00:00:00+00:00,2651.285,2655.448,2643.374,2653.618,12.2733
2024-12-16 04:00:00+00:00,2653.618,2655.765,2649.374,2653.598,11.14851
2024-12-16 08:00:00+00:00,2653.635,2663.975,2652.028,2663.385,10.56046
2024-12-16 12:00:00+00:00,2663.405,2664.248,2650.695,2654.214,20.64794
2024-12-16 16:00:00+00:00,2654.255,2655.618,2648.475,2653.125,7.78895
2024-12-16 20:00:00+00:00,2653.125,2653.435,2651.345,2651.565,4.03475
2024-12-17 00:00:00+00:00,2651.565,2658.465,2651.015,2653.435,9.16868
2024-12-17 04:00:00+00:00,2653.465,2656.948,2646.294,2653.565,11.27917
2024-12-17 08:00:00+00:00,2653.565,2653.565,2635.994,2642.085,17.71754
2024-12-17 12:00:00+00:00,2642.085,2646.748,2632.795,2636.498,14.24833
2024-12-17 16:00:00+00:00,2639.675,2648.865,2637.648,2645.195,7.71958
2024-12-17 20:00:00+00:00,2645.248,2647.498,2642.874,2647.198,2.75218
2024-12-18 00:00:00+00:00,2647.165,2651.525,2645.018,2645.555,11.66836
2024-12-18 04:00:00+00:00,2645.554,2649.348,2642.555,2644.545,9.8061
2024-12-18 08:00:00+00:00,2644.495,2649.535,2641.945,2645.995,9.14561
2024-12-18 12:00:00+00:00,2645.985,2647.705,2634.0,2638.075,26.76446
2024-12-18 16:00:00+00:00,2638.085,2639.895,2603.975,2604.435,43.646446
2024-12-18 20:00:00+00:00,2604.465,2609.235,2582.264,2587.948,12.12705
2024-12-19 00:00:00+00:00,2587.948,2617.948,2587.784,2610.285,12.85049
2024-12-19 04:00:00+00:00,2610.285,2622.435,2603.195,2616.355,10.854685
2024-12-19 08:00:00+00:00,2616.355,2626.325,2613.035,2616.584,13.48309
2024-12-19 12:00:00+00:00,2616.554,2616.554,2586.815,2588.315,28.8427
2024-12-19 16:00:00+00:00,2588.244,2600.925,2587.055,2596.645,22.35678
2024-12-19 20:00:00+00:00,2596.635,2600.225,2592.168,2593.385,3.74397
2024-12-20 00:00:00+00:00,2593.365,2603.825,2589.475,2598.345,13.832302
2024-12-20 04:00:00+00:00,2598.355,2607.365,2596.335,2606.175,6.29611
2024-12-20 08:00:00+00:00,2606.155,2607.598,2599.904,2603.545,9.66614
2024-12-20 12:00:00+00:00,2603.485,2631.004,2599.715,2630.164,19.377508
2024-12-20 16:00:00+00:00,2630.185,2631.698,2622.035,2627.775,15.98524
2024-12-20 20:00:00+00:00,2627.745,2627.905,2619.065,2622.435,3.21049
2024-12-22 20:00:00+00:00,2623.698,2624.545,2621.224,2624.098,0.93143
2024-12-23 00:00:00+00:00,2624.245,2627.255,2617.285,2623.855,10.36002
2024-12-23 04:00:00+00:00,2623.704,2633.135,2623.645,2630.145,8.890265
2024-12-23 08:00:00+00:00,2630.055,2631.955,2612.908,2616.125,14.168613
2024-12-23 12:00:00+00:00,2616.085,2619.795,2609.195,2609.605,19.2513
2024-12-23 16:00:00+00:00,2609.625,2616.394,2608.055,2610.848,13.07134
2024-12-23 20:00:00+00:00,2610.824,2616.975,2608.955,2615.348,2.57172
2024-12-24 00:00:00+00:00,2615.348,2619.755,2613.365,2618.685,8.21786
2024-12-24 04:00:00+00:00,2618.695,2621.205,2616.275,2618.298,6.53903
2024-12-24 08:00:00+00:00,2618.298,2619.655,2612.155,2614.875,7.759235
2024-12-24 12:00:00+00:00,2614.948,2617.065,2609.935,2611.625,12.19991
2024-12-24 16:00:00+00:00,2611.625,2619.245,2611.425,2616.348,6.3352
2024-12-25 20:00:00+00:00,2619.205,2619.825,2614.248,2618.205,0.66236
2024-12-26 00:00:00+00:00,2618.274,2628.915,2618.205,2626.658,8.39763
2024-12-26 04:00:00+00:00,2626.648,2629.498,2623.435,2625.198,6.11362
2024-12-26 08:00:00+00:00,2625.298,2629.808,2624.934,2627.738,4.49202
2024-12-26 12:00:00+00:00,2627.738,2638.975,2621.598,2636.304,13.47399
2024-12-26 16:00:00+00:00,2636.358,2636.585,2627.818,2634.765,9.42728
2024-12-26 20:00:00+00:00,2634.775,2636.205,2630.425,2632.478,3.25381
2024-12-27 00:00:00+00:00,2632.348,2635.348,2628.765,2633.685,9.08529
2024-12-27 04:00:00+00:00,2633.675,2638.105,2631.148,2633.435,6.71157
2024-12-27 08:00:00+00:00,2633.384,2633.384,2623.248,2628.495,9.15177
2024-12-27 12:00:00+00:00,2628.585,2631.395,2611.285,2617.945,18.244147
2024-12-27 16:00:00+00:00,2617.944,2621.234,2613.854,2620.554,7.81932
2024-12-27 20:00:00+00:00,2620.604,2621.598,2612.448,2621.348,2.25639
2024-12-29 20:00:00+00:00,2620.154,2625.998,2618.914,2623.748,0.74968
2024-12-30 00:00:00+00:00,2623.904,2627.985,2621.225,2626.358,6.45395
2024-12-30 04:00:00+00:00,2626.358,2626.358,2615.605,2616.535,7.23712
2024-12-30 08:00:00+00:00,2616.535,2618.425,2608.975,2616.125,10.79476
2024-12-30 12:00:00+00:00,2616.055,2622.425,2599.365,2601.375,24.81936
2024-12-30 16:00:00+00:00,2601.335,2608.225,2595.905,2607.085,20.6336
2024-12-30 20:00:00+00:00,2607.085,2609.365,2603.548,2606.548,4.46198
2024-12-31 00:00:00+00:00,2606.504,2611.375,2603.305,2604.418,6.97779
2024-12-31 04:00:00+00:00,2604.418,2613.965,2602.475,2613.555,6.0355
2024-12-31 08:00:00+00:00,2613.615,2617.595,2609.615,2610.825,7.44037
2024-12-31 12:00:00+00:00,2610.795,2626.475,2605.195,2625.614,14.83706
2024-12-31 16:00:00+00:00,2625.614,2627.364,2622.064,2623.665,9.9015
2024-12-31 20:00:00+00:00,2623.605,2624.835,2621.924,2624.255,1.63458
2025-01-01 20:00:00+00:00,2625.098,2626.005,2621.475,2623.555,0.76854
2025-01-02 00:00:00+00:00,2623.655,2636.298,2622.448,2633.448,8.83581
2025-01-02 04:00:00+00:00,2633.468,2636.284,2630.858,2635.848,7.09381
2025-01-02 08:00:00+00:00,2635.704,2646.098,2630.985,2641.665,12.00609
2025-01-02 12:00:00+00:00,2641.704,2655.715,2635.865,2653.948,19.356547
2025-01-02 16:00:00+00:00,2653.904,2660.374,2649.794,2654.635,14.17072
2025-01-02 20:00:00+00:00,2654.564,2660.375,2653.985,2658.295,4.08946
2025-01-03 00:00:00+00:00,2658.275,2665.185,2656.025,2662.155,10.15973
2025-01-03 04:00:00+00:00,2662.125,2664.195,2651.708,2654.045,8.81655
2025-01-03 08:00:00+00:00,2654.045,2659.155,2649.795,2657.425,12.36819
2025-01-03 12:00:00+00:00,2657.415,2658.225,2640.835,2643.755,21.78698
2025-01-03 16:00:00+00:00,2643.635,2647.085,2639.0,2639.248,9.57805
2025-01-03 20:00:00+00:00,2639.248,2640.555,2636.625,2639.898,1.699239
2025-01-05 20:00:00+00:00,2639.298,2642.235,2638.815,2640.848,1.07542
2025-01-06 00:00:00+00:00,2640.835,2647.275,2638.425,2640.065,8.02762
2025-01-06 04:00:00+00:00,2640.055,2640.605,2625.035,2626.705,9.59032
2025-01-06 08:00:00+00:00,2626.705,2649.305,2625.575,2645.425,11.51075
2025-01-06 12:00:00+00:00,2645.425,2648.668,2614.365,2634.195,22.04493
2025-01-06 16:00:00+00:00,2634.275,2641.148,2632.385,2634.168,16.60709
2025-01-06 20:00:00+00:00,2634.165,2636.935,2632.985,2634.465,4.64533
2025-01-07 00:00:00+00:00,2634.548,2641.105,2632.775,2639.378,5.53822
2025-01-07 04:00:00+00:00,2639.378,2646.515,2636.855,2640.348,7.85599
2025-01-07 08:00:00+00:00,2640.348,2648.478,2639.885,2648.255,10.48538
2025-01-07 12:00:00+00:00,2648.198,2664.098,2642.035,2647.585,21.46952
2025-01-07 16:00:00+00:00,2647.545,2655.848,2646.225,2649.055,9.86935
2025-01-07 20:00:00+00:00,2649.054,2651.285,2646.965,2649.555,3.96167
2025-01-08 00:00:00+00:00,2649.465,2651.375,2645.395,2646.615,8.91966
2025-01-08 04:00:00+00:00,2646.575,2654.255,2645.095,2652.448,6.76613
2025-01-08 08:00:00+00:00,2652.448,2654.995,2647.454,2650.595,10.76074
2025-01-08 12:00:00+00:00,2650.605,2667.648,2645.674,2665.698,22.78171
2025-01-08 16:00:00+00:00,2665.698,2669.844,2649.114,2658.174,15.04989
2025-01-08 20:00:00+00:00,2658.145,2663.945,2658.145,2662.475,3.77
2025-01-09 00:00:00+00:00,2662.475,2662.698,2656.155,2659.235,7.77357
2025-01-09 04:00:00+00:00,2659.235,2666.775,2655.305,2662.218,9.46031
2025-01-09 08:00:00+00:00,2662.164,2673.165,2660.268,2669.954,12.85944
2025-01-09 12:00:00+00:00,2669.954,2678.395,2667.004,2668.058,15.92887
2025-01-09 16:00:00+00:00,2668.058,2672.324,2662.548,2670.034,12.51788
2025-01-09 20:00:00+00:00,2669.994,2671.275,2668.325,2669.795,2.92301
2025-01-10 00:00:00+00:00,2669.865,2674.585,2668.728,2673.565,9.72079
2025-01-10 04:00:00+00:00,2673.568,2678.575,2671.385,2676.025,8.41155
2025-01-10 08:00:00+00:00,2676.025,2682.938,2675.585,2681.178,13.96231
2025-01-10 12:00:00+00:00,2681.034,2697.654,2663.205,2692.434,32.231182
2025-01-10 16:00:00+00:00,2692.404,2697.709,2684.348,2685.635,25.02623
2025-01-10 20:00:00+00:00,2685.635,2693.648,2683.948,2689.755,3.30131
2025-01-12 20:00:00+00:00,2690.155,2690.868,2687.189,2690.868,1.1415
2025-01-13 00:00:00+00:00,2690.819,2693.245,2679.145,2687.865,13.37466
2025-01-13 04:00:00+00:00,2687.875,2691.235,2683.085,2684.929,9.36817
2025-01-13 08:00:00+00:00,2684.929,2689.459,2675.205,2675.648,17.66586
2025-01-13 12:00:00+00:00,2675.599,2676.868,2660.849,2661.478,22.49586
2025-01-13 16:00:00+00:00,2661.439,2667.875,2656.615,2658.795,16.88433
2025-01-13 20:00:00+00:00,2658.785,2669.215,2658.715,2667.675,4.76821
2025-01-14 00:00:00+00:00,2667.675,2672.105,2666.059,2669.625,9.70219
2025-01-14 04:00:00+00:00,2669.595,2675.155,2666.985,2669.005,8.001145
2025-01-14 08:00:00+00:00,2669.175,2674.255,2664.439,2669.025,10.99953
2025-01-14 12:00:00+00:00,2669.025,2674.148,2659.645,2671.478,19.59015
2025-01-14 16:00:00+00:00,2671.499,2676.075,2666.495,2674.088,15.01424
2025-01-14 20:00:00+00:00,2674.009,2679.198,2671.675,2675.415,5.11539
2025-01-15 00:00:00+00:00,2675.455,2676.075,2669.315,2675.935,8.39049
2025-01-15 04:00:00+00:00,2675.915,2684.005,2673.945,2681.175,6.56002
2025-01-15 08:00:00+00:00,2681.175,2688.925,2681.045,2686.725,11.96159
2025-01-15 12:00:00+00:00,2686.705,2695.925,2676.439,2678.255,25.398535
2025-01-15 16:00:00+00:00,2678.255,2695.048,2676.765,2693.998,14.25417
2025-01-15 20:00:00+00:00,2693.899,2697.448,2693.129,2694.625,3.03715
2025-01-16 00:00:00+00:00,2694.625,2702.008,2692.648,2696.955,11.02517
2025-01-16 04:00:00+00:00,2696.929,2699.815,2689.725,2698.028,7.5358
2025-01-16 08:00:00+00:00,2698.178,2711.045,2696.895,2706.195,12.05826
2025-01-16 12:00:00+00:00,2706.129,2719.445,2699.969,2716.719,25.67675
2025-01-16 16:00:00+00:00,2716.738,2724.565,2714.498,2715.115,18.16018
2025-01-16 20:00:00+00:00,2715.105,2716.965,2712.195,2714.448,4.15137
2025-01-17 00:00:00+00:00,2714.355,2717.375,2709.725,2715.275,7.32126
2025-01-17 04:00:00+00:00,2715.275,2716.385,2708.525,2710.395,10.19176
2025-01-17 08:00:00+00:00,2710.465,2712.725,2702.669,2707.889,11.08948
2025-01-17 12:00:00+00:00,2707.885,2715.005,2702.555,2714.155,17.10685
2025-01-17 16:00:00+00:00,2714.275,2717.185,2702.685,2703.035,11.06248
2025-01-17 20:00:00+00:00,2703.015,2704.035,2698.445,2702.645,2.69629
2025-01-19 20:00:00+00:00,2701.105,2702.765,2690.875,2696.245,1.83285
2025-01-20 00:00:00+00:00,2696.185,2703.835,2689.308,2703.345,8.8262
2025-01-20 04:00:00+00:00,2703.345,2713.655,2702.025,2703.435,7.96945
2025-01-20 08:00:00+00:00,2703.435,2712.445,2702.739,2708.165,7.25648
2025-01-20 12:00:00+00:00,2708.145,2711.835,2701.498,2706.795,12.08477
2025-01-20 16:00:00+00:00,2706.705,2710.955,2703.185,2707.248,5.06343
2025-01-20 20:00:00+00:00,2706.055,2711.065,2705.855,2710.205,0.80601
2025-01-21 00:00:00+00:00,2710.179,2726.785,2702.745,2724.265,14.09029
2025-01-21 04:00:00+00:00,2724.275,2732.725,2722.465,2729.575,11.2407
2025-01-21 08:00:00+00:00,2729.535,2729.535,2716.345,2723.885,13.85961
2025-01-21 12:00:00+00:00,2723.865,2740.285,2721.665,2738.645,10.4839
2025-01-21 16:00:00+00:00,2738.615,2745.848,2737.595,2742.605,4.99079
2025-01-21 20:00:00+00:00,2742.565,2745.725,2739.875,2744.058,3.10592
2025-01-22 00:00:00+00:00,2744.058,2750.865,2742.455,2750.188,8.4387
2025-01-22 04:00:00+00:00,2750.188,2758.475,2745.425,2748.265,12.3915
2025-01-22 08:00:00+00:00,2748.265,2763.205,2746.635,2756.208,7.12264
2025-01-22 12:00:00+00:00,2756.208,2761.648,2750.148,2759.235,12.99957
2025-01-22 16:00:00+00:00,2759.265,2760.175,2754.765,2755.165,5.47071
2025-01-22 20:00:00+00:00,2755.135,2756.935,2753.548,2755.188,2.77256
2025-01-23 00:00:00+00:00,2755.098,2756.088,2749.385,2749.875,11.02042
2025-01-23 04:00:00+00:00,2749.845,2755.398,2749.675,2752.645,10.74291
2025-01-23 08:00:00+00:00,2752.705,2754.685,2740.898,2751.668,10.07958
2025-01-23 12:00:00+00:00,2751.678,2753.205,2735.665,2746.225,16.24455
2025-01-23 16:00:00+00:00,2746.218,2758.655,2744.015,2753.945,14.20664
2025-01-23 20:00:00+00:00,2753.975,2755.395,2751.078,2754.365,4.58832
2025-01-24 00:00:00+00:00,2754.375,2777.215,2754.075,2772.245,11.14311
2025-01-24 04:00:00+00:00,2772.238,2778.115,2770.365,2772.425,11.60742
2025-01-24 08:00:00+00:00,2772.465,2779.955,2769.885,2776.495,7.45995
2025-01-24 12:00:00+00:00,2776.515,2785.825,2773.595,2775.715,18.02835
2025-01-24 16:00:00+00:00,2775.708,2777.405,2769.708,2774.525,12.49342
2025-01-24 20:00:00+00:00,2774.555,2774.685,2769.805,2769.805,2.10919
2025-01-26 20:00:00+00:00,2770.305,2770.405,2764.455,2767.285,1.69535
2025-01-27 00:00:00+00:00,2767.278,2772.415,2753.618,2760.905,13.51282
2025-01-27 04:00:00+00:00,2760.915,2760.915,2747.065,2749.285,11.3151
2025-01-27 08:00:00+00:00,2749.235,2771.855,2749.155,2771.205,9.30898
2025-01-27 12:00:00+00:00,2771.225,2771.575,2739.285,2741.925,13.02363
2025-01-27 16:00:00+00:00,2741.875,2743.045,2730.529,2739.185,6.06435
2025-01-27 20:00:00+00:00,2739.205,2745.048,2737.935,2741.615,3.85483
2025-01-28 00:00:00+00:00,2741.615,2745.065,2737.675,2738.615,9.1603
2025-01-28 04:00:00+00:00,2738.608,2744.755,2738.155,2738.785,8.96308
2025-01-28 08:00:00+00:00,2738.865,2744.975,2734.738,2742.585,10.63912
2025-01-28 12:00:00+00:00,2742.555,2757.125,2740.995,2755.148,8.41637
2025-01-28 16:00:00+00:00,2755.148,2764.875,2755.045,2764.735,9.39013
2025-01-28 20:00:00+00:00,2764.635,2764.875,2761.855,2762.545,5.92154
2025-01-29 00:00:00+00:00,2762.575,2765.985,2762.105,2762.545,8.01303
2025-01-29 04:00:00+00:00,2762.538,2764.205,2757.275,2759.025,4.48663
2025-01-29 08:00:00+00:00,2759.015,2765.928,2756.848,2758.935,14.82889
2025-01-29 12:00:00+00:00,2758.925,2760.925,2748.0,2754.015,14.65928
2025-01-29 16:00:00+00:00,2754.025,2757.488,2745.0,2754.945,18.541454
2025-01-29 20:00:00+00:00,2754.905,2760.415,2752.425,2760.035,6.94717
2025-01-30 00:00:00+00:00,2760.035,2762.405,2758.785,2761.565,9.102675
2025-01-30 04:00:00+00:00,2761.585,2769.308,2758.475,2768.925,10.07379
2025-01-30 08:00:00+00:00,2768.955,2779.415,2768.265,2777.625,13.36661
2025-01-30 12:00:00+00:00,2777.625,2796.685,2776.025,2795.335,20.76324
2025-01-30 16:00:00+00:00,2795.355,2798.305,2788.435,2793.265,13.79209
2025-01-30 20:00:00+00:00,2793.265,2798.135,2789.405,2795.965,6.27441
2025-01-31 00:00:00+00:00,2795.948,2799.375,2794.265,2796.195,10.14526
2025-01-31 04:00:00+00:00,2796.185,2800.645,2791.905,2798.075,11.06246
2025-01-31 08:00:00+00:00,2798.055,2800.535,2790.895,2799.985,8.76774
2025-01-31 12:00:00+00:00,2799.905,2816.935,2799.485,2808.935,18.3245
2025-01-31 16:00:00+00:00,2809.085,2816.088,2794.818,2795.905,20.41685
2025-01-31 20:00:00+00:00,2795.955,2802.295,2793.965,2798.085,5.67258
2025-02-02 20:00:00+00:00,2793.987,2803.148,2782.548,2792.545,2.31274
2025-02-03 00:00:00+00:00,2792.108,2795.598,2771.885,2774.225,15.711612
2025-02-03 04:00:00+00:00,2774.195,2789.645,2773.935,2789.155,11.778545
2025-02-03 08:00:00+00:00,2789.155,2804.135,2786.755,2801.048,13.77245
2025-02-03 12:00:00+00:00,2801.048,2830.305,2800.208,2817.215,20.90511
2025-02-03 16:00:00+00:00,2817.215,2824.985,2812.828,2818.078,8.26519
2025-02-03 20:00:00+00:00,2818.095,2819.295,2810.978,2813.548,4.78013
2025-02-04 00:00:00+00:00,2813.525,2824.445,2812.305,2821.225,8.42849
2025-02-04 04:00:00+00:00,2821.235,2821.315,2806.925,2812.535,11.28816
2025-02-04 08:00:00+00:00,2812.595,2821.675,2809.918,2815.275,12.59762
2025-02-04 12:00:00+00:00,2815.295,2845.335,2814.275,2835.705,16.60844
2025-02-04 16:00:00+00:00,2835.685,2844.875,2832.405,2842.915,7.65001
2025-02-04 20:00:00+00:00,2842.915,2844.648,2840.148,2841.035,3.23399
2025-02-05 00:00:00+00:00,2841.095,2854.205,2839.335,2852.135,8.61333
2025-02-05 04:00:00+00:00,2852.085,2864.075,2851.655,2863.985,6.577
2025-02-05 08:00:00+00:00,2863.945,2876.905,2863.405,2868.335,10.9171
2025-02-05 12:00:00+00:00,2868.355,2882.215,2858.315,2879.975,11.33187
2025-02-05 16:00:00+00:00,2879.958,2880.985,2862.565,2863.345,8.36834
2025-02-05 20:00:00+00:00,2863.375,2870.775,2859.805,2868.985,2.76212
2025-02-06 00:00:00+00:00,2868.985,2873.085,2863.448,2869.165,10.40034
2025-02-06 04:00:00+00:00,2869.185,2872.145,2854.745,2855.465,7.74276
2025-02-06 08:00:00+00:00,2855.465,2867.265,2848.535,2865.785,9.13142
2025-02-06 12:00:00+00:00,2865.805,2870.045,2833.955,2850.465,16.27657
2025-02-06 16:00:00+00:00,2850.475,2854.655,2847.985,2853.755,6.8371
2025-02-06 20:00:00+00:00,2853.725,2858.555,2853.495,2857.835,2.80457
2025-02-07 00:00:00+00:00,2857.845,2870.395,2857.415,2867.025,4.81908
2025-02-07 04:00:00+00:00,2867.025,2869.385,2858.845,2864.015,6.0429
2025-02-07 08:00:00+00:00,2864.075,2870.505,2863.035,2867.525,9.11251
2025-02-07 12:00:00+00:00,2867.535,2886.605,2852.085,2880.135,15.797237
2025-02-07 16:00:00+00:00,2880.235,2881.335,2853.135,2859.865,10.4647
2025-02-07 20:00:00+00:00,2859.925,2863.685,2859.185,2860.135,3.52994
2025-02-09 20:00:00+00:00,2858.065,2870.305,2854.448,2867.198,0.97769
2025-02-10 00:00:00+00:00,2867.198,2876.365,2865.558,2875.355,9.41011
2025-02-10 04:00:00+00:00,2875.375,2896.465,2874.175,2895.395,8.21537
2025-02-10 08:00:00+00:00,2895.395,2906.135,2892.085,2904.405,10.323379
2025-02-10 12:00:00+00:00,2904.375,2911.655,2896.205,2908.855,16.610992
2025-02-10 16:00:00+00:00,2908.905,2910.095,2896.315,2904.185,8.87804
2025-02-10 20:00:00+00:00,2904.165,2921.455,2902.675,2917.655,5.51698
2025-02-11 00:00:00+00:00,2917.685,2942.665,2905.015,2919.318,11.783971
2025-02-11 04:00:00+00:00,2919.325,2929.275,2907.095,2913.275,9.83486
2025-02-11 08:00:00+00:00,2913.245,2914.988,2901.715,2903.775,7.31967
2025-02-11 12:00:00+00:00,2903.765,2906.435,2881.635,2904.595,17.69165
2025-02-11 16:00:00+00:00,2904.605,2908.475,2899.455,2900.125,7.7126
2025-02-11 20:00:00+00:00,2900.125,2900.585,2893.855,2898.375,3.85787
2025-02-12 00:00:00+00:00,2898.375,2898.765,2883.345,2888.855,7.68394
2025-02-12 04:00:00+00:00,2888.765,2895.705,2883.505,2892.655,7.36225
2025-02-12 08:00:00+00:00,2892.715,2893.915,2879.098,2879.359,9.11514
2025-02-12 12:00:00+00:00,2879.515,2897.805,2863.685,2894.505,15.02672
2025-02-12 16:00:00+00:00,2894.505,2909.035,2891.935,2897.675,7.405664
2025-02-12 20:00:00+00:00,2897.695,2906.398,2895.305,2905.498,4.35625
2025-02-13 00:00:00+00:00,2905.498,2917.855,2901.188,2916.285,6.053
2025-02-13 04:00:00+00:00,2916.275,2922.575,2912.348,2914.385,8.12335
2025-02-13 08:00:00+00:00,2914.315,2919.225,2909.305,2917.725,8.75282
2025-02-13 12:00:00+00:00,2917.785,2921.105,2905.548,2920.105,10.46905
2025-02-13 16:00:00+00:00,2920.095,2927.305,2912.885,2926.745,7.20194
2025-02-13 20:00:00+00:00,2926.715,2932.215,2924.665,2930.935,4.49171
2025-02-14 00:00:00+00:00,2930.935,2933.705,2922.915,2924.175,7.5804
2025-02-14 04:00:00+00:00,2924.169,2936.635,2923.615,2931.645,7.14611
2025-02-14 08:00:00+00:00,2931.665,2939.935,2929.125,2930.955,10.250812
2025-02-14 12:00:00+00:00,2930.915,2933.145,2892.795,2901.805,15.641306
2025-02-14 16:00:00+00:00,2901.675,2903.645,2878.595,2880.435,9.45866
2025-02-14 20:00:00+00:00,2880.435,2886.125,2876.805,2882.085,4.09837
2025-02-16 20:00:00+00:00,2881.745,2893.405,2878.015,2879.075,1.493
2025-02-17 00:00:00+00:00,2879.095,2904.465,2879.095,2903.275,6.12253
2025-02-17 04:00:00+00:00,2903.265,2905.075,2888.155,2902.315,6.38364
2025-02-17 08:00:00+00:00,2902.405,2906.215,2894.985,2900.825,10.37714
2025-02-17 12:00:00+00:00,2900.795,2903.945,2895.328,2899.105,7.74017
2025-02-17 16:00:00+00:00,2899.085,2901.038,2896.355,2898.275,2.78263
2025-02-17 20:00:00+00:00,2898.545,2899.285,2896.895,2899.175,0.38095
2025-02-18 00:00:00+00:00,2899.135,2910.675,2891.775,2908.755,5.91695
2025-02-18 04:00:00+00:00,2908.735,2915.535,2907.045,2911.405,4.30918
2025-02-18 08:00:00+00:00,2911.395,2914.645,2906.915,2914.045,6.77859
2025-02-18 12:00:00+00:00,2914.045,2929.525,2911.965,2926.885,19.35032
2025-02-18 16:00:00+00:00,2926.885,2936.825,2923.955,2935.575,12.4478
2025-02-18 20:00:00+00:00,2935.575,2936.575,2932.255,2933.778,4.75389
2025-02-19 00:00:00+00:00,2933.778,2939.465,2924.0,2928.685,5.195495
2025-02-19 04:00:00+00:00,2928.645,2935.655,2926.305,2934.045,6.78573
2025-02-19 08:00:00+00:00,2933.995,2946.865,2933.515,2934.785,9.83801
2025-02-19 12:00:00+00:00,2934.779,2941.515,2925.395,2925.615,14.89549
2025-02-19 16:00:00+00:00,2925.555,2932.175,2918.365,2931.675,10.5868
2025-02-19 20:00:00+00:00,2931.695,2937.268,2931.165,2935.085,4.07929
2025-02-20 00:00:00+00:00,2935.125,2943.815,2933.615,2941.735,5.60431
2025-02-20 04:00:00+00:00,2941.715,2954.125,2939.125,2948.805,5.74934
2025-02-20 08:00:00+00:00,2948.825,2954.755,2947.015,2948.538,5.45575
2025-02-20 12:00:00+00:00,2948.538,2950.635,2923.945,2938.445,11.52844
2025-02-20 16:00:00+00:00,2938.435,2946.885,2933.165,2937.735,6.86615
2025-02-20 20:00:00+00:00,2937.755,2943.235,2935.355,2941.205,3.60898
2025-02-21 00:00:00+00:00,2941.255,2949.545,2926.238,2930.965,7.93403
2025-02-21 04:00:00+00:00,2930.925,2933.815,2923.955,2929.885,6.11723
2025-02-21 08:00:00+00:00,2929.885,2935.935,2916.615,2928.195,6.57988
2025-02-21 12:00:00+00:00,2928.185,2938.815,2921.355,2928.485,13.81611
2025-02-21 16:00:00+00:00,2928.485,2942.625,2927.165,2933.205,11.04019
2025-02-21 20:00:00+00:00,2933.185,2938.025,2931.935,2934.955,2.43071
2025-02-23 20:00:00+00:00,2934.815,2940.068,2933.198,2936.635,1.03293
2025-02-24 00:00:00+00:00,2936.485,2944.575,2921.055,2940.935,9.80008
2025-02-24 04:00:00+00:00,2940.975,2944.795,2935.115,2943.705,5.71559
2025-02-24 08:00:00+00:00,2943.795,2948.665,2934.735,2947.615,8.07557
2025-02-24 12:00:00+00:00,2947.585,2956.035,2930.585,2936.375,18.63412
2025-02-24 16:00:00+00:00,2936.355,2949.685,2936.345,2948.995,14.19879
2025-02-24 20:00:00+00:00,2948.995,2953.348,2946.805,2949.795,4.90204
2025-02-25 00:00:00+00:00,2949.745,2952.405,2937.178,2939.315,7.26003
2025-02-25 04:00:00+00:00,2939.295,2940.855,2930.575,2931.555,7.394425
2025-02-25 08:00:00+00:00,2931.585,2942.285,2929.365,2938.475,8.18234
2025-02-25 12:00:00+00:00,2938.535,2944.648,2900.475,2905.775,21.1868
2025-02-25 16:00:00+00:00,2905.725,2913.665,2888.085,2911.915,12.8847
2025-02-25 20:00:00+00:00,2911.895,2918.805,2910.655,2918.405,4.18612
2025-02-26 00:00:00+00:00,2918.485,2929.995,2914.588,2916.985,5.81569
2025-02-26 04:00:00+00:00,2916.985,2920.865,2905.595,2915.275,6.34524
2025-02-26 08:00:00+00:00,2915.275,2918.865,2909.345,2913.635,9.05994
2025-02-26 12:00:00+00:00,2913.635,2915.375,2890.588,2913.095,14.13251
2025-02-26 16:00:00+00:00,2913.095,2916.605,2909.805,2913.795,10.53736
2025-02-26 20:00:00+00:00,2913.795,2920.615,2911.875,2918.995,3.98838
2025-02-27 00:00:00+00:00,2918.975,2918.975,2904.125,2905.455,6.217
2025-02-27 04:00:00+00:00,2905.545,2906.205,2887.855,2891.865,9.47912
2025-02-27 08:00:00+00:00,2891.725,2894.845,2876.715,2883.935,13.91531
2025-02-27 12:00:00+00:00,2883.875,2892.175,2867.565,2872.088,17.347315
2025-02-27 16:00:00+00:00,2871.928,2887.508,2871.478,2879.025,8.47888
2025-02-27 20:00:00+00:00,2879.035,2879.165,2871.125,2875.815,4.72511
2025-02-28 00:00:00+00:00,2875.825,2884.925,2863.428,2865.565,8.67778
2025-02-28 04:00:00+00:00,2865.545,2866.885,2856.785,2858.535,6.63696
2025-02-28 08:00:00+00:00,2858.515,2864.745,2850.788,2861.995,8.58972
2025-02-28 12:00:00+00:00,2861.975,2864.725,2832.455,2849.915,21.837898
2025-02-28 16:00:00+00:00,2850.015,2853.795,2838.0,2849.455,10.663431
2025-02-28 20:00:00+00:00,2849.415,2859.525,2847.495,2856.998,3.959
2025-03-02 20:00:00+00:00,2855.205,2876.905,2855.075,2870.608,2.484604
2025-03-03 00:00:00+00:00,2870.608,2871.848,2859.055,2864.655,6.657
2025-03-03 04:00:00+00:00,2864.648,2868.345,2859.935,2863.165,6.08249
2025-03-03 08:00:00+00:00,2863.205,2875.275,2858.735,2874.225,8.950845
2025-03-03 12:00:00+00:00,2874.175,2890.215,2868.465,2887.675,10.7283
2025-03-03 16:00:00+00:00,2887.785,2892.935,2879.355,2881.365,8.40347
2025-03-03 20:00:00+00:00,2881.355,2894.985,2878.115,2890.625,5.42289
2025-03-04 00:00:00+00:00,2890.605,2893.625,2881.648,2888.448,4.31837
2025-03-04 04:00:00+00:00,2888.418,2901.105,2884.155,2899.845,6.38349
2025-03-04 08:00:00+00:00,2899.839,2921.455,2896.545,2919.718,8.47528
2025-03-04 12:00:00+00:00,2919.725,2927.715,2899.835,2905.775,20.41995
2025-03-04 16:00:00+00:00,2905.775,2916.305,2903.375,2915.945,10.24662
2025-03-04 20:00:00+00:00,2915.939,2920.285,2913.135,2914.075,5.83854
2025-03-05 00:00:00+00:00,2913.945,2916.915,2901.758,2908.415,8.102665
2025-03-05 04:00:00+00:00,2908.385,2921.505,2908.245,2917.848,5.51108
2025-03-05 08:00:00+00:00,2917.855,2922.355,2908.675,2912.939,16.32284
2025-03-05 12:00:00+00:00,2913.145,2923.699,2894.145,2917.055,28.260475
2025-03-05 16:00:00+00:00,2916.969,2929.748,2911.125,2920.355,16.56606
2025-03-05 20:00:00+00:00,2920.355,2922.885,2916.138,2918.165,5.77988
2025-03-06 00:00:00+00:00,2918.145,2926.425,2915.695,2920.995,4.89697
2025-03-06 04:00:00+00:00,2920.995,2922.895,2909.645,2909.995,7.43776
2025-03-06 08:00:00+00:00,2909.955,2911.355,2890.815,2905.685,14.534763
2025-03-06 12:00:00+00:00,2905.705,2922.628,2899.085,2914.268,14.57425
2025-03-06 16:00:00+00:00,2914.268,2921.258,2911.955,2913.685,8.21525
2025-03-06 20:00:00+00:00,2913.605,2916.345,2908.105,2910.058,4.82454
2025-03-07 00:00:00+00:00,2910.058,2910.058,2895.698,2905.165,8.36999
2025-03-07 04:00:00+00:00,2905.149,2917.155,2904.509,2916.985,6.89017
2025-03-07 08:00:00+00:00,2916.965,2922.875,2915.055,2918.548,8.222425
2025-03-07 12:00:00+00:00,2918.548,2930.185,2903.229,2915.605,13.48301
2025-03-07 16:00:00+00:00,2915.545,2919.305,2901.825,2905.015,5.75783
2025-03-07 20:00:00+00:00,2904.985,2912.448,2904.675,2909.355,1.85376
2025-03-09 20:00:00+00:00,2910.905,2916.678,2909.475,2915.908,1.75837
2025-03-10 00:00:00+00:00,2915.908,2918.125,2907.975,2910.695,9.99451
2025-03-10 04:00:00+00:00,2910.615,2915.255,2904.125,2908.125,8.73626
2025-03-10 08:00:00+00:00,2908.135,2915.275,2895.425,2903.859,17.60893
2025-03-10 12:00:00+00:00,2903.895,2910.288,2897.515,2904.295,22.01044
2025-03-10 16:00:00+00:00,2904.318,2906.605,2879.935,2885.395,13.4653
2025-03-10 20:00:00+00:00,2885.395,2889.935,2882.048,2884.405,2.19603
2025-03-11 00:00:00+00:00,2884.475,2900.315,2879.938,2896.685,7.19087
2025-03-11 04:00:00+00:00,2896.688,2903.395,2892.405,2900.868,8.11407
2025-03-11 08:00:00+00:00,2900.865,2915.268,2900.268,2913.325,9.39798
2025-03-11 12:00:00+00:00,2913.335,2922.048,2906.665,2916.615,15.050985
2025-03-11 16:00:00+00:00,2916.608,2921.245,2913.895,2918.195,9.46969
2025-03-11 20:00:00+00:00,2918.195,2919.455,2914.155,2915.148,1.57525
2025-03-12 00:00:00+00:00,2915.148,2919.795,2910.558,2914.755,5.48088
2025-03-12 04:00:00+00:00,2914.765,2921.035,2908.785,2914.335,8.30383
2025-03-12 08:00:00+00:00,2914.315,2925.135,2912.535,2915.115,11.72746
2025-03-12 12:00:00+00:00,2915.105,2929.145,2905.755,2928.148,16.4637
2025-03-12 16:00:00+00:00,2928.505,2940.348,2927.665,2931.115,9.54777
2025-03-12 20:00:00+00:00,2931.099,2939.148,2930.655,2937.925,2.85604
2025-03-13 00:00:00+00:00,2937.925,2946.975,2936.248,2945.445,6.58382
2025-03-13 04:00:00+00:00,2945.405,2946.035,2932.768,2935.075,8.12885
2025-03-13 08:00:00+00:00,2935.115,2948.735,2934.675,2946.135,13.33582
2025-03-13 12:00:00+00:00,2946.129,2978.195,2938.738,2977.655,18.670506
2025-03-13 16:00:00+00:00,2977.665,2985.325,2976.165,2982.745,7.71888
2025-03-13 20:00:00+00:00,2982.745,2989.785,2981.015,2986.195,1.95303
2025-03-14 00:00:00+00:00,2986.175,2992.875,2981.475,2992.375,5.81928
2025-03-14 04:00:00+00:00,2992.375,2993.835,2981.0,2986.748,9.122843
2025-03-14 08:00:00+00:00,2986.775,3004.725,2985.025,2993.305,12.37034
2025-03-14 12:00:00+00:00,2993.305,2999.415,2978.085,2984.348,16.646111
2025-03-14 16:00:00+00:00,2984.259,2990.285,2982.005,2983.775,13.12088
2025-03-14 20:00:00+00:00,2983.845,2988.475,2981.625,2983.795,0.58274
2025-03-16 20:00:00+00:00,2984.285,2993.905,2983.048,2989.915,2.46998
2025-03-17 00:00:00+00:00,2989.915,2992.895,2985.075,2986.885,8.36169
2025-03-17 04:00:00+00:00,2986.879,2990.545,2981.975,2985.325,7.87358
2025-03-17 08:00:00+00:00,2985.319,3001.075,2982.935,2997.275,8.46774
2025-03-17 12:00:00+00:00,2997.345,3000.355,2984.535,2996.945,12.9692
2025-03-17 16:00:00+00:00,2996.945,3000.695,2992.805,3000.099,7.7018
2025-03-17 20:00:00+00:00,3000.085,3002.665,2999.348,2999.518,1.3868
2025-03-18 00:00:00+00:00,2999.508,3014.855,2999.258,3011.235,4.36088
2025-03-18 04:00:00+00:00,3011.265,3018.695,3005.848,3016.309,6.96883
2025-03-18 08:00:00+00:00,3016.309,3029.319,3016.269,3026.649,17.60366
2025-03-18 12:00:00+00:00,3026.649,3038.058,3024.438,3031.565,16.85054
2025-03-18 16:00:00+00:00,3031.545,3037.855,3029.545,3035.375,8.34653
2025-03-18 20:00:00+00:00,3035.395,3035.795,3031.268,3031.528,1.44393
2025-03-19 00:00:00+00:00,3031.565,3038.795,3027.175,3036.048,7.25106
2025-03-19 04:00:00+00:00,3036.048,3045.155,3033.985,3035.665,8.82989
2025-03-19 08:00:00+00:00,3035.685,3039.735,3022.315,3038.695,8.83043
2025-03-19 12:00:00+00:00,3038.648,3040.898,3025.678,3031.255,13.12468
2025-03-19 16:00:00+00:00,3031.295,3051.758,3028.538,3047.695,8.20794
2025-03-19 20:00:00+00:00,3047.725,3051.105,3044.045,3049.875,1.29908
2025-03-20 00:00:00+00:00,3049.895,3056.155,3044.768,3049.745,7.13975
2025-03-20 04:00:00+00:00,3049.728,3057.245,3041.635,3042.105,8.71496
2025-03-20 08:00:00+00:00,3042.105,3046.065,3025.428,3034.265,13.58026
2025-03-20 12:00:00+00:00,3034.325,3042.175,3029.848,3040.478,15.98231
2025-03-20 16:00:00+00:00,3040.455,3045.925,3033.718,3044.448,8.37527
2025-03-20 20:00:00+00:00,3044.475,3046.485,3043.355,3046.245,1.33721
2025-03-21 00:00:00+00:00,3046.245,3047.265,3029.795,3030.318,9.08672
2025-03-21 04:00:00+00:00,3030.308,3033.785,3021.305,3031.775,9.56273
2025-03-21 08:00:00+00:00,3031.775,3037.438,3026.905,3034.115,8.16496
2025-03-21 12:00:00+00:00,3034.105,3037.975,2999.268,3010.825,13.306114
2025-03-21 16:00:00+00:00,3010.845,3021.845,3010.408,3019.825,8.02162
2025-03-21 20:00:00+00:00,3019.855,3024.125,3019.765,3022.705,0.80257
2025-03-23 20:00:00+00:00,3020.155,3026.045,3020.155,3024.515,0.93748
2025-03-24 00:00:00+00:00,3024.448,3025.495,3013.475,3016.745,7.60762
2025-03-24 04:00:00+00:00,3016.705,3028.725,3016.248,3022.165,6.65506
2025-03-24 08:00:00+00:00,3022.165,3033.135,3021.665,3024.448,11.96685
2025-03-24 12:00:00+00:00,3024.448,3028.425,3006.0,3013.845,14.561237
2025-03-24 16:00:00+00:00,3013.845,3015.455,3002.145,3005.975,7.352999
2025-03-24 20:00:00+00:00,3005.969,3014.475,3005.465,3009.595,2.96968
2025-03-25 00:00:00+00:00,3009.615,3016.085,3007.315,3015.135,4.70041
2025-03-25 04:00:00+00:00,3015.235,3020.895,3010.218,3010.915,6.93885
2025-03-25 08:00:00+00:00,3010.915,3026.305,3010.418,3020.415,6.756425
2025-03-25 12:00:00+00:00,3020.395,3035.905,3013.938,3021.305,16.63946
2025-03-25 16:00:00+00:00,3021.395,3025.445,3017.575,3019.548,7.33619
2025-03-25 20:00:00+00:00,3019.545,3022.035,3018.665,3020.775,0.71362
2025-03-26 00:00:00+00:00,3020.765,3026.955,3016.208,3017.385,6.014885
2025-03-26 04:00:00+00:00,3017.358,3030.628,3013.048,3030.365,5.40748
2025-03-26 08:00:00+00:00,3030.345,3031.945,3016.855,3027.295,11.06079
2025-03-26 12:00:00+00:00,3027.335,3029.925,3012.125,3015.775,13.66985
2025-03-26 16:00:00+00:00,3015.775,3020.685,3015.025,3017.105,5.52045
2025-03-26 20:00:00+00:00,3017.145,3021.675,3017.035,3021.395,1.57173
2025-03-27 00:00:00+00:00,3021.368,3034.075,3021.355,3033.465,4.75604
2025-03-27 04:00:00+00:00,3033.445,3038.495,3026.535,3035.715,9.75218
2025-03-27 08:00:00+00:00,3035.825,3055.665,3033.565,3054.435,10.49164
2025-03-27 12:00:00+00:00,3054.465,3059.518,3033.295,3051.878,14.010475
2025-03-27 16:00:00+00:00,3051.868,3057.685,3047.455,3057.355,6.30562
2025-03-27 20:00:00+00:00,3057.355,3057.475,3053.875,3055.275,1.38088
2025-03-28 00:00:00+00:00,3055.185,3077.365,3054.685,3075.065,9.76265
2025-03-28 04:00:00+00:00,3075.075,3085.845,3072.305,3078.865,7.34807
2025-03-28 08:00:00+00:00,3078.865,3081.118,3065.798,3076.135,9.766948
2025-03-28 12:00:00+00:00,3076.185,3086.725,3067.115,3083.545,12.61689
2025-03-28 16:00:00+00:00,3083.545,3086.598,3073.365,3080.625,5.20305
2025-03-28 20:00:00+00:00,3080.595,3085.565,3080.595,3083.898,0.62101
2025-03-30 20:00:00+00:00,3086.498,3097.715,3085.355,3088.898,2.05534
2025-03-31 00:00:00+00:00,3088.845,3111.575,3076.485,3106.948,8.88303
2025-03-31 04:00:00+00:00,3106.875,3127.825,3105.715,3124.348,8.93453
2025-03-31 08:00:00+00:00,3124.348,3126.985,3111.648,3119.315,6.64213
2025-03-31 12:00:00+00:00,3119.335,3127.085,3099.685,3113.645,14.4445
2025-03-31 16:00:00+00:00,3113.645,3124.529,3111.405,3124.285,6.80336
2025-03-31 20:00:00+00:00,3124.305,3126.398,3119.828,3120.348,1.34328
2025-04-01 00:00:00+00:00,3120.265,3147.195,3120.065,3145.815,8.74802
2025-04-01 04:00:00+00:00,3145.815,3148.835,3123.919,3127.348,11.028545
2025-04-01 08:00:00+00:00,3127.348,3138.819,3126.158,3130.148,9.90689
2025-04-01 12:00:00+00:00,3130.165,3136.925,3113.195,3113.505,11.98328
2025-04-01 16:00:00+00:00,3113.499,3118.998,3100.665,3118.698,8.49594
2025-04-01 20:00:00+00:00,3118.598,3120.625,3107.455,3114.998,1.50834
2025-04-02 00:00:00+00:00,3114.998,3135.525,3112.768,3125.215,5.72085
2025-04-02 04:00:00+00:00,3125.308,3126.508,3108.005,3125.075,7.06019
2025-04-02 08:00:00+00:00,3125.105,3133.745,3110.0,3121.175,6.18711
2025-04-02 12:00:00+00:00,3121.195,3131.945,3116.425,3125.648,8.53931
2025-04-02 16:00:00+00:00,3125.655,3134.085,3118.465,3123.915,7.29051
2025-04-02 20:00:00+00:00,3123.898,3167.548,3104.175,3162.475,10.718887
2025-04-03 00:00:00+00:00,3162.455,3164.575,3140.358,3147.865,11.70121
2025-04-03 04:00:00+00:00,3147.715,3149.515,3116.175,3128.855,10.73705
2025-04-03 08:00:00+00:00,3128.955,3131.935,3085.085,3092.955,10.73203
2025-04-03 12:00:00+00:00,3092.935,3135.425,3053.935,3110.385,17.42317
2025-04-03 16:00:00+00:00,3110.365,3114.048,3099.698,3107.405,6.27602
2025-04-03 20:00:00+00:00,3107.495,3119.705,3107.145,3112.625,2.1281
2025-04-04 00:00:00+00:00,3112.645,3115.515,3086.838,3098.198,7.78363
2025-04-04 04:00:00+00:00,3098.085,3109.698,3091.775,3092.655,9.75
2025-04-04 08:00:00+00:00,3092.635,3136.435,3078.255,3110.098,18.45213
2025-04-04 12:00:00+00:00,3110.145,3111.515,3016.518,3021.765,17.45614
2025-04-04 16:00:00+00:00,3021.775,3040.765,3015.335,3036.375,9.21688
2025-04-04 20:00:00+00:00,3036.315,3040.815,3033.755,3037.998,1.27623
2025-04-06 20:00:00+00:00,3006.765,3032.185,2976.585,2999.548,7.48379
2025-04-07 00:00:00+00:00,2999.548,3055.18,2970.305,3018.605,15.057191
2025-04-07 04:00:00+00:00,3018.585,3044.295,3013.095,3018.345,10.5558
2025-04-07 08:00:00+00:00,3018.385,3045.965,3017.375,3030.825,15.40103
2025-04-07 12:00:00+00:00,3030.915,3037.545,2979.753,2987.293,23.68822
2025-04-07 16:00:00+00:00,2987.293,2987.593,2956.125,2976.365,10.11054
2025-04-07 20:00:00+00:00,2976.235,2988.435,2969.145,2981.075,2.11147
2025-04-08 00:00:00+00:00,2980.985,3004.595,2980.125,2994.505,6.82548
2025-04-08 04:00:00+00:00,2994.435,3015.555,2990.465,3003.415,6.55745
2025-04-08 08:00:00+00:00,3003.425,3019.345,2994.715,3017.185,5.32455
2025-04-08 12:00:00+00:00,3017.265,3022.485,3000.975,3001.285,13.2254
2025-04-08 16:00:00+00:00,3001.255,3001.255,2974.565,2984.575,13.192006
2025-04-08 20:00:00+00:00,2984.569,2990.215,2969.605,2978.265,2.82842
2025-04-09 00:00:00+00:00,2978.435,3010.835,2971.745,3004.015,11.33331
2025-04-09 04:00:00+00:00,3003.995,3052.229,2998.695,3040.675,12.32535
2025-04-09 08:00:00+00:00,3040.685,3067.715,3035.625,3066.385,12.76084
2025-04-09 12:00:00+00:00,3066.445,3087.645,3042.435,3086.115,15.55692
2025-04-09 16:00:00+00:00,3086.215,3099.465,3048.385,3093.165,14.67422
2025-04-09 20:00:00+00:00,3093.069,3095.205,3070.935,3086.495,4.33791
2025-04-10 00:00:00+00:00,3086.495,3131.615,3078.105,3125.095,14.58408
2025-04-10 04:00:00+00:00,3125.095,3132.245,3106.445,3108.215,7.68285
2025-04-10 08:00:00+00:00,3108.235,3125.445,3103.165,3124.525,6.06086
2025-04-10 12:00:00+00:00,3124.575,3174.695,3115.965,3157.915,13.64076
2025-04-10 16:00:00+00:00,3157.915,3176.229,3151.385,3170.695,10.38453
2025-04-10 20:00:00+00:00,3170.689,3191.045,3168.345,3188.775,4.51089
2025-04-11 00:00:00+00:00,3188.755,3219.935,3184.665,3217.555,12.80594
2025-04-11 04:00:00+00:00,3217.625,3219.005,3186.605,3212.185,10.89815
2025-04-11 08:00:00+00:00,3212.165,3237.325,3208.145,3213.545,8.04243
2025-04-11 12:00:00+00:00,3213.485,3243.945,3210.845,3240.165,11.88774
2025-04-11 16:00:00+00:00,3240.235,3245.025,3219.395,3230.785,6.41651
2025-04-11 20:00:00+00:00,3230.735,3238.145,3230.455,3236.375,0.86441
2025-04-13 20:00:00+00:00,3229.155,3229.205,3209.205,3223.545,3.14712
2025-04-14 00:00:00+00:00,3223.575,3245.515,3215.265,3232.145,9.1636
2025-04-14 04:00:00+00:00,3232.155,3237.735,3221.115,3227.715,8.46096
2025-04-14 08:00:00+00:00,3227.775,3231.545,3206.025,3223.115,5.675511
2025-04-14 12:00:00+00:00,3223.135,3227.505,3193.315,3197.815,11.08369
2025-04-14 16:00:00+00:00,3197.875,3216.355,3197.515,3212.575,5.44976
2025-04-14 20:00:00+00:00,3212.625,3214.965,3207.155,3212.395,1.38942
2025-04-15 00:00:00+00:00,3212.375,3228.785,3209.685,3228.175,4.08535
2025-04-15 04:00:00+00:00,3228.105,3232.475,3217.095,3225.435,4.75897
2025-04-15 08:00:00+00:00,3225.445,3232.005,3216.555,3219.865,4.38691
2025-04-15 12:00:00+00:00,3219.925,3226.755,3211.385,3221.115,7.91613
2025-04-15 16:00:00+00:00,3221.145,3231.725,3219.325,3229.785,4.02817
2025-04-15 20:00:00+00:00,3229.745,3251.665,3226.275,3251.665,3.5635
2025-04-16 00:00:00+00:00,3251.655,3281.675,3251.455,3281.415,11.96623
2025-04-16 04:00:00+00:00,3281.395,3300.625,3268.895,3300.275,10.08462
2025-04-16 08:00:00+00:00,3300.235,3317.575,3288.075,3306.595,7.10712
2025-04-16 12:00:00+00:00,3306.455,3327.965,3296.585,3325.175,10.71975
2025-04-16 16:00:00+00:00,3325.175,3342.425,3321.155,3336.515,9.0447
2025-04-16 20:00:00+00:00,3336.455,3357.455,3333.955,3349.885,2.81256
2025-04-17 00:00:00+00:00,3349.925,3356.065,3320.515,3344.305,9.52873
2025-04-17 04:00:00+00:00,3344.035,3345.345,3314.015,3323.235,6.84101
2025-04-17 08:00:00+00:00,3323.265,3333.585,3312.485,3327.235,4.6454
2025-04-17 12:00:00+00:00,3327.205,3341.815,3283.345,3296.075,10.8108
2025-04-17 16:00:00+00:00,3296.125,3322.335,3294.665,3320.605,4.40735
2025-04-17 20:00:00+00:00,3320.645,3328.605,3317.815,3326.925,1.07074
2025-04-20 20:00:00+00:00,3331.835,3352.965,3327.985,3347.975,3.62455
2025-04-21 00:00:00+00:00,3348.295,3385.115,3347.285,3382.205,9.16663
2025-04-21 04:00:00+00:00,3382.175,3395.855,3368.845,3384.845,6.45678
2025-04-21 08:00:00+00:00,3384.839,3405.725,3383.395,3404.285,5.18246
2025-04-21 12:00:00+00:00,3404.315,3430.015,3397.405,3422.695,10.74974
2025-04-21 16:00:00+00:00,3422.685,3430.355,3405.825,3423.275,5.18913
2025-04-21 20:00:00+00:00,3423.325,3444.045,3419.505,3434.954,3.96598
2025-04-22 00:00:00+00:00,3434.986,3494.625,3411.075,3487.655,9.78529
2025-04-22 04:00:00+00:00,3487.745,3499.915,3460.195,3468.155,8.51338
2025-04-22 08:00:00+00:00,3468.355,3472.475,3442.775,3456.545,9.59149
2025-04-22 12:00:00+00:00,3456.525,3464.655,3408.065,3417.465,8.67111
2025-04-22 16:00:00+00:00,3417.375,3420.685,3366.525,3374.505,8.220885
2025-04-22 20:00:00+00:00,3374.499,3382.505,3312.625,3336.315,4.73642
2025-04-23 00:00:00+00:00,3336.345,3386.375,3328.695,3338.715,11.58673
2025-04-23 04:00:00+00:00,3338.755,3349.055,3291.165,3318.835,8.154515
2025-04-23 08:00:00+00:00,3318.785,3340.255,3305.285,3324.33,4.74494
2025-04-23 12:00:00+00:00,3324.355,3333.055,3259.485,3280.045,16.65163
2025-04-23 16:00:00+00:00,3280.395,3305.505,3277.545,3293.635,6.68618
2025-04-23 20:00:00+00:00,3293.695,3316.695,3283.675,3316.145,3.01009
2025-04-24 00:00:00+00:00,3316.165,3367.015,3313.035,3326.885,12.04943
2025-04-24 04:00:00+00:00,3326.735,3339.605,3314.005,3333.485,7.70804
2025-04-24 08:00:00+00:00,3333.415,3343.595,3325.085,3336.665,3.87539
2025-04-24 12:00:00+00:00,3336.635,3344.425,3306.245,3329.235,10.49614
2025-04-24 16:00:00+00:00,3329.275,3346.765,3322.135,3342.005,6.42746
2025-04-24 20:00:00+00:00,3342.155,3370.065,3337.815,3348.745,3.74588
2025-04-25 00:00:00+00:00,3348.755,3362.685,3322.095,3323.345,10.07819
2025-04-25 04:00:00+00:00,3323.315,3327.545,3286.545,3307.205,7.49106
2025-04-25 08:00:00+00:00,3307.165,3308.715,3287.595,3293.245,4.60216
2025-04-25 12:00:00+00:00,3293.225,3302.935,3264.785,3282.725,9.33119
2025-04-25 16:00:00+00:00,3282.755,3312.205,3280.075,3304.505,6.93159
2025-04-25 20:00:00+00:00,3304.505,3319.355,3304.445,3318.625,0.89262
2025-04-27 20:00:00+00:00,3324.265,3335.995,3298.275,3302.415,2.325211
2025-04-28 00:00:00+00:00,3302.485,3315.695,3267.765,3290.595,5.480145
2025-04-28 04:00:00+00:00,3290.575,3300.775,3277.165,3287.035,5.20377
2025-04-28 08:00:00+00:00,3287.065,3296.925,3273.065,3293.885,4.70761
2025-04-28 12:00:00+00:00,3293.935,3335.715,3286.735,3324.695,12.74224
2025-04-28 16:00:00+00:00,3324.725,3352.835,3324.105,3351.935,6.46422
2025-04-28 20:00:00+00:00,3351.695,3352.135,3332.015,3337.325,2.82077
2025-04-29 00:00:00+00:00,3337.285,3339.665,3307.695,3315.835,4.26101
2025-04-29 04:00:00+00:00,3315.815,3323.625,3304.715,3322.745,5.23511
2025-04-29 08:00:00+00:00,3322.775,3324.685,3306.005,3309.145,5.55745
2025-04-29 12:00:00+00:00,3309.145,3320.995,3299.325,3312.195,8.79361
2025-04-29 16:00:00+00:00,3312.205,3329.725,3311.955,3320.305,5.27473
2025-04-29 20:00:00+00:00,3320.245,3323.175,3310.635,3316.775,1.538185
2025-04-30 00:00:00+00:00,3316.825,3327.865,3303.335,3304.385,4.80656
2025-04-30 04:00:00+00:00,3304.385,3314.455,3301.025,3306.765,7.91893
2025-04-30 08:00:00+00:00,3306.805,3307.435,3268.055,3272.115,6.99525
2025-04-30 12:00:00+00:00,3272.175,3319.555,3266.875,3307.735,23.10169
2025-04-30 16:00:00+00:00,3307.835,3313.945,3291.919,3295.655,6.64622
2025-04-30 20:00:00+00:00,3295.649,3297.705,3270.0,3272.545,3.5401
2025-05-01 00:00:00+00:00,3272.575,3276.095,3228.435,3228.995,11.08551
2025-05-01 04:00:00+00:00,3229.035,3243.045,3220.605,3229.905,10.8624
2025-05-01 08:00:00+00:00,3229.899,3236.465,3203.065,3205.155,10.25143
2025-05-01 12:00:00+00:00,3205.115,3233.075,3201.685,3216.265,11.55357
2025-05-01 16:00:00+00:00,3216.265,3229.475,3208.685,3228.005,6.33985
2025-05-01 20:00:00+00:00,3227.999,3243.015,3227.565,3236.955,2.6756
2025-05-02 00:00:00+00:00,3237.129,3258.455,3227.115,3254.595,7.72285
2025-05-02 04:00:00+00:00,3254.555,3263.145,3246.125,3258.785,4.7073
2025-05-02 08:00:00+00:00,3258.785,3268.805,3254.735,3262.265,5.53451
2025-05-02 12:00:00+00:00,3262.235,3264.735,3229.835,3231.395,10.29722
2025-05-02 16:00:00+00:00,3231.445,3239.655,3222.395,3233.405,8.58876
2025-05-02 20:00:00+00:00,3233.435,3241.085,3232.525,3239.415,0.80308
2025-05-04 20:00:00+00:00,3239.195,3252.115,3236.745,3247.745,4.11522
2025-05-05 00:00:00+00:00,3247.775,3272.205,3240.885,3254.195,8.22051
2025-05-05 04:00:00+00:00,3254.125,3267.585,3253.355,3264.665,3.95677
2025-05-05 08:00:00+00:00,3264.605,3318.715,3262.915,3312.655,6.64097
2025-05-05 12:00:00+00:00,3312.405,3328.415,3308.655,3311.745,9.045
2025-05-05 16:00:00+00:00,3311.675,3337.395,3305.285,3328.615,6.8847
2025-05-05 20:00:00+00:00,3328.609,3337.495,3327.015,3333.765,2.81975
2025-05-06 00:00:00+00:00,3333.665,3386.745,3321.108,3360.055,25.733501
2025-05-06 04:00:00+00:00,3360.255,3379.325,3349.745,3371.125,13.499159
2025-05-06 08:00:00+00:00,3371.145,3384.805,3368.305,3378.875,5.4764
2025-05-06 12:00:00+00:00,3378.925,3399.665,3372.865,3394.835,15.85923
2025-05-06 16:00:00+00:00,3394.805,3423.835,3394.415,3422.785,9.0488
2025-05-06 20:00:00+00:00,3422.765,3437.655,3376.305,3400.385,8.40015
2025-05-07 00:00:00+00:00,3400.495,3401.075,3359.735,3374.915,15.12953
2025-05-07 04:00:00+00:00,3374.915,3397.165,3374.455,3387.775,8.40451
2025-05-07 08:00:00+00:00,3387.775,3393.155,3369.075,3386.695,5.28419
2025-05-07 12:00:00+00:00,3386.695,3397.875,3375.435,3384.855,9.54473
2025-05-07 16:00:00+00:00,3384.935,3397.635,3363.495,3371.535,7.79816
2025-05-07 20:00:00+00:00,3371.565,3376.625,3363.035,3376.015,3.19939
2025-05-08 00:00:00+00:00,3376.259,3414.705,3373.445,3396.425,14.11092
2025-05-08 04:00:00+00:00,3396.405,3399.005,3319.835,3342.695,11.97675
2025-05-08 08:00:00+00:00,3342.765,3346.455,3330.135,3344.175,10.34875
2025-05-08 12:00:00+00:00,3344.195,3369.185,3326.405,3329.955,15.18684
2025-05-08 16:00:00+00:00,3330.025,3330.025,3288.445,3306.085,6.95266
2025-05-08 20:00:00+00:00,3306.175,3323.545,3303.585,3316.025,5.72821
2025-05-09 00:00:00+00:00,3316.065,3322.725,3274.295,3307.835,14.24356
2025-05-09 04:00:00+00:00,3307.825,3331.995,3307.825,3327.045,9.43327
2025-05-09 08:00:00+00:00,3327.065,3338.105,3319.925,3332.825,6.46267
2025-05-09 12:00:00+00:00,3332.865,3345.905,3320.115,3344.825,9.56211
2025-05-09 16:00:00+00:00,3344.785,3347.365,3325.255,3328.615,5.67637
2025-05-09 20:00:00+00:00,3328.425,3330.205,3323.345,3323.345,0.66206
2025-05-11 20:00:00+00:00,3271.805,3292.675,3265.485,3287.315,5.61857
2025-05-12 00:00:00+00:00,3287.375,3289.675,3258.535,3283.045,11.4564
2025-05-12 04:00:00+00:00,3282.995,3283.335,3215.775,3222.575,9.20458
2025-05-12 08:00:00+00:00,3222.545,3234.165,3207.495,3224.625,8.92924
2025-05-12 12:00:00+00:00,3224.489,3248.395,3220.125,3239.015,11.75807
2025-05-12 16:00:00+00:00,3238.965,3239.875,3220.125,3235.315,5.00147
2025-05-12 20:00:00+00:00,3235.295,3241.525,3229.565,3236.585,2.05676
2025-05-13 00:00:00+00:00,3236.585,3243.095,3215.535,3236.465,8.18423
2025-05-13 04:00:00+00:00,3236.415,3265.405,3234.735,3258.905,10.2408
2025-05-13 08:00:00+00:00,3258.985,3261.055,3248.545,3248.885,4.62729
2025-05-13 12:00:00+00:00,3248.945,3255.435,3225.145,3252.905,9.13261
2025-05-13 16:00:00+00:00,3252.905,3257.635,3241.895,3249.115,3.98908
2025-05-13 20:00:00+00:00,3249.195,3256.685,3247.755,3253.925,1.99354
2025-05-14 00:00:00+00:00,3254.145,3254.305,3225.875,3228.145,15.12276
2025-05-14 04:00:00+00:00,3228.145,3238.595,3222.0,3237.735,7.633553
2025-05-14 08:00:00+00:00,3237.405,3243.495,3219.205,3219.995,6.922644
2025-05-14 12:00:00+00:00,3219.905,3222.305,3174.505,3182.345,13.8303
2025-05-14 16:00:00+00:00,3182.765,3190.525,3167.545,3180.455,7.288995
2025-05-14 20:00:00+00:00,3180.449,3187.175,3176.625,3185.815,2.75785
2025-05-15 00:00:00+00:00,3185.815,3192.555,3147.735,3150.195,12.802624
2025-05-15 04:00:00+00:00,3150.245,3153.785,3120.205,3141.985,15.2507
2025-05-15 08:00:00+00:00,3141.985,3179.845,3138.715,3178.845,6.42345
2025-05-15 12:00:00+00:00,3178.815,3219.755,3177.175,3219.405,12.184855
2025-05-15 16:00:00+00:00,3219.415,3232.575,3215.515,3231.905,6.592838
2025-05-15 20:00:00+00:00,3231.825,3251.805,3230.815,3236.845,5.12411
2025-05-16 00:00:00+00:00,3236.815,3244.245,3206.255,3211.625,14.78067
2025-05-16 04:00:00+00:00,3211.585,3230.875,3204.975,3207.345,8.13064
2025-05-16 08:00:00+00:00,3207.279,3212.675,3153.475,3162.685,9.37701
2025-05-16 12:00:00+00:00,3162.825,3188.345,3154.375,3183.205,12.63407
2025-05-16 16:00:00+00:00,3183.195,3195.645,3180.075,3192.425,6.16549
2025-05-16 20:00:00+00:00,3192.345,3204.785,3192.005,3202.465,1.13448
2025-05-18 20:00:00+00:00,3218.455,3245.025,3205.785,3234.265,8.04747
2025-05-19 00:00:00+00:00,3234.295,3249.505,3207.755,3211.915,11.31952
2025-05-19 04:00:00+00:00,3211.915,3234.315,3206.305,3232.155,7.2126
2025-05-19 08:00:00+00:00,3232.225,3248.285,3229.675,3243.595,4.21965
2025-05-19 12:00:00+00:00,3243.595,3244.245,3216.905,3231.355,6.17812
2025-05-19 16:00:00+00:00,3231.375,3235.665,3225.035,3232.855,4.16513
2025-05-19 20:00:00+00:00,3232.895,3233.655,3218.705,3222.195,1.8708
2025-05-20 00:00:00+00:00,3222.225,3232.445,3204.205,3211.275,12.22129
2025-05-20 04:00:00+00:00,3211.215,3225.135,3207.665,3222.575,8.37687
2025-05-20 08:00:00+00:00,3222.559,3241.425,3218.059,3241.005,5.35891
2025-05-20 12:00:00+00:00,3240.905,3285.535,3232.615,3277.025,11.24272
2025-05-20 16:00:00+00:00,3277.005,3295.015,3274.995,3294.005,5.85664
2025-05-20 20:00:00+00:00,3293.985,3303.765,3288.355,3290.435,4.35215
2025-05-21 00:00:00+00:00,3290.385,3314.485,3285.105,3307.515,11.2472
2025-05-21 04:00:00+00:00,3307.515,3320.455,3298.145,3309.585,8.63141
2025-05-21 08:00:00+00:00,3309.605,3318.105,3303.725,3310.995,5.24201
2025-05-21 12:00:00+00:00,3310.995,3315.005,3290.668,3311.725,9.74027
2025-05-21 16:00:00+00:00,3311.745,3324.748,3302.455,3318.095,7.36974
2025-05-21 20:00:00+00:00,3318.095,3323.998,3312.898,3319.835,2.31882
2025-05-22 00:00:00+00:00,3320.075,3345.198,3319.128,3335.148,10.3975
2025-05-22 04:00:00+00:00,3335.035,3339.148,3322.355,3327.395,7.27061
2025-05-22 08:00:00+00:00,3327.415,3329.698,3282.785,3314.225,8.71714
2025-05-22 12:00:00+00:00,3314.055,3315.535,3278.789,3294.448,14.64162
2025-05-22 16:00:00+00:00,3294.515,3304.635,3288.915,3290.075,6.10289
2025-05-22 20:00:00+00:00,3290.075,3301.695,3289.325,3299.748,1.91029
2025-05-23 00:00:00+00:00,3299.825,3308.648,3286.765,3301.848,7.26764
2025-05-23 04:00:00+00:00,3301.848,3334.135,3301.748,3328.948,7.39706
2025-05-23 08:00:00+00:00,3328.948,3349.448,3322.295,3347.688,6.48321
2025-05-23 12:00:00+00:00,3347.705,3364.398,3336.248,3361.435,15.0281
2025-05-23 16:00:00+00:00,3361.525,3365.798,3356.165,3360.548,7.59349
2025-05-23 20:00:00+00:00,3360.548,3361.598,3355.975,3356.575,0.78481
2025-05-25 20:00:00+00:00,3355.698,3356.085,3340.905,3342.298,2.52835
2025-05-26 00:00:00+00:00,3342.425,3356.598,3331.198,3347.348,7.22307
2025-05-26 04:00:00+00:00,3347.245,3351.548,3331.875,3337.148,6.05375
2025-05-26 08:00:00+00:00,3337.045,3339.398,3323.298,3332.898,3.64266
2025-05-26 12:00:00+00:00,3332.905,3341.348,3326.048,3337.798,3.8307
2025-05-26 16:00:00+00:00,3337.745,3343.348,3337.398,3341.635,0.98767
2025-05-26 20:00:00+00:00,3342.498,3348.515,3342.298,3345.945,0.98782
2025-05-27 00:00:00+00:00,3345.915,3349.748,3331.495,3340.918,5.02021
2025-05-27 04:00:00+00:00,3340.898,3341.198,3292.265,3296.048,7.747384
2025-05-27 08:00:00+00:00,3296.048,3310.148,3287.548,3288.148,6.58932
2025-05-27 12:00:00+00:00,3288.125,3304.748,3284.159,3293.298,8.98871
2025-05-27 16:00:00+00:00,3293.298,3307.885,3292.798,3304.165,4.26615
2025-05-27 20:00:00+00:00,3304.415,3310.848,3297.085,3309.148,1.75417
2025-05-28 00:00:00+00:00,3309.148,3315.525,3291.398,3297.505,5.56773
2025-05-28 04:00:00+00:00,3297.565,3322.268,3294.135,3318.948,5.99021
2025-05-28 08:00:00+00:00,3318.948,3325.318,3307.195,3310.915,4.90495
2025-05-28 12:00:00+00:00,3310.895,3316.145,3292.345,3295.835,10.59939
2025-05-28 16:00:00+00:00,3295.925,3302.965,3288.355,3296.765,7.10755
2025-05-28 20:00:00+00:00,3296.765,3297.135,3249.725,3259.548,4.31924
2025-05-29 00:00:00+00:00,3259.548,3280.005,3245.198,3274.398,9.85304
2025-05-29 04:00:00+00:00,3274.398,3287.185,3265.848,3286.175,6.70322
2025-05-29 08:00:00+00:00,3286.175,3305.265,3275.985,3299.545,7.63484
2025-05-29 12:00:00+00:00,3299.545,3321.875,3298.448,3321.485,12.88394
2025-05-29 16:00:00+00:00,3321.498,3330.775,3315.298,3316.485,6.92258
2025-05-29 20:00:00+00:00,3316.555,3320.798,3312.575,3315.395,2.19918
2025-05-30 00:00:00+00:00,3315.395,3322.448,3290.985,3294.198,8.05213
2025-05-30 04:00:00+00:00,3293.985,3304.798,3287.148,3294.748,5.74595
2025-05-30 08:00:00+00:00,3294.748,3300.348,3288.365,3293.798,4.69336
2025-05-30 12:00:00+00:00,3293.798,3307.998,3271.095,3288.398,13.34008
2025-05-30 16:00:00+00:00,3288.398,3295.515,3283.705,3294.745,6.96564
2025-05-30 20:00:00+00:00,3294.715,3295.595,3288.425,3288.865,0.846
2025-06-01 20:00:00+00:00,3298.375,3316.448,3295.208,3309.935,3.19559
2025-06-02 00:00:00+00:00,3309.955,3314.698,3301.195,3308.448,7.34888
2025-06-02 04:00:00+00:00,3308.425,3358.748,3308.425,3352.265,7.80741
2025-06-02 08:00:00+00:00,3352.385,3360.098,3344.165,3356.065,6.14338
2025-06-02 12:00:00+00:00,3356.015,3378.745,3349.925,3374.085,11.564005
2025-06-02 16:00:00+00:00,3374.085,3382.275,3368.975,3381.415,9.12765
2025-06-02 20:00:00+00:00,3381.415,3391.935,3378.215,3387.198,6.67878
2025-06-03 00:00:00+00:00,3387.225,3388.398,3359.445,3360.758,9.368615
2025-06-03 04:00:00+00:00,3360.755,3367.575,3350.938,3359.348,8.661671
2025-06-03 08:00:00+00:00,3359.348,3364.548,3353.085,3359.098,5.42554
2025-06-03 12:00:00+00:00,3359.098,3362.948,3332.575,3350.198,11.692105
2025-06-03 16:00:00+00:00,3350.198,3355.245,3344.398,3352.375,4.45984
2025-06-03 20:00:00+00:00,3352.395,3361.355,3352.345,3359.698,1.46254
2025-06-04 00:00:00+00:00,3359.698,3372.445,3346.195,3358.998,14.44797
2025-06-04 04:00:00+00:00,3358.998,3364.948,3347.745,3354.475,7.69509
2025-06-04 08:00:00+00:00,3354.415,3364.935,3343.448,3346.315,6.73308
2025-06-04 12:00:00+00:00,3346.415,3384.495,3343.985,3371.498,10.49837
2025-06-04 16:00:00+00:00,3371.498,3381.875,3370.665,3373.348,3.74674
2025-06-04 20:00:00+00:00,3373.185,3378.798,3370.505,3377.935,1.41804
2025-06-05 00:00:00+00:00,3377.865,3383.975,3367.898,3369.448,6.17473
2025-06-05 04:00:00+00:00,3369.448,3374.298,3360.925,3371.098,6.13534
2025-06-05 08:00:00+00:00,3371.115,3403.178,3369.595,3391.998,7.23024
2025-06-05 12:00:00+00:00,3392.345,3399.848,3339.048,3344.545,14.519658
2025-06-05 16:00:00+00:00,3344.448,3361.115,3339.548,3356.505,7.22485
2025-06-05 20:00:00+00:00,3356.535,3363.208,3351.748,3361.648,2.07968
2025-06-06 00:00:00+00:00,3361.648,3371.725,3355.848,3369.448,6.63598
2025-06-06 04:00:00+00:00,3369.365,3375.348,3352.615,3359.248,9.35835
2025-06-06 08:00:00+00:00,3359.415,3367.559,3352.665,3358.095,7.34834
2025-06-06 12:00:00+00:00,3358.265,3364.098,3316.065,3331.898,14.11677
2025-06-06 16:00:00+00:00,3331.875,3332.498,3311.095,3312.118,5.02216
2025-06-06 20:00:00+00:00,3312.135,3312.595,3306.915,3309.625,0.6329
2025-06-08 20:00:00+00:00,3311.395,3320.985,3309.018,3317.798,1.93787
2025-06-09 00:00:00+00:00,3317.905,3318.448,3293.198,3310.518,8.27551
2025-06-09 04:00:00+00:00,3310.448,3328.415,3308.948,3323.948,7.47139
2025-06-09 08:00:00+00:00,3323.955,3325.485,3311.979,3317.248,6.03025
2025-06-09 12:00:00+00:00,3317.275,3331.965,3310.525,3328.395,10.0777
2025-06-09 16:00:00+00:00,3328.378,3338.065,3325.655,3327.055,5.84964
2025-06-09 20:00:00+00:00,3327.049,3329.405,3321.338,3326.555,1.54713
2025-06-10 00:00:00+00:00,3326.575,3326.595,3301.698,3307.305,8.17834
2025-06-10 04:00:00+00:00,3307.345,3332.055,3302.645,3329.925,8.9439
2025-06-10 08:00:00+00:00,3330.025,3342.298,3325.948,3333.545,6.56967
2025-06-10 12:00:00+00:00,3333.595,3348.895,3322.965,3326.495,9.99692
2025-06-10 16:00:00+00:00,3326.455,3334.348,3319.215,3328.485,5.90964
2025-06-10 20:00:00+00:00,3328.535,3328.655,3315.245,3327.755,2.16622
2025-06-11 00:00:00+00:00,3327.825,3341.475,3324.835,3339.105,6.11786
2025-06-11 04:00:00+00:00,3339.098,3348.405,3332.225,3345.415,5.26614
2025-06-11 08:00:00+00:00,3345.409,3346.555,3325.755,3332.865,4.75374
2025-06-11 12:00:00+00:00,3332.935,3360.405,3326.835,3332.998,9.65846
2025-06-11 16:00:00+00:00,3332.998,3349.065,3319.405,3346.538,6.07526
2025-06-11 20:00:00+00:00,3346.518,3373.168,3346.358,3365.265,4.30178
2025-06-12 00:00:00+00:00,3365.165,3377.548,3361.938,3373.198,11.24784
2025-06-12 04:00:00+00:00,3373.145,3375.655,3338.385,3345.925,5.78656
2025-06-12 08:00:00+00:00,3345.875,3388.355,3345.875,3379.095,7.1824
2025-06-12 12:00:00+00:00,3378.955,3398.745,3376.265,3385.498,10.68632
2025-06-12 16:00:00+00:00,3385.498,3391.198,3377.798,3388.048,4.77366
2025-06-12 20:00:00+00:00,3387.875,3395.955,3379.378,3395.545,1.75167
2025-06-13 00:00:00+00:00,3395.425,3444.125,3391.465,3425.348,17.95263
2025-06-13 04:00:00+00:00,3425.248,3430.135,3407.755,3414.715,6.79093
2025-06-13 08:00:00+00:00,3414.695,3427.545,3411.395,3422.005,5.92087
2025-06-13 12:00:00+00:00,3422.045,3446.648,3420.728,3426.045,17.16182
2025-06-13 16:00:00+00:00,3426.035,3439.395,3419.055,3432.165,11.61767
2025-06-13 20:00:00+00:00,3432.235,3434.645,3428.905,3431.855,0.94352
2025-06-15 20:00:00+00:00,3451.065,3451.065,3428.075,3444.015,3.75857
2025-06-16 00:00:00+00:00,3443.998,3451.085,3429.048,3431.365,5.99447
2025-06-16 04:00:00+00:00,3431.345,3433.165,3409.165,3412.455,6.01645
2025-06-16 08:00:00+00:00,3412.375,3422.455,3409.475,3414.775,4.759
2025-06-16 12:00:00+00:00,3414.825,3417.725,3382.525,3404.375,9.28834
2025-06-16 16:00:00+00:00,3404.375,3404.848,3382.665,3383.885,4.15229
2025-06-16 20:00:00+00:00,3383.745,3402.655,3383.175,3402.598,2.3246
2025-06-17 00:00:00+00:00,3402.635,3403.098,3373.235,3387.348,6.44835
2025-06-17 04:00:00+00:00,3387.365,3396.065,3380.805,3387.605,6.14153
2025-06-17 08:00:00+00:00,3387.645,3399.948,3375.445,3388.348,5.34219
2025-06-17 12:00:00+00:00,3388.348,3397.275,3365.835,3379.098,9.670065
2025-06-17 16:00:00+00:00,3379.198,3392.298,3376.448,3385.525,4.83467
2025-06-17 20:00:00+00:00,3385.495,3395.998,3383.398,3387.155,2.0588
2025-06-18 00:00:00+00:00,3387.098,3391.305,3370.345,3390.775,6.77454
2025-06-18 04:00:00+00:00,3390.805,3399.845,3376.865,3385.695,5.84223
2025-06-18 08:00:00+00:00,3385.648,3388.205,3375.248,3381.915,4.80351
2025-06-18 12:00:00+00:00,3381.885,3396.648,3373.545,3392.535,9.234
2025-06-18 16:00:00+00:00,3392.485,3395.598,3362.705,3366.598,8.8226
2025-06-18 20:00:00+00:00,3366.598,3379.598,3362.355,3374.885,2.42995
2025-06-19 00:00:00+00:00,3374.925,3387.798,3369.438,3373.365,5.64165
2025-06-19 04:00:00+00:00,3373.325,3375.065,3347.265,3365.745,11.5838
2025-06-19 08:00:00+00:00,3365.715,3378.891,3362.058,3371.735,4.09827
2025-06-19 12:00:00+00:00,3371.775,3372.755,3361.265,3369.015,5.12722
2025-06-19 16:00:00+00:00,3369.035,3375.198,3365.615,3370.075,1.68791
2025-06-19 20:00:00+00:00,3368.405,3370.315,3361.725,3368.585,1.22658
2025-06-20 00:00:00+00:00,3368.585,3370.115,3344.375,3355.345,6.17632
2025-06-20 04:00:00+00:00,3355.355,3357.465,3340.175,3347.465,4.46984
2025-06-20 08:00:00+00:00,3347.375,3359.085,3346.398,3346.798,3.19298
2025-06-20 12:00:00+00:00,3347.075,3374.265,3341.715,3369.598,7.12164
2025-06-20 16:00:00+00:00,3369.525,3373.148,3364.455,3365.345,3.12409
2025-06-20 20:00:00+00:00,3365.345,3369.148,3364.488,3368.005,0.65171
2025-06-22 20:00:00+00:00,3390.698,3396.648,3370.898,3372.498,2.90047
2025-06-23 00:00:00+00:00,3372.455,3373.348,3351.765,3363.155,6.02442
2025-06-23 04:00:00+00:00,3363.105,3364.865,3346.675,3357.375,4.31965
2025-06-23 08:00:00+00:00,3357.405,3381.848,3357.405,3380.555,4.29537
2025-06-23 12:00:00+00:00,3380.585,3389.615,3355.695,3386.985,8.39208
2025-06-23 16:00:00+00:00,3386.965,3393.348,3375.265,3376.248,4.91953
2025-06-23 20:00:00+00:00,3376.248,3377.105,3341.095,3343.898,3.04817
2025-06-24 00:00:00+00:00,3343.998,3357.615,3332.865,3352.235,7.21175
2025-06-24 04:00:00+00:00,3352.235,3353.185,3315.855,3329.545,6.40133
2025-06-24 08:00:00+00:00,3329.455,3332.235,3317.648,3320.955,3.90177
2025-06-24 12:00:00+00:00,3320.898,3320.898,3295.098,3313.015,10.06682
2025-06-24 16:00:00+00:00,3313.065,3325.005,3311.098,3323.365,4.14274
2025-06-24 20:00:00+00:00,3323.425,3325.198,3320.655,3324.015,1.18248
2025-06-25 00:00:00+00:00,3323.975,3335.048,3323.415,3328.145,3.89048
2025-06-25 04:00:00+00:00,3328.145,3336.848,3325.605,3330.418,3.25907
2025-06-25 08:00:00+00:00,3330.365,3332.195,3321.348,3322.348,3.85094
2025-06-25 12:00:00+00:00,3322.348,3329.285,3311.705,3325.425,7.01521
2025-06-25 16:00:00+00:00,3325.425,3335.848,3323.898,3333.465,3.77554
2025-06-25 20:00:00+00:00,3333.595,3340.015,3331.065,3338.805,1.45491
2025-06-26 00:00:00+00:00,3338.835,3342.985,3328.998,3337.755,5.0633
2025-06-26 04:00:00+00:00,3337.755,3346.955,3330.755,3345.835,5.69041
2025-06-26 08:00:00+00:00,3345.815,3350.025,3331.235,3332.625,4.892185
2025-06-26 12:00:00+00:00,3332.655,3343.905,3309.695,3324.748,9.837085
2025-06-26 16:00:00+00:00,3324.685,3336.198,3323.505,3331.048,4.76766
2025-06-26 20:00:00+00:00,3331.085,3332.145,3315.948,3318.498,1.38977
2025-06-27 00:00:00+00:00,3318.395,3321.845,3292.398,3294.065,6.39441
2025-06-27 04:00:00+00:00,3294.055,3300.725,3283.345,3284.195,5.6386
2025-06-27 08:00:00+00:00,3284.195,3290.915,3275.885,3281.205,4.92027
2025-06-27 12:00:00+00:00,3281.155,3282.115,3255.485,3274.435,10.26561
2025-06-27 16:00:00+00:00,3274.435,3282.598,3268.185,3270.425,4.37286
2025-06-27 20:00:00+00:00,3270.495,3275.275,3270.105,3273.335,0.48782
2025-06-29 20:00:00+00:00,3272.145,3281.298,3244.925,3263.585,2.39311
2025-06-30 00:00:00+00:00,3263.555,3283.098,3259.195,3278.795,5.36166
2025-06-30 04:00:00+00:00,3278.798,3296.598,3277.008,3292.785,4.24433
2025-06-30 08:00:00+00:00,3292.665,3296.348,3274.405,3277.705,3.50603
2025-06-30 12:00:00+00:00,3277.945,3290.595,3277.725,3289.445,6.76901
2025-06-30 16:00:00+00:00,3289.475,3309.348,3289.005,3308.498,14.04707
2025-06-30 20:00:00+00:00,3308.498,3314.398,3301.835,3312.298,1.78927
2025-07-01 00:00:00+00:00,3312.249,3322.405,3309.675,3320.948,4.08793
2025-07-01 04:00:00+00:00,3320.815,3339.685,3318.648,3339.348,9.14481
2025-07-01 08:00:00+00:00,3339.348,3352.825,3336.555,3348.785,8.31281
2025-07-01 12:00:00+00:00,3348.845,3357.865,3336.798,3340.065,12.0576
2025-07-01 16:00:00+00:00,3340.085,3343.365,3336.658,3337.905,4.14256
2025-07-01 20:00:00+00:00,3337.905,3343.548,3336.555,3337.875,1.66669
2025-07-02 00:00:00+00:00,3337.935,3344.765,3328.208,3339.648,4.17972
2025-07-02 04:00:00+00:00,3339.625,3343.698,3327.275,3334.555,3.89421
2025-07-02 08:00:00+00:00,3334.488,3347.548,3332.735,3342.085,3.89208
2025-07-02 12:00:00+00:00,3342.055,3350.948,3333.635,3340.825,9.57905
2025-07-02 16:00:00+00:00,3340.785,3359.325,3340.785,3358.045,5.37937
2025-07-02 20:00:00+00:00,3358.155,3365.455,3348.605,3349.098,1.91955
2025-07-03 00:00:00+00:00,3349.115,3351.315,3341.648,3347.285,3.77178
2025-07-03 04:00:00+00:00,3347.298,3363.545,3347.198,3352.795,5.17427
2025-07-03 08:00:00+00:00,3352.825,3358.155,3342.865,3345.875,4.887
2025-07-03 12:00:00+00:00,3345.785,3352.115,3311.215,3327.845,12.577055
2025-07-03 16:00:00+00:00,3327.895,3334.698,3325.545,3328.535,3.84829
2025-07-03 20:00:00+00:00,3328.515,3331.798,3323.345,3330.648,1.12894
2025-07-04 00:00:00+00:00,3330.565,3338.685,3325.615,3338.248,3.63112
2025-07-04 04:00:00+00:00,3338.225,3344.905,3336.245,3342.775,7.08805
2025-07-04 08:00:00+00:00,3342.785,3344.025,3331.305,3334.458,5.13289
2025-07-04 12:00:00+00:00,3334.458,3337.855,3330.529,3332.169,3.35529
2025-07-04 16:00:00+00:00,3332.165,3337.298,3332.048,3336.248,0.44616
2025-07-06 20:00:00+00:00,3334.015,3342.348,3326.065,3328.655,1.19404
2025-07-07 00:00:00+00:00,3328.685,3329.495,3305.765,3310.755,5.67449
2025-07-07 04:00:00+00:00,3310.785,3315.075,3300.435,3302.035,4.73759
2025-07-07 08:00:00+00:00,3301.998,3312.625,3296.195,3301.715,6.20989
2025-07-07 12:00:00+00:00,3301.635,3321.825,3300.315,3320.665,6.8215
2025-07-07 16:00:00+00:00,3320.635,3340.289,3319.945,3336.925,19.70017
2025-07-07 20:00:00+00:00,3337.045,3345.548,3333.598,3334.398,2.45668
2025-07-08 00:00:00+00:00,3334.398,3337.835,3329.328,3331.265,6.43311
2025-07-08 04:00:00+00:00,3331.285,3339.285,3327.115,3333.765,4.0497
2025-07-08 08:00:00+00:00,3333.725,3333.725,3319.715,3324.865,3.43161
2025-07-08 12:00:00+00:00,3324.905,3329.648,3286.905,3298.035,11.90253
2025-07-08 16:00:00+00:00,3298.035,3310.199,3295.685,3302.718,9.62439
2025-07-08 20:00:00+00:00,3302.645,3303.905,3296.965,3301.995,2.06018
2025-07-09 00:00:00+00:00,3302.005,3307.725,3284.638,3293.075,4.82599
2025-07-09 04:00:00+00:00,3293.075,3297.548,3285.415,3291.665,4.77969
2025-07-09 08:00:00+00:00,3291.645,3295.795,3282.425,3284.698,3.33285
2025-07-09 12:00:00+00:00,3284.698,3312.775,3284.698,3309.435,12.08777
2025-07-09 16:00:00+00:00,3309.405,3316.598,3307.575,3315.465,8.8263
2025-07-09 20:00:00+00:00,3315.545,3320.955,3311.348,3317.425,2.27636
2025-07-10 00:00:00+00:00,3317.445,3326.085,3315.338,3315.545,6.46576
2025-07-10 04:00:00+00:00,3315.539,3329.285,3314.655,3320.898,3.81049
2025-07-10 08:00:00+00:00,3320.898,3330.085,3318.085,3320.255,3.89165
2025-07-10 12:00:00+00:00,3320.285,3329.248,3309.905,3319.455,7.06808
2025-07-10 16:00:00+00:00,3319.495,3325.795,3311.975,3324.725,8.46751
2025-07-10 20:00:00+00:00,3324.719,3326.198,3321.585,3323.555,1.57668
2025-07-11 00:00:00+00:00,3323.505,3335.975,3323.345,3333.498,7.17038
2025-07-11 04:00:00+00:00,3333.425,3343.475,3329.325,3341.665,5.98907
2025-07-11 08:00:00+00:00,3341.685,3349.958,3332.618,3347.175,6.5042
2025-07-11 12:00:00+00:00,3347.175,3368.559,3343.865,3358.669,13.75424
2025-07-11 16:00:00+00:00,3358.549,3359.549,3348.965,3356.275,12.88257
2025-07-11 20:00:00+00:00,3356.315,3358.705,3353.315,3354.725,0.87709
2025-07-13 20:00:00+00:00,3362.948,3373.705,3358.698,3367.498,2.11359
2025-07-14 00:00:00+00:00,3367.498,3373.105,3353.575,3356.835,6.34643
2025-07-14 04:00:00+00:00,3356.795,3374.805,3353.435,3371.725,4.21853
2025-07-14 08:00:00+00:00,3371.805,3374.445,3363.628,3363.888,3.33362
2025-07-14 12:00:00+00:00,3363.888,3366.445,3340.755,3344.925,7.55285
2025-07-14 16:00:00+00:00,3344.965,3351.515,3342.905,3343.955,5.08009
2025-07-14 20:00:00+00:00,3344.065,3346.265,3341.105,3345.048,1.01608
2025-07-15 00:00:00+00:00,3345.035,3358.095,3344.415,3357.685,2.28215
2025-07-15 04:00:00+00:00,3357.665,3364.975,3357.285,3364.165,2.93544
2025-07-15 08:00:00+00:00,3364.135,3366.148,3353.935,3354.648,3.77475
2025-07-15 12:00:00+00:00,3354.675,3360.048,3325.145,3328.765,12.766
2025-07-15 16:00:00+00:00,3328.745,3331.798,3320.055,3330.325,5.99623
2025-07-15 20:00:00+00:00,3330.285,3331.545,3323.065,3330.798,0.73758
2025-07-16 00:00:00+00:00,3330.825,3334.915,3324.865,3334.155,3.50544
2025-07-16 04:00:00+00:00,3334.205,3341.865,3332.625,3337.705,5.05303
2025-07-16 08:00:00+00:00,3337.885,3342.775,3333.585,3339.105,3.33763
2025-07-16 12:00:00+00:00,3339.085,3377.185,3319.499,3343.148,15.7841
2025-07-16 16:00:00+00:00,3343.245,3357.175,3338.748,3346.855,14.60922
2025-07-16 20:00:00+00:00,3346.849,3352.025,3345.125,3346.275,1.46233
2025-07-17 00:00:00+00:00,3346.248,3347.165,3336.148,3341.305,4.09751
2025-07-17 04:00:00+00:00,3341.285,3344.548,3324.955,3325.635,3.60949
2025-07-17 08:00:00+00:00,3325.665,3332.255,3322.098,3323.998,3.61905
2025-07-17 12:00:00+00:00,3324.005,3338.248,3309.575,3336.605,11.17069
2025-07-17 16:00:00+00:00,3336.605,3340.895,3335.275,3339.535,5.89643
2025-07-17 20:00:00+00:00,3339.535,3343.895,3337.205,3340.055,1.52166
2025-07-18 00:00:00+00:00,3340.095,3344.048,3333.895,3334.415,2.66249
2025-07-18 04:00:00+00:00,3334.345,3349.935,3331.645,3349.655,4.12546
2025-07-18 08:00:00+00:00,3349.685,3357.498,3346.025,3354.125,5.1642
2025-07-18 12:00:00+00:00,3354.085,3361.035,3350.995,3353.485,6.97058
2025-07-18 16:00:00+00:00,3353.505,3357.235,3347.495,3348.155,5.28695
2025-07-18 20:00:00+00:00,3348.149,3351.745,3347.555,3349.655,0.77223
2025-07-20 20:00:00+00:00,3349.898,3350.015,3344.798,3348.898,0.71213
2025-07-21 00:00:00+00:00,3348.835,3358.355,3347.418,3351.035,2.22311
2025-07-21 04:00:00+00:00,3351.015,3370.565,3350.398,3364.505,6.25535
2025-07-21 08:00:00+00:00,3364.545,3375.455,3362.595,3375.205,6.78948
2025-07-21 12:00:00+00:00,3375.195,3401.339,3374.355,3397.775,10.779045
2025-07-21 16:00:00+00:00,3397.825,3399.548,3391.145,3398.648,6.75563
2025-07-21 20:00:00+00:00,3398.648,3402.475,3392.898,3396.298,1.62735
2025-07-22 00:00:00+00:00,3396.298,3397.475,3384.945,3392.365,4.03148
2025-07-22 04:00:00+00:00,3392.235,3392.235,3383.115,3387.375,3.90152
2025-07-22 08:00:00+00:00,3387.425,3391.445,3384.445,3391.165,3.21085
2025-07-22 12:00:00+00:00,3391.125,3430.365,3390.725,3426.295,13.15746
2025-07-22 16:00:00+00:00,3426.315,3433.279,3426.079,3431.248,7.29755
2025-07-22 20:00:00+00:00,3431.248,3432.915,3426.015,3427.305,2.06452
2025-07-23 00:00:00+00:00,3427.305,3438.655,3418.915,3422.745,8.04521
2025-07-23 04:00:00+00:00,3422.825,3429.465,3416.165,3420.485,5.60548
2025-07-23 08:00:00+00:00,3420.505,3433.648,3420.005,3428.055,4.53827
2025-07-23 12:00:00+00:00,3428.045,3429.755,3398.0,3398.015,13.732488
2025-07-23 16:00:00+00:00,3398.009,3398.009,3381.215,3390.035,9.02128
2025-07-23 20:00:00+00:00,3390.035,3392.235,3385.765,3389.885,1.29655
2025-07-24 00:00:00+00:00,3389.985,3393.165,3374.348,3383.565,6.76248
2025-07-24 04:00:00+00:00,3383.505,3385.135,3365.785,3367.395,5.30677
2025-07-24 08:00:00+00:00,3367.415,3374.485,3361.065,3361.975,6.26641
2025-07-24 12:00:00+00:00,3362.015,3377.145,3351.168,3372.409,12.141416
2025-07-24 16:00:00+00:00,3372.375,3373.639,3366.125,3370.265,9.86851
2025-07-24 20:00:00+00:00,3370.275,3371.165,3364.948,3369.148,2.74585
2025-07-25 00:00:00+00:00,3369.145,3373.295,3358.475,3358.955,4.71698
2025-07-25 04:00:00+00:00,3358.935,3363.248,3352.515,3353.885,5.21149
2025-07-25 08:00:00+00:00,3353.905,3355.125,3338.465,3340.865,4.21769
2025-07-25 12:00:00+00:00,3340.805,3347.398,3324.805,3327.575,10.587845
2025-07-25 16:00:00+00:00,3327.515,3340.085,3326.048,3337.385,6.55591
2025-07-25 20:00:00+00:00,3337.349,3338.898,3335.545,3335.575,0.55055
2025-07-27 20:00:00+00:00,3316.938,3337.148,3316.938,3333.398,2.28649
2025-07-28 00:00:00+00:00,3333.395,3343.155,3327.465,3343.095,3.50625
2025-07-28 04:00:00+00:00,3343.075,3345.145,3333.748,3334.795,4.11786
2025-07-28 08:00:00+00:00,3334.775,3340.575,3332.065,3336.265,3.41754
2025-07-28 12:00:00+00:00,3336.375,3338.175,3301.465,3314.565,8.20973
2025-07-28 16:00:00+00:00,3314.495,3318.785,3308.605,3317.015,7.3839
2025-07-28 20:00:00+00:00,3317.009,3318.315,3310.155,3312.405,2.61394
2025-07-29 00:00:00+00:00,3312.385,3320.648,3307.815,3312.398,4.212
2025-07-29 04:00:00+00:00,3312.405,3322.198,3308.815,3316.848,4.38077
2025-07-29 08:00:00+00:00,3316.845,3329.735,3314.685,3315.055,3.99585
2025-07-29 12:00:00+00:00,3315.015,3333.908,3311.675,3320.519,8.86436
2025-07-29 16:00:00+00:00,3320.485,3330.648,3318.845,3324.848,4.99803
2025-07-29 20:00:00+00:00,3324.935,3328.998,3324.515,3327.198,0.88273
2025-07-30 00:00:00+00:00,3327.175,3333.505,3321.655,3328.205,4.6759
2025-07-30 04:00:00+00:00,3328.205,3332.015,3322.798,3327.565,3.90249
2025-07-30 08:00:00+00:00,3327.585,3333.815,3323.795,3330.675,4.59424
2025-07-30 12:00:00+00:00,3330.675,3331.725,3288.415,3290.235,13.39179
2025-07-30 16:00:00+00:00,3290.245,3304.735,3267.955,3269.195,17.23419
2025-07-30 20:00:00+00:00,3269.215,3285.615,3268.745,3285.075,2.72051
2025-07-31 00:00:00+00:00,3285.045,3298.435,3282.535,3294.848,4.14714
2025-07-31 04:00:00+00:00,3294.748,3309.505,3293.485,3304.465,4.1155
2025-07-31 08:00:00+00:00,3304.435,3314.705,3293.555,3305.998,5.23846
2025-07-31 12:00:00+00:00,3305.865,3310.995,3291.055,3295.275,14.444517
2025-07-31 16:00:00+00:00,3295.275,3298.235,3289.475,3290.745,10.19023
2025-07-31 20:00:00+00:00,3290.735,3294.995,3287.845,3288.355,1.46567
2025-08-01 00:00:00+00:00,3288.375,3296.875,3281.435,3291.195,4.18603
2025-08-01 04:00:00+00:00,3291.195,3300.148,3284.998,3286.625,4.44132
2025-08-01 08:00:00+00:00,3286.598,3302.905,3285.115,3300.198,3.57885
2025-08-01 12:00:00+00:00,3300.235,3354.955,3297.275,3348.348,20.60595
2025-08-01 16:00:00+00:00,3348.339,3361.048,3340.298,3356.955,8.37962
2025-08-01 20:00:00+00:00,3356.965,3363.425,3356.775,3362.425,0.81994
2025-08-03 20:00:00+00:00,3364.698,3369.085,3354.315,3361.805,1.25493
2025-08-04 00:00:00+00:00,3361.785,3362.125,3344.748,3360.098,3.87839
2025-08-04 04:00:00+00:00,3360.055,3362.495,3351.498,3355.648,4.16414
2025-08-04 08:00:00+00:00,3355.665,3370.505,3352.655,3370.145,5.16476
2025-08-04 12:00:00+00:00,3370.175,3385.205,3360.885,3374.078,11.06482
2025-08-04 16:00:00+00:00,3374.049,3377.998,3370.379,3375.848,6.44539
2025-08-04 20:00:00+00:00,3375.835,3379.495,3372.595,3377.198,0.97589
2025-08-05 00:00:00+00:00,3377.198,3382.198,3371.898,3371.898,3.35011
2025-08-05 04:00:00+00:00,3371.825,3375.385,3365.575,3373.535,5.34859
2025-08-05 08:00:00+00:00,3373.505,3374.448,3349.639,3351.115,7.42415
2025-08-05 12:00:00+00:00,3351.069,3389.905,3349.668,3389.398,10.66874
2025-08-05 16:00:00+00:00,3389.398,3390.289,3376.625,3378.838,5.44654
2025-08-05 20:00:00+00:00,3378.845,3383.755,3377.965,3383.065,0.87878
2025-08-06 00:00:00+00:00,3383.005,3385.098,3372.948,3374.375,3.3257
2025-08-06 04:00:00+00:00,3374.448,3378.495,3368.875,3373.445,3.01726
2025-08-06 08:00:00+00:00,3373.405,3374.665,3358.015,3365.005,3.99121
2025-08-06 12:00:00+00:00,3365.005,3379.798,3360.035,3377.298,10.15567
2025-08-06 16:00:00+00:00,3377.215,3379.295,3368.865,3371.495,6.33597
2025-08-06 20:00:00+00:00,3371.485,3374.385,3366.925,3369.905,2.13213
2025-08-07 00:00:00+00:00,3369.935,3384.005,3364.895,3379.448,9.35765
2025-08-07 04:00:00+00:00,3379.448,3397.105,3371.498,3395.975,10.50017
2025-08-07 08:00:00+00:00,3396.005,3396.415,3371.545,3378.015,15.65785
2025-08-07 12:00:00+00:00,3378.035,3393.625,3373.505,3389.955,21.63567
2025-08-07 16:00:00+00:00,3389.945,3400.498,3384.145,3399.585,16.06745
2025-08-07 20:00:00+00:00,3399.579,3408.675,3387.185,3400.109,10.44
2025-08-08 00:00:00+00:00,3400.119,3402.329,3380.839,3395.669,38.13212
2025-08-08 04:00:00+00:00,3395.369,3403.925,3388.358,3401.755,29.96429
2025-08-08 08:00:00+00:00,3401.425,3402.423,3380.035,3385.785,34.98005
2025-08-08 12:00:00+00:00,3385.809,3401.529,3380.885,3395.125,42.862291
2025-08-08 16:00:00+00:00,3395.205,3404.213,3373.288,3398.148,20.21814
2025-08-08 20:00:00+00:00,3398.148,3398.709,3390.885,3398.579,1.15999
2025-08-10 20:00:00+00:00,3397.298,3404.798,3389.359,3391.255,1.47933
2025-08-11 00:00:00+00:00,3391.275,3391.425,3367.205,3378.025,12.43097
2025-08-11 04:00:00+00:00,3378.075,3379.895,3356.805,3359.935,11.3697
2025-08-11 08:00:00+00:00,3359.975,3365.665,3349.505,3355.115,12.91143
2025-08-11 12:00:00+00:00,3355.075,3362.665,3341.228,3349.235,14.92356
2025-08-11 16:00:00+00:00,3349.235,3358.748,3340.808,3351.405,11.98474
2025-08-11 20:00:00+00:00,3351.485,3351.665,3341.145,3348.848,2.39206
2025-08-12 00:00:00+00:00,3348.848,3357.235,3345.925,3349.265,4.3065
2025-08-12 04:00:00+00:00,3349.265,3357.945,3341.885,3355.405,5.4168
2025-08-12 08:00:00+00:00,3355.375,3355.595,3335.915,3347.335,5.75129
2025-08-12 12:00:00+00:00,3347.365,3359.198,3330.898,3349.615,17.25954
2025-08-12 16:00:00+00:00,3349.655,3351.059,3345.405,3347.475,10.01574
2025-08-12 20:00:00+00:00,3347.405,3353.565,3345.835,3350.435,1.58115
2025-08-13 00:00:00+00:00,3350.435,3354.199,3342.439,3349.469,6.762
2025-08-13 04:00:00+00:00,3349.469,3360.798,3345.398,3354.395,5.23661
2025-08-13 08:00:00+00:00,3354.219,3366.865,3352.548,3362.155,5.39228
2025-08-13 12:00:00+00:00,3362.215,3370.505,3353.889,3357.569,9.69733
2025-08-13 16:00:00+00:00,3357.569,3360.755,3349.755,3357.665,5.79961
2025-08-13 20:00:00+00:00,3357.645,3363.255,3355.155,3362.565,0.9814
2025-08-14 00:00:00+00:00,3362.565,3374.555,3355.265,3360.325,5.34939
2025-08-14 04:00:00+00:00,3360.325,3366.248,3343.365,3345.875,5.91718
2025-08-14 08:00:00+00:00,3345.835,3358.998,3341.278,3355.275,5.54541
2025-08-14 12:00:00+00:00,3355.295,3358.248,3333.948,3341.598,14.8373
2025-08-14 16:00:00+00:00,3341.545,3341.905,3329.645,3337.815,8.03785
2025-08-14 20:00:00+00:00,3337.809,3338.325,3331.945,3335.248,1.37653
2025-08-15 00:00:00+00:00,3335.245,3344.665,3332.155,3343.195,3.0867
2025-08-15 04:00:00+00:00,3343.165,3348.595,3339.925,3346.105,3.52488
2025-08-15 08:00:00+00:00,3346.075,3348.148,3336.005,3342.125,3.7679
2025-08-15 12:00:00+00:00,3342.105,3345.805,3332.705,3342.148,9.44131
2025-08-15 16:00:00+00:00,3342.148,3342.248,3334.225,3338.948,4.1209
2025-08-15 20:00:00+00:00,3338.948,3339.348,3334.645,3334.645,0.48469
2025-08-17 20:00:00+00:00,3336.015,3338.848,3323.335,3326.895,1.06745
2025-08-18 00:00:00+00:00,3326.945,3351.598,3326.625,3346.855,4.00231
2025-08-18 04:00:00+00:00,3346.855,3358.215,3345.968,3348.798,5.6621
2025-08-18 08:00:00+00:00,3348.725,3351.535,3344.248,3345.179,5.90667
2025-08-18 12:00:00+00:00,3345.415,3348.625,3332.035,3335.448,12.28389
2025-08-18 16:00:00+00:00,3335.448,3335.689,3330.085,3333.395,4.78821
2025-08-18 20:00:00+00:00,3333.365,3334.598,3330.305,3330.745,0.81583
2025-08-19 00:00:00+00:00,3330.725,3341.395,3325.885,3337.598,5.1266
2025-08-19 04:00:00+00:00,3337.525,3341.648,3334.245,3340.598,4.07102
2025-08-19 08:00:00+00:00,3340.598,3345.165,3336.298,3339.498,7.39954
2025-08-19 12:00:00+00:00,3339.505,3340.348,3320.778,3322.498,9.600074
2025-08-19 16:00:00+00:00,3322.498,3324.245,3314.775,3315.735,3.20314
2025-08-19 20:00:00+00:00,3315.695,3317.365,3312.665,3314.135,1.20754
2025-08-20 00:00:00+00:00,3313.935,3318.375,3311.255,3317.345,4.71137
2025-08-20 04:00:00+00:00,3317.325,3327.295,3317.045,3324.649,5.19508
2025-08-20 08:00:00+00:00,3324.679,3332.738,3320.748,3332.095,8.12403
2025-08-20 12:00:00+00:00,3332.275,3350.198,3331.865,3340.545,7.10982
2025-08-20 16:00:00+00:00,3340.555,3349.075,3340.555,3348.648,5.09303
2025-08-20 20:00:00+00:00,3348.548,3351.935,3346.185,3346.765,1.24008
2025-08-21 00:00:00+00:00,3346.735,3346.735,3339.455,3339.698,3.47569
2025-08-21 04:00:00+00:00,3339.505,3341.335,3334.008,3339.495,3.05665
2025-08-21 08:00:00+00:00,3339.475,3342.025,3324.948,3333.445,3.75675
2025-08-21 12:00:00+00:00,3333.525,3347.935,3333.525,3343.465,8.54115
2025-08-21 16:00:00+00:00,3343.455,3343.755,3336.425,3338.615,3.88948
2025-08-21 20:00:00+00:00,3338.595,3340.435,3337.215,3338.185,0.73321
2025-08-22 00:00:00+00:00,3338.145,3340.075,3331.575,3331.765,3.63765
2025-08-22 04:00:00+00:00,3331.855,3334.935,3325.525,3327.295,4.43999
2025-08-22 08:00:00+00:00,3327.275,3331.595,3325.165,3329.215,4.60748
2025-08-22 12:00:00+00:00,3329.215,3378.585,3321.045,3367.648,13.40025
2025-08-22 16:00:00+00:00,3367.648,3375.365,3367.648,3373.098,5.95215
2025-08-22 20:00:00+00:00,3372.998,3373.398,3369.925,3371.235,0.48753
2025-08-24 20:00:00+00:00,3370.835,3371.698,3365.685,3368.865,0.75241
2025-08-25 00:00:00+00:00,3368.845,3369.415,3359.495,3367.145,2.64767
2025-08-25 04:00:00+00:00,3367.145,3369.695,3362.915,3365.998,2.28185
2025-08-25 08:00:00+00:00,3365.998,3371.375,3361.825,3370.335,2.48969
2025-08-25 12:00:00+00:00,3370.385,3376.135,3361.905,3373.855,6.39607
2025-08-25 16:00:00+00:00,3373.865,3374.675,3365.005,3365.225,3.15176
2025-08-25 20:00:00+00:00,3365.225,3367.005,3351.435,3354.648,1.9319
2025-08-26 00:00:00+00:00,3354.725,3386.425,3351.175,3372.058,9.46038
2025-08-26 04:00:00+00:00,3372.015,3378.955,3366.985,3376.635,4.40769
2025-08-26 08:00:00+00:00,3376.665,3380.235,3367.045,3377.375,3.57257
2025-08-26 12:00:00+00:00,3377.405,3389.175,3370.115,3386.348,7.96812
2025-08-26 16:00:00+00:00,3386.348,3390.675,3380.115,3389.548,4.38437
2025-08-26 20:00:00+00:00,3389.548,3394.195,3388.575,3390.648,1.14077
2025-08-27 00:00:00+00:00,3390.575,3393.295,3380.305,3380.485,6.34374
2025-08-27 04:00:00+00:00,3380.535,3381.805,3373.665,3381.355,5.53185
2025-08-27 08:00:00+00:00,3381.335,3385.325,3373.725,3376.625,5.16514
2025-08-27 12:00:00+00:00,3376.595,3390.158,3374.095,3387.795,5.61157
2025-08-27 16:00:00+00:00,3387.795,3398.569,3387.325,3395.945,5.52492
2025-08-27 20:00:00+00:00,3396.075,3399.175,3393.995,3395.465,1.49171
2025-08-28 00:00:00+00:00,3395.485,3397.875,3384.445,3389.995,6.75746
2025-08-28 04:00:00+00:00,3389.955,3397.555,3387.415,3395.655,3.65536
2025-08-28 08:00:00+00:00,3395.505,3407.485,3393.555,3403.885,8.13903
2025-08-28 12:00:00+00:00,3403.895,3413.345,3393.835,3410.798,7.95529
2025-08-28 16:00:00+00:00,3410.798,3423.069,3409.765,3421.935,8.1336
2025-08-28 20:00:00+00:00,3421.935,3422.309,3414.508,3414.508,2.43745
2025-08-29 00:00:00+00:00,3414.508,3417.645,3407.695,3410.675,9.12326
2025-08-29 04:00:00+00:00,3410.655,3412.515,3406.215,3412.055,6.13184
2025-08-29 08:00:00+00:00,3412.075,3414.635,3404.185,3410.605,4.72307
2025-08-29 12:00:00+00:00,3410.605,3447.435,3406.525,3445.245,13.53284
2025-08-29 16:00:00+00:00,3445.235,3453.565,3440.558,3452.498,9.68314
2025-08-29 20:00:00+00:00,3452.498,3452.515,3444.845,3446.805,1.36601
2025-08-31 20:00:00+00:00,3445.648,3452.255,3441.825,3447.685,1.49737
2025-09-01 00:00:00+00:00,3447.685,3485.798,3436.548,3474.365,16.0688
2025-09-01 04:00:00+00:00,3474.405,3489.595,3467.295,3477.675,8.55451
2025-09-01 08:00:00+00:00,3477.695,3479.655,3465.905,3469.895,5.5378
2025-09-01 12:00:00+00:00,3469.875,3481.165,3466.985,3473.905,4.75093
2025-09-01 16:00:00+00:00,3473.905,3478.785,3472.145,3476.225,1.4057
2025-09-01 20:00:00+00:00,3476.505,3480.998,3473.878,3478.965,1.66073
2025-09-02 00:00:00+00:00,3478.915,3508.228,3476.625,3494.875,11.66224
2025-09-02 04:00:00+00:00,3494.835,3498.115,3471.915,3476.605,11.95349
2025-09-02 08:00:00+00:00,3476.615,3489.845,3469.805,3489.595,6.46309
2025-09-02 12:00:00+00:00,3489.575,3520.215,3474.135,3520.215,18.97354
2025-09-02 16:00:00+00:00,3520.205,3539.849,3517.845,3536.698,12.71835
2025-09-02 20:00:00+00:00,3536.698,3537.548,3525.848,3529.698,3.01987
2025-09-03 00:00:00+00:00,3529.698,3546.398,3527.748,3530.635,10.60831
2025-09-03 04:00:00+00:00,3530.665,3538.065,3526.508,3533.725,7.96837
2025-09-03 08:00:00+00:00,3533.675,3549.385,3532.065,3547.425,6.54437
2025-09-03 12:00:00+00:00,3547.405,3567.185,3541.105,3563.735,12.63675
2025-09-03 16:00:00+00:00,3563.698,3578.175,3561.035,3563.415,9.17589
2025-09-03 20:00:00+00:00,3563.415,3565.955,3554.205,3560.175,5.38917
2025-09-04 00:00:00+00:00,3560.215,3563.148,3510.425,3528.855,10.92583
2025-09-04 04:00:00+00:00,3528.835,3541.475,3524.145,3540.915,5.623682
2025-09-04 08:00:00+00:00,3540.865,3549.655,3536.198,3545.375,5.0007
2025-09-04 12:00:00+00:00,3545.195,3558.465,3534.548,3552.698,13.30913
2025-09-04 16:00:00+00:00,3552.698,3555.865,3542.355,3549.505,4.74037
2025-09-04 20:00:00+00:00,3549.555,3554.205,3539.715,3552.415,2.24078
2025-09-05 00:00:00+00:00,3552.395,3558.855,3545.515,3558.135,7.67312
2025-09-05 04:00:00+00:00,3558.185,3560.965,3546.445,3548.025,4.79127
2025-09-05 08:00:00+00:00,3547.895,3554.985,3544.605,3553.075,3.26145
2025-09-05 12:00:00+00:00,3553.175,3597.558,3548.625,3591.825,20.32837
2025-09-05 16:00:00+00:00,3591.785,3599.905,3590.185,3594.498,9.65546
2025-09-05 20:00:00+00:00,3594.498,3594.955,3585.195,3585.195,1.24717
2025-09-07 20:00:00+00:00,3582.104,3596.349,3577.698,3590.798,4.68014
2025-09-08 00:00:00+00:00,3590.798,3596.815,3582.665,3583.135,11.61839
2025-09-08 04:00:00+00:00,3583.155,3613.395,3579.365,3609.185,6.28767
2025-09-08 08:00:00+00:00,3609.155,3622.245,3607.015,3619.655,5.31876
2025-09-08 12:00:00+00:00,3619.635,3646.115,3614.385,3639.155,12.5076
2025-09-08 16:00:00+00:00,3639.155,3641.408,3631.765,3636.385,5.89005
2025-09-08 20:00:00+00:00,3636.385,3637.848,3628.035,3634.735,2.63905
2025-09-09 00:00:00+00:00,3634.695,3654.448,3633.305,3645.685,8.03285
2025-09-09 04:00:00+00:00,3645.735,3659.125,3636.375,3644.138,8.12467
2025-09-09 08:00:00+00:00,3644.138,3656.495,3641.645,3647.795,6.86502
2025-09-09 12:00:00+00:00,3647.845,3673.645,3626.665,3645.365,15.164976
2025-09-09 16:00:00+00:00,3645.355,3649.198,3628.335,3629.185,6.25523
2025-09-09 20:00:00+00:00,3629.155,3640.498,3618.505,3633.355,3.28531
2025-09-10 00:00:00+00:00,3633.385,3638.048,3619.965,3636.365,5.9349
2025-09-10 04:00:00+00:00,3636.375,3648.285,3636.375,3643.815,4.21307
2025-09-10 08:00:00+00:00,3643.855,3657.238,3641.735,3648.858,4.17751
2025-09-10 12:00:00+00:00,3648.858,3656.565,3638.318,3644.395,10.34036
2025-09-10 16:00:00+00:00,3644.365,3649.598,3635.065,3641.785,4.3315
2025-09-10 20:00:00+00:00,3641.775,3645.345,3637.645,3644.685,1.61223
2025-09-11 00:00:00+00:00,3644.705,3648.895,3629.715,3631.795,5.44586
2025-09-11 04:00:00+00:00,3631.925,3637.705,3622.395,3629.705,5.02472
2025-09-11 08:00:00+00:00,3629.685,3631.585,3613.945,3616.565,6.4461
2025-09-11 12:00:00+00:00,3616.595,3643.848,3611.465,3632.935,13.1332
2025-09-11 16:00:00+00:00,3632.935,3641.775,3630.225,3636.685,7.26471
2025-09-11 20:00:00+00:00,3636.605,3638.075,3631.265,3631.595,1.23669
2025-09-12 00:00:00+00:00,3631.575,3653.065,3630.295,3652.735,5.08428
2025-09-12 04:00:00+00:00,3652.705,3656.435,3647.645,3648.145,3.81449
2025-09-12 08:00:00+00:00,3648.125,3651.975,3637.375,3646.855,4.37372
2025-09-12 12:00:00+00:00,3646.875,3654.185,3637.848,3644.285,10.442
2025-09-12 16:00:00+00:00,3644.275,3650.555,3642.395,3644.055,3.85914
2025-09-12 20:00:00+00:00,3643.995,3645.145,3640.775,3642.635,1.28169
2025-09-14 20:00:00+00:00,3643.605,3646.048,3636.665,3637.965,1.12728
2025-09-15 00:00:00+00:00,3637.955,3646.205,3626.148,3645.885,5.48951
2025-09-15 04:00:00+00:00,3645.915,3646.715,3633.469,3643.695,4.91512
2025-09-15 08:00:00+00:00,3643.605,3646.615,3635.548,3642.395,3.9445
2025-09-15 12:00:00+00:00,3642.415,3681.635,3636.598,3680.195,8.28873
2025-09-15 16:00:00+00:00,3680.225,3685.345,3674.435,3680.735,7.89578
2025-09-15 20:00:00+00:00,3680.735,3681.898,3675.835,3676.598,1.88692
2025-09-16 00:00:00+00:00,3676.598,3689.169,3674.455,3680.825,5.64753
2025-09-16 04:00:00+00:00,3680.955,3694.015,3679.995,3686.225,4.82608
2025-09-16 08:00:00+00:00,3686.225,3699.365,3685.935,3697.015,5.58592
2025-09-16 12:00:00+00:00,3697.085,3702.828,3678.625,3686.085,18.518473
2025-09-16 16:00:00+00:00,3686.065,3691.045,3684.485,3689.425,6.47748
2025-09-16 20:00:00+00:00,3689.385,3695.055,3688.755,3694.085,1.29466
2025-09-17 00:00:00+00:00,3694.065,3695.185,3674.208,3681.515,10.33068
2025-09-17 04:00:00+00:00,3681.535,3685.705,3666.435,3666.785,8.38339
2025-09-17 08:00:00+00:00,3666.758,3670.845,3659.815,3665.785,5.16166
2025-09-17 12:00:00+00:00,3665.835,3687.005,3665.445,3684.015,8.02244
2025-09-17 16:00:00+00:00,3684.035,3707.308,3645.765,3661.498,15.105296
2025-09-17 20:00:00+00:00,3661.465,3671.735,3652.405,3668.748,2.33956
2025-09-18 00:00:00+00:00,3668.835,3669.635,3651.565,3658.375,8.00725
2025-09-18 04:00:00+00:00,3658.455,3659.695,3633.485,3658.785,8.067733
2025-09-18 08:00:00+00:00,3658.835,3672.785,3653.515,3666.945,4.60827
2025-09-18 12:00:00+00:00,3666.965,3672.248,3627.465,3641.085,11.606549
2025-09-18 16:00:00+00:00,3641.095,3647.045,3640.235,3646.365,5.84699
2025-09-18 20:00:00+00:00,3646.448,3646.905,3637.605,3639.895,1.19227
2025-09-19 00:00:00+00:00,3639.985,3656.085,3631.938,3653.505,6.69753
2025-09-19 04:00:00+00:00,3653.525,3661.025,3643.025,3653.755,7.71122
2025-09-19 08:00:00+00:00,3653.735,3658.995,3645.495,3648.275,3.51757
2025-09-19 12:00:00+00:00,3648.295,3675.695,3643.495,3670.625,9.72176
2025-09-19 16:00:00+00:00,3670.655,3685.089,3666.355,3684.239,7.96119
2025-09-19 20:00:00+00:00,3684.279,3684.748,3680.765,3684.489,1.02675
2025-09-21 20:00:00+00:00,3686.698,3691.895,3683.365,3686.065,1.98933
2025-09-22 00:00:00+00:00,3686.085,3697.305,3685.235,3695.265,6.74329
2025-09-22 04:00:00+00:00,3695.265,3719.645,3689.795,3713.045,6.11332
2025-09-22 08:00:00+00:00,3713.005,3728.145,3712.225,3724.475,5.13097
2025-09-22 12:00:00+00:00,3724.525,3736.215,3711.898,3736.035,12.36
2025-09-22 16:00:00+00:00,3736.005,3748.535,3734.955,3747.505,5.4286
2025-09-22 20:00:00+00:00,3747.418,3748.948,3737.728,3747.598,1.89417
2025-09-23 00:00:00+00:00,3747.598,3759.035,3736.455,3746.415,9.3944
2025-09-23 04:00:00+00:00,3746.395,3758.615,3743.025,3753.165,8.560335
2025-09-23 08:00:00+00:00,3753.125,3790.865,3752.905,3783.375,8.02552
2025-09-23 12:00:00+00:00,3783.395,3788.648,3767.185,3779.115,10.70041
2025-09-23 16:00:00+00:00,3779.335,3785.515,3751.805,3764.155,9.19802
2025-09-23 20:00:00+00:00,3764.165,3769.848,3761.359,3763.535,1.94839
2025-09-24 00:00:00+00:00,3763.505,3771.545,3750.329,3765.165,9.13482
2025-09-24 04:00:00+00:00,3765.135,3778.998,3763.055,3777.215,6.14119
2025-09-24 08:00:00+00:00,3777.245,3777.605,3759.475,3768.875,4.5149
2025-09-24 12:00:00+00:00,3768.855,3772.748,3739.535,3740.995,10.67641
2025-09-24 16:00:00+00:00,3740.965,3745.105,3717.348,3729.858,11.74641
2025-09-24 20:00:00+00:00,3729.858,3745.125,3729.765,3742.815,1.93679
2025-09-25 00:00:00+00:00,3742.775,3751.348,3729.365,3736.425,8.42903
2025-09-25 04:00:00+00:00,3736.425,3754.775,3731.548,3752.095,6.07597
2025-09-25 08:00:00+00:00,3752.065,3761.425,3740.945,3752.855,7.0755
2025-09-25 12:00:00+00:00,3752.885,3755.685,3721.915,3735.775,13.563436
2025-09-25 16:00:00+00:00,3735.755,3758.055,3732.175,3746.405,9.21845
2025-09-25 20:00:00+00:00,3746.405,3752.315,3737.755,3744.475,2.27244
2025-09-26 00:00:00+00:00,3744.445,3753.035,3734.275,3745.335,8.43059
2025-09-26 04:00:00+00:00,3745.375,3753.845,3739.015,3747.855,6.45016
2025-09-26 08:00:00+00:00,3747.885,3754.975,3742.755,3748.495,4.59993
2025-09-26 12:00:00+00:00,3748.515,3783.595,3746.135,3780.245,13.64015
2025-09-26 16:00:00+00:00,3780.235,3783.045,3764.345,3766.525,8.13274
2025-09-26 20:00:00+00:00,3766.475,3769.415,3758.948,3759.005,1.11984
2025-09-28 20:00:00+00:00,3756.045,3772.285,3755.898,3766.648,1.26545
2025-09-29 00:00:00+00:00,3766.648,3799.245,3763.665,3794.155,8.47406
2025-09-29 04:00:00+00:00,3794.135,3819.575,3792.295,3805.998,7.44743
2025-09-29 08:00:00+00:00,3805.998,3831.205,3805.998,3828.735,5.70007
2025-09-29 12:00:00+00:00,3828.755,3833.045,3809.085,3830.215,12.9948
2025-09-29 16:00:00+00:00,3830.235,3833.305,3822.375,3828.615,8.55295
2025-09-29 20:00:00+00:00,3828.545,3834.005,3825.415,3832.655,2.28253
2025-09-30 00:00:00+00:00,3832.685,3867.015,3830.798,3864.465,7.7752
2025-09-30 04:00:00+00:00,3864.555,3871.505,3839.195,3843.645,11.46528
2025-09-30 08:00:00+00:00,3843.675,3847.035,3792.875,3815.045,10.33647
2025-09-30 12:00:00+00:00,3815.045,3854.435,3808.745,3838.765,13.51321
2025-09-30 16:00:00+00:00,3838.615,3860.535,3837.648,3858.798,7.12472
2025-09-30 20:00:00+00:00,3858.898,3862.865,3850.365,3862.765,2.34693
2025-10-01 00:00:00+00:00,3862.775,3875.295,3855.385,3861.875,6.78272
2025-10-01 04:00:00+00:00,3861.875,3879.518,3853.055,3878.995,5.93217
2025-10-01 08:00:00+00:00,3879.035,3895.145,3877.798,3883.415,5.968855
2025-10-01 12:00:00+00:00,3883.485,3890.898,3856.315,3868.315,12.977127
2025-10-01 16:00:00+00:00,3868.305,3871.675,3854.885,3867.498,8.66049
2025-10-01 20:00:00+00:00,3867.498,3870.205,3857.375,3863.165,3.08163
2025-10-02 00:00:00+00:00,3863.195,3869.848,3852.635,3866.235,5.4056
2025-10-02 04:00:00+00:00,3866.255,3874.615,3861.518,3868.298,5.514797
2025-10-02 08:00:00+00:00,3868.298,3886.448,3864.495,3886.048,5.40265
2025-10-02 12:00:00+00:00,3886.048,3896.958,3819.095,3828.015,14.76769
2025-10-02 16:00:00+00:00,3827.978,3858.895,3826.985,3855.345,9.60747
2025-10-02 20:00:00+00:00,3855.355,3863.455,3851.795,3862.145,1.94
2025-10-03 00:00:00+00:00,3862.105,3862.515,3837.785,3842.575,4.81574
2025-10-03 04:00:00+00:00,3842.535,3865.095,3841.415,3864.105,3.5862
2025-10-03 08:00:00+00:00,3864.085,3867.525,3854.548,3861.885,6.71353
2025-10-03 12:00:00+00:00,3861.915,3891.475,3860.335,3889.275,12.60274
2025-10-03 16:00:00+00:00,3889.285,3889.535,3877.055,3885.555,11.64281
2025-10-03 20:00:00+00:00,3885.555,3886.985,3882.698,3886.825,0.89348
2025-10-05 20:00:00+00:00,3887.955,3920.485,3883.248,3909.355,3.84377
2025-10-06 00:00:00+00:00,3909.425,3931.805,3898.658,3929.375,6.653353
2025-10-06 04:00:00+00:00,3929.375,3944.955,3922.235,3941.325,8.46375
2025-10-06 08:00:00+00:00,3941.405,3949.305,3930.875,3938.005,7.728364
2025-10-06 12:00:00+00:00,3937.985,3963.955,3926.445,3962.275,12.12355
2025-10-06 16:00:00+00:00,3962.285,3969.925,3945.648,3959.245,8.22334
2025-10-06 20:00:00+00:00,3959.225,3975.925,3957.015,3969.248,4.17091
2025-10-07 00:00:00+00:00,3969.248,3977.125,3955.585,3973.245,6.63393
2025-10-07 04:00:00+00:00,3973.215,3976.765,3943.148,3945.725,7.59082
2025-10-07 08:00:00+00:00,3945.615,3968.965,3940.685,3966.825,6.12572
2025-10-07 12:00:00+00:00,3966.865,3990.845,3961.555,3965.898,15.54504
2025-10-07 16:00:00+00:00,3965.898,3987.505,3962.835,3979.915,11.66706
2025-10-07 20:00:00+00:00,3979.915,3995.775,3979.908,3994.145,2.60616
2025-10-08 00:00:00+00:00,3994.098,4016.345,3984.045,4014.498,6.77645
2025-10-08 04:00:00+00:00,4014.598,4038.885,4014.348,4034.055,7.17735
2025-10-08 08:00:00+00:00,4033.975,4049.398,4030.525,4037.795,6.72167
2025-10-08 12:00:00+00:00,4037.795,4050.325,4026.055,4045.515,12.57902
2025-10-08 16:00:00+00:00,4045.495,4059.098,4031.875,4044.555,12.33835
2025-10-08 20:00:00+00:00,4044.625,4046.455,4001.025,4011.465,5.445565
2025-10-09 00:00:00+00:00,4011.448,4036.135,4002.395,4026.585,9.8469
2025-10-09 04:00:00+00:00,4026.615,4043.405,4022.365,4031.375,7.50648
2025-10-09 08:00:00+00:00,4031.335,4046.455,4030.128,4044.235,5.32227
2025-10-09 12:00:00+00:00,4044.205,4057.765,4003.765,4014.395,22.37946
2025-10-09 16:00:00+00:00,4014.285,4021.498,3943.788,3972.895,16.77732
2025-10-09 20:00:00+00:00,3972.985,3990.715,3957.955,3989.548,2.99274
2025-10-10 00:00:00+00:00,3989.399,3994.175,3960.498,3961.499,8.74773
2025-10-10 04:00:00+00:00,3961.499,3977.575,3946.675,3971.705,9.66401
2025-10-10 08:00:00+00:00,3971.725,4006.385,3969.935,3986.845,9.61751
2025-10-10 12:00:00+00:00,3986.835,4022.748,3970.485,3997.525,16.19014
2025-10-10 16:00:00+00:00,3997.605,4021.075,3974.845,4011.015,14.50758
2025-10-10 20:00:00+00:00,4011.055,4020.595,4005.465,4017.845,2.21137
2025-10-12 20:00:00+00:00,4000.535,4059.938,4000.535,4034.705,5.01317
2025-10-13 00:00:00+00:00,4034.885,4059.425,4024.295,4051.728,10.07421
2025-10-13 04:00:00+00:00,4051.728,4077.748,4050.675,4070.705,9.223848
2025-10-13 08:00:00+00:00,4070.655,4085.065,4068.715,4073.745,6.19947
2025-10-13 12:00:00+00:00,4073.785,4107.158,4072.965,4104.675,10.19571
2025-10-13 16:00:00+00:00,4104.735,4117.005,4090.565,4108.385,10.58612
2025-10-13 20:00:00+00:00,4108.445,4131.748,4105.805,4127.798,3.43283
2025-10-14 00:00:00+00:00,4127.898,4166.065,4119.065,4162.885,10.87573
2025-10-14 04:00:00+00:00,4162.785,4179.355,4089.805,4126.175,16.13225
2025-10-14 08:00:00+00:00,4126.155,4144.898,4121.288,4130.155,10.80815
2025-10-14 12:00:00+00:00,4130.175,4142.348,4097.598,4137.675,14.6558
2025-10-14 16:00:00+00:00,4137.695,4155.075,4127.555,4141.355,12.83444
2025-10-14 20:00:00+00:00,4141.495,4166.955,4139.165,4161.325,3.32615
2025-10-15 00:00:00+00:00,4161.305,4190.515,4153.465,4186.815,8.83109
2025-10-15 04:00:00+00:00,4186.905,4209.645,4172.848,4207.545,6.17852
2025-10-15 08:00:00+00:00,4207.595,4217.995,4163.149,4198.465,8.61941
2025-10-15 12:00:00+00:00,4198.498,4212.135,4175.779,4190.348,17.997845
2025-10-15 16:00:00+00:00,4190.348,4213.285,4182.345,4210.015,15.83148
2025-10-15 20:00:00+00:00,4210.098,4215.555,4199.285,4209.285,4.75872
2025-10-16 00:00:00+00:00,4209.285,4241.955,4204.698,4233.545,9.76692
2025-10-16 04:00:00+00:00,4233.235,4239.185,4203.175,4230.455,9.36151
2025-10-16 08:00:00+00:00,4230.485,4247.355,4221.665,4240.265,7.68767
2025-10-16 12:00:00+00:00,4240.265,4275.748,4227.185,4273.345,15.02611
2025-10-16 16:00:00+00:00,4273.375,4312.648,4261.215,4307.025,16.97077
2025-10-16 20:00:00+00:00,4307.135,4379.125,4307.098,4365.225,8.22032
2025-10-17 00:00:00+00:00,4365.205,4371.445,4278.295,4366.525,14.47583
2025-10-17 04:00:00+00:00,4366.555,4378.455,4308.235,4342.085,12.472053
2025-10-17 08:00:00+00:00,4342.165,4349.505,4286.435,4286.795,15.76287
2025-10-17 12:00:00+00:00,4286.775,4319.785,4216.465,4237.235,27.665882
2025-10-17 16:00:00+00:00,4237.245,4244.725,4185.425,4225.395,18.05905
2025-10-17 20:00:00+00:00,4225.725,4252.198,4219.765,4250.855,2.1694
2025-10-19 20:00:00+00:00,4247.775,4273.685,4233.298,4237.605,4.18915
2025-10-20 00:00:00+00:00,4237.625,4270.995,4218.505,4264.379,13.73779
2025-10-20 04:00:00+00:00,4264.379,4268.048,4221.005,4254.895,12.97222
2025-10-20 08:00:00+00:00,4254.875,4279.235,4245.435,4278.905,7.09865
2025-10-20 12:00:00+00:00,4278.905,4355.345,4272.355,4348.898,18.2012
2025-10-20 16:00:00+00:00,4348.898,4381.298,4336.945,4377.848,14.22953
2025-10-20 20:00:00+00:00,4377.885,4379.948,4345.948,4359.905,5.49785
2025-10-21 00:00:00+00:00,4360.005,4372.108,4332.595,4346.395,9.522465
2025-10-21 04:00:00+00:00,4346.365,4346.825,4293.125,4298.005,9.58588
2025-10-21 08:00:00+00:00,4298.005,4301.425,4244.085,4253.145,13.55173
2025-10-21 12:00:00+00:00,4253.165,4257.445,4078.259,4138.385,33.066144
2025-10-21 16:00:00+00:00,4138.405,4143.695,4092.945,4108.685,15.7786
2025-10-21 20:00:00+00:00,4108.638,4132.235,4089.645,4092.618,4.63643
2025-10-22 00:00:00+00:00,4092.618,4142.815,4003.298,4128.248,15.66394
2025-10-22 04:00:00+00:00,4128.248,4161.165,4106.665,4132.715,11.13436
2025-10-22 08:00:00+00:00,4132.618,4135.595,4014.758,4027.405,21.657
2025-10-22 12:00:00+00:00,4027.435,4084.915,4010.795,4036.785,21.63179
2025-10-22 16:00:00+00:00,4036.885,4113.365,4022.955,4102.145,14.08805
2025-10-22 20:00:00+00:00,4101.885,4116.055,4080.078,4087.305,5.148477
2025-10-23 00:00:00+00:00,4087.295,4100.635,4065.405,4090.935,11.00347
2025-10-23 04:00:00+00:00,4090.955,4137.448,4079.468,4093.895,12.86769
2025-10-23 08:00:00+00:00,4094.015,4125.245,4094.015,4109.375,8.07769
2025-10-23 12:00:00+00:00,4109.395,4154.435,4099.965,4141.565,13.16692
2025-10-23 16:00:00+00:00,4141.575,4148.335,4116.285,4118.125,7.876527
2025-10-23 20:00:00+00:00,4118.195,4132.305,4105.675,4121.375,2.93093
2025-10-24 00:00:00+00:00,4121.405,4144.145,4107.255,4122.125,5.83671
2025-10-24 04:00:00+00:00,4122.085,4123.045,4069.305,4073.948,8.96668
2025-10-24 08:00:00+00:00,4073.965,4077.425,4043.618,4061.255,8.92437
2025-10-24 12:00:00+00:00,4061.205,4134.745,4059.615,4130.195,15.13081
2025-10-24 16:00:00+00:00,4130.235,4138.325,4101.735,4103.865,8.35556
2025-10-24 20:00:00+00:00,4103.945,4113.655,4096.515,4111.555,1.03375
2025-10-26 20:00:00+00:00,4064.051,4108.598,4061.315,4064.165,3.80161
2025-10-27 00:00:00+00:00,4064.275,4097.545,4057.845,4069.465,7.75841
2025-10-27 04:00:00+00:00,4069.405,4084.735,4053.505,4068.515,6.98772
2025-10-27 08:00:00+00:00,4068.365,4070.235,4015.055,4023.825,10.11903
2025-10-27 12:00:00+00:00,4023.855,4050.095,3971.068,3989.698,19.407694
2025-10-27 16:00:00+00:00,3989.698,4009.845,3983.728,3989.965,18.06134
2025-10-27 20:00:00+00:00,3989.975,4004.295,3978.885,3998.205,6.4961
2025-10-28 00:00:00+00:00,3998.175,4019.405,3972.445,3992.635,8.66427
2025-10-28 04:00:00+00:00,3992.685,3994.005,3921.248,3932.115,8.4259
2025-10-28 08:00:00+00:00,3932.145,3935.555,3886.199,3923.055,11.75619
2025-10-28 12:00:00+00:00,3923.375,3969.405,3905.335,3964.585,11.7166
2025-10-28 16:00:00+00:00,3964.595,3970.205,3944.935,3960.275,8.15993
2025-10-28 20:00:00+00:00,3960.125,3967.515,3914.548,3964.535,3.15857
2025-10-29 00:00:00+00:00,3964.535,3982.075,3943.605,3962.958,7.6059
2025-10-29 04:00:00+00:00,3963.005,4001.385,3950.668,4001.385,6.61439
2025-10-29 08:00:00+00:00,4001.385,4029.525,4000.278,4016.395,6.96051
2025-10-29 12:00:00+00:00,4016.365,4029.955,3989.165,3992.695,13.0045
2025-10-29 16:00:00+00:00,3992.725,4007.025,3927.585,3945.475,17.714242
2025-10-29 20:00:00+00:00,3945.435,3953.735,3916.348,3952.465,4.15864
2025-10-30 00:00:00+00:00,3952.495,3966.215,3915.065,3937.805,7.99911
2025-10-30 04:00:00+00:00,3937.835,3982.295,3934.505,3961.005,9.08399
2025-10-30 08:00:00+00:00,3960.995,4011.498,3959.895,3974.225,8.2867
2025-10-30 12:00:00+00:00,3974.245,4014.635,3959.955,4001.585,22.82969
2025-10-30 16:00:00+00:00,4001.565,4025.705,3990.905,4023.205,11.85937
2025-10-30 20:00:00+00:00,4023.155,4045.925,4015.955,4036.345,3.39111
2025-10-31 00:00:00+00:00,4036.225,4039.135,3990.938,3995.955,8.0052
2025-10-31 04:00:00+00:00,3995.995,4025.305,3988.765,4020.755,7.57353
2025-10-31 08:00:00+00:00,4020.785,4026.808,3998.515,4010.145,8.98561
2025-10-31 12:00:00+00:00,4010.335,4036.035,4008.805,4012.485,12.02048
2025-10-31 16:00:00+00:00,4012.445,4014.945,3971.965,4001.075,12.53169
2025-10-31 20:00:00+00:00,4001.045,4006.248,3995.955,4001.505,1.45438
2025-11-02 20:00:00+00:00,3983.498,3998.625,3977.415,3979.435,1.35834
2025-11-03 00:00:00+00:00,3979.285,4015.145,3962.325,4011.065,7.38371
2025-11-03 04:00:00+00:00,4011.055,4025.625,3997.479,4025.078,6.05335
2025-11-03 08:00:00+00:00,4025.078,4027.865,3992.875,4007.365,7.68107
2025-11-03 12:00:00+00:00,4007.405,4030.385,4001.415,4008.305,13.20889
2025-11-03 16:00:00+00:00,4008.179,4013.209,3994.989,4004.395,13.04362
2025-11-03 20:00:00+00:00,4004.395,4014.695,3980.625,3996.925,8.64815
2025-11-04 00:00:00+00:00,3996.975,3999.155,3975.435,3994.345,6.60428
2025-11-04 04:00:00+00:00,3994.335,3996.215,3966.395,3993.645,6.43477
2025-11-04 08:00:00+00:00,3993.985,4000.475,3985.765,3994.685,5.30077
2025-11-04 12:00:00+00:00,3994.735,3997.295,3928.475,3956.625,11.31912
2025-11-04 16:00:00+00:00,3956.665,3975.405,3931.855,3937.145,8.06824
2025-11-04 20:00:00+00:00,3937.195,3941.925,3930.275,3934.328,8.47938
2025-11-05 00:00:00+00:00,3934.325,3964.995,3929.648,3960.565,5.946465
2025-11-05 04:00:00+00:00,3960.459,3978.345,3959.585,3972.305,4.60898
2025-11-05 08:00:00+00:00,3972.285,3986.915,3955.825,3966.685,5.05729
2025-11-05 12:00:00+00:00,3966.655,3985.425,3961.945,3978.075,8.02754
2025-11-05 16:00:00+00:00,3978.175,3990.235,3974.745,3987.498,6.077665
2025-11-05 20:00:00+00:00,3987.598,3989.975,3966.095,3973.515,3.71051
2025-11-06 00:00:00+00:00,3973.475,3990.205,3964.355,3987.315,4.18319
2025-11-06 04:00:00+00:00,3987.345,4009.045,3982.035,4005.445,3.9293
2025-11-06 08:00:00+00:00,4005.398,4019.175,4004.155,4017.785,5.87225
2025-11-06 12:00:00+00:00,4017.745,4019.275,3974.895,3979.945,12.61545
2025-11-06 16:00:00+00:00,3979.975,3994.975,3965.425,3984.998,11.67505
2025-11-06 20:00:00+00:00,3984.635,3989.515,3973.655,3988.875,5.50061
2025-11-07 00:00:00+00:00,3988.905,4003.115,3984.295,3990.155,4.17316
2025-11-07 04:00:00+00:00,3990.125,4009.595,3985.275,4007.615,3.69156
2025-11-07 08:00:00+00:00,4007.708,4013.975,3993.535,4002.725,4.76725
2025-11-07 12:00:00+00:00,4002.745,4008.245,3983.855,3990.775,8.41335
2025-11-07 16:00:00+00:00,3990.775,4027.225,3989.785,4006.505,10.78089
2025-11-07 20:00:00+00:00,4006.429,4006.665,3994.245,4000.289,2.50195
2025-11-09 20:00:00+00:00,3997.898,4012.105,3996.698,4011.635,0.90555
2025-11-10 00:00:00+00:00,4011.665,4053.125,4010.915,4049.975,6.39017
2025-11-10 04:00:00+00:00,4049.835,4078.875,4049.615,4075.075,4.84943
2025-11-10 08:00:00+00:00,4075.105,4086.115,4071.265,4085.165,5.14223
2025-11-10 12:00:00+00:00,4085.205,4105.715,4074.065,4084.145,9.96057
2025-11-10 16:00:00+00:00,4084.125,4115.605,4081.815,4113.025,7.62398
2025-11-10 20:00:00+00:00,4113.045,4122.515,4106.425,4119.705,3.65873
2025-11-11 00:00:00+00:00,4119.995,4147.845,4116.055,4146.675,5.51198
2025-11-11 04:00:00+00:00,4146.655,4148.755,4124.525,4129.425,5.04994
2025-11-11 08:00:00+00:00,4129.305,4145.725,4128.585,4142.599,5.13187
2025-11-11 12:00:00+00:00,4142.599,4146.545,4096.845,4106.475,9.432765
2025-11-11 16:00:00+00:00,4106.465,4125.945,4105.0,4122.885,7.58336
2025-11-11 20:00:00+00:00,4122.985,4144.465,4122.235,4142.405,2.8899
2025-11-12 00:00:00+00:00,4142.375,4145.255,4111.615,4111.785,6.40688
2025-11-12 04:00:00+00:00,4111.745,4125.045,4098.665,4116.925,6.17697
2025-11-12 08:00:00+00:00,4116.955,4133.385,4112.015,4125.765,6.61051
2025-11-12 12:00:00+00:00,4125.795,4185.415,4122.495,4181.109,12.97876
2025-11-12 16:00:00+00:00,4181.095,4211.495,4179.835,4197.229,18.04466
2025-11-12 20:00:00+00:00,4197.179,4208.178,4187.005,4190.975,5.05902
2025-11-13 00:00:00+00:00,4190.965,4212.905,4179.625,4212.565,8.23683
2025-11-13 04:00:00+00:00,4212.545,4219.985,4203.065,4219.965,7.16683
2025-11-13 08:00:00+00:00,4219.945,4239.905,4218.975,4230.315,9.27425
2025-11-13 12:00:00+00:00,4230.165,4244.925,4184.355,4202.275,18.600262
2025-11-13 16:00:00+00:00,4202.305,4210.698,4144.965,4163.655,20.06234
2025-11-13 20:00:00+00:00,4163.675,4186.455,4159.995,4185.725,6.47016
2025-11-14 00:00:00+00:00,4185.795,4211.015,4173.345,4204.115,7.21451
2025-11-14 04:00:00+00:00,4204.085,4205.455,4158.685,4180.955,11.63704
2025-11-14 08:00:00+00:00,4180.895,4186.835,4130.685,4132.725,9.64898
2025-11-14 12:00:00+00:00,4132.725,4140.465,4031.955,4093.405,18.33662
2025-11-14 16:00:00+00:00,4093.515,4110.915,4080.645,4089.785,10.71269
2025-11-14 20:00:00+00:00,4089.855,4092.195,4075.345,4082.019,3.27017
2025-11-16 20:00:00+00:00,4084.898,4106.295,4070.395,4096.198,1.7131
2025-11-17 00:00:00+00:00,4096.248,4101.605,4069.575,4082.655,7.69918
2025-11-17 04:00:00+00:00,4082.635,4088.985,4049.505,4087.895,6.40005
2025-11-17 08:00:00+00:00,4088.095,4095.685,4060.905,4078.255,6.43863
2025-11-17 12:00:00+00:00,4078.245,4092.065,4060.435,4064.075,9.4063
2025-11-17 16:00:00+00:00,4063.945,4080.895,4010.655,4011.015,11.12713
2025-11-17 20:00:00+00:00,4010.985,4054.848,4006.735,4036.345,5.05278
2025-11-18 00:00:00+00:00,4036.435,4044.935,4008.215,4013.075,7.83734
2025-11-18 04:00:00+00:00,4013.095,4024.985,3997.658,4013.565,7.44755
2025-11-18 08:00:00+00:00,4013.585,4050.185,4010.225,4039.295,6.65984
2025-11-18 12:00:00+00:00,4039.315,4081.645,4028.905,4052.765,13.87976
2025-11-18 16:00:00+00:00,4052.925,4081.798,4040.145,4080.965,9.47762
2025-11-18 20:00:00+00:00,4080.995,4082.275,4064.735,4076.635,5.30968
2025-11-19 00:00:00+00:00,4076.595,4080.445,4055.248,4066.735,7.13642
2025-11-19 04:00:00+00:00,4066.755,4098.415,4064.335,4086.745,6.01119
2025-11-19 08:00:00+00:00,4086.735,4118.905,4078.125,4112.735,6.39082
2025-11-19 12:00:00+00:00,4112.715,4132.675,4089.855,4096.515,11.58571
2025-11-19 16:00:00+00:00,4096.455,4098.365,4055.385,4073.475,11.73997
2025-11-19 20:00:00+00:00,4073.505,4107.825,4065.425,4104.165,4.74397
2025-11-20 00:00:00+00:00,4104.265,4109.805,4039.998,4072.075,9.62843
2025-11-20 04:00:00+00:00,4072.105,4080.275,4054.025,4059.655,6.50322
2025-11-20 08:00:00+00:00,4059.535,4072.495,4038.605,4060.515,6.26417
2025-11-20 12:00:00+00:00,4060.385,4107.055,4059.855,4070.028,14.86193
2025-11-20 16:00:00+00:00,4069.965,4086.965,4043.348,4084.398,17.5744
2025-11-20 20:00:00+00:00,4084.375,4088.645,4072.325,4078.675,9.11782
2025-11-21 00:00:00+00:00,4078.665,4081.015,4049.065,4055.885,7.9548
2025-11-21 04:00:00+00:00,4055.895,4064.645,4024.538,4031.325,7.98322
2025-11-21 08:00:00+00:00,4031.365,4063.145,4022.075,4036.325,10.5659
2025-11-21 12:00:00+00:00,4036.275,4083.645,4034.485,4069.365,17.43738
2025-11-21 16:00:00+00:00,4069.289,4100.839,4062.705,4087.359,14.18776
2025-11-21 20:00:00+00:00,4087.365,4088.495,4054.385,4064.279,5.40155
2025-11-23 20:00:00+00:00,4070.098,4077.285,4064.745,4074.905,1.19017
2025-11-24 00:00:00+00:00,4074.895,4075.855,4040.375,4050.115,6.14116
2025-11-24 04:00:00+00:00,4050.075,4067.365,4039.945,4059.875,6.33628
2025-11-24 08:00:00+00:00,4059.825,4077.015,4059.425,4069.735,6.52039
2025-11-24 12:00:00+00:00,4069.715,4093.575,4065.325,4091.538,14.09256
2025-11-24 16:00:00+00:00,4091.475,4125.555,4087.685,4118.245,13.51195
2025-11-24 20:00:00+00:00,4118.189,4144.148,4117.725,4143.498,5.54596
2025-11-25 00:00:00+00:00,4143.298,4155.585,4122.265,4142.895,8.758
2025-11-25 04:00:00+00:00,4142.895,4151.815,4129.785,4132.168,6.91694
2025-11-25 08:00:00+00:00,4132.185,4139.138,4109.415,4133.275,6.52685
2025-11-25 12:00:00+00:00,4133.265,4150.548,4110.685,4123.078,13.9025
2025-11-25 16:00:00+00:00,4123.078,4159.045,4121.858,4133.505,13.70643
2025-11-25 20:00:00+00:00,4133.535,4138.129,4127.678,4133.505,4.55942
2025-11-26 00:00:00+00:00,4133.525,4169.255,4132.445,4165.765,5.74967
2025-11-26 04:00:00+00:00,4165.745,4168.425,4146.435,4157.205,4.62354
2025-11-26 08:00:00+00:00,4157.225,4172.848,4154.475,4171.305,7.34643
2025-11-26 12:00:00+00:00,4171.275,4173.145,4135.675,4165.115,10.044161
2025-11-26 16:00:00+00:00,4165.235,4171.485,4157.855,4163.085,7.56393
2025-11-26 20:00:00+00:00,4163.065,4168.405,4161.165,4164.248,3.15359
2025-11-27 00:00:00+00:00,4163.825,4166.798,4143.945,4147.205,5.78028
2025-11-27 04:00:00+00:00,4147.175,4162.235,4142.425,4159.828,6.05443
2025-11-27 08:00:00+00:00,4159.905,4166.825,4148.165,4157.115,5.52613
2025-11-27 12:00:00+00:00,4157.125,4161.575,4148.895,4157.825,4.41437
2025-11-27 16:00:00+00:00,4157.805,4160.115,4151.235,4157.448,2.01221
2025-11-27 20:00:00+00:00,4156.825,4163.565,4156.355,4163.025,0.26408
2025-11-28 00:00:00+00:00,4163.025,4193.015,4162.625,4183.635,4.75236
2025-11-28 04:00:00+00:00,4183.555,4188.585,4170.74,4174.295,2.92057
2025-11-28 08:00:00+00:00,4174.295,4179.455,4150.075,4170.918,11.418684
2025-11-28 12:00:00+00:00,4170.918,4208.635,4166.935,4203.645,7.98624
2025-11-28 16:00:00+00:00,4203.565,4226.735,4197.595,4218.959,7.46073
2025-11-30 20:00:00+00:00,4222.298,4230.349,4204.348,4221.805,1.722792
2025-12-01 00:00:00+00:00,4221.575,4256.245,4218.055,4239.055,11.78682
2025-12-01 04:00:00+00:00,4239.075,4246.665,4215.275,4244.998,9.85796
2025-12-01 08:00:00+00:00,4244.998,4262.025,4237.958,4254.355,6.8662
2025-12-01 12:00:00+00:00,4254.335,4264.385,4219.345,4232.225,11.95312
2025-12-01 16:00:00+00:00,4232.255,4244.485,4222.835,4236.745,11.16254
2025-12-01 20:00:00+00:00,4236.675,4241.225,4224.235,4227.248,3.29709
2025-12-02 00:00:00+00:00,4227.348,4229.475,4197.895,4216.515,6.65405
2025-12-02 04:00:00+00:00,4216.545,4226.105,4202.985,4213.165,5.29859
2025-12-02 08:00:00+00:00,4213.195,4216.955,4180.895,4205.285,5.53319
2025-12-02 12:00:00+00:00,4205.255,4230.365,4163.458,4169.255,12.32949
2025-12-02 16:00:00+00:00,4169.375,4200.048,4166.545,4196.135,7.94382
2025-12-02 20:00:00+00:00,4196.165,4215.825,4194.555,4212.435,3.2943
2025-12-03 00:00:00+00:00,4212.405,4228.765,4204.325,4220.935,8.29705
2025-12-03 04:00:00+00:00,4220.875,4225.185,4200.065,4206.085,7.04671
2025-12-03 08:00:00+00:00,4206.515,4210.008,4194.405,4208.465,6.60415
2025-12-03 12:00:00+00:00,4208.505,4241.235,4204.835,4216.145,13.17681
2025-12-03 16:00:00+00:00,4216.105,4224.985,4194.945,4207.625,10.32099
2025-12-03 20:00:00+00:00,4207.635,4212.565,4201.915,4206.985,3.39508
2025-12-04 00:00:00+00:00,4206.955,4216.715,4187.125,4195.565,7.5289
2025-12-04 04:00:00+00:00,4195.505,4198.885,4175.005,4193.595,7.36911
2025-12-04 08:00:00+00:00,4193.585,4206.335,4183.315,4198.305,6.82472
2025-12-04 12:00:00+00:00,4198.199,4213.275,4185.155,4207.148,11.61166
2025-12-04 16:00:00+00:00,4207.235,4219.255,4199.435,4208.775,8.37635
2025-12-04 20:00:00+00:00,4208.635,4210.148,4203.655,4205.915,2.30318
2025-12-05 00:00:00+00:00,4205.975,4210.518,4194.465,4209.345,5.92076
2025-12-05 04:00:00+00:00,4209.325,4230.485,4207.815,4224.245,7.0259
2025-12-05 08:00:00+00:00,4224.245,4227.305,4215.735,4223.525,5.04476
2025-12-05 12:00:00+00:00,4223.525,4259.105,4221.285,4243.465,13.535696
2025-12-05 16:00:00+00:00,4243.615,4245.525,4198.215,4207.365,12.34326
2025-12-05 20:00:00+00:00,4207.535,4207.535,4191.815,4197.405,5.55424
2025-12-07 20:00:00+00:00,4199.615,4202.495,4193.385,4200.665,0.31039
2025-12-08 00:00:00+00:00,4201.245,4212.915,4197.225,4209.915,6.48901
2025-12-08 04:00:00+00:00,4209.875,4218.755,4204.435,4206.595,5.45349
2025-12-08 08:00:00+00:00,4206.565,4216.405,4199.418,4208.395,5.00902
2025-12-08 12:00:00+00:00,4208.375,4215.275,4175.998,4182.665,9.90317
2025-12-08 16:00:00+00:00,4182.625,4197.655,4176.665,4186.865,7.21991
2025-12-08 20:00:00+00:00,4186.795,4195.355,4184.705,4194.535,2.24841
2025-12-09 00:00:00+00:00,4194.435,4198.568,4185.785,4194.405,5.50991
2025-12-09 04:00:00+00:00,4194.295,4195.435,4169.845,4182.135,6.9311
2025-12-09 08:00:00+00:00,4182.185,4212.645,4182.185,4202.885,6.2857
2025-12-09 12:00:00+00:00,4202.955,4216.105,4189.229,4212.288,10.52757
2025-12-09 16:00:00+00:00,4212.278,4221.345,4201.085,4212.405,8.68578
2025-12-09 20:00:00+00:00,4212.375,4215.805,4204.895,4210.448,7.72963
2025-12-10 00:00:00+00:00,4210.448,4218.615,4203.365,4206.095,7.37061
2025-12-10 04:00:00+00:00,4206.025,4214.225,4201.525,4203.145,5.01658
2025-12-10 08:00:00+00:00,4203.115,4206.435,4187.525,4197.135,5.79266
2025-12-10 12:00:00+00:00,4197.115,4206.825,4188.645,4193.475,9.54773
2025-12-10 16:00:00+00:00,4193.575,4219.545,4181.565,4216.365,14.59753
2025-12-10 20:00:00+00:00,4216.335,4238.445,4210.935,4232.225,5.80478
2025-12-11 00:00:00+00:00,4232.235,4247.465,4209.095,4216.535,8.81089
2025-12-11 04:00:00+00:00,4216.469,4218.495,4203.905,4215.845,6.65107
2025-12-11 08:00:00+00:00,4215.865,4225.775,4209.445,4210.995,4.69751
2025-12-11 12:00:00+00:00,4211.015,4261.215,4205.035,4255.785,11.59746
2025-12-11 16:00:00+00:00,4255.825,4285.705,4249.855,4273.315,9.33416
2025-12-11 20:00:00+00:00,4273.285,4283.548,4263.995,4275.905,4.48371
2025-12-12 00:00:00+00:00,4275.905,4279.948,4264.148,4270.425,7.64506
2025-12-12 04:00:00+00:00,4270.405,4290.245,4265.805,4286.975,6.488
2025-12-12 08:00:00+00:00,4286.895,4339.075,4286.895,4336.165,9.78385
2025-12-12 12:00:00+00:00,4336.135,4353.325,4282.895,4290.075,16.578012
2025-12-12 16:00:00+00:00,4290.055,4303.555,4256.845,4296.385,12.71184
2025-12-12 20:00:00+00:00,4296.365,4303.935,4288.475,4298.705,4.73855
2025-12-14 20:00:00+00:00,4299.298,4308.195,4293.798,4301.975,1.03157
2025-12-15 00:00:00+00:00,4302.155,4329.415,4299.945,4327.005,6.41988
2025-12-15 04:00:00+00:00,4326.955,4347.185,4322.915,4338.985,7.05779
2025-12-15 08:00:00+00:00,4338.975,4349.995,4335.008,4342.575,6.78158
2025-12-15 12:00:00+00:00,4342.555,4348.195,4311.315,4318.035,11.9397
2025-12-15 16:00:00+00:00,4318.005,4318.695,4285.055,4314.015,10.39536
2025-12-15 20:00:00+00:00,4314.035,4314.198,4299.365,4303.965,3.78268
2025-12-16 00:00:00+00:00,4303.955,4317.695,4280.385,4290.725,7.97486
2025-12-16 04:00:00+00:00,4290.695,4292.055,4271.125,4287.455,6.13746
2025-12-16 08:00:00+00:00,4287.355,4289.215,4273.585,4278.345,5.63868
2025-12-16 12:00:00+00:00,4278.345,4334.935,4276.605,4319.625,11.66287
2025-12-16 16:00:00+00:00,4319.595,4323.085,4291.075,4310.315,11.65865
2025-12-16 20:00:00+00:00,4310.299,4314.125,4300.535,4307.695,4.7175
2025-12-17 00:00:00+00:00,4307.765,4327.565,4307.275,4323.565,7.09733
2025-12-17 04:00:00+00:00,4323.585,4342.255,4315.375,4317.715,7.2854
2025-12-17 08:00:00+00:00,4317.625,4323.075,4306.305,4316.115,5.13093
2025-12-17 12:00:00+00:00,4316.125,4348.675,4314.725,4330.115,13.21209
2025-12-17 16:00:00+00:00,4330.355,4346.375,4319.985,4336.895,10.2656
2025-12-17 20:00:00+00:00,4336.935,4346.135,4335.085,4338.648,3.52205
2025-12-18 00:00:00+00:00,4338.648,4342.735,4324.205,4332.955,7.18355
2025-12-18 04:00:00+00:00,4332.925,4337.595,4328.375,4331.205,6.01537
2025-12-18 08:00:00+00:00,4331.185,4332.375,4320.485,4325.465,9.66117
2025-12-18 12:00:00+00:00,4325.455,4342.845,4308.285,4337.868,14.316436
2025-12-18 16:00:00+00:00,4337.745,4374.395,4321.765,4324.735,13.12606
2025-12-18 20:00:00+00:00,4324.795,4338.085,4324.355,4334.865,4.28207
2025-12-19 00:00:00+00:00,4334.845,4335.495,4308.715,4317.835,5.3093
2025-12-19 04:00:00+00:00,4317.805,4329.415,4316.725,4322.445,6.57418
2025-12-19 08:00:00+00:00,4322.335,4333.475,4320.815,4327.075,5.50666
2025-12-19 12:00:00+00:00,4327.075,4348.975,4319.528,4347.635,9.92756
2025-12-19 16:00:00+00:00,4347.595,4356.365,4341.845,4345.065,9.48652
2025-12-19 20:00:00+00:00,4345.025,4346.295,4336.275,4338.669,2.34142
2025-12-21 20:00:00+00:00,4338.898,4355.948,4336.635,4354.915,0.99799
2025-12-22 00:00:00+00:00,4354.885,4394.615,4354.885,4392.265,6.81632
2025-12-22 04:00:00+00:00,4392.248,4420.165,4390.948,4414.019,6.71937
2025-12-22 08:00:00+00:00,4414.019,4415.555,4405.755,4410.045,5.69178
2025-12-22 12:00:00+00:00,4410.025,4435.338,4405.905,4431.548,9.71581
2025-12-22 16:00:00+00:00,4431.548,4441.948,4427.975,4433.395,10.30839
2025-12-22 20:00:00+00:00,4433.298,4461.598,4431.385,4459.865,5.31077
2025-12-23 00:00:00+00:00,4459.865,4497.345,4457.705,4486.425,8.58196
2025-12-23 04:00:00+00:00,4486.335,4489.405,4469.265,4486.375,8.49009
2025-12-23 08:00:00+00:00,4486.345,4494.005,4477.945,4493.325,7.37169
2025-12-23 12:00:00+00:00,4493.265,4497.175,4429.975,4458.148,11.64956
2025-12-23 16:00:00+00:00,4458.185,4496.105,4455.559,4490.618,10.76222
2025-12-23 20:00:00+00:00,4490.618,4510.175,4481.298,4503.125,7.52542
2025-12-24 00:00:00+00:00,4503.095,4525.765,4467.919,4492.825,11.75654
2025-12-24 04:00:00+00:00,4492.875,4501.225,4483.195,4483.625,6.92589
2025-12-24 08:00:00+00:00,4483.585,4499.525,4477.805,4491.235,7.5978
2025-12-24 12:00:00+00:00,4491.235,4495.705,4447.895,4458.235,15.82561
2025-12-24 16:00:00+00:00,4458.195,4487.515,4455.725,4479.029,8.82056
2025-12-25 20:00:00+00:00,4490.045,4499.625,4482.655,4494.785,1.45741
2025-12-26 00:00:00+00:00,4494.875,4530.975,4491.535,4501.565,14.92803
2025-12-26 04:00:00+00:00,4501.589,4519.155,4500.235,4510.555,13.33329
2025-12-26 08:00:00+00:00,4510.625,4523.165,4502.505,4509.495,13.87617
2025-12-26 12:00:00+00:00,4509.545,4547.045,4503.205,4546.245,16.618877
2025-12-26 16:00:00+00:00,4546.275,4549.715,4509.625,4523.515,18.03712
2025-12-26 20:00:00+00:00,4523.535,4535.395,4521.498,4532.365,6.33059
2025-12-28 20:00:00+00:00,4538.698,4549.298,4522.625,4526.448,3.47083
2025-12-29 00:00:00+00:00,4526.448,4527.545,4471.498,4516.315,19.375619
2025-12-29 04:00:00+00:00,4516.145,4519.325,4444.735,4474.175,15.022254
2025-12-29 08:00:00+00:00,4474.275,4488.255,4433.835,4446.325,10.86188
2025-12-29 12:00:00+00:00,4446.545,4467.288,4300.698,4325.065,17.535594
2025-12-29 16:00:00+00:00,4325.015,4347.148,4314.845,4336.655,10.77119
2025-12-29 20:00:00+00:00,4336.685,4346.815,4322.965,4345.455,5.58718
2025-12-30 00:00:00+00:00,4345.465,4368.925,4324.195,4358.875,13.34998
2025-12-30 04:00:00+00:00,4358.895,4383.035,4357.285,4372.098,9.39768
2025-12-30 08:00:00+00:00,4372.098,4391.515,4349.955,4383.965,7.89455
2025-12-30 12:00:00+00:00,4383.965,4403.998,4355.335,4364.885,20.620778
2025-12-30 16:00:00+00:00,4365.085,4381.625,4337.565,4348.345,16.839865
2025-12-30 20:00:00+00:00,4348.345,4355.245,4328.765,4338.655,6.82471
2025-12-31 00:00:00+00:00,4338.655,4372.905,4332.385,4347.898,16.33901
2025-12-31 04:00:00+00:00,4348.098,4350.898,4273.805,4330.738,14.67843
2025-12-31 08:00:00+00:00,4330.738,4337.065,4302.998,4310.725,8.27523
2025-12-31 12:00:00+00:00,4310.775,4353.048,4302.598,4337.145,12.53801
2025-12-31 16:00:00+00:00,4337.175,4339.505,4307.585,4311.115,9.67112
2025-12-31 20:00:00+00:00,4311.125,4324.285,4304.195,4318.679,3.69748
2026-01-01 20:00:00+00:00,4323.698,4351.005,4323.198,4347.805,0.86305
2026-01-02 00:00:00+00:00,4347.798,4375.398,4341.075,4374.748,7.1971
2026-01-02 04:00:00+00:00,4374.759,4383.165,4370.598,4382.525,5.67589
2026-01-02 08:00:00+00:00,4382.545,4398.998,4380.555,4392.535,6.44768
2026-01-02 12:00:00+00:00,4392.565,4401.928,4330.065,4335.095,12.01965
2026-01-02 16:00:00+00:00,4335.055,4337.095,4309.618,4317.845,9.64522
2026-01-02 20:00:00+00:00,4317.815,4333.165,4316.925,4331.575,3.22209
2026-01-04 20:00:00+00:00,4360.875,4375.665,4344.425,4372.345,2.53048
2026-01-05 00:00:00+00:00,4372.275,4421.195,4370.025,4399.615,14.10393
2026-01-05 04:00:00+00:00,4399.645,4426.095,4397.005,4421.465,10.98428
2026-01-05 08:00:00+00:00,4421.465,4439.675,4410.285,4419.035,10.43062
2026-01-05 12:00:00+00:00,4419.065,4455.425,4396.045,4448.275,12.18012
2026-01-05 16:00:00+00:00,4448.255,4454.125,4432.095,4439.485,7.69117
2026-01-05 20:00:00+00:00,4439.448,4459.815,4436.555,4440.285,4.2687
2026-01-06 00:00:00+00:00,4440.285,4467.885,4427.725,4467.305,8.91291
2026-01-06 04:00:00+00:00,4467.298,4473.915,4449.198,4459.125,9.47929
2026-01-06 08:00:00+00:00,4459.105,4475.485,4442.095,4462.948,13.32911
2026-01-06 12:00:00+00:00,4463.048,4490.615,4453.535,4478.025,18.86443
2026-01-06 16:00:00+00:00,4477.978,4493.775,4471.178,4481.195,14.17129
2026-01-06 20:00:00+00:00,4481.155,4500.348,4480.135,4493.235,5.65365
2026-01-07 00:00:00+00:00,4493.185,4495.595,4459.308,4474.505,10.19431
2026-01-07 04:00:00+00:00,4474.525,4475.755,4441.248,4460.935,8.394004
2026-01-07 08:00:00+00:00,4460.785,4474.648,4446.255,4447.135,8.29789
2026-01-07 12:00:00+00:00,4447.505,4454.805,4423.135,4445.895,13.15932
2026-01-07 16:00:00+00:00,4445.845,4468.075,4443.615,4456.875,12.33468
2026-01-07 20:00:00+00:00,4456.835,4463.735,4449.688,4463.205,4.58293
2026-01-08 00:00:00+00:00,4463.145,4466.075,4433.275,4439.925,11.08074
2026-01-08 04:00:00+00:00,4439.925,4440.255,4415.215,4430.745,10.22434
2026-01-08 08:00:00+00:00,4430.725,4435.145,4419.438,4422.675,6.68016
2026-01-08 12:00:00+00:00,4422.735,4456.315,4407.485,4454.015,15.26309
2026-01-08 16:00:00+00:00,4454.035,4465.165,4444.565,4451.895,8.99662
2026-01-08 20:00:00+00:00,4451.875,4483.548,4451.285,4475.485,4.09885
2026-01-09 00:00:00+00:00,4475.445,4476.675,4452.585,4463.905,7.95597
2026-01-09 04:00:00+00:00,4463.875,4477.125,4457.985,4469.935,5.19901
2026-01-09 08:00:00+00:00,4470.025,4477.445,4463.905,4475.048,5.28759
2026-01-09 12:00:00+00:00,4474.995,4516.898,4458.595,4511.988,14.69053
2026-01-09 16:00:00+00:00,4511.988,4513.908,4481.615,4498.925,17.41412
2026-01-09 20:00:00+00:00,4498.865,4510.998,4497.405,4509.015,6.03653
2026-01-11 20:00:00+00:00,4520.298,4544.735,4511.898,4539.855,1.9448
2026-01-12 00:00:00+00:00,4539.775,4601.048,4536.055,4570.285,12.83266
2026-01-12 04:00:00+00:00,4570.305,4589.465,4563.118,4587.485,7.01694
2026-01-12 08:00:00+00:00,4587.455,4599.245,4579.235,4584.995,6.73584
2026-01-12 12:00:00+00:00,4585.015,4627.275,4578.145,4621.135,14.22235
2026-01-12 16:00:00+00:00,4620.765,4629.975,4600.215,4610.975,9.77116
2026-01-12 20:00:00+00:00,4611.015,4611.625,4577.335,4599.095,6.79074
2026-01-13 00:00:00+00:00,4599.205,4599.455,4575.275,4593.955,7.76815
2026-01-13 04:00:00+00:00,4593.925,4601.945,4573.325,4580.445,5.90258
2026-01-13 08:00:00+00:00,4580.495,4596.855,4579.505,4588.365,5.3653
2026-01-13 12:00:00+00:00,4588.435,4634.285,4577.615,4618.905,16.707005
2026-01-13 16:00:00+00:00,4618.885,4620.445,4580.835,4597.305,15.07653
2026-01-13 20:00:00+00:00,4597.325,4598.655,4569.185,4596.805,6.26763
2026-01-14 00:00:00+00:00,4596.795,4629.865,4596.745,4627.955,7.12481
2026-01-14 04:00:00+00:00,4627.975,4639.535,4617.685,4632.145,8.0101
2026-01-14 08:00:00+00:00,4632.125,4639.425,4621.265,4630.145,5.91008
2026-01-14 12:00:00+00:00,4630.375,4641.595,4599.165,4617.715,12.78749
2026-01-14 16:00:00+00:00,4617.735,4642.695,4600.985,4638.995,12.6861
2026-01-14 20:00:00+00:00,4639.045,4641.335,4602.575,4615.015,6.25124
2026-01-15 00:00:00+00:00,4614.935,4617.915,4580.925,4592.015,10.49882
2026-01-15 04:00:00+00:00,4592.015,4613.365,4580.815,4601.565,8.09941
2026-01-15 08:00:00+00:00,4601.585,4622.755,4597.685,4619.005,5.58536
2026-01-15 12:00:00+00:00,4619.105,4620.555,4582.135,4615.145,15.4952
2026-01-15 16:00:00+00:00,4615.165,4624.325,4600.975,4615.635,12.20864
2026-01-15 20:00:00+00:00,4615.635,4620.448,4600.399,4609.855,7.16108
2026-01-16 00:00:00+00:00,4609.835,4610.845,4590.975,4596.115,7.97346
2026-01-16 04:00:00+00:00,4596.055,4615.735,4593.865,4607.285,7.22597
2026-01-16 08:00:00+00:00,4607.245,4615.965,4598.285,4612.335,4.36091
2026-01-16 12:00:00+00:00,4612.365,4620.035,4536.515,4570.855,15.01112
2026-01-16 16:00:00+00:00,4570.835,4598.835,4567.138,4590.245,10.20945
2026-01-16 20:00:00+00:00,4590.285,4598.085,4580.335,4595.515,4.71206
2026-01-18 20:00:00+00:00,4625.755,4690.265,4618.988,4672.365,2.81757
2026-01-19 00:00:00+00:00,4672.375,4681.735,4652.845,4658.048,8.61076
2026-01-19 04:00:00+00:00,4658.208,4678.855,4657.898,4664.955,5.63801
2026-01-19 08:00:00+00:00,4664.955,4673.655,4659.425,4660.295,5.27472
2026-01-19 12:00:00+00:00,4660.335,4675.955,4659.825,4674.055,6.77293
2026-01-19 16:00:00+00:00,4674.085,4680.105,4666.848,4669.975,3.57732
2026-01-19 20:00:00+00:00,4671.298,4676.448,4664.185,4665.135,0.7704
2026-01-20 00:00:00+00:00,4665.145,4681.355,4659.245,4679.985,6.13265
2026-01-20 04:00:00+00:00,4679.965,4722.505,4679.405,4715.915,7.32843
2026-01-20 08:00:00+00:00,4715.945,4737.285,4714.745,4732.885,6.65882
2026-01-20 12:00:00+00:00,4732.678,4750.835,4715.075,4737.215,16.53851
2026-01-20 16:00:00+00:00,4737.235,4766.145,4728.685,4760.555,10.88416
2026-01-20 20:00:00+00:00,4760.505,4780.895,4747.048,4775.625,4.57557
2026-01-21 00:00:00+00:00,4775.605,4849.545,4770.198,4844.735,8.920574
2026-01-21 04:00:00+00:00,4844.675,4888.075,4832.375,4855.055,8.76956
2026-01-21 08:00:00+00:00,4855.075,4876.965,4851.325,4866.705,5.54992
2026-01-21 12:00:00+00:00,4866.735,4880.635,4812.415,4847.505,11.8382
2026-01-21 16:00:00+00:00,4847.535,4855.435,4755.345,4780.995,13.70334
2026-01-21 20:00:00+00:00,4780.858,4839.535,4771.915,4777.915,7.00281
2026-01-22 00:00:00+00:00,4777.875,4809.405,4772.185,4796.365,8.37871
2026-01-22 04:00:00+00:00,4796.395,4839.353,4793.505,4832.485,5.61117
2026-01-22 08:00:00+00:00,4832.465,4837.925,4813.605,4831.015,4.54557
2026-01-22 12:00:00+00:00,4830.985,4873.535,4810.535,4871.615,9.10954
2026-01-22 16:00:00+00:00,4871.645,4924.235,4867.915,4911.575,8.96164
2026-01-22 20:00:00+00:00,4911.595,4960.435,4911.375,4958.795,4.13926
2026-01-23 00:00:00+00:00,4958.785,4967.075,4935.995,4951.855,6.04564
2026-01-23 04:00:00+00:00,4951.835,4967.235,4943.105,4944.325,4.08058
2026-01-23 08:00:00+00:00,4944.305,4947.565,4899.545,4922.625,6.33113
2026-01-23 12:00:00+00:00,4923.025,4963.265,4918.205,4960.295,9.69806
2026-01-23 16:00:00+00:00,4960.345,4989.675,4957.995,4983.945,8.86127
2026-01-23 20:00:00+00:00,4983.875,4989.648,4970.385,4983.785,3.18303
2026-01-25 20:00:00+00:00,5003.285,5039.695,5001.098,5039.395,2.33516
2026-01-26 00:00:00+00:00,5039.525,5092.785,5028.745,5076.525,11.51432
2026-01-26 04:00:00+00:00,5076.445,5110.885,5052.175,5088.855,8.91056
2026-01-26 08:00:00+00:00,5088.815,5098.376,5075.145,5091.345,6.80196
2026-01-26 12:00:00+00:00,5091.385,5097.215,5054.375,5090.615,11.48875
2026-01-26 16:00:00+00:00,5090.655,5105.015,5008.018,5028.225,16.39752
2026-01-26 20:00:00+00:00,5028.265,5062.055,4989.805,5043.195,10.56972
2026-01-27 00:00:00+00:00,5043.225,5079.575,5013.595,5076.815,9.961898
2026-01-27 04:00:00+00:00,5076.785,5100.585,5057.005,5085.725,9.01347
2026-01-27 08:00:00+00:00,5085.725,5099.345,5066.808,5076.705,7.071958
2026-01-27 12:00:00+00:00,5076.755,5092.695,5046.465,5090.775,13.70178
2026-01-27 16:00:00+00:00,5090.575,5103.075,5076.135,5098.745,10.95833
2026-01-27 20:00:00+00:00,5098.715,5190.235,5097.745,5171.895,9.25599
2026-01-28 00:00:00+00:00,5171.975,5247.475,5157.115,5234.945,12.30688
2026-01-28 04:00:00+00:00,5234.845,5292.565,5232.105,5290.335,9.00309
2026-01-28 08:00:00+00:00,5290.285,5311.245,5238.345,5261.375,10.12019
2026-01-28 12:00:00+00:00,5261.385,5298.125,5235.238,5278.085,16.82205
2026-01-28 16:00:00+00:00,5278.045,5331.598,5268.245,5325.105,16.98272
2026-01-28 20:00:00+00:00,5324.889,5596.805,5320.955,5512.255,12.1902
2026-01-29 00:00:00+00:00,5512.795,5551.315,5444.348,5545.655,15.0545
2026-01-29 04:00:00+00:00,5545.635,5595.275,5515.485,5548.755,13.60692
2026-01-29 08:00:00+00:00,5548.725,5554.585,5470.545,5522.445,11.87482
2026-01-29 12:00:00+00:00,5522.425,5549.335,5098.765,5181.848,17.38387
2026-01-29 16:00:00+00:00,5181.825,5375.255,5171.455,5305.385,19.82034
2026-01-29 20:00:00+00:00,5305.395,5447.649,5282.335,5437.995,10.14596
2026-01-30 00:00:00+00:00,5437.995,5450.745,5111.398,5195.415,18.59553
2026-01-30 04:00:00+00:00,5195.335,5240.865,5117.205,5180.805,15.14672
2026-01-30 08:00:00+00:00,5180.805,5180.805,4940.895,5135.285,23.49236
2026-01-30 12:00:00+00:00,5135.285,5145.445,4979.725,5050.045,27.42322
2026-01-30 16:00:00+00:00,5050.035,5051.528,4679.725,4931.925,25.68957
2026-01-30 20:00:00+00:00,4931.975,4932.245,4806.428,4895.118,9.27791
2026-02-01 20:00:00+00:00,4817.598,4820.748,4694.575,4741.745,1.76572
2026-02-02 00:00:00+00:00,4741.725,4884.248,4582.798,4645.605,23.22083
2026-02-02 04:00:00+00:00,4646.125,4712.188,4401.038,4586.155,25.204244
2026-02-02 08:00:00+00:00,4586.195,4779.025,4557.905,4765.245,24.14854
2026-02-02 12:00:00+00:00,4765.345,4811.895,4616.395,4619.345,27.93869
2026-02-02 16:00:00+00:00,4619.235,4713.318,4596.125,4684.708,21.19929
2026-02-02 20:00:00+00:00,4684.708,4775.415,4643.325,4773.935,10.453121
2026-02-03 00:00:00+00:00,4773.975,4856.248,4744.808,4808.795,21.74681
2026-02-03 04:00:00+00:00,4808.665,4933.305,4800.215,4916.935,12.56434
2026-02-03 08:00:00+00:00,4916.905,4949.395,4883.445,4916.475,9.06119
2026-02-03 12:00:00+00:00,4916.991,4950.835,4891.855,4935.115,14.24118
2026-02-03 16:00:00+00:00,4935.265,4993.458,4880.295,4926.945,19.84856
2026-02-03 20:00:00+00:00,4926.925,4971.098,4901.945,4946.875,7.75304
2026-02-04 00:00:00+00:00,4946.895,5073.315,4945.725,5069.805,11.675
2026-02-04 04:00:00+00:00,5069.815,5091.115,5050.745,5084.298,7.68884
2026-02-04 08:00:00+00:00,5084.298,5091.395,5013.015,5047.255,8.97004
2026-02-04 12:00:00+00:00,5047.165,5063.155,4886.798,4919.995,15.29943
2026-02-04 16:00:00+00:00,4919.975,4957.335,4844.165,4941.535,17.8153
2026-02-04 20:00:00+00:00,4941.515,5023.405,4914.135,5011.895,5.65796
2026-02-05 00:00:00+00:00,5011.705,5020.175,4787.685,4879.905,17.87584
2026-02-05 04:00:00+00:00,4879.895,4939.925,4824.115,4915.505,13.47989
2026-02-05 08:00:00+00:00,4914.805,4943.215,4847.205,4867.845,11.61174
2026-02-05 12:00:00+00:00,4867.498,4877.905,4800.055,4817.345,20.94175
2026-02-05 16:00:00+00:00,4817.265,4906.095,4812.155,4829.135,14.42057
2026-02-05 20:00:00+00:00,4828.879,4842.985,4702.915,4703.275,6.90199
2026-02-06 00:00:00+00:00,4703.265,4846.045,4654.355,4823.995,17.524
2026-02-06 04:00:00+00:00,4823.915,4902.975,4806.895,4840.185,9.59992
2026-02-06 08:00:00+00:00,4840.185,4895.498,4828.575,4886.735,8.6777
2026-02-06 12:00:00+00:00,4886.725,4964.338,4871.555,4943.365,12.95286
2026-02-06 16:00:00+00:00,4943.455,4970.898,4921.578,4957.015,7.10195
2026-02-06 20:00:00+00:00,4957.065,4967.598,4936.385,4964.298,2.56608
2026-02-08 20:00:00+00:00,4980.098,5046.805,4962.605,5035.475,2.17988
2026-02-09 00:00:00+00:00,5035.475,5044.195,4967.835,5015.735,12.34082
2026-02-09 04:00:00+00:00,5015.885,5045.615,4994.955,5006.095,7.25096
2026-02-09 08:00:00+00:00,5006.125,5040.785,4982.125,5010.585,5.19908
2026-02-09 12:00:00+00:00,5010.615,5060.045,4994.855,5058.675,8.7953
2026-02-09 16:00:00+00:00,5058.705,5080.495,5040.635,5074.195,6.5394
2026-02-09 20:00:00+00:00,5074.275,5086.265,4985.748,5031.245,5.67782
2026-02-10 00:00:00+00:00,5031.095,5055.935,5008.155,5029.855,11.00681
2026-02-10 04:00:00+00:00,5029.655,5045.195,5010.925,5033.765,6.95814
2026-02-10 08:00:00+00:00,5033.519,5063.055,5028.605,5055.675,4.67123
2026-02-10 12:00:00+00:00,5055.695,5078.485,4998.685,5019.028,9.96322
2026-02-10 16:00:00+00:00,5019.035,5039.875,5004.558,5027.685,7.04703
2026-02-10 20:00:00+00:00,5027.705,5054.435,5020.045,5041.575,3.31629
2026-02-11 00:00:00+00:00,5041.535,5060.425,5027.755,5054.055,5.1398
2026-02-11 04:00:00+00:00,5054.025,5069.125,5043.285,5055.255,3.8834
2026-02-11 08:00:00+00:00,5054.735,5116.185,5045.365,5111.405,5.68764
2026-02-11 12:00:00+00:00,5112.065,5118.815,5017.995,5059.885,12.651887
2026-02-11 16:00:00+00:00,5059.515,5098.765,5042.745,5081.705,9.85168
2026-02-11 20:00:00+00:00,5081.695,5099.798,5051.925,5060.785,5.24398
2026-02-12 00:00:00+00:00,5060.625,5074.425,5044.368,5056.655,6.42829
2026-02-12 04:00:00+00:00,5056.605,5077.995,5046.678,5063.385,4.23492
2026-02-12 08:00:00+00:00,5063.415,5080.535,5051.895,5063.505,3.988555
2026-02-12 12:00:00+00:00,5063.558,5083.475,5039.265,5060.248,7.36186
2026-02-12 16:00:00+00:00,5060.295,5067.895,4877.255,4945.325,18.42134
2026-02-12 20:00:00+00:00,4945.425,4948.205,4886.258,4919.775,6.10867
2026-02-13 00:00:00+00:00,4919.875,4991.315,4913.505,4981.115,6.68675
2026-02-13 04:00:00+00:00,4981.095,4996.955,4944.475,4974.845,5.31825
2026-02-13 08:00:00+00:00,4974.705,4989.315,4933.495,4953.795,6.90411
2026-02-13 12:00:00+00:00,4953.355,5020.155,4951.795,4976.338,10.45148
2026-02-13 16:00:00+00:00,4976.375,5045.805,4975.298,5023.285,7.86975
2026-02-13 20:00:00+00:00,5023.595,5045.965,5021.275,5040.285,2.72762
2026-02-15 20:00:00+00:00,5035.898,5051.678,5006.628,5019.898,1.81444
2026-02-16 00:00:00+00:00,5019.655,5030.945,4967.305,4987.195,5.183828
2026-02-16 04:00:00+00:00,4987.195,5009.738,4964.868,5006.985,3.75554
2026-02-16 08:00:00+00:00,5006.985,5017.055,4995.295,5004.075,2.72087
2026-02-16 12:00:00+00:00,5004.115,5007.865,4968.665,4979.405,3.67002
2026-02-16 16:00:00+00:00,4979.365,4997.535,4972.875,4990.375,2.14761
2026-02-16 20:00:00+00:00,4994.098,5000.645,4984.445,4989.435,0.74463
2026-02-17 00:00:00+00:00,4989.465,4991.005,4922.558,4956.505,5.15961
2026-02-17 04:00:00+00:00,4956.425,4960.055,4856.648,4916.765,6.17478
2026-02-17 08:00:00+00:00,4916.885,4938.965,4907.355,4929.015,3.77249
2026-02-17 12:00:00+00:00,4928.679,4944.255,4840.095,4878.135,12.32663
2026-02-17 16:00:00+00:00,4878.165,4910.165,4849.645,4879.975,9.89848
2026-02-17 20:00:00+00:00,4879.925,4886.485,4853.775,4858.815,5.24544
2026-02-18 00:00:00+00:00,4858.855,4921.975,4857.848,4920.425,4.00994
2026-02-18 04:00:00+00:00,4920.445,4942.095,4918.015,4929.995,2.68032
2026-02-18 08:00:00+00:00,4929.945,4932.098,4906.055,4912.735,3.05712
2026-02-18 12:00:00+00:00,4912.775,5008.698,4911.765,4997.625,7.113695
2026-02-18 16:00:00+00:00,4997.765,5010.815,4972.655,4980.315,7.0108
2026-02-18 20:00:00+00:00,4980.335,4988.495,4965.255,4975.635,3.222059
2026-02-19 00:00:00+00:00,4975.615,4982.925,4960.048,4981.278,2.60475
2026-02-19 04:00:00+00:00,4981.115,5021.555,4976.655,5010.025,2.15779
2026-02-19 08:00:00+00:00,5010.005,5022.015,4977.695,4984.115,4.32462
2026-02-19 12:00:00+00:00,4984.125,5021.948,4962.638,5013.445,8.82728
2026-02-19 16:00:00+00:00,5013.398,5014.025,4975.065,4987.675,6.19741
2026-02-19 20:00:00+00:00,4987.715,5007.498,4985.135,4987.445,2.848312
2026-02-20 00:00:00+00:00,4987.508,5014.515,4981.315,4987.685,2.7644
2026-02-20 04:00:00+00:00,4988.045,5029.675,4986.365,5006.005,2.86355
2026-02-20 08:00:00+00:00,5006.035,5042.325,5004.665,5016.955,4.35293
2026-02-20 12:00:00+00:00,5017.395,5063.775,4989.025,5042.318,11.07949
2026-02-20 16:00:00+00:00,5042.318,5079.675,5038.365,5079.098,9.48756
2026-02-20 20:00:00+00:00,5079.165,5107.698,5076.555,5106.169,3.263
2026-02-22 20:00:00+00:00,5106.098,5171.565,5096.958,5165.025,2.08629
2026-02-23 00:00:00+00:00,5164.255,5176.385,5129.035,5166.415,7.248664
2026-02-23 04:00:00+00:00,5166.345,5168.585,5124.965,5136.535,4.65156
2026-02-23 08:00:00+00:00,5136.245,5163.295,5121.818,5149.475,4.04691
2026-02-23 12:00:00+00:00,5149.275,5204.875,5141.225,5195.928,8.725068
2026-02-23 16:00:00+00:00,5195.588,5218.865,5175.545,5215.298,8.57532
2026-02-23 20:00:00+00:00,5215.265,5249.575,5214.515,5235.345,4.48487
2026-02-24 00:00:00+00:00,5235.395,5237.825,5144.698,5171.765,8.46358
2026-02-24 04:00:00+00:00,5171.765,5185.545,5156.305,5179.125,4.40814
2026-02-24 08:00:00+00:00,5178.869,5181.648,5162.845,5172.545,4.40485
2026-02-24 12:00:00+00:00,5172.525,5173.255,5093.225,5150.098,11.42846
2026-02-24 16:00:00+00:00,5150.098,5170.045,5130.498,5153.705,7.97165
2026-02-24 20:00:00+00:00,5153.735,5173.075,5127.048,5146.365,3.67243
2026-02-25 00:00:00+00:00,5146.395,5193.518,5136.535,5181.648,5.38229
2026-02-25 04:00:00+00:00,5181.648,5210.335,5171.945,5184.455,4.00555
2026-02-25 08:00:00+00:00,5184.415,5197.025,5154.895,5181.315,3.86225
2026-02-25 12:00:00+00:00,5181.295,5202.355,5158.445,5194.645,8.03616
2026-02-25 16:00:00+00:00,5194.625,5217.385,5189.445,5204.745,5.88308
2026-02-25 20:00:00+00:00,5204.785,5206.098,5144.958,5162.905,4.57707
2026-02-26 00:00:00+00:00,5162.925,5198.285,5154.835,5192.455,6.41506
2026-02-26 04:00:00+00:00,5192.425,5205.215,5179.358,5185.745,4.53444
2026-02-26 08:00:00+00:00,5186.075,5190.605,5160.985,5164.405,4.20804
2026-02-26 12:00:00+00:00,5164.465,5192.535,5129.495,5185.388,10.86424
2026-02-26 16:00:00+00:00,5185.388,5193.845,5160.115,5186.765,7.42855
2026-02-26 20:00:00+00:00,5186.548,5200.865,5172.845,5184.345,4.33647
2026-02-27 00:00:00+00:00,5184.375,5199.425,5166.535,5183.675,6.74064
2026-02-27 04:00:00+00:00,5183.645,5200.075,5175.375,5175.705,5.38921
2026-02-27 08:00:00+00:00,5176.135,5185.515,5168.155,5185.495,4.37956
2026-02-27 12:00:00+00:00,5185.465,5246.248,5182.638,5239.215,12.8814
2026-02-27 16:00:00+00:00,5239.365,5257.405,5220.375,5249.698,10.7665
2026-02-27 20:00:00+00:00,5249.705,5280.878,5248.335,5277.419,4.62461
2026-03-01 20:00:00+00:00,5372.198,5392.995,5296.668,5386.545,3.170581
2026-03-02 00:00:00+00:00,5386.675,5387.645,5302.695,5366.095,11.57622
2026-03-02 04:00:00+00:00,5366.065,5418.875,5340.575,5408.105,6.27324
2026-03-02 08:00:00+00:00,5408.075,5416.455,5374.865,5385.155,6.07101
2026-03-02 12:00:00+00:00,5385.035,5416.625,5305.069,5315.505,13.86721
2026-03-02 16:00:00+00:00,5314.925,5333.795,5260.095,5330.195,10.66387
2026-03-02 20:00:00+00:00,5330.235,5346.658,5320.698,5345.695,4.59514
2026-03-03 00:00:00+00:00,5345.755,5379.755,5332.525,5367.115,7.098853
2026-03-03 04:00:00+00:00,5367.055,5375.255,5278.598,5327.435,7.18167
2026-03-03 08:00:00+00:00,5327.395,5335.735,5071.645,5144.318,13.06586
2026-03-03 12:00:00+00:00,5144.485,5226.505,4995.475,5095.098,19.322357
2026-03-03 16:00:00+00:00,5094.998,5148.645,5065.045,5112.985,14.70884
2026-03-03 20:00:00+00:00,5113.485,5130.085,5082.955,5125.035,5.91211
2026-03-04 00:00:00+00:00,5125.015,5190.675,5105.348,5173.978,9.06821
2026-03-04 04:00:00+00:00,5173.795,5180.505,5119.395,5168.025,8.98485
2026-03-04 08:00:00+00:00,5168.148,5202.048,5147.238,5191.975,6.2357
2026-03-04 12:00:00+00:00,5192.055,5205.995,5130.965,5151.005,14.16253
2026-03-04 16:00:00+00:00,5150.995,5162.138,5108.678,5137.725,11.36207
2026-03-04 20:00:00+00:00,5137.495,5165.965,5123.495,5165.025,4.20885
2026-03-05 00:00:00+00:00,5164.995,5194.615,5159.105,5179.915,5.50801
2026-03-05 04:00:00+00:00,5179.935,5186.415,5119.995,5161.845,6.31586
2026-03-05 08:00:00+00:00,5161.805,5180.165,5137.218,5163.655,6.22836
2026-03-05 12:00:00+00:00,5163.615,5171.255,5060.025,5102.225,10.9577
2026-03-05 16:00:00+00:00,5102.255,5104.475,5050.638,5065.895,12.49725
2026-03-05 20:00:00+00:00,5065.805,5101.705,5061.485,5085.885,5.03946
2026-03-06 00:00:00+00:00,5085.835,5143.665,5066.215,5130.705,5.47747
2026-03-06 04:00:00+00:00,5130.745,5136.095,5105.495,5119.435,3.931529
2026-03-06 08:00:00+00:00,5119.455,5122.765,5062.125,5076.655,5.83123
2026-03-06 12:00:00+00:00,5076.705,5171.238,5065.058,5141.615,14.13017
2026-03-06 16:00:00+00:00,5141.585,5174.355,5125.735,5159.475,9.05102
2026-03-06 20:00:00+00:00,5159.535,5175.048,5149.155,5171.798,2.48863
2026-03-08 20:00:00+00:00,5178.935,5196.698,5043.468,5075.675,6.0477
2026-03-09 00:00:00+00:00,5075.295,5102.145,5014.655,5091.115,9.72352
2026-03-09 04:00:00+00:00,5091.145,5140.365,5080.765,5098.705,6.74934
2026-03-09 08:00:00+00:00,5098.685,5132.235,5079.235,5087.795,6.91398
2026-03-09 12:00:00+00:00,5087.935,5115.795,5060.139,5099.268,12.24956
2026-03-09 16:00:00+00:00,5099.015,5143.898,5088.685,5140.785,10.89003
2026-03-09 20:00:00+00:00,5140.765,5155.825,5117.065,5139.475,3.64379
2026-03-10 00:00:00+00:00,5139.305,5186.578,5124.465,5157.375,6.99753
2026-03-10 04:00:00+00:00,5157.238,5181.306,5154.125,5180.855,5.07787
2026-03-10 08:00:00+00:00,5180.815,5194.945,5156.175,5174.975,5.49366
2026-03-10 12:00:00+00:00,5175.005,5238.365,5162.225,5228.395,9.79152
2026-03-10 16:00:00+00:00,5228.365,5235.475,5160.445,5198.648,9.40468
2026-03-10 20:00:00+00:00,5198.648,5198.898,5182.395,5197.175,1.86695
2026-03-11 00:00:00+00:00,5197.175,5223.015,5186.495,5203.145,4.23616
2026-03-11 04:00:00+00:00,5203.225,5210.485,5184.425,5195.465,3.53839
2026-03-11 08:00:00+00:00,5195.445,5198.465,5175.155,5180.985,4.48485
2026-03-11 12:00:00+00:00,5181.005,5195.958,5149.065,5166.105,13.48715
2026-03-11 16:00:00+00:00,5166.075,5183.295,5154.165,5182.965,11.10208
2026-03-11 20:00:00+00:00,5182.975,5183.345,5129.175,5134.205,3.09141
2026-03-12 00:00:00+00:00,5134.225,5174.945,5125.185,5152.648,5.37451
2026-03-12 04:00:00+00:00,5152.848,5185.085,5136.855,5181.858,3.91508
2026-03-12 08:00:00+00:00,5182.225,5191.388,5172.475,5178.835,3.90857
2026-03-12 12:00:00+00:00,5178.855,5185.965,5109.365,5132.115,10.33049
2026-03-12 16:00:00+00:00,5131.938,5137.825,5079.125,5084.595,10.30215
2026-03-12 20:00:00+00:00,5084.725,5101.015,5054.795,5097.775,2.91546
2026-03-13 00:00:00+00:00,5097.725,5128.225,5097.245,5115.435,4.27876
2026-03-13 04:00:00+00:00,5115.435,5117.755,5071.455,5085.025,5.07783
2026-03-13 08:00:00+00:00,5084.705,5107.645,5061.285,5107.605,4.91996
2026-03-13 12:00:00+00:00,5107.345,5121.645,5031.355,5034.535,10.42005
2026-03-13 16:00:00+00:00,5033.945,5063.665,5009.495,5016.078,9.23941
2026-03-13 20:00:00+00:00,5016.425,5025.048,5012.155,5018.098,1.27115
2026-03-15 20:00:00+00:00,5003.001,5029.945,4967.125,4997.255,4.3996
2026-03-16 00:00:00+00:00,4997.275,5030.555,4982.165,5018.925,8.10455
2026-03-16 04:00:00+00:00,5018.945,5035.885,4991.518,4995.395,4.96601
2026-03-16 08:00:00+00:00,4995.395,5022.485,4970.115,4996.845,6.26328
2026-03-16 12:00:00+00:00,4996.965,5037.715,4983.625,4986.875,10.32789
2026-03-16 16:00:00+00:00,4986.875,5020.095,4973.785,5012.605,8.39623
2026-03-16 20:00:00+00:00,5012.608,5021.575,4998.375,5012.645,1.96671
2026-03-17 00:00:00+00:00,5012.575,5033.445,4994.605,5027.265,4.52466
2026-03-17 04:00:00+00:00,5027.215,5044.355,5004.685,5020.955,4.6941
2026-03-17 08:00:00+00:00,5021.425,5029.375,4991.735,5003.015,4.48611
2026-03-17 12:00:00+00:00,5002.995,5031.215,4973.495,4997.705,9.19337
2026-03-17 16:00:00+00:00,4997.738,5008.845,4991.355,5000.055,7.21578
2026-03-17 20:00:00+00:00,5000.105,5006.685,4993.015,5002.695,1.39113
2026-03-18 00:00:00+00:00,5002.705,5015.675,4985.845,4990.965,4.83662
2026-03-18 04:00:00+00:00,4991.005,5016.065,4981.425,4994.209,4.35086
2026-03-18 08:00:00+00:00,4994.259,4996.139,4924.575,4930.055,25.26588
2026-03-18 12:00:00+00:00,4930.085,4932.345,4833.865,4862.185,15.81029
2026-03-18 16:00:00+00:00,4862.165,4899.085,4838.295,4842.935,9.48277
2026-03-18 20:00:00+00:00,4842.575,4848.535,4803.845,4836.505,4.96598
2026-03-19 00:00:00+00:00,4836.495,4866.995,4832.745,4850.605,5.41903
2026-03-19 04:00:00+00:00,4850.515,4853.635,4726.755,4727.635,7.72709
2026-03-19 08:00:00+00:00,4727.525,4740.145,4650.675,4651.385,13.21395
2026-03-19 12:00:00+00:00,4651.455,4653.785,4502.108,4596.155,20.30218
2026-03-19 16:00:00+00:00,4596.035,4663.215,4573.595,4643.765,15.0773
2026-03-19 20:00:00+00:00,4643.525,4676.865,4633.905,4643.325,3.79968
2026-03-20 00:00:00+00:00,4643.205,4735.835,4639.215,4725.595,7.06263
2026-03-20 04:00:00+00:00,4725.615,4727.265,4661.065,4706.005,6.28448
2026-03-20 08:00:00+00:00,4706.025,4734.645,4636.845,4671.415,7.70378
2026-03-20 12:00:00+00:00,4671.535,4695.295,4540.455,4553.055,16.50737
2026-03-20 16:00:00+00:00,4553.085,4613.575,4477.125,4501.135,18.841255
2026-03-20 20:00:00+00:00,4501.185,4514.118,4487.425,4490.055,2.25568
2026-03-22 20:00:00+00:00,4470.705,4535.815,4448.835,4464.415,4.79612
2026-03-23 00:00:00+00:00,4464.435,4472.975,4318.825,4352.665,15.29892
2026-03-23 04:00:00+00:00,4352.645,4381.625,4098.275,4203.965,16.00975
2026-03-23 08:00:00+00:00,4203.695,4463.015,4202.059,4378.795,17.23152
2026-03-23 12:00:00+00:00,4378.825,4512.665,4336.305,4363.515,20.78874
2026-03-23 16:00:00+00:00,4363.158,4466.895,4352.058,4448.785,12.84618
2026-03-23 20:00:00+00:00,4397.625,4448.005,4359.348,4440.915,5.25846
2026-03-24 00:00:00+00:00,4440.895,4446.435,4305.565,4347.045,13.20444
2026-03-24 04:00:00+00:00,4347.025,4432.785,4319.515,4416.855,12.36449
2026-03-24 08:00:00+00:00,4416.815,4441.865,4373.048,4407.345,14.82839
2026-03-24 12:00:00+00:00,4407.375,4433.085,4350.838,4411.118,33.50699
2026-03-24 16:00:00+00:00,4411.158,4427.148,4372.155,4400.085,16.73103
2026-03-24 20:00:00+00:00,4399.998,4551.118,4397.025,4546.375,8.14517
2026-03-25 00:00:00+00:00,4546.335,4602.125,4537.065,4569.738,12.76878
2026-03-25 04:00:00+00:00,4569.595,4574.385,4532.668,4539.065,9.21626
2026-03-25 08:00:00+00:00,4539.135,4585.475,4527.665,4578.665,6.84688
2026-03-25 12:00:00+00:00,4578.605,4583.385,4521.695,4558.725,12.56746
2026-03-25 16:00:00+00:00,4558.775,4568.695,4486.508,4530.835,9.59083
2026-03-25 20:00:00+00:00,4530.745,4541.755,4488.575,4497.875,4.49125
2026-03-26 00:00:00+00:00,4497.845,4544.275,4497.798,4516.425,7.52494
2026-03-26 04:00:00+00:00,4516.585,4523.985,4415.505,4452.565,7.34125
2026-03-26 08:00:00+00:00,4452.355,4459.075,4412.595,4422.795,12.23752
2026-03-26 12:00:00+00:00,4422.775,4479.515,4416.335,4437.945,16.28732
2026-03-26 16:00:00+00:00,4437.945,4442.398,4358.915,4363.765,12.97122
2026-03-26 20:00:00+00:00,4363.685,4420.305,4350.995,4404.665,5.12665
2026-03-27 00:00:00+00:00,4404.775,4445.935,4375.235,4437.265,4.98061
2026-03-27 04:00:00+00:00,4437.315,4474.915,4431.215,4447.435,4.43774
2026-03-27 08:00:00+00:00,4447.465,4450.388,4404.025,4419.745,7.14106
2026-03-27 12:00:00+00:00,4419.495,4554.965,4412.295,4523.685,17.04089
2026-03-27 16:00:00+00:00,4523.905,4533.285,4485.855,4514.115,9.81665
2026-03-27 20:00:00+00:00,4514.105,4520.295,4490.885,4492.375,0.97378
2026-03-29 20:00:00+00:00,4491.518,4514.675,4443.485,4448.495,4.325398
2026-03-30 00:00:00+00:00,4448.675,4517.445,4417.665,4495.665,9.89949
2026-03-30 04:00:00+00:00,4495.695,4550.485,4485.885,4526.965,6.29918
2026-03-30 08:00:00+00:00,4526.935,4580.465,4523.248,4559.375,6.39518
2026-03-30 12:00:00+00:00,4559.355,4578.455,4511.748,4548.135,10.80813
2026-03-30 16:00:00+00:00,4547.915,4549.405,4492.885,4513.095,8.83652
2026-03-30 20:00:00+00:00,4513.085,4523.445,4492.445,4513.325,3.40368
2026-03-31 00:00:00+00:00,4513.375,4619.195,4482.115,4556.935,9.49573
2026-03-31 04:00:00+00:00,4556.915,4581.515,4543.065,4564.205,6.765029
2026-03-31 08:00:00+00:00,4564.028,4592.955,4529.115,4582.115,7.14039
2026-03-31 12:00:00+00:00,4582.155,4630.098,4567.555,4609.165,12.379
2026-03-31 16:00:00+00:00,4609.065,4685.325,4606.795,4682.465,11.34915
2026-03-31 20:00:00+00:00,4682.685,4699.825,4661.625,4696.065,3.90963
2026-04-01 00:00:00+00:00,4695.965,4724.005,4677.648,4681.558,7.183
2026-04-01 04:00:00+00:00,4681.578,4747.565,4666.605,4712.715,7.01195
2026-04-01 08:00:00+00:00,4712.725,4762.555,4709.995,4752.135,5.70146
2026-04-01 12:00:00+00:00,4752.165,4787.936,4716.005,4786.298,10.8045
2026-04-01 16:00:00+00:00,4786.225,4793.135,4741.805,4765.735,10.75211
2026-04-01 20:00:00+00:00,4765.715,4800.185,4747.875,4783.698,3.5077
2026-04-02 00:00:00+00:00,4783.655,4798.525,4648.335,4676.185,12.59978
2026-04-02 04:00:00+00:00,4676.405,4681.445,4553.158,4642.485,8.53453
2026-04-02 08:00:00+00:00,4642.455,4648.555,4592.445,4599.875,6.54824
2026-04-02 12:00:00+00:00,4599.875,4699.635,4580.625,4660.745,16.64734
2026-04-02 16:00:00+00:00,4660.715,4681.535,4642.618,4671.695,12.02691
2026-04-02 20:00:00+00:00,4671.745,4677.605,4664.025,4675.805,0.96441
2026-04-05 20:00:00+00:00,4651.645,4664.715,4604.378,4610.078,4.8128
2026-04-06 00:00:00+00:00,4610.078,4671.435,4600.385,4640.215,7.51719
2026-04-06 04:00:00+00:00,4640.195,4688.055,4639.635,4684.485,4.40255
2026-04-06 08:00:00+00:00,4684.445,4706.255,4676.755,4677.655,4.75982
2026-04-06 12:00:00+00:00,4677.615,4697.575,4651.548,4667.678,13.43879
2026-04-06 16:00:00+00:00,4667.698,4672.208,4645.255,4655.098,8.38878
2026-04-06 20:00:00+00:00,4655.098,4667.615,4646.848,4658.555,1.91232
2026-04-07 00:00:00+00:00,4659.155,4664.265,4616.025,4649.268,7.64439
2026-04-07 04:00:00+00:00,4649.228,4663.818,4622.745,4645.795,8.4045
2026-04-07 08:00:00+00:00,4645.765,4693.955,4628.595,4659.265,11.14348
2026-04-07 12:00:00+00:00,4659.535,4670.765,4607.335,4655.098,15.362
2026-04-07 16:00:00+00:00,4655.098,4718.465,4652.158,4700.415,14.56839
2026-04-07 20:00:00+00:00,4700.475,4836.105,4696.748,4832.958,8.19907
2026-04-08 00:00:00+00:00,4832.958,4856.998,4787.965,4797.215,8.08657
2026-04-08 04:00:00+00:00,4797.295,4843.505,4789.985,4813.045,5.74382
2026-04-08 08:00:00+00:00,4813.355,4819.555,4770.885,4798.138,6.52638
2026-04-08 12:00:00+00:00,4798.085,4807.005,4731.905,4756.205,13.69405
2026-04-08 16:00:00+00:00,4756.175,4765.298,4699.235,4730.465,9.77656
2026-04-08 20:00:00+00:00,4730.298,4732.525,4704.075,4715.215,3.96867
2026-04-09 00:00:00+00:00,4715.375,4732.595,4698.085,4711.165,5.88817
2026-04-09 04:00:00+00:00,4711.185,4730.995,4703.185,4724.065,6.0605
2026-04-09 08:00:00+00:00,4724.005,4757.465,4719.428,4756.335,4.60015
2026-04-09 12:00:00+00:00,4756.615,4797.855,4734.695,4792.515,11.60547
2026-04-09 16:00:00+00:00,4792.738,4801.015,4766.675,4768.665,7.32839
2026-04-09 20:00:00+00:00,4768.855,4779.285,4756.695,4763.435,1.81601
2026-04-10 00:00:00+00:00,4763.485,4777.035,4737.715,4766.355,5.35355
2026-04-10 04:00:00+00:00,4766.325,4770.525,4741.045,4749.355,3.91916
2026-04-10 08:00:00+00:00,4749.385,4768.445,4730.205,4767.965,4.95618
2026-04-10 12:00:00+00:00,4768.115,4794.765,4755.245,4761.898,11.3674
2026-04-10 16:00:00+00:00,4761.875,4772.765,4747.105,4759.585,6.968
2026-04-10 20:00:00+00:00,4759.655,4759.785,4740.598,4746.935,1.57173
2026-04-12 20:00:00+00:00,4634.998,4690.685,4634.998,4671.155,8.30273
2026-04-13 00:00:00+00:00,4671.175,4728.035,4664.325,4717.695,5.36222
2026-04-13 04:00:00+00:00,4717.675,4739.815,4708.335,4733.435,4.69244
2026-04-13 08:00:00+00:00,4733.465,4738.495,4703.165,4706.875,4.35591
2026-04-13 12:00:00+00:00,4706.745,4744.315,4700.025,4714.225,9.98093
2026-04-13 16:00:00+00:00,4714.195,4749.725,4708.975,4740.968,7.84061
2026-04-13 20:00:00+00:00,4740.938,4765.668,4737.915,4757.365,3.03697
2026-04-14 00:00:00+00:00,4757.405,4777.075,4751.285,4767.545,5.26131
2026-04-14 04:00:00+00:00,4767.915,4796.185,4757.638,4777.025,5.09378
2026-04-14 08:00:00+00:00,4776.975,4789.825,4751.285,4774.578,4.7119
2026-04-14 12:00:00+00:00,4774.755,4817.598,4761.905,4807.795,10.95817
2026-04-14 16:00:00+00:00,4807.865,4846.098,4804.735,4844.735,7.9739
2026-04-14 20:00:00+00:00,4844.725,4850.445,4832.928,4836.935,2.62138
2026-04-15 00:00:00+00:00,4836.965,4871.165,4816.548,4823.825,6.27184
2026-04-15 04:00:00+00:00,4823.745,4830.325,4803.715,4810.955,4.66801
2026-04-15 08:00:00+00:00,4810.755,4821.298,4785.885,4812.475,5.618478
2026-04-15 12:00:00+00:00,4812.495,4830.435,4786.805,4801.445,8.16676
2026-04-15 16:00:00+00:00,4801.435,4812.295,4790.105,4795.605,6.09719
2026-04-15 20:00:00+00:00,4795.635,4826.425,4787.135,4823.205,2.01533
2026-04-16 00:00:00+00:00,4822.995,4837.455,4811.048,4823.835,4.52189
2026-04-16 04:00:00+00:00,4823.735,4838.335,4814.105,4820.715,5.07328
2026-04-16 08:00:00+00:00,4820.805,4822.395,4804.855,4822.015,4.55449
2026-04-16 12:00:00+00:00,4822.015,4823.575,4772.898,4806.835,9.39964
2026-04-16 16:00:00+00:00,4806.955,4810.098,4781.215,4793.445,6.81934
2026-04-16 20:00:00+00:00,4793.118,4797.675,4786.135,4791.505,1.68733
2026-04-17 00:00:00+00:00,4791.475,4800.985,4768.0,4792.948,4.49831
2026-04-17 04:00:00+00:00,4792.808,4805.935,4778.598,4784.295,4.03583
2026-04-17 08:00:00+00:00,4784.255,4811.555,4780.695,4798.935,3.61818
2026-04-17 12:00:00+00:00,4799.005,4889.335,4797.418,4867.145,12.86307
2026-04-17 16:00:00+00:00,4867.078,4873.098,4852.485,4854.098,7.72315
2026-04-17 20:00:00+00:00,4854.135,4854.955,4825.925,4829.115,1.995142
2026-04-19 20:00:00+00:00,4767.405,4794.635,4736.635,4754.945,4.187197
2026-04-20 00:00:00+00:00,4754.995,4814.035,4744.295,4790.645,6.26287
2026-04-20 04:00:00+00:00,4790.975,4805.605,4779.285,4789.465,5.15955
2026-04-20 08:00:00+00:00,4789.445,4810.775,4783.235,4810.395,4.436029
2026-04-20 12:00:00+00:00,4810.325,4827.348,4792.045,4799.495,10.25795
2026-04-20 16:00:00+00:00,4799.515,4821.058,4792.725,4814.135,6.5782
2026-04-20 20:00:00+00:00,4813.978,4832.845,4811.975,4821.485,2.13451
2026-04-21 00:00:00+00:00,4821.795,4830.565,4792.345,4796.945,4.87754
2026-04-21 04:00:00+00:00,4797.155,4797.675,4772.395,4785.548,6.34954
2026-04-21 08:00:00+00:00,4785.495,4797.935,4774.318,4794.415,4.72061
2026-04-21 12:00:00+00:00,4794.595,4796.895,4723.36,4741.425,11.520186
2026-04-21 16:00:00+00:00,4741.385,4746.86,4668.275,4678.875,15.34459
2026-04-21 20:00:00+00:00,4678.875,4740.345,4668.685,4737.795,4.27665
2026-04-22 00:00:00+00:00,4737.765,4764.795,4735.565,4757.965,5.21733
2026-04-22 04:00:00+00:00,4757.935,4772.165,4751.868,4760.245,4.54632
2026-04-22 08:00:00+00:00,4760.315,4762.285,4745.585,4750.115,4.48174
2026-04-22 12:00:00+00:00,4750.155,4760.825,4724.815,4727.415,10.76559
2026-04-22 16:00:00+00:00,4727.395,4749.565,4723.685,4739.985,7.89398
2026-04-22 20:00:00+00:00,4740.025,4746.245,4723.008,4727.525,1.91094
2026-04-23 00:00:00+00:00,4727.505,4753.585,4693.638,4703.705,8.98056
2026-04-23 04:00:00+00:00,4703.705,4721.035,4692.078,4719.045,6.82056
2026-04-23 08:00:00+00:00,4718.965,4724.695,4684.095,4720.515,8.40965
2026-04-23 12:00:00+00:00,4720.585,4742.985,4715.975,4720.275,13.5756
2026-04-23 16:00:00+00:00,4720.345,4736.985,4664.045,4695.915,14.34015
2026-04-23 20:00:00+00:00,4695.945,4702.195,4686.415,4695.025,2.50779
2026-04-24 00:00:00+00:00,4695.025,4710.935,4668.305,4671.975,7.34016
2026-04-24 04:00:00+00:00,4671.665,4694.995,4657.485,4694.285,6.42851
2026-04-24 08:00:00+00:00,4694.245,4717.195,4674.455,4706.685,8.60484
2026-04-24 12:00:00+00:00,4706.705,4739.995,4689.545,4726.935,14.92446
2026-04-24 16:00:00+00:00,4726.935,4730.065,4713.515,4716.265,9.21396
2026-04-24 20:00:00+00:00,4716.115,4717.245,4705.085,4707.865,1.59634
2026-04-26 20:00:00+00:00,4697.248,4703.995,4674.655,4679.825,2.5662
2026-04-27 00:00:00+00:00,4679.715,4729.315,4672.025,4723.925,6.02627
2026-04-27 04:00:00+00:00,4723.945,4729.875,4708.425,4713.235,4.97068
2026-04-27 08:00:00+00:00,4713.285,4714.575,4699.155,4704.785,4.97411
2026-04-27 12:00:00+00:00,4704.825,4712.475,4667.055,4669.805,13.22714
2026-04-27 16:00:00+00:00,4669.805,4685.935,4667.055,4680.695,7.50243
2026-04-27 20:00:00+00:00,4680.665,4694.895,4677.175,4691.705,1.4713
2026-04-28 00:00:00+00:00,4691.855,4701.015,4666.065,4670.765,5.32047
2026-04-28 04:00:00+00:00,4670.715,4670.995,4620.355,4633.035,7.49341
2026-04-28 08:00:00+00:00,4632.925,4635.285,4555.385,4562.375,9.84904
2026-04-28 12:00:00+00:00,4562.535,4599.965,4554.675,4586.215,17.30469
2026-04-28 16:00:00+00:00,4586.215,4601.245,4577.655,4595.385,10.00185
2026-04-28 20:00:00+00:00,4595.425,4599.515,4587.745,4595.365,1.75379
2026-04-29 00:00:00+00:00,4595.385,4610.195,4575.825,4595.195,7.02841
2026-04-29 04:00:00+00:00,4595.365,4607.655,4567.125,4567.645,6.52407
2026-04-29 08:00:00+00:00,4568.176,4580.555,4551.445,4561.455,9.12096
2026-04-29 12:00:00+00:00,4561.495,4568.845,4509.875,4547.445,14.30461
2026-04-29 16:00:00+00:00,4547.495,4564.715,4518.145,4546.745,13.82156
2026-04-29 20:00:00+00:00,4546.675,4561.715,4539.075,4561.345,3.95061
2026-04-30 00:00:00+00:00,4561.325,4582.178,4555.458,4555.855,7.34452
2026-04-30 04:00:00+00:00,4555.835,4605.465,4540.545,4598.295,8.57254
2026-04-30 08:00:00+00:00,4598.325,4646.705,4597.155,4630.015,12.05192
2026-04-30 12:00:00+00:00,4630.105,4645.845,4609.255,4615.045,15.24872
2026-04-30 16:00:00+00:00,4615.075,4627.275,4605.158,4616.925,9.51749
2026-04-30 20:00:00+00:00,4617.045,4635.085,4615.215,4626.395,2.50417
2026-05-01 00:00:00+00:00,4626.305,4635.695,4613.735,4626.415,3.78255
2026-05-01 04:00:00+00:00,4626.435,4628.438,4575.555,4577.885,4.49118
2026-05-01 08:00:00+00:00,4577.838,4582.225,4560.045,4578.525,5.12435
2026-05-01 12:00:00+00:00,4578.465,4660.065,4574.765,4643.055,13.73259
2026-05-01 16:00:00+00:00,4642.985,4649.795,4608.625,4610.615,9.19971
2026-05-01 20:00:00+00:00,4610.735,4616.635,4606.805,4613.558,1.07836
2026-05-03 20:00:00+00:00,4632.938,4637.355,4611.105,4613.605,1.94263
2026-05-04 00:00:00+00:00,4613.578,4618.365,4590.795,4614.835,5.37465
2026-05-04 04:00:00+00:00,4614.795,4615.275,4577.755,4578.835,5.7682
2026-05-04 08:00:00+00:00,4578.775,4584.375,4525.855,4560.215,8.86002
2026-05-04 12:00:00+00:00,4560.165,4583.005,4512.055,4521.455,14.76613
2026-05-04 16:00:00+00:00,4521.375,4531.315,4500.665,4517.585,11.980071
2026-05-04 20:00:00+00:00,4517.595,4524.535,4511.605,4518.815,1.73806
2026-05-05 00:00:00+00:00,4518.825,4546.565,4513.265,4534.385,4.25147
2026-05-05 04:00:00+00:00,4534.395,4558.055,4527.725,4545.285,5.6406
2026-05-05 08:00:00+00:00,4545.375,4564.845,4539.815,4562.755,7.10906
2026-05-05 12:00:00+00:00,4562.485,4586.415,4554.115,4568.325,11.7458
2026-05-05 16:00:00+00:00,4568.305,4568.875,4551.385,4554.485,6.66029
2026-05-05 20:00:00+00:00,4555.005,4595.425,4545.975,4593.775,3.49355
2026-05-06 00:00:00+00:00,4593.735,4651.755,4588.015,4643.455,6.86905
2026-05-06 04:00:00+00:00,4643.475,4681.715,4643.225,4681.495,6.1586
2026-05-06 08:00:00+00:00,4681.165,4722.825,4671.435,4691.748,10.66882
2026-05-06 12:00:00+00:00,4691.995,4717.205,4660.195,4687.625,15.2346
2026-05-06 16:00:00+00:00,4687.455,4700.025,4678.845,4692.245,9.67786
2026-05-06 20:00:00+00:00,4692.215,4699.625,4685.005,4698.745,2.14282
2026-05-07 00:00:00+00:00,4698.695,4721.225,4684.965,4698.835,7.14394
2026-05-07 04:00:00+00:00,4698.865,4750.375,4692.095,4743.125,7.86553
2026-05-07 08:00:00+00:00,4743.125,4753.275,4721.665,4742.605,9.71725
2026-05-07 12:00:00+00:00,4742.785,4764.595,4726.255,4729.045,15.90851
2026-05-07 16:00:00+00:00,4729.165,4729.595,4687.565,4702.745,16.49617
2026-05-07 20:00:00+00:00,4702.705,4718.915,4675.648,4704.145,3.64512
2026-05-08 00:00:00+00:00,4704.085,4732.615,4693.835,4719.455,6.57451
2026-05-08 04:00:00+00:00,4719.435,4734.355,4696.735,4707.595,7.44531
2026-05-08 08:00:00+00:00,4707.645,4727.748,4706.405,4717.585,7.7515
2026-05-08 12:00:00+00:00,4717.615,4749.245,4701.708,4706.985,14.69831
2026-05-08 16:00:00+00:00,4707.015,4728.825,4705.315,4723.765,7.53637
2026-05-08 20:00:00+00:00,4723.775,4724.125,4711.415,4712.655,1.03394
2026-05-10 20:00:00+00:00,4681.255,4700.195,4678.165,4691.465,2.60854
2026-05-11 00:00:00+00:00,4691.395,4705.245,4670.125,4678.465,8.30442
2026-05-11 04:00:00+00:00,4678.495,4680.655,4647.825,4667.595,7.11014
2026-05-11 08:00:00+00:00,4667.635,4678.575,4650.335,4674.305,7.27014
2026-05-11 12:00:00+00:00,4674.695,4748.485,4667.295,4731.945,13.9577
2026-05-11 16:00:00+00:00,4732.155,4736.058,4707.715,4733.315,7.14717
2026-05-11 20:00:00+00:00,4733.325,4769.405,4729.735,4767.215,2.32496
2026-05-12 00:00:00+00:00,4767.215,4773.335,4717.885,4719.935,7.88948
2026-05-12 04:00:00+00:00,4719.905,4730.135,4686.935,4699.615,7.68592
2026-05-12 08:00:00+00:00,4699.695,4708.985,4684.935,4706.395,8.29761
2026-05-12 12:00:00+00:00,4706.495,4711.455,4638.225,4666.025,16.52508
2026-05-12 16:00:00+00:00,4665.995,4715.518,4664.045,4715.435,10.1785
2026-05-12 20:00:00+00:00,4715.355,4723.755,4701.436,4716.695,3.55079
2026-05-13 00:00:00+00:00,4716.905,4726.618,4687.198,4695.755,7.95282
2026-05-13 04:00:00+00:00,4695.765,4715.155,4693.275,4702.565,6.84108
2026-05-13 08:00:00+00:00,4702.495,4710.295,4685.755,4697.265,7.20201
2026-05-13 12:00:00+00:00,4696.995,4701.285,4669.415,4695.365,13.66737
2026-05-13 16:00:00+00:00,4695.365,4709.635,4677.425,4688.025,8.39181
2026-05-13 20:00:00+00:00,4687.965,4701.855,4685.835,4696.415,1.77212
2026-05-14 00:00:00+00:00,4696.395,4706.865,4673.665,4674.645,9.38205
2026-05-14 04:00:00+00:00,4674.695,4718.568,4668.165,4692.995,8.86653
2026-05-14 08:00:00+00:00,4692.935,4706.445,4688.335,4694.165,7.2672
2026-05-14 12:00:00+00:00,4693.518,4709.748,4665.975,4685.585,16.80553
2026-05-14 16:00:00+00:00,4685.438,4686.638,4652.675,4653.818,9.91597
2026-05-14 20:00:00+00:00,4653.838,4665.145,4643.965,4651.975,3.84118
2026-05-15 00:00:00+00:00,4651.935,4658.125,4607.025,4615.245,12.13139
2026-05-15 04:00:00+00:00,4615.295,4621.465,4556.245,4570.685,11.46104
2026-05-15 08:00:00+00:00,4570.575,4572.485,4531.705,4551.855,12.57334
2026-05-15 12:00:00+00:00,4551.885,4566.495,4511.215,4539.755,17.3123
2026-05-15 16:00:00+00:00,4539.765,4564.325,4529.255,4545.585,10.62525
2026-05-15 20:00:00+00:00,4545.665,4546.155,4532.915,4538.898,1.23091
2026-05-17 20:00:00+00:00,4531.698,4554.575,4526.498,4536.795,3.20559
2026-05-18 00:00:00+00:00,4536.825,4547.855,4480.065,4540.985,12.93877
2026-05-18 04:00:00+00:00,4540.935,4559.575,4529.425,4546.175,10.57096
2026-05-18 08:00:00+00:00,4546.175,4566.858,4529.815,4550.455,9.46329
2026-05-18 12:00:00+00:00,4550.665,4584.015,4531.575,4543.385,17.14628
2026-05-18 16:00:00+00:00,4543.405,4564.735,4533.825,4558.305,11.4725
2026-05-18 20:00:00+00:00,4558.825,4588.825,4557.655,4581.615,2.55454
2026-05-19 00:00:00+00:00,4582.005,4589.295,4543.325,4544.985,7.93008
2026-05-19 04:00:00+00:00,4545.005,4559.115,4530.745,4556.975,8.21215
2026-05-19 08:00:00+00:00,4557.285,4559.055,4525.225,4530.535,8.69646
2026-05-19 12:00:00+00:00,4530.405,4547.025,4464.615,4508.275,16.4749
2026-05-19 16:00:00+00:00,4508.275,4512.375,4481.105,4483.275,9.34839
2026-05-19 20:00:00+00:00,4483.255,4496.095,4476.985,4489.055,2.3382
2026-05-20 00:00:00+00:00,4489.075,4508.745,4453.145,4463.355,11.94403
2026-05-20 04:00:00+00:00,4463.365,4485.765,4456.345,4478.405,9.87021
2026-05-20 08:00:00+00:00,4478.375,4500.895,4472.475,4498.975,8.5121
2026-05-20 12:00:00+00:00,4498.925,4552.585,4466.868,4528.978,15.87908
2026-05-20 16:00:00+00:00,4528.978,4549.998,4523.935,4545.535,7.24317
2026-05-20 20:00:00+00:00,4545.475,4550.315,4534.265,4546.198,3.29783
2026-05-21 00:00:00+00:00,4546.198,4570.725,4527.045,4527.985,8.17711
2026-05-21 04:00:00+00:00,4527.985,4540.405,4511.818,4519.418,7.01714
2026-05-21 08:00:00+00:00,4519.425,4542.625,4504.695,4513.905,11.4483
2026-05-21 12:00:00+00:00,4513.905,4520.995,4488.335,4511.705,17.19785
2026-05-21 16:00:00+00:00,4511.735,4559.005,4511.735,4542.925,13.83549
2026-05-21 20:00:00+00:00,4542.905,4545.755,4532.115,4535.205,1.90523
2026-05-22 00:00:00+00:00,4535.305,4540.925,4518.195,4529.255,7.04925
2026-05-22 04:00:00+00:00,4529.365,4534.065,4506.978,4521.678,7.73767
2026-05-22 08:00:00+00:00,4522.115,4536.605,4509.995,4520.485,8.09973
2026-05-22 12:00:00+00:00,4520.335,4535.935,4491.605,4519.895,14.00302
2026-05-22 16:00:00+00:00,4519.785,4527.698,4504.208,4508.018,8.67978
2026-05-22 20:00:00+00:00,4508.035,4510.345,4503.698,4508.395,0.75752
2026-05-24 20:00:00+00:00,4535.098,4579.995,4532.885,4566.735,4.87222
2026-05-25 00:00:00+00:00,4566.765,4579.285,4556.4,4559.518,6.83809
2026-05-25 04:00:00+00:00,4559.518,4566.055,4550.315,4564.525,4.66536
2026-05-25 08:00:00+00:00,4564.535,4576.865,4553.205,4569.215,3.25825
2026-05-25 12:00:00+00:00,4569.188,4574.638,4552.738,4570.715,4.77541
2026-05-25 16:00:00+00:00,4570.725,4577.845,4563.055,4569.675,1.25739
2026-05-25 20:00:00+00:00,4568.898,4580.225,4554.835,4559.425,1.76749
2026-05-26 00:00:00+00:00,4559.555,4559.895,4527.395,4542.245,7.88971
2026-05-26 04:00:00+00:00,4542.245,4543.095,4521.485,4538.095,7.59153
2026-05-26 08:00:00+00:00,4538.095,4540.375,4503.495,4507.095,8.8539
2026-05-26 12:00:00+00:00,4507.035,4531.155,4500.475,4506.225,12.33875
2026-05-26 16:00:00+00:00,4506.275,4511.138,4482.365,4508.735,6.76116
2026-05-26 20:00:00+00:00,4508.695,4537.698,4492.498,4519.335,2.87761
2026-05-27 00:00:00+00:00,4519.228,4525.645,4496.355,4496.785,5.71142
2026-05-27 04:00:00+00:00,4496.815,4517.005,4475.605,4481.825,8.914509
2026-05-27 08:00:00+00:00,4481.885,4498.645,4424.755,4428.485,8.34218
2026-05-27 12:00:00+00:00,4428.455,4466.315,4401.325,4436.405,15.4912
2026-05-27 16:00:00+00:00,4436.335,4458.135,4434.005,4450.675,6.21256
2026-05-27 20:00:00+00:00,4450.655,4465.495,4443.535,4446.975,1.97177
2026-05-28 00:00:00+00:00,4446.955,4458.355,4368.115,4374.515,11.06011
2026-05-28 04:00:00+00:00,4374.495,4395.955,4366.048,4387.255,8.59938
2026-05-28 08:00:00+00:00,4387.238,4403.765,4374.678,4387.745,5.23404
2026-05-28 12:00:00+00:00,4387.855,4484.995,4379.375,4481.938,13.02455
2026-05-28 16:00:00+00:00,4482.005,4516.318,4477.255,4497.788,9.40877
2026-05-28 20:00:00+00:00,4497.588,4500.398,4488.685,4494.735,2.7299
2026-05-29 00:00:00+00:00,4494.795,4520.445,4491.695,4501.085,7.03859
2026-05-29 04:00:00+00:00,4501.065,4526.235,4500.885,4524.565,5.56618
2026-05-29 08:00:00+00:00,4524.525,4543.025,4509.675,4538.225,5.77896
2026-05-29 12:00:00+00:00,4538.375,4594.665,4512.515,4570.745,10.73413
2026-05-29 16:00:00+00:00,4570.765,4573.095,4542.265,4544.095,3.85786
2026-05-29 20:00:00+00:00,4544.865,4548.645,4536.775,4537.498,0.48589
2026-05-31 20:00:00+00:00,4519.755,4545.485,4517.555,4539.335,2.54453
2026-06-01 00:00:00+00:00,4539.295,4545.695,4509.615,4516.145,6.22623
2026-06-01 04:00:00+00:00,4516.105,4525.055,4492.195,4502.935,5.68192
2026-06-01 08:00:00+00:00,4502.915,4512.785,4488.965,4505.635,4.8533
2026-06-01 12:00:00+00:00,4505.635,4510.325,4447.515,4474.045,10.93209
2026-06-01 16:00:00+00:00,4473.925,4495.385,4462.755,4480.955,6.25844
2026-06-01 20:00:00+00:00,4480.965,4488.065,4479.065,4484.265,1.72516
2026-06-02 00:00:00+00:00,4484.455,4499.335,4462.658,4499.115,7.15726
2026-06-02 04:00:00+00:00,4499.115,4541.385,4497.635,4534.835,5.79716
2026-06-02 08:00:00+00:00,4534.808,4538.898,4521.075,4527.425,4.31058
2026-06-02 12:00:00+00:00,4527.735,4534.035,4490.105,4501.865,8.71833
2026-06-02 16:00:00+00:00,4502.075,4502.825,4478.535,4487.885,5.48574
2026-06-02 20:00:00+00:00,4487.885,4492.855,4461.905,4474.125,2.85787
2026-06-03 00:00:00+00:00,4474.095,4496.515,4462.978,4484.215,6.25966
2026-06-03 04:00:00+00:00,4484.205,4488.035,4452.595,4453.165,5.72091
2026-06-03 08:00:00+00:00,4453.275,4467.905,4438.735,4462.125,5.89721
2026-06-03 12:00:00+00:00,4462.265,4466.965,4426.195,4441.975,9.94851
2026-06-03 16:00:00+00:00,4441.925,4451.995,4433.545,4443.655,8.6629
2026-06-03 20:00:00+00:00,4443.638,4464.475,4423.685,4457.105,3.91475
2026-06-04 00:00:00+00:00,4457.215,4476.895,4442.945,4463.575,9.79801
2026-06-04 04:00:00+00:00,4463.575,4483.845,4459.375,4461.555,6.04606
2026-06-04 08:00:00+00:00,4461.475,4514.535,4458.415,4511.185,7.02556
2026-06-04 12:00:00+00:00,4511.185,4515.175,4457.045,4477.235,11.33221
2026-06-04 16:00:00+00:00,4477.205,4485.005,4472.605,4480.715,5.49402
2026-06-04 20:00:00+00:00,4480.715,4481.515,4460.325,4461.375,2.87412
2026-06-05 00:00:00+00:00,4461.405,4469.745,4434.975,4442.185,8.95084
2026-06-05 04:00:00+00:00,4442.205,4467.195,4428.335,4460.735,7.29197
2026-06-05 08:00:00+00:00,4460.685,4475.085,4458.175,4469.995,5.73997
2026-06-05 12:00:00+00:00,4470.035,4475.645,4333.735,4335.195,14.98449
2026-06-05 16:00:00+00:00,4335.185,4347.145,4313.635,4318.505,13.54832
2026-06-05 20:00:00+00:00,4318.275,4330.585,4311.498,4326.705,1.97563
2026-06-07 20:00:00+00:00,4326.898,4346.925,4309.688,4343.755,3.96472
2026-06-08 00:00:00+00:00,4343.835,4353.085,4299.798,4316.775,10.71474
2026-06-08 04:00:00+00:00,4316.965,4321.565,4268.125,4294.345,9.33572
2026-06-08 08:00:00+00:00,4294.285,4333.145,4272.645,4331.145,8.28865
2026-06-08 12:00:00+00:00,4330.948,4346.615,4314.805,4341.565,12.8642
2026-06-08 16:00:00+00:00,4341.585,4346.205,4323.078,4326.475,9.43999
2026-06-08 20:00:00+00:00,4326.455,4332.375,4312.595,4317.615,2.12576
2026-06-09 00:00:00+00:00,4317.575,4342.065,4314.748,4336.425,7.9608
2026-06-09 04:00:00+00:00,4335.945,4351.075,4322.055,4326.415,6.66132
2026-06-09 08:00:00+00:00,4326.485,4343.705,4320.875,4339.665,5.39694
2026-06-09 12:00:00+00:00,4339.685,4363.205,4262.865,4272.015,14.85458
2026-06-09 16:00:00+00:00,4272.035,4280.855,4236.245,4258.378,22.24715
2026-06-09 20:00:00+00:00,4258.625,4261.945,4210.115,4221.805,4.44452
2026-06-10 00:00:00+00:00,4221.805,4228.105,4172.548,4184.625,10.32645
2026-06-10 04:00:00+00:00,4184.625,4221.558,4172.135,4185.885,8.25365
2026-06-10 08:00:00+00:00,4185.865,4187.235,4145.665,4147.505,10.27993
2026-06-10 12:00:00+00:00,4147.535,4186.125,4106.595,4128.715,15.6652
2026-06-10 16:00:00+00:00,4128.675,4135.115,4081.405,4082.505,12.74224
2026-06-10 20:00:00+00:00,4082.405,4082.945,4023.585,4046.855,5.53772
2026-06-11 00:00:00+00:00,4047.105,4117.895,4035.848,4072.485,12.77116
2026-06-11 04:00:00+00:00,4072.535,4110.405,4069.725,4104.775,9.09831
2026-06-11 08:00:00+00:00,4104.805,4112.485,4077.295,4080.135,6.91309
2026-06-11 12:00:00+00:00,4079.975,4095.305,4052.465,4088.585,15.49936
2026-06-11 16:00:00+00:00,4088.715,4219.845,4071.445,4208.458,14.35492
2026-06-11 20:00:00+00:00,4208.508,4246.415,4204.995,4219.625,6.84208
2026-06-12 00:00:00+00:00,4219.558,4230.205,4171.188,4196.885,9.11792
2026-06-12 04:00:00+00:00,4196.935,4200.815,4169.955,4194.295,7.51783
2026-06-12 08:00:00+00:00,4194.315,4227.725,4191.745,4206.725,7.28334
2026-06-12 12:00:00+00:00,4206.845,4235.298,4176.945,4211.675,12.65963
2026-06-12 16:00:00+00:00,4211.685,4235.148,4201.535,4210.425,11.01898
2026-06-12 20:00:00+00:00,4210.435,4218.998,4209.285,4217.765,0.90854
2026-06-14 20:00:00+00:00,4273.098,4308.255,4259.585,4293.865,3.36643
2026-06-15 00:00:00+00:00,4293.835,4335.425,4285.185,4324.625,6.49602
2026-06-15 04:00:00+00:00,4324.675,4332.655,4300.645,4323.195,5.02259
2026-06-15 08:00:00+00:00,4323.105,4347.345,4321.675,4335.095,5.30279
2026-06-15 12:00:00+00:00,4335.095,4369.485,4324.515,4356.115,9.46659
2026-06-15 16:00:00+00:00,4356.175,4358.545,4316.365,4320.525,7.38812
2026-06-15 20:00:00+00:00,4320.545,4321.855,4305.755,4315.395,1.65055
2026-06-16 00:00:00+00:00,4315.375,4332.845,4306.665,4330.275,4.62616
2026-06-16 04:00:00+00:00,4330.205,4335.465,4313.105,4334.945,5.56431
2026-06-16 08:00:00+00:00,4334.945,4349.355,4332.575,4340.755,5.15424
2026-06-16 12:00:00+00:00,4340.705,4354.905,4313.005,4335.035,10.31444
2026-06-16 16:00:00+00:00,4335.035,4346.795,4325.105,4334.105,8.6584
2026-06-16 20:00:00+00:00,4334.105,4338.245,4328.745,4330.735,1.45653
2026-06-17 00:00:00+00:00,4330.765,4349.415,4328.435,4332.055,5.11402
2026-06-17 04:00:00+00:00,4331.935,4334.105,4317.415,4325.045,4.59818
2026-06-17 08:00:00+00:00,4325.075,4335.445,4316.965,4322.975,4.94949
2026-06-17 12:00:00+00:00,4322.985,4364.665,4319.665,4363.465,9.45576
2026-06-17 16:00:00+00:00,4363.445,4382.125,4218.805,4235.585,12.95846
2026-06-17 20:00:00+00:00,4235.515,4283.795,4234.775,4277.665,4.46327
2026-06-18 00:00:00+00:00,4277.685,4329.865,4276.225,4319.515,7.63649
2026-06-18 04:00:00+00:00,4319.415,4324.855,4287.225,4288.475,6.44883
2026-06-18 08:00:00+00:00,4288.535,4292.655,4239.648,4241.875,7.95196
2026-06-18 12:00:00+00:00,4241.875,4276.515,4222.855,4226.428,11.80679
2026-06-18 16:00:00+00:00,4226.428,4233.295,4201.145,4216.505,9.18634
2026-06-18 20:00:00+00:00,4216.725,4219.335,4186.745,4188.115,2.73549
2026-06-19 00:00:00+00:00,4187.998,4197.945,4145.345,4153.555,6.07057
2026-06-19 04:00:00+00:00,4153.265,4162.895,4121.438,4157.765,7.16676
2026-06-19 08:00:00+00:00,4157.785,4178.345,4141.695,4152.385,5.24887
2026-06-19 12:00:00+00:00,4152.395,4182.825,4142.455,4150.855,6.05465
2026-06-19 16:00:00+00:00,4150.845,4157.625,4144.078,4154.335,0.73029
2026-06-21 20:00:00+00:00,4139.698,4164.525,4136.125,4139.985,3.10512
2026-06-22 00:00:00+00:00,4140.015,4220.778,4139.755,4171.265,9.22719
2026-06-22 04:00:00+00:00,4171.305,4207.205,4170.375,4190.195,6.60044
2026-06-22 08:00:00+00:00,4190.195,4215.005,4188.405,4207.225,4.68469
2026-06-22 12:00:00+00:00,4207.285,4211.605,4169.485,4182.695,10.31141
2026-06-22 16:00:00+00:00,4182.755,4193.198,4174.195,4190.355,9.10787
2026-06-22 20:00:00+00:00,4190.485,4195.095,4186.505,4187.475,1.56632
2026-06-23 00:00:00+00:00,4187.315,4198.435,4130.488,4143.925,8.52376
2026-06-23 04:00:00+00:00,4144.225,4146.795,4096.375,4098.455,8.90759
2026-06-23 08:00:00+00:00,4098.565,4133.055,4090.545,4122.965,7.48457
2026-06-23 12:00:00+00:00,4123.015,4144.795,4105.138,4138.535,13.65181
2026-06-23 16:00:00+00:00,4138.515,4143.565,4111.395,4111.435,9.96382
2026-06-23 20:00:00+00:00,4111.565,4114.835,4080.495,4099.035,4.12909
2026-06-24 00:00:00+00:00,4098.955,4111.965,4050.185,4062.455,11.50837
2026-06-24 04:00:00+00:00,4062.525,4097.335,4054.815,4074.715,6.58451
2026-06-24 08:00:00+00:00,4074.665,4087.445,4037.305,4046.495,6.01339
2026-06-24 12:00:00+00:00,4046.515,4048.665,3964.305,4002.335,16.029895
2026-06-24 16:00:00+00:00,4002.405,4022.065,3958.695,3987.755,11.4918
2026-06-24 20:00:00+00:00,3987.698,4018.385,3984.485,4012.205,3.4788
2026-06-25 00:00:00+00:00,4012.185,4016.255,3961.755,3995.215,12.6388
2026-06-25 04:00:00+00:00,3995.155,3999.735,3971.285,3987.765,8.09371
2026-06-25 08:00:00+00:00,3987.655,4001.945,3973.505,3979.895,4.84939
2026-06-25 12:00:00+00:00,3979.905,4042.388,3978.805,4040.778,15.59786
2026-06-25 16:00:00+00:00,4041.045,4043.918,4021.645,4026.525,10.70076
2026-06-25 20:00:00+00:00,4026.425,4036.225,4012.375,4014.255,3.181074
2026-06-26 00:00:00+00:00,4014.205,4029.335,3982.635,4004.065,9.20266
2026-06-26 04:00:00+00:00,4004.145,4039.795,3998.485,4030.465,7.86493
2026-06-26 08:00:00+00:00,4030.365,4055.488,4025.715,4045.665,6.4973
2026-06-26 12:00:00+00:00,4045.835,4095.795,4035.408,4090.205,13.6507
2026-06-26 16:00:00+00:00,4090.225,4093.148,4064.285,4071.415,8.40207
2026-06-26 20:00:00+00:00,4071.435,4089.798,4064.228,4087.915,4.30965
2026-06-28 20:00:00+00:00,4086.298,4086.298,4051.585,4062.585,3.22186
2026-06-29 00:00:00+00:00,4062.555,4075.515,4048.055,4068.645,9.83962
2026-06-29 04:00:00+00:00,4068.615,4068.765,4039.015,4061.495,7.19813
2026-06-29 08:00:00+00:00,4061.238,4066.555,4024.168,4039.095,5.82066
2026-06-29 12:00:00+00:00,4039.285,4052.385,3999.918,4026.755,12.08285
2026-06-29 16:00:00+00:00,4026.895,4031.848,4005.155,4015.595,8.00167
2026-06-29 20:00:00+00:00,4015.575,4022.145,4009.298,4014.645,2.10435
2026-06-30 00:00:00+00:00,4014.605,4014.945,3941.528,3969.455,10.38163
2026-06-30 04:00:00+00:00,3969.495,4034.465,3967.955,4031.828,8.3447
2026-06-30 08:00:00+00:00,4031.828,4037.278,4012.085,4033.825,7.15105
2026-06-30 12:00:00+00:00,4033.775,4063.205,4008.385,4028.985,10.11882
2026-06-30 16:00:00+00:00,4028.965,4033.595,4014.365,4015.745,5.67362
2026-06-30 20:00:00+00:00,4015.725,4020.775,4004.915,4005.485,1.67115
2026-07-01 00:00:00+00:00,4005.755,4009.475,3969.935,3980.285,7.49832
2026-07-01 04:00:00+00:00,3980.635,3982.465,3959.905,3975.765,5.7195
2026-07-01 08:00:00+00:00,3975.735,4035.215,3969.035,4030.005,5.49195
2026-07-01 12:00:00+00:00,4030.165,4115.485,4012.545,4080.805,11.18892
2026-07-01 16:00:00+00:00,4080.735,4088.115,4034.145,4038.525,6.43527
2026-07-01 20:00:00+00:00,4038.365,4044.225,4028.195,4035.005,1.81221
2026-07-02 00:00:00+00:00,4034.975,4073.965,4030.525,4069.765,8.08137
2026-07-02 04:00:00+00:00,4069.725,4079.605,4052.945,4064.355,6.75633
2026-07-02 08:00:00+00:00,4064.025,4079.695,4057.225,4064.935,5.40762
2026-07-02 12:00:00+00:00,4064.985,4143.715,4061.015,4128.255,13.8938
2026-07-02 16:00:00+00:00,4128.285,4130.085,4100.005,4121.095,9.17334
2026-07-02 20:00:00+00:00,4121.015,4131.905,4116.135,4125.955,1.63353
2026-07-03 00:00:00+00:00,4125.775,4195.365,4122.625,4175.735,7.89316
2026-07-03 04:00:00+00:00,4175.735,4182.535,4160.225,4177.385,5.52081
2026-07-03 08:00:00+00:00,4177.185,4186.525,4168.265,4180.895,4.25787
2026-07-03 12:00:00+00:00,4181.015,4183.075,4155.085,4164.545,4.94535
2026-07-03 16:00:00+00:00,4164.565,4176.055,4162.535,4175.245,0.67476
2026-07-05 20:00:00+00:00,4182.515,4201.705,4171.855,4182.915,1.62342
2026-07-06 00:00:00+00:00,4183.825,4202.905,4160.725,4164.985,8.61207
2026-07-06 04:00:00+00:00,4164.975,4166.385,4144.535,4164.295,5.59218
2026-07-06 08:00:00+00:00,4164.655,4165.845,4136.315,4155.055,3.99985
2026-07-06 12:00:00+00:00,4155.005,4158.235,4128.265,4148.105,8.90751
2026-07-06 16:00:00+00:00,4148.095,4167.325,4140.035,4163.585,5.31915
2026-07-06 20:00:00+00:00,4163.485,4168.195,4156.605,4156.975,1.09515
2026-07-07 00:00:00+00:00,4156.935,4162.455,4124.235,4130.865,6.81859
2026-07-07 04:00:00+00:00,4130.905,4140.995,4116.515,4124.545,5.92338
2026-07-07 08:00:00+00:00,4124.475,4158.005,4119.805,4156.585,5.1513
2026-07-07 12:00:00+00:00,4156.945,4180.225,4135.545,4138.795,9.76115
2026-07-07 16:00:00+00:00,4138.725,4148.085,4091.845,4113.865,7.81014
2026-07-07 20:00:00+00:00,4113.755,4115.595,4093.535,4097.985,2.3175
2026-07-08 00:00:00+00:00,4098.205,4130.915,4096.065,4123.425,9.91122
2026-07-08 04:00:00+00:00,4123.365,4133.685,4114.615,4120.755,8.6274
2026-07-08 08:00:00+00:00,4120.915,4121.065,4040.405,4061.785,11.23821
2026-07-08 12:00:00+00:00,4061.655,4086.245,4021.525,4033.815,14.05695
2026-07-08 16:00:00+00:00,4033.945,4091.245,4032.945,4079.625,10.58187
2026-07-08 20:00:00+00:00,4079.665,4083.335,4070.305,4075.925,1.89828
2026-07-09 00:00:00+00:00,4075.735,4089.775,4053.985,4063.825,7.76444
2026-07-09 04:00:00+00:00,4063.825,4110.905,4056.105,4107.675,7.2582
2026-07-09 08:00:00+00:00,4107.625,4117.515,4093.515,4108.465,5.5605
2026-07-09 12:00:00+00:00,4108.435,4135.585,4104.915,4126.655,10.02021
2026-07-09 16:00:00+00:00,4126.515,4138.175,4118.725,4122.395,6.0315
2026-07-09 20:00:00+00:00,4122.325,4127.375,4120.005,4123.115,1.05054
2026-07-10 00:00:00+00:00,4123.065,4134.555,4108.535,4119.915,6.78927
2026-07-10 04:00:00+00:00,4119.935,4120.905,4104.065,4108.795,5.33406
2026-07-10 08:00:00+00:00,4108.705,4112.485,4094.215,4102.165,4.66449
2026-07-10 12:00:00+00:00,4102.205,4117.435,4072.585,4112.785,9.1122
2026-07-10 16:00:00+00:00,4112.865,4115.365,4097.515,4108.265,4.81068
2026-07-10 20:00:00+00:00,4107.945,4120.765,4107.945,4120.555,0.5061
2026-07-12 20:00:00+00:00,4094.225,4103.265,4067.295,4084.135,1.79358
2026-07-13 00:00:00+00:00,4084.155,4090.805,4052.625,4060.155,10.14903
2026-07-13 04:00:00+00:00,4060.135,4072.965,4043.585,4064.675,7.92858
2026-07-13 08:00:00+00:00,4064.615,4080.535,4046.275,4056.285,5.98263
2026-07-13 12:00:00+00:00,4056.285,4067.355,3999.845,4015.815,9.67068
2026-07-13 16:00:00+00:00,4015.835,4017.725,3985.165,4001.705,8.7045
2026-07-13 20:00:00+00:00,4001.745,4006.195,3992.355,4000.795,1.95546
2026-07-14 00:00:00+00:00,4000.825,4018.855,3983.285,4016.555,9.54153
2026-07-14 04:00:00+00:00,4016.555,4034.005,4013.165,4020.505,6.69825
2026-07-14 08:00:00+00:00,4020.425,4031.555,4013.415,4030.945,5.9061
2026-07-14 12:00:00+00:00,4030.885,4100.785,4022.935,4065.945,9.627064
2026-07-14 16:00:00+00:00,4065.965,4066.615,4042.605,4055.555,4.72109
2026-07-14 20:00:00+00:00,4055.525,4056.235,4043.635,4052.575,1.41786
2026-07-15 00:00:00+00:00,4052.685,4061.875,4027.785,4031.135,7.00681
2026-07-15 04:00:00+00:00,4031.085,4036.515,4019.465,4024.355,6.16593
2026-07-15 08:00:00+00:00,4024.455,4039.985,4017.155,4038.085,6.35676
2026-07-15 12:00:00+00:00,4038.245,4073.775,4035.515,4046.625,12.44425
2026-07-15 16:00:00+00:00,4046.615,4080.935,4026.515,4056.825,10.49185
2026-07-15 20:00:00+00:00,4056.795,4066.755,4054.865,4057.745,1.67091
2026-07-16 00:00:00+00:00,4057.805,4061.065,4023.585,4036.025,7.53837
2026-07-16 04:00:00+00:00,4036.065,4037.765,4022.745,4030.495,7.2957
2026-07-16 08:00:00+00:00,4030.445,4042.175,4020.995,4038.285,7.27053
2026-07-16 12:00:00+00:00,4038.305,4043.065,3973.325,4006.695,14.47224
2026-07-16 16:00:00+00:00,4006.685,4007.315,3969.045,3979.655,11.94657
2026-07-16 20:00:00+00:00,3979.855,3986.365,3971.635,3985.835,2.16144
2026-07-17 00:00:00+00:00,3985.875,4008.395,3970.415,3991.095,10.1616
2026-07-17 04:00:00+00:00,3991.125,4006.905,3975.105,3992.555,8.9214
2026-07-17 08:00:00+00:00,3992.725,4002.165,3987.595,3993.815,8.61792
2026-07-17 12:00:00+00:00,3993.815,4021.235,3959.485,4018.835,13.47277
2026-07-17 16:00:00+00:00,4018.915,4023.645,4002.085,4015.105,7.82406
2026-07-17 20:00:00+00:00,4015.165,4017.935,4008.375,4013.975,0.62526
2026-07-19 20:00:00+00:00,4002.785,4007.105,3989.205,3995.165,1.35417
2026-07-20 00:00:00+00:00,3995.025,4028.845,3981.935,4023.855,9.28746
2026-07-20 04:00:00+00:00,4023.885,4026.515,4001.815,4017.025,7.16424
2026-07-20 08:00:00+00:00,4017.125,4040.435,4014.625,4025.045,7.11186
2026-07-20 12:00:00+00:00,4024.675,4024.995,3998.035,4011.625,11.40327
2026-07-20 16:00:00+00:00,4011.605,4018.115,4001.385,4006.755,8.56125
2026-07-20 20:00:00+00:00,4006.695,4010.495,3999.285,4009.745,1.98468
2026-07-21 00:00:00+00:00,4009.615,4051.215,4003.495,4046.555,8.27377
2026-07-21 04:00:00+00:00,4046.595,4083.735,4043.365,4070.975,5.42493
2026-07-21 08:00:00+00:00,4070.815,4072.255,4054.185,4055.715,4.4286
2026-07-21 12:00:00+00:00,4055.815,4083.305,4044.165,4074.025,10.96518
2026-07-21 16:00:00+00:00,4074.045,4086.775,4066.535,4084.435,6.34919
2026-07-21 20:00:00+00:00,4084.275,4086.265,4076.385,4080.375,1.25958
2026-07-22 00:00:00+00:00,4080.485,4141.465,4076.325,4130.575,8.63322
2026-07-22 04:00:00+00:00,4130.545,4135.065,4109.025,4110.465,7.43822
2026-07-22 08:00:00+00:00,4110.425,4123.005,4110.415,4122.355,6.78774
2026-07-22 12:00:00+00:00,4122.465,4165.775,4107.265,4159.115,11.23239
2026-07-22 16:00:00+00:00,4159.125,4159.335,4128.735,4131.675,8.5587
2026-07-22 20:00:00+00:00,4131.575,4137.725,4115.605,4133.095,3.04425
2026-07-23 00:00:00+00:00,4133.185,4140.895,4111.815,4124.325,8.50479
2026-07-23 04:00:00+00:00,4124.305,4130.395,4089.975,4095.325,7.31388
2026-07-23 08:00:00+00:00,4095.195,4099.315,4072.755,4085.535,7.05181
2026-07-23 12:00:00+00:00,4085.325,4085.795,4039.685,4048.525,12.81657
2026-07-23 16:00:00+00:00,4048.585,4054.465,4040.235,4049.475,8.50864
2026-07-23 20:00:00+00:00,4049.655,4050.885,4046.285,4046.765,1.64772
2026-07-24 00:00:00+00:00,4046.725,4050.795,4022.755,4029.045,7.44942
2026-07-24 04:00:00+00:00,4028.645,4053.655,4021.665,4048.205,6.01217
2026-07-24 08:00:00+00:00,4048.545,4063.745,4044.965,4057.545,4.01956
2026-07-24 12:00:00+00:00,4057.665,4081.895,4044.515,4077.175,7.43284
2026-07-24 16:00:00+00:00,4077.145,4078.035,4048.995,4053.465,4.43721
2026-07-24 20:00:00+00:00,4053.565,4055.795,4049.125,4049.125,0.34716
2026-07-26 20:00:00+00:00,4088.645,4097.195,4080.625,4093.845,0.75261
2026-07-27 00:00:00+00:00,4094.115,4116.145,4084.365,4090.645,4.13403
2026-07-27 04:00:00+00:00,4090.745,4105.865,4084.145,4088.605,3.22602
2026-07-27 08:00:00+00:00,4088.875,4103.895,4086.355,4093.695,3.33585
2026-07-27 12:00:00+00:00,4093.825,4097.435,4065.065,4078.285,8.30349
2026-07-27 16:00:00+00:00,4078.295,4093.695,4070.335,4083.075,5.09721
2026-07-27 20:00:00+00:00,4083.135,4083.805,4069.585,4073.075,0.75402
2026-07-28 00:00:00+00:00,4072.955,4073.855,4040.185,4049.135,3.61506
2026-07-28 04:00:00+00:00,4049.005,4052.315,4034.415,4047.055,2.21325
2026-07-28 08:00:00+00:00,4046.855,4055.015,4016.695,4027.825,2.21613
2026-07-28 12:00:00+00:00,4027.745,4047.025,4011.335,4045.985,5.70918
2026-07-28 16:00:00+00:00,4045.935,4046.365,4021.515,4026.225,4.24935
2026-07-28 20:00:00+00:00,4026.115,4030.295,4013.785,4024.615,0.9819
2026-07-29 00:00:00+00:00,4024.745,4037.835,4010.055,4023.285,4.68891
