timestamp,open,high,low,close
2024-01-01T23:00:00,2062.598,2066.595,2062.405,2063.615
2024-01-02T00:00:00,2063.625,2065.778,2062.275,2065.358
2024-01-02T01:00:00,2065.358,2069.825,2064.785,2066.515
2024-01-02T02:00:00,2066.515,2068.345,2063.915,2067.698
2024-01-02T03:00:00,2067.695,2070.285,2066.445,2069.528
2024-01-02T04:00:00,2069.528,2070.578,2068.775,2069.505
2024-01-02T05:00:00,2069.525,2074.745,2069.415,2074.415
2024-01-02T06:00:00,2074.465,2076.665,2072.865,2074.145
2024-01-02T07:00:00,2074.065,2076.335,2073.028,2073.048
2024-01-02T08:00:00,2073.015,2074.465,2071.745,2073.235
2024-01-02T09:00:00,2073.235,2078.825,2073.185,2076.945
2024-01-02T10:00:00,2076.965,2077.675,2073.415,2075.925
2024-01-02T11:00:00,2075.875,2076.115,2068.205,2069.145
2024-01-02T12:00:00,2069.105,2069.405,2064.995,2067.845
2024-01-02T13:00:00,2067.815,2070.965,2064.795,2066.158
2024-01-02T14:00:00,2066.225,2070.295,2062.095,2070.295
2024-01-02T15:00:00,2070.295,2070.595,2055.818,2059.265
2024-01-02T16:00:00,2059.305,2067.515,2059.075,2066.005
2024-01-02T17:00:00,2066.085,2066.865,2061.755,2062.615
2024-01-02T18:00:00,2062.645,2064.875,2060.495,2061.115
2024-01-02T19:00:00,2061.055,2062.065,2060.375,2060.825
2024-01-02T20:00:00,2060.885,2061.545,2057.915,2058.115
2024-01-02T21:00:00,2058.225,2059.118,2057.975,2058.605
2024-01-02T23:00:00,2058.018,2059.955,2058.018,2059.455
2024-01-03T00:00:00,2059.475,2062.045,2059.094,2060.105
2024-01-03T01:00:00,2060.115,2062.455,2059.475,2062.405
2024-01-03T02:00:00,2062.395,2065.085,2061.475,2064.558
2024-01-03T03:00:00,2064.558,2065.525,2063.265,2065.025
2024-01-03T04:00:00,2064.965,2065.485,2064.325,2064.775
2024-01-03T05:00:00,2064.755,2065.835,2063.405,2063.995
2024-01-03T06:00:00,2063.965,2065.325,2063.365,2064.178
2024-01-03T07:00:00,2064.164,2064.175,2060.795,2062.928
2024-01-03T08:00:00,2062.835,2064.228,2058.805,2059.908
2024-01-03T09:00:00,2059.965,2060.485,2054.235,2056.695
2024-01-03T10:00:00,2056.695,2057.048,2052.525,2054.805
2024-01-03T11:00:00,2054.795,2055.565,2046.594,2047.485
2024-01-03T12:00:00,2047.505,2048.205,2041.685,2045.595
2024-01-03T13:00:00,2045.565,2047.895,2038.645,2040.935
2024-01-03T14:00:00,2040.945,2042.225,2031.665,2037.755
2024-01-03T15:00:00,2037.755,2048.698,2031.785,2032.495
2024-01-03T16:00:00,2032.545,2035.945,2031.218,2032.345
2024-01-03T17:00:00,2032.405,2033.655,2030.515,2033.255
2024-01-03T18:00:00,2033.255,2036.215,2032.835,2035.695
2024-01-03T19:00:00,2035.678,2042.205,2030.535,2036.575
2024-01-03T20:00:00,2036.595,2042.175,2036.435,2040.878
2024-01-03T21:00:00,2040.955,2041.698,2040.215,2041.195
2024-01-03T23:00:00,2041.895,2043.835,2041.398,2042.895
2024-01-04T00:00:00,2042.865,2043.085,2041.495,2042.065
2024-01-04T01:00:00,2042.075,2043.215,2040.055,2042.165
2024-01-04T02:00:00,2042.145,2044.665,2042.145,2044.555
2024-01-04T03:00:00,2044.545,2046.808,2043.998,2044.518
2024-01-04T04:00:00,2044.498,2044.575,2042.355,2043.015
2024-01-04T05:00:00,2043.005,2044.255,2042.345,2043.695
2024-01-04T06:00:00,2043.705,2048.585,2043.585,2047.135
2024-01-04T07:00:00,2047.118,2049.445,2046.498,2047.615
2024-01-04T08:00:00,2047.615,2048.545,2045.345,2046.715
2024-01-04T09:00:00,2046.695,2050.855,2046.215,2047.915
2024-01-04T10:00:00,2047.895,2050.765,2046.565,2047.885
2024-01-04T11:00:00,2047.865,2048.335,2044.828,2045.065
2024-01-04T12:00:00,2044.995,2046.095,2043.245,2045.835
2024-01-04T13:00:00,2045.895,2047.098,2038.715,2040.145
2024-01-04T14:00:00,2040.165,2042.465,2036.155,2039.265
2024-01-04T15:00:00,2039.345,2047.625,2038.995,2045.025
2024-01-04T16:00:00,2045.075,2046.675,2044.065,2044.675
2024-01-04T17:00:00,2044.725,2044.955,2040.765,2043.175
2024-01-04T18:00:00,2043.095,2043.925,2041.445,2043.065
2024-01-04T19:00:00,2043.045,2044.795,2042.395,2044.285
2024-01-04T20:00:00,2044.265,2044.785,2042.955,2042.995
2024-01-04T21:00:00,2043.025,2044.228,2042.945,2043.124
2024-01-04T23:00:00,2043.218,2044.665,2042.725,2044.098
2024-01-05T00:00:00,2044.128,2044.605,2043.225,2044.265
2024-01-05T01:00:00,2044.275,2048.155,2043.995,2046.065
2024-01-05T02:00:00,2046.085,2047.805,2045.605,2046.095
2024-01-05T03:00:00,2046.095,2046.365,2044.685,2045.235
2024-01-05T04:00:00,2045.265,2046.255,2044.365,2044.555
2024-01-05T05:00:00,2044.515,2045.135,2043.055,2044.385
2024-01-05T06:00:00,2044.345,2045.025,2040.805,2042.358
2024-01-05T07:00:00,2042.358,2046.925,2041.975,2042.995
2024-01-05T08:00:00,2043.005,2044.238,2041.255,2042.385
2024-01-05T09:00:00,2042.305,2043.598,2038.295,2038.735
2024-01-05T10:00:00,2038.765,2040.205,2037.235,2039.955
2024-01-05T11:00:00,2039.935,2040.285,2037.035,2039.155
2024-01-05T12:00:00,2039.155,2040.935,2038.355,2040.115
2024-01-05T13:00:00,2040.135,2041.778,2024.255,2039.905
2024-01-05T14:00:00,2039.885,2049.145,2038.655,2046.585
2024-01-05T15:00:00,2046.595,2063.838,2046.544,2054.745
2024-01-05T16:00:00,2054.815,2056.155,2044.025,2044.948
2024-01-05T17:00:00,2044.925,2045.365,2040.335,2041.845
2024-01-05T18:00:00,2041.835,2048.445,2040.385,2048.058
2024-01-05T19:00:00,2048.085,2050.195,2044.865,2045.635
2024-01-05T20:00:00,2045.655,2045.695,2042.785,2043.575
2024-01-05T21:00:00,2043.645,2046.068,2043.645,2045.355
2024-01-07T23:00:00,2044.385,2045.565,2042.805,2044.195
2024-01-08T00:00:00,2044.235,2046.245,2043.695,2045.875
2024-01-08T01:00:00,2045.855,2046.525,2042.815,2043.715
2024-01-08T02:00:00,2043.715,2043.725,2041.165,2041.215
2024-01-08T03:00:00,2041.165,2041.405,2034.975,2036.015
2024-01-08T04:00:00,2036.075,2037.555,2035.575,2035.715
2024-01-08T05:00:00,2035.665,2036.045,2026.925,2030.685
2024-01-08T06:00:00,2030.685,2033.205,2030.285,2032.905
2024-01-08T07:00:00,2032.895,2033.135,2028.505,2031.355
2024-01-08T08:00:00,2031.305,2031.645,2027.145,2028.205
2024-01-08T09:00:00,2028.165,2031.685,2026.465,2028.965
2024-01-08T10:00:00,2028.965,2029.435,2026.885,2027.515
2024-01-08T11:00:00,2027.495,2027.815,2016.604,2019.958
2024-01-08T12:00:00,2019.958,2024.845,2018.865,2024.585
2024-01-08T13:00:00,2024.605,2025.425,2018.345,2018.895
2024-01-08T14:00:00,2018.905,2027.085,2018.385,2026.305
2024-01-08T15:00:00,2026.325,2034.675,2025.435,2034.115
2024-01-08T16:00:00,2034.105,2036.778,2031.335,2032.085
2024-01-08T17:00:00,2032.155,2033.015,2027.015,2027.565
2024-01-08T18:00:00,2027.535,2028.195,2026.295,2026.495
2024-01-08T19:00:00,2026.465,2029.485,2026.435,2029.285
2024-01-08T20:00:00,2029.265,2029.698,2025.978,2027.048
2024-01-08T21:00:00,2027.048,2028.628,2026.998,2027.835
2024-01-08T23:00:00,2028.045,2030.835,2027.798,2030.665
2024-01-09T00:00:00,2030.665,2034.798,2030.615,2034.208
2024-01-09T01:00:00,2034.205,2035.478,2031.115,2032.165
2024-01-09T02:00:00,2032.145,2035.775,2032.075,2034.065
2024-01-09T03:00:00,2034.215,2034.865,2032.935,2033.565
2024-01-09T04:00:00,2033.505,2034.865,2032.085,2032.795
2024-01-09T05:00:00,2032.815,2033.415,2030.245,2032.695
2024-01-09T06:00:00,2032.665,2035.095,2031.095,2033.115
2024-01-09T07:00:00,2033.095,2037.145,2032.028,2035.885
2024-01-09T08:00:00,2035.955,2038.078,2031.145,2034.145
2024-01-09T09:00:00,2034.145,2036.965,2033.025,2035.345
2024-01-09T10:00:00,2035.385,2038.428,2034.708,2035.315
2024-01-09T11:00:00,2035.325,2035.588,2033.558,2034.935
2024-01-09T12:00:00,2034.925,2036.265,2033.808,2036.255
2024-01-09T13:00:00,2036.295,2041.898,2031.535,2038.535
2024-01-09T14:00:00,2038.488,2040.015,2033.845,2034.655
2024-01-09T15:00:00,2034.575,2035.485,2028.665,2028.735
2024-01-09T16:00:00,2028.755,2031.455,2026.015,2031.075
2024-01-09T17:00:00,2031.078,2031.945,2027.005,2027.575
2024-01-09T18:00:00,2027.555,2029.545,2026.688,2029.058
2024-01-09T19:00:00,2029.065,2029.925,2027.655,2028.735
2024-01-09T20:00:00,2028.845,2031.005,2028.205,2028.315
2024-01-09T21:00:00,2028.335,2030.208,2028.305,2029.885
2024-01-09T23:00:00,2029.408,2031.125,2028.275,2030.665
2024-01-10T00:00:00,2030.674,2031.075,2029.615,2030.155
2024-01-10T01:00:00,2030.175,2032.415,2027.145,2031.705
2024-01-10T02:00:00,2031.685,2032.785,2030.255,2031.708
2024-01-10T03:00:00,2031.678,2031.905,2028.125,2028.845
2024-01-10T04:00:00,2028.835,2030.535,2028.385,2029.725
2024-01-10T05:00:00,2029.785,2030.135,2025.375,2026.575
2024-01-10T06:00:00,2026.585,2026.915,2023.795,2024.525
2024-01-10T07:00:00,2024.435,2031.595,2024.235,2030.905
2024-01-10T08:00:00,2030.925,2035.845,2030.165,2035.195
2024-01-10T09:00:00,2035.165,2036.075,2034.565,2035.635
2024-01-10T10:00:00,2035.665,2040.135,2034.485,2034.698
2024-01-10T11:00:00,2034.715,2035.215,2032.695,2033.925
2024-01-10T12:00:00,2033.905,2035.555,2031.145,2031.415
2024-01-10T13:00:00,2031.435,2033.895,2029.908,2030.185
2024-01-10T14:00:00,2030.205,2033.475,2026.345,2027.275
2024-01-10T15:00:00,2027.185,2029.685,2024.685,2027.795
2024-01-10T16:00:00,2027.835,2028.395,2024.635,2026.918
2024-01-10T17:00:00,2026.905,2027.628,2022.135,2023.945
2024-01-10T18:00:00,2023.935,2024.435,2021.215,2023.605
2024-01-10T19:00:00,2023.585,2024.438,2020.395,2023.938
2024-01-10T20:00:00,2023.875,2024.958,2021.725,2023.495
2024-01-10T21:00:00,2023.485,2024.425,2023.285,2024.105
2024-01-10T23:00:00,2023.995,2027.865,2023.128,2026.695
2024-01-11T00:00:00,2026.735,2028.325,2026.505,2027.748
2024-01-11T01:00:00,2027.748,2030.265,2026.928,2029.635
2024-01-11T02:00:00,2029.635,2031.808,2028.765,2029.575
2024-01-11T03:00:00,2029.595,2030.985,2028.645,2030.835
2024-01-11T04:00:00,2030.795,2032.185,2030.795,2031.995
2024-01-11T05:00:00,2032.095,2034.555,2030.965,2032.885
2024-01-11T06:00:00,2032.895,2035.045,2032.045,2033.945
2024-01-11T07:00:00,2033.925,2035.655,2033.575,2033.805
2024-01-11T08:00:00,2033.795,2033.925,2030.295,2030.718
2024-01-11T09:00:00,2030.708,2032.375,2030.125,2031.225
2024-01-11T10:00:00,2031.345,2032.638,2030.425,2032.005
2024-01-11T11:00:00,2031.975,2034.305,2031.315,2034.235
2024-01-11T12:00:00,2034.285,2034.935,2031.598,2032.315
2024-01-11T13:00:00,2032.325,2043.864,2024.975,2029.335
2024-01-11T14:00:00,2029.365,2034.805,2024.825,2029.598
2024-01-11T15:00:00,2029.585,2032.874,2025.085,2028.945
2024-01-11T16:00:00,2028.955,2029.505,2013.545,2016.595
2024-01-11T17:00:00,2016.675,2018.375,2013.225,2014.275
2024-01-11T18:00:00,2014.245,2016.975,2013.765,2016.975
2024-01-11T19:00:00,2016.985,2027.265,2016.985,2026.345
2024-01-11T20:00:00,2026.355,2028.475,2023.395,2027.395
2024-01-11T21:00:00,2027.415,2029.515,2027.093,2028.695
2024-01-11T23:00:00,2027.708,2035.455,2027.708,2035.125
2024-01-12T00:00:00,2035.055,2035.265,2030.148,2031.035
2024-01-12T01:00:00,2031.025,2034.665,2029.975,2033.805
2024-01-12T02:00:00,2033.865,2035.178,2033.135,2033.855
2024-01-12T03:00:00,2033.855,2035.575,2033.665,2033.865
2024-01-12T04:00:00,2033.835,2034.935,2032.698,2034.578
2024-01-12T05:00:00,2034.578,2037.115,2033.575,2035.975
2024-01-12T06:00:00,2035.995,2036.705,2034.765,2035.135
2024-01-12T07:00:00,2035.145,2039.275,2034.125,2037.405
2024-01-12T08:00:00,2037.375,2039.765,2036.945,2038.645
2024-01-12T09:00:00,2038.605,2039.995,2037.755,2038.055
2024-01-12T10:00:00,2038.075,2046.015,2037.985,2045.765
2024-01-12T11:00:00,2045.835,2047.305,2044.008,2045.315
2024-01-12T12:00:00,2045.355,2053.625,2045.355,2047.665
2024-01-12T13:00:00,2047.765,2056.555,2044.258,2056.045
2024-01-12T14:00:00,2056.025,2062.145,2053.215,2055.755
2024-01-12T15:00:00,2055.755,2060.005,2050.865,2053.595
2024-01-12T16:00:00,2053.615,2055.455,2048.185,2048.235
2024-01-12T17:00:00,2048.155,2048.505,2041.325,2043.815
2024-01-12T18:00:00,2043.855,2048.585,2042.955,2047.398
2024-01-12T19:00:00,2047.398,2049.045,2046.125,2047.225
2024-01-12T20:00:00,2047.275,2047.565,2045.965,2047.358
2024-01-12T21:00:00,2047.358,2049.138,2046.778,2048.675
2024-01-14T23:00:00,2048.498,2048.605,2046.235,2047.505
2024-01-15T00:00:00,2047.525,2048.375,2045.675,2047.775
2024-01-15T01:00:00,2047.735,2051.335,2047.405,2050.975
2024-01-15T02:00:00,2051.025,2056.335,2049.775,2056.305
2024-01-15T03:00:00,2056.295,2057.985,2055.435,2057.305
2024-01-15T04:00:00,2057.285,2057.465,2053.404,2054.235
2024-01-15T05:00:00,2054.215,2055.525,2052.878,2055.025
2024-01-15T06:00:00,2054.935,2056.915,2053.708,2055.335
2024-01-15T07:00:00,2055.375,2055.835,2052.765,2054.175
2024-01-15T08:00:00,2054.215,2058.505,2053.785,2056.545
2024-01-15T09:00:00,2056.475,2056.925,2052.855,2054.915
2024-01-15T10:00:00,2054.925,2055.045,2051.958,2052.975
2024-01-15T11:00:00,2052.985,2053.725,2051.465,2053.225
2024-01-15T12:00:00,2053.255,2053.595,2051.265,2052.655
2024-01-15T13:00:00,2052.725,2054.175,2052.045,2054.175
2024-01-15T14:00:00,2054.175,2054.315,2051.565,2052.065
2024-01-15T15:00:00,2052.025,2053.755,2049.29,2053.125
2024-01-15T16:00:00,2053.108,2054.868,2053.078,2053.965
2024-01-15T17:00:00,2053.945,2056.218,2053.478,2055.248
2024-01-15T18:00:00,2055.275,2055.315,2054.185,2054.278
2024-01-15T19:00:00,2054.278,2054.755,2053.458,2054.505
2024-01-15T23:00:00,2053.914,2055.495,2053.228,2053.895
2024-01-16T00:00:00,2054.025,2054.435,2050.685,2051.345
2024-01-16T01:00:00,2051.335,2053.238,2049.845,2050.805
2024-01-16T02:00:00,2050.785,2051.405,2049.655,2050.475
2024-01-16T03:00:00,2050.455,2051.515,2048.265,2049.435
2024-01-16T04:00:00,2049.435,2049.945,2048.858,2049.325
2024-01-16T05:00:00,2049.345,2049.435,2047.435,2048.405
2024-01-16T06:00:00,2048.405,2050.495,2047.285,2050.325
2024-01-16T07:00:00,2050.325,2050.825,2048.005,2049.315
2024-01-16T08:00:00,2049.295,2050.035,2042.025,2043.015
2024-01-16T09:00:00,2042.995,2043.825,2038.588,2041.145
2024-01-16T10:00:00,2041.125,2042.275,2039.165,2040.905
2024-01-16T11:00:00,2040.905,2041.078,2038.124,2039.785
2024-01-16T12:00:00,2039.775,2039.935,2035.535,2038.365
2024-01-16T13:00:00,2038.335,2044.915,2031.275,2037.525
2024-01-16T14:00:00,2037.475,2042.445,2036.815,2038.095
2024-01-16T15:00:00,2038.065,2041.915,2037.285,2041.035
2024-01-16T16:00:00,2041.095,2041.195,2032.425,2033.358
2024-01-16T17:00:00,2033.355,2033.715,2024.885,2025.245
2024-01-16T18:00:00,2025.225,2028.785,2024.165,2025.025
2024-01-16T19:00:00,2025.125,2030.045,2024.865,2029.205
2024-01-16T20:00:00,2029.185,2029.705,2027.765,2028.128
2024-01-16T21:00:00,2028.128,2028.448,2027.055,2028.155
2024-01-16T23:00:00,2026.898,2028.275,2025.728,2028.045
2024-01-17T00:00:00,2028.055,2028.805,2025.515,2028.405
2024-01-17T01:00:00,2028.344,2030.685,2026.635,2030.145
2024-01-17T02:00:00,2030.125,2032.815,2026.888,2028.795
2024-01-17T03:00:00,2028.835,2029.005,2023.288,2023.955
2024-01-17T04:00:00,2023.915,2025.775,2023.185,2025.355
2024-01-17T05:00:00,2025.335,2025.385,2019.198,2020.565
2024-01-17T06:00:00,2020.565,2020.675,2017.598,2019.175
2024-01-17T07:00:00,2019.165,2026.085,2017.785,2025.705
2024-01-17T08:00:00,2025.695,2026.498,2021.145,2021.365
2024-01-17T09:00:00,2021.325,2024.165,2018.915,2023.745
2024-01-17T10:00:00,2023.725,2028.265,2022.715,2026.015
2024-01-17T11:00:00,2026.045,2026.655,2023.595,2023.805
2024-01-17T12:00:00,2023.835,2028.898,2023.655,2028.255
2024-01-17T13:00:00,2028.325,2028.568,2018.845,2022.315
2024-01-17T14:00:00,2022.295,2023.045,2011.355,2012.075
2024-01-17T15:00:00,2011.995,2013.995,2006.095,2008.795
2024-01-17T16:00:00,2008.805,2011.895,2004.215,2005.365
2024-01-17T17:00:00,2005.345,2007.975,2003.335,2006.955
2024-01-17T18:00:00,2007.025,2007.145,2001.755,2004.705
2024-01-17T19:00:00,2004.705,2006.815,2004.305,2005.455
2024-01-17T20:00:00,2005.515,2006.765,2004.675,2006.015
2024-01-17T21:00:00,2006.045,2006.325,2005.205,2005.945
2024-01-17T23:00:00,2005.204,2009.805,2004.905,2009.465
2024-01-18T00:00:00,2009.505,2010.758,2008.175,2010.658
2024-01-18T01:00:00,2010.678,2012.055,2009.208,2011.535
2024-01-18T02:00:00,2011.555,2011.805,2007.425,2007.555
2024-01-18T03:00:00,2007.535,2009.035,2006.345,2007.975
2024-01-18T04:00:00,2007.955,2009.125,2007.745,2008.035
2024-01-18T05:00:00,2008.045,2009.325,2005.705,2009.125
2024-01-18T06:00:00,2009.105,2012.955,2008.785,2012.635
2024-01-18T07:00:00,2012.575,2014.045,2010.985,2012.198
2024-01-18T08:00:00,2012.218,2012.218,2009.525,2009.595
2024-01-18T09:00:00,2009.585,2012.865,2008.075,2010.085
2024-01-18T10:00:00,2010.085,2012.125,2009.115,2011.535
2024-01-18T11:00:00,2011.515,2013.405,2010.695,2012.505
2024-01-18T12:00:00,2012.525,2017.155,2012.515,2014.885
2024-01-18T13:00:00,2014.885,2014.885,2007.175,2009.005
2024-01-18T14:00:00,2009.025,2013.555,2008.985,2012.678
2024-01-18T15:00:00,2012.665,2015.575,2011.555,2013.525
2024-01-18T16:00:00,2013.515,2017.635,2012.985,2014.805
2024-01-18T17:00:00,2014.805,2016.315,2013.165,2016.295
2024-01-18T18:00:00,2016.295,2021.025,2015.425,2020.475
2024-01-18T19:00:00,2020.445,2020.525,2018.198,2019.725
2024-01-18T20:00:00,2019.725,2022.565,2019.725,2022.195
2024-01-18T21:00:00,2022.155,2023.135,2021.835,2022.835
2024-01-18T23:00:00,2023.785,2024.555,2021.095,2023.675
2024-01-19T00:00:00,2023.675,2024.185,2022.505,2023.005
2024-01-19T01:00:00,2022.995,2025.475,2021.915,2023.935
2024-01-19T02:00:00,2023.905,2024.985,2022.525,2023.975
2024-01-19T03:00:00,2023.975,2024.155,2021.895,2022.805
2024-01-19T04:00:00,2022.815,2022.835,2020.625,2020.995
2024-01-19T05:00:00,2020.975,2021.805,2020.325,2021.565
2024-01-19T06:00:00,2021.515,2024.185,2020.765,2023.708
2024-01-19T07:00:00,2023.685,2029.625,2023.515,2027.945
2024-01-19T08:00:00,2027.895,2030.115,2026.105,2029.635
2024-01-19T09:00:00,2029.625,2030.715,2027.525,2029.615
2024-01-19T10:00:00,2029.635,2030.865,2028.815,2030.295
2024-01-19T11:00:00,2030.395,2031.875,2028.668,2031.555
2024-01-19T12:00:00,2031.605,2035.055,2031.585,2032.735
2024-01-19T13:00:00,2032.725,2039.278,2032.525,2035.135
2024-01-19T14:00:00,2035.135,2035.615,2026.325,2029.495
2024-01-19T15:00:00,2029.825,2032.104,2023.035,2027.645
2024-01-19T16:00:00,2027.645,2029.425,2023.175,2024.745
2024-01-19T17:00:00,2024.765,2028.985,2024.265,2028.955
2024-01-19T18:00:00,2028.968,2029.308,2026.365,2027.785
2024-01-19T19:00:00,2027.845,2029.365,2027.485,2029.075
2024-01-19T20:00:00,2029.075,2029.475,2027.655,2028.295
2024-01-19T21:00:00,2028.225,2029.815,2028.058,2029.375
2024-01-21T23:00:00,2029.715,2029.715,2026.848,2027.535
2024-01-22T00:00:00,2027.505,2029.145,2025.385,2028.925
2024-01-22T01:00:00,2028.945,2032.005,2028.605,2029.035
2024-01-22T02:00:00,2029.035,2029.965,2028.265,2029.725
2024-01-22T03:00:00,2029.705,2029.725,2025.915,2026.895
2024-01-22T04:00:00,2026.945,2027.065,2024.565,2025.405
2024-01-22T05:00:00,2025.335,2025.425,2021.765,2023.115
2024-01-22T06:00:00,2023.115,2024.405,2019.935,2020.815
2024-01-22T07:00:00,2020.805,2024.255,2018.985,2021.695
2024-01-22T08:00:00,2021.645,2026.165,2020.335,2022.155
2024-01-22T09:00:00,2022.155,2023.855,2020.495,2021.605
2024-01-22T10:00:00,2021.545,2024.465,2020.995,2022.715
2024-01-22T11:00:00,2022.715,2026.458,2022.045,2026.078
2024-01-22T12:00:00,2026.038,2030.028,2025.135,2029.558
2024-01-22T13:00:00,2029.555,2029.588,2021.155,2023.035
2024-01-22T14:00:00,2023.035,2023.898,2016.448,2022.615
2024-01-22T15:00:00,2022.605,2026.438,2020.605,2023.994
2024-01-22T16:00:00,2024.005,2024.105,2021.415,2023.535
2024-01-22T17:00:00,2023.505,2024.438,2021.238,2021.418
2024-01-22T18:00:00,2021.405,2021.825,2019.705,2021.235
2024-01-22T19:00:00,2021.255,2021.535,2019.055,2020.955
2024-01-22T20:00:00,2020.955,2020.955,2019.125,2020.745
2024-01-22T21:00:00,2020.725,2021.728,2020.135,2021.105
2024-01-22T23:00:00,2021.038,2021.855,2020.385,2020.635
2024-01-23T00:00:00,2020.695,2023.025,2020.695,2022.665
2024-01-23T01:00:00,2022.665,2022.815,2019.515,2021.575
2024-01-23T02:00:00,2021.575,2024.095,2020.648,2022.535
2024-01-23T03:00:00,2022.595,2027.855,2021.635,2027.395
2024-01-23T04:00:00,2027.325,2027.818,2026.645,2027.508
2024-01-23T05:00:00,2027.494,2031.615,2027.165,2030.725
2024-01-23T06:00:00,2030.745,2035.825,2028.998,2035.035
2024-01-23T07:00:00,2035.035,2037.808,2027.605,2031.565
2024-01-23T08:00:00,2031.635,2031.655,2027.635,2028.875
2024-01-23T09:00:00,2028.875,2030.405,2027.015,2028.685
2024-01-23T10:00:00,2028.655,2028.655,2024.655,2025.015
2024-01-23T11:00:00,2025.015,2026.085,2022.298,2023.875
2024-01-23T12:00:00,2023.875,2026.885,2023.155,2025.578
2024-01-23T13:00:00,2025.578,2030.265,2023.235,2024.885
2024-01-23T14:00:00,2024.855,2026.025,2021.325,2022.978
2024-01-23T15:00:00,2023.004,2026.655,2022.755,2025.045
2024-01-23T16:00:00,2025.085,2027.655,2023.225,2025.635
2024-01-23T17:00:00,2025.638,2025.975,2022.565,2024.195
2024-01-23T18:00:00,2024.215,2025.715,2022.925,2025.225
2024-01-23T19:00:00,2025.235,2030.558,2024.745,2029.755
2024-01-23T20:00:00,2029.765,2030.178,2028.035,2028.575
2024-01-23T21:00:00,2028.555,2029.208,2027.785,2029.015
2024-01-23T23:00:00,2028.278,2029.555,2027.235,2029.255
2024-01-24T00:00:00,2029.255,2029.255,2026.915,2027.345
2024-01-24T01:00:00,2027.325,2028.925,2026.355,2027.175
2024-01-24T02:00:00,2027.195,2027.485,2023.865,2024.105
2024-01-24T03:00:00,2024.095,2025.625,2023.628,2024.685
2024-01-24T04:00:00,2024.675,2025.645,2023.975,2024.405
2024-01-24T05:00:00,2024.395,2025.578,2022.725,2024.378
2024-01-24T06:00:00,2024.364,2027.855,2023.565,2025.945
2024-01-24T07:00:00,2025.905,2031.495,2025.685,2029.465
2024-01-24T08:00:00,2029.485,2032.175,2028.105,2030.795
2024-01-24T09:00:00,2030.775,2034.065,2029.795,2030.765
2024-01-24T10:00:00,2030.735,2032.925,2029.165,2032.665
2024-01-24T11:00:00,2032.775,2034.185,2030.765,2033.305
2024-01-24T12:00:00,2033.305,2034.298,2031.518,2032.635
2024-01-24T13:00:00,2032.635,2036.575,2031.118,2033.865
2024-01-24T14:00:00,2033.865,2034.625,2023.048,2024.615
2024-01-24T15:00:00,2024.565,2025.285,2014.815,2015.145
2024-01-24T16:00:00,2015.215,2016.135,2011.825,2015.195
2024-01-24T17:00:00,2015.215,2019.715,2015.205,2019.175
2024-01-24T18:00:00,2019.185,2019.678,2013.345,2014.995
2024-01-24T19:00:00,2014.995,2015.235,2011.105,2012.115
2024-01-24T20:00:00,2012.115,2013.725,2011.675,2012.195
2024-01-24T21:00:00,2012.205,2014.485,2011.955,2014.214
2024-01-24T23:00:00,2013.765,2017.565,2013.185,2016.265
2024-01-25T00:00:00,2016.305,2016.635,2014.785,2015.385
2024-01-25T01:00:00,2015.375,2017.175,2014.435,2016.278
2024-01-25T02:00:00,2016.278,2016.915,2014.535,2015.165
2024-01-25T03:00:00,2015.175,2016.765,2015.015,2015.725
2024-01-25T04:00:00,2015.725,2016.325,2014.755,2015.665
2024-01-25T05:00:00,2015.665,2016.475,2014.698,2015.505
2024-01-25T06:00:00,2015.505,2016.485,2014.325,2015.735
2024-01-25T07:00:00,2015.665,2018.225,2013.515,2015.648
2024-01-25T08:00:00,2015.625,2015.858,2012.555,2013.745
2024-01-25T09:00:00,2013.745,2017.815,2012.715,2017.795
2024-01-25T10:00:00,2017.795,2019.375,2017.055,2019.105
2024-01-25T11:00:00,2019.105,2019.445,2016.415,2017.425
2024-01-25T12:00:00,2017.455,2017.555,2013.255,2013.665
2024-01-25T13:00:00,2013.665,2022.915,2009.455,2019.275
2024-01-25T14:00:00,2019.245,2025.175,2018.245,2023.395
2024-01-25T15:00:00,2023.395,2024.635,2016.685,2020.158
2024-01-25T16:00:00,2020.145,2021.505,2013.715,2014.455
2024-01-25T17:00:00,2014.475,2016.485,2012.415,2014.895
2024-01-25T18:00:00,2014.895,2018.478,2013.875,2014.145
2024-01-25T19:00:00,2014.024,2018.295,2013.355,2017.648
2024-01-25T20:00:00,2017.648,2020.225,2016.845,2020.035
2024-01-25T21:00:00,2020.035,2020.855,2018.855,2020.505
2024-01-25T23:00:00,2019.854,2021.811,2018.275,2020.565
2024-01-26T00:00:00,2020.625,2021.698,2019.245,2021.105
2024-01-26T01:00:00,2021.105,2024.125,2020.945,2021.845
2024-01-26T02:00:00,2021.825,2023.835,2021.615,2021.865
2024-01-26T03:00:00,2021.875,2022.865,2021.285,2021.755
2024-01-26T04:00:00,2021.705,2022.325,2020.995,2021.115
2024-01-26T05:00:00,2021.075,2023.395,2020.955,2023.005
2024-01-26T06:00:00,2022.985,2023.345,2021.485,2021.505
2024-01-26T07:00:00,2021.495,2022.795,2019.735,2021.285
2024-01-26T08:00:00,2021.225,2022.035,2020.145,2020.385
2024-01-26T09:00:00,2020.415,2022.335,2018.105,2020.665
2024-01-26T10:00:00,2020.665,2023.765,2020.665,2023.405
2024-01-26T11:00:00,2023.385,2024.545,2022.285,2023.295
2024-01-26T12:00:00,2023.305,2024.355,2020.055,2021.175
2024-01-26T13:00:00,2021.175,2026.715,2018.645,2024.515
2024-01-26T14:00:00,2024.515,2025.995,2018.985,2020.085
2024-01-26T15:00:00,2020.085,2020.085,2016.055,2016.908
2024-01-26T16:00:00,2016.918,2019.278,2015.845,2018.095
2024-01-26T17:00:00,2018.055,2018.765,2016.325,2016.565
2024-01-26T18:00:00,2016.484,2018.098,2015.955,2017.208
2024-01-26T19:00:00,2017.178,2017.865,2016.045,2016.925
2024-01-26T20:00:00,2016.955,2019.205,2016.365,2018.465
2024-01-26T21:00:00,2018.405,2019.055,2017.875,2017.915
2024-01-28T23:00:00,2024.215,2028.384,2021.185,2021.775
2024-01-29T00:00:00,2021.855,2021.985,2019.195,2021.535
2024-01-29T01:00:00,2021.445,2025.405,2021.015,2023.115
2024-01-29T02:00:00,2023.185,2025.405,2021.455,2025.355
2024-01-29T03:00:00,2025.385,2026.265,2024.095,2025.555
2024-01-29T04:00:00,2025.555,2027.445,2025.375,2026.185
2024-01-29T05:00:00,2026.205,2026.765,2024.625,2025.435
2024-01-29T06:00:00,2025.425,2028.935,2024.735,2028.765
2024-01-29T07:00:00,2028.745,2033.795,2028.595,2031.275
2024-01-29T08:00:00,2031.225,2033.525,2030.875,2031.505
2024-01-29T09:00:00,2031.525,2031.865,2027.755,2028.245
2024-01-29T10:00:00,2028.215,2028.485,2025.445,2027.385
2024-01-29T11:00:00,2027.395,2028.295,2025.358,2028.085
2024-01-29T12:00:00,2028.075,2030.215,2028.065,2028.335
2024-01-29T13:00:00,2028.445,2037.465,2027.635,2036.745
2024-01-29T14:00:00,2036.725,2037.125,2021.525,2024.645
2024-01-29T15:00:00,2024.595,2026.125,2020.485,2025.365
2024-01-29T16:00:00,2025.345,2027.825,2023.975,2027.005
2024-01-29T17:00:00,2027.025,2030.995,2026.485,2029.255
2024-01-29T18:00:00,2029.235,2029.635,2025.045,2025.735
2024-01-29T19:00:00,2025.735,2027.905,2025.115,2026.865
2024-01-29T20:00:00,2026.895,2035.145,2026.808,2032.608
2024-01-29T21:00:00,2032.485,2033.168,2030.845,2032.955
2024-01-29T23:00:00,2032.855,2033.248,2029.055,2031.035
2024-01-30T00:00:00,2031.045,2034.025,2030.835,2033.525
2024-01-30T01:00:00,2033.515,2033.905,2030.435,2031.025
2024-01-30T02:00:00,2030.865,2032.415,2029.745,2031.895
2024-01-30T03:00:00,2031.885,2032.485,2031.375,2032.025
2024-01-30T04:00:00,2032.025,2032.945,2031.145,2031.705
2024-01-30T05:00:00,2031.595,2033.265,2031.485,2032.085
2024-01-30T06:00:00,2032.105,2035.905,2032.015,2034.435
2024-01-30T07:00:00,2034.425,2040.285,2033.975,2037.815
2024-01-30T08:00:00,2037.795,2039.328,2036.888,2038.215
2024-01-30T09:00:00,2038.265,2038.555,2034.905,2035.555
2024-01-30T10:00:00,2035.545,2037.245,2034.965,2035.505
2024-01-30T11:00:00,2035.445,2036.025,2031.298,2034.275
2024-01-30T12:00:00,2034.265,2036.265,2033.535,2035.875
2024-01-30T13:00:00,2035.895,2037.805,2033.145,2037.648
2024-01-30T14:00:00,2037.655,2048.448,2037.205,2046.508
2024-01-30T15:00:00,2046.435,2048.115,2028.935,2032.465
2024-01-30T16:00:00,2032.515,2035.995,2031.628,2035.805
2024-01-30T17:00:00,2035.805,2036.055,2032.985,2033.895
2024-01-30T18:00:00,2033.895,2033.895,2031.345,2032.665
2024-01-30T19:00:00,2032.665,2036.918,2032.245,2035.995
2024-01-30T20:00:00,2035.965,2036.568,2035.185,2035.878
2024-01-30T21:00:00,2035.835,2036.848,2035.735,2036.495
2024-01-30T23:00:00,2036.955,2037.175,2035.545,2036.335
2024-01-31T00:00:00,2036.365,2038.528,2035.685,2035.985
2024-01-31T01:00:00,2035.945,2037.105,2034.445,2034.565
2024-01-31T02:00:00,2034.555,2034.785,2032.735,2033.545
2024-01-31T03:00:00,2033.495,2034.085,2032.925,2033.785
2024-01-31T04:00:00,2033.765,2034.735,2033.115,2034.475
2024-01-31T05:00:00,2034.465,2035.095,2033.165,2035.005
2024-01-31T06:00:00,2035.005,2035.745,2033.478,2034.235
2024-01-31T07:00:00,2034.215,2038.535,2033.855,2036.535
2024-01-31T08:00:00,2036.525,2040.305,2036.055,2038.955
2024-01-31T09:00:00,2038.915,2039.675,2037.778,2038.085
2024-01-31T10:00:00,2038.145,2038.418,2036.425,2036.855
2024-01-31T11:00:00,2036.865,2038.795,2036.815,2037.195
2024-01-31T12:00:00,2037.235,2039.505,2036.975,2038.358
2024-01-31T13:00:00,2038.358,2043.155,2035.955,2041.875
2024-01-31T14:00:00,2041.845,2055.165,2040.635,2051.455
2024-01-31T15:00:00,2051.445,2055.878,2050.318,2052.185
2024-01-31T16:00:00,2052.175,2053.575,2047.365,2049.895
2024-01-31T17:00:00,2049.835,2050.975,2049.205,2049.545
2024-01-31T18:00:00,2049.495,2049.708,2045.665,2046.245
2024-01-31T19:00:00,2046.245,2050.765,2039.075,2044.605
2024-01-31T20:00:00,2044.625,2045.845,2031.0,2034.785
2024-01-31T21:00:00,2034.755,2040.045,2033.265,2039.105
2024-01-31T23:00:00,2039.625,2041.205,2038.175,2039.825
2024-02-01T00:00:00,2039.855,2042.575,2039.045,2040.645
2024-02-01T01:00:00,2040.645,2041.845,2039.908,2041.295
2024-02-01T02:00:00,2041.255,2049.475,2041.155,2046.895
2024-02-01T03:00:00,2046.905,2048.415,2045.448,2046.144
2024-02-01T04:00:00,2046.144,2046.505,2044.835,2045.634
2024-02-01T05:00:00,2045.605,2046.215,2044.245,2044.455
2024-02-01T06:00:00,2044.435,2044.865,2042.265,2043.505
2024-02-01T07:00:00,2043.485,2044.125,2041.055,2042.775
2024-02-01T08:00:00,2042.745,2042.745,2038.885,2041.875
2024-02-01T09:00:00,2041.845,2042.735,2040.205,2041.005
2024-02-01T10:00:00,2041.025,2041.125,2031.0,2031.785
2024-02-01T11:00:00,2031.795,2034.395,2029.905,2033.355
2024-02-01T12:00:00,2033.355,2034.425,2030.035,2034.165
2024-02-01T13:00:00,2034.135,2042.018,2030.745,2039.975
2024-02-01T14:00:00,2039.985,2050.715,2039.925,2045.885
2024-02-01T15:00:00,2045.815,2052.905,2038.755,2051.875
2024-02-01T16:00:00,2051.875,2065.348,2051.685,2059.245
2024-02-01T17:00:00,2059.265,2062.345,2051.158,2054.345
2024-02-01T18:00:00,2054.365,2058.615,2052.055,2055.605
2024-02-01T19:00:00,2055.598,2058.025,2053.995,2054.608
2024-02-01T20:00:00,2054.648,2055.625,2053.385,2055.495
2024-02-01T21:00:00,2055.405,2055.405,2053.765,2054.545
2024-02-01T23:00:00,2053.788,2056.145,2053.788,2054.745
2024-02-02T00:00:00,2054.725,2056.845,2054.455,2054.905
2024-02-02T01:00:00,2054.935,2055.935,2052.778,2054.638
2024-02-02T02:00:00,2054.585,2055.365,2051.775,2053.695
2024-02-02T03:00:00,2053.685,2054.854,2053.475,2054.545
2024-02-02T04:00:00,2054.545,2055.825,2053.938,2054.965
2024-02-02T05:00:00,2054.945,2056.394,2054.288,2055.384
2024-02-02T06:00:00,2055.395,2056.748,2053.998,2055.298
2024-02-02T07:00:00,2055.294,2056.855,2054.655,2054.965
2024-02-02T08:00:00,2054.955,2056.715,2053.595,2053.945
2024-02-02T09:00:00,2053.905,2054.885,2052.595,2052.945
2024-02-02T10:00:00,2052.935,2055.565,2052.845,2054.605
2024-02-02T11:00:00,2054.605,2056.045,2053.625,2055.948
2024-02-02T12:00:00,2055.935,2056.265,2053.705,2055.115
2024-02-02T13:00:00,2055.185,2057.545,2029.535,2031.645
2024-02-02T14:00:00,2031.595,2035.955,2027.635,2035.225
2024-02-02T15:00:00,2035.185,2035.505,2028.398,2034.915
2024-02-02T16:00:00,2034.935,2037.415,2032.988,2036.165
2024-02-02T17:00:00,2036.215,2036.935,2033.838,2035.165
2024-02-02T18:00:00,2035.095,2038.665,2034.345,2037.295
2024-02-02T19:00:00,2037.325,2038.525,2036.345,2038.085
2024-02-02T20:00:00,2038.125,2038.335,2035.905,2035.945
2024-02-02T21:00:00,2036.005,2039.735,2036.005,2039.275
2024-02-04T23:00:00,2040.054,2042.034,2038.854,2039.115
2024-02-05T00:00:00,2039.155,2039.745,2033.545,2035.575
2024-02-05T01:00:00,2035.535,2038.135,2034.345,2037.935
2024-02-05T02:00:00,2037.885,2038.645,2032.835,2033.365
2024-02-05T03:00:00,2033.355,2034.415,2030.108,2032.195
2024-02-05T04:00:00,2032.165,2033.285,2031.505,2031.825
2024-02-05T05:00:00,2031.785,2031.965,2028.884,2029.675
2024-02-05T06:00:00,2029.685,2031.145,2026.735,2030.765
2024-02-05T07:00:00,2030.775,2031.415,2026.654,2027.465
2024-02-05T08:00:00,2027.495,2027.585,2021.385,2023.365
2024-02-05T09:00:00,2023.355,2024.125,2020.555,2022.595
2024-02-05T10:00:00,2022.595,2025.175,2022.205,2024.365
2024-02-05T11:00:00,2024.355,2028.258,2024.025,2027.565
2024-02-05T12:00:00,2027.575,2027.995,2022.558,2022.558
2024-02-05T13:00:00,2022.505,2022.605,2014.855,2015.875
2024-02-05T14:00:00,2015.875,2023.558,2014.835,2023.434
2024-02-05T15:00:00,2023.495,2023.495,2015.425,2017.675
2024-02-05T16:00:00,2017.815,2022.415,2017.665,2022.088
2024-02-05T17:00:00,2022.065,2026.295,2021.245,2025.525
2024-02-05T18:00:00,2025.545,2026.975,2025.318,2025.835
2024-02-05T19:00:00,2025.935,2027.465,2025.045,2025.885
2024-02-05T20:00:00,2025.835,2026.258,2023.875,2024.895
2024-02-05T21:00:00,2024.895,2025.098,2024.015,2025.005
2024-02-05T23:00:00,2024.288,2025.298,2023.665,2025.005
2024-02-06T00:00:00,2025.005,2027.555,2024.935,2026.744
2024-02-06T01:00:00,2026.735,2028.505,2026.305,2027.058
2024-02-06T02:00:00,2027.038,2027.228,2024.845,2025.925
2024-02-06T03:00:00,2025.935,2026.345,2023.395,2023.825
2024-02-06T04:00:00,2023.845,2026.315,2023.505,2026.245
2024-02-06T05:00:00,2026.285,2029.715,2025.698,2029.415
2024-02-06T06:00:00,2029.405,2029.555,2026.095,2026.514
2024-02-06T07:00:00,2026.514,2028.838,2026.115,2026.245
2024-02-06T08:00:00,2026.265,2026.595,2023.285,2023.735
2024-02-06T09:00:00,2023.705,2025.325,2022.795,2023.428
2024-02-06T10:00:00,2023.425,2026.215,2023.275,2023.798
2024-02-06T11:00:00,2023.785,2027.415,2022.845,2026.665
2024-02-06T12:00:00,2026.635,2027.828,2024.405,2027.685
2024-02-06T13:00:00,2027.635,2030.825,2026.175,2029.135
2024-02-06T14:00:00,2029.065,2032.935,2026.835,2030.535
2024-02-06T15:00:00,2030.525,2038.035,2029.485,2036.205
2024-02-06T16:00:00,2036.218,2038.785,2035.078,2036.498
2024-02-06T17:00:00,2036.495,2038.295,2032.005,2036.955
2024-02-06T18:00:00,2036.878,2038.035,2033.695,2036.495
2024-02-06T19:00:00,2036.575,2036.805,2034.905,2035.935
2024-02-06T20:00:00,2035.985,2036.875,2035.105,2035.655
2024-02-06T21:00:00,2035.635,2036.035,2034.945,2035.365
2024-02-06T23:00:00,2035.218,2036.078,2034.445,2035.175
2024-02-07T00:00:00,2035.135,2036.055,2034.325,2034.995
2024-02-07T01:00:00,2034.995,2035.755,2034.155,2034.955
2024-02-07T02:00:00,2034.955,2035.515,2033.975,2034.365
2024-02-07T03:00:00,2034.335,2035.345,2033.965,2034.305
2024-02-07T04:00:00,2034.305,2035.365,2034.015,2035.145
2024-02-07T05:00:00,2035.125,2035.395,2033.158,2033.278
2024-02-07T06:00:00,2033.278,2034.215,2032.298,2033.395
2024-02-07T07:00:00,2033.385,2036.085,2033.155,2035.105
2024-02-07T08:00:00,2035.115,2035.205,2031.138,2032.805
2024-02-07T09:00:00,2032.845,2034.895,2032.315,2034.275
2024-02-07T10:00:00,2034.255,2034.295,2032.595,2033.115
2024-02-07T11:00:00,2033.065,2035.705,2032.638,2034.035
2024-02-07T12:00:00,2034.035,2034.185,2030.505,2033.385
2024-02-07T13:00:00,2033.475,2036.498,2032.265,2036.008
2024-02-07T14:00:00,2036.005,2044.465,2032.575,2042.365
2024-02-07T15:00:00,2042.445,2043.145,2035.315,2038.235
2024-02-07T16:00:00,2038.215,2040.835,2037.505,2038.325
2024-02-07T17:00:00,2038.255,2038.365,2034.0,2035.525
2024-02-07T18:00:00,2035.555,2037.195,2034.0,2034.735
2024-02-07T19:00:00,2034.735,2035.715,2034.115,2035.495
2024-02-07T20:00:00,2035.495,2035.755,2034.335,2034.638
2024-02-07T21:00:00,2034.635,2035.025,2033.605,2034.805
2024-02-07T23:00:00,2034.508,2036.495,2034.508,2036.395
2024-02-08T00:00:00,2036.395,2037.665,2036.265,2037.205
2024-02-08T01:00:00,2037.255,2038.055,2036.605,2037.144
2024-02-08T02:00:00,2037.134,2038.635,2035.714,2036.055
2024-02-08T03:00:00,2036.125,2036.485,2031.675,2032.745
2024-02-08T04:00:00,2032.725,2033.975,2031.605,2032.125
2024-02-08T05:00:00,2032.045,2033.695,2031.014,2033.445
2024-02-08T06:00:00,2033.455,2034.155,2032.245,2033.205
2024-02-08T07:00:00,2033.175,2035.045,2031.515,2032.785
2024-02-08T08:00:00,2032.795,2033.208,2028.835,2030.735
2024-02-08T09:00:00,2030.725,2035.885,2029.715,2035.225
2024-02-08T10:00:00,2035.245,2038.355,2034.655,2035.995
2024-02-08T11:00:00,2036.025,2036.185,2027.785,2028.945
2024-02-08T12:00:00,2028.975,2029.025,2023.555,2024.865
2024-02-08T13:00:00,2024.945,2026.345,2020.825,2021.005
2024-02-08T14:00:00,2021.005,2033.935,2020.095,2028.205
2024-02-08T15:00:00,2028.228,2033.125,2027.518,2031.828
2024-02-08T16:00:00,2031.795,2032.148,2027.578,2031.835
2024-02-08T17:00:00,2031.845,2033.055,2030.245,2031.615
2024-02-08T18:00:00,2031.595,2035.175,2031.025,2031.995
2024-02-08T19:00:00,2032.025,2033.435,2031.315,2032.515
2024-02-08T20:00:00,2032.515,2033.665,2032.485,2032.885
2024-02-08T21:00:00,2032.915,2034.468,2032.915,2033.785
2024-02-08T23:00:00,2033.878,2034.848,2033.718,2034.185
2024-02-09T00:00:00,2034.205,2034.345,2031.785,2031.975
2024-02-09T01:00:00,2031.975,2034.935,2031.975,2034.075
2024-02-09T02:00:00,2034.108,2034.978,2033.875,2034.208
2024-02-09T03:00:00,2034.214,2034.638,2032.895,2033.465
2024-02-09T04:00:00,2033.565,2033.685,2032.178,2032.655
2024-02-09T05:00:00,2032.615,2033.915,2032.038,2032.775
2024-02-09T06:00:00,2032.805,2034.365,2032.158,2033.735
2024-02-09T07:00:00,2033.728,2034.825,2032.818,2033.458
2024-02-09T08:00:00,2033.435,2033.965,2030.425,2032.325
2024-02-09T09:00:00,2032.325,2033.495,2030.945,2031.485
2024-02-09T10:00:00,2031.475,2033.035,2030.885,2032.638
2024-02-09T11:00:00,2032.638,2033.398,2031.345,2031.418
2024-02-09T12:00:00,2031.405,2032.038,2028.475,2028.725
2024-02-09T13:00:00,2028.705,2037.058,2025.475,2026.938
2024-02-09T14:00:00,2026.925,2030.484,2022.975,2025.105
2024-02-09T15:00:00,2025.085,2027.115,2021.775,2022.308
2024-02-09T16:00:00,2022.338,2023.795,2020.195,2021.535
2024-02-09T17:00:00,2021.455,2024.695,2021.185,2024.555
2024-02-09T18:00:00,2024.515,2026.245,2022.695,2023.618
2024-02-09T19:00:00,2023.585,2026.025,2023.265,2024.665
2024-02-09T20:00:00,2024.645,2026.175,2023.825,2025.035
2024-02-09T21:00:00,2025.035,2025.505,2023.795,2024.155
2024-02-11T23:00:00,2023.495,2026.708,2023.194,2025.345
2024-02-12T00:00:00,2025.375,2025.865,2024.855,2025.065
2024-02-12T01:00:00,2025.095,2026.505,2023.425,2023.455
2024-02-12T02:00:00,2023.405,2023.805,2022.155,2022.325
2024-02-12T03:00:00,2022.305,2022.975,2021.755,2022.815
2024-02-12T04:00:00,2022.765,2024.095,2022.515,2023.075
2024-02-12T05:00:00,2023.105,2023.965,2022.865,2023.755
2024-02-12T06:00:00,2023.715,2024.665,2023.455,2024.158
2024-02-12T07:00:00,2024.115,2026.338,2022.955,2025.435
2024-02-12T08:00:00,2025.435,2027.158,2023.485,2023.605
2024-02-12T09:00:00,2023.565,2023.775,2020.308,2020.655
2024-02-12T10:00:00,2020.625,2021.128,2019.915,2020.855
2024-02-12T11:00:00,2020.885,2022.475,2020.155,2021.565
2024-02-12T12:00:00,2021.565,2022.268,2020.445,2021.325
2024-02-12T13:00:00,2021.395,2027.505,2018.465,2018.965
2024-02-12T14:00:00,2018.985,2020.295,2013.135,2014.855
2024-02-12T15:00:00,2014.875,2016.895,2011.985,2013.045
2024-02-12T16:00:00,2013.125,2016.265,2011.795,2015.865
2024-02-12T17:00:00,2015.865,2020.105,2015.575,2019.235
2024-02-12T18:00:00,2019.235,2021.448,2017.698,2021.395
2024-02-12T19:00:00,2021.365,2021.435,2018.535,2019.028
2024-02-12T20:00:00,2019.025,2020.408,2018.715,2019.955
2024-02-12T21:00:00,2020.035,2020.408,2019.305,2019.885
2024-02-12T23:00:00,2019.188,2020.095,2018.525,2018.845
2024-02-13T00:00:00,2018.785,2019.465,2018.235,2019.398
2024-02-13T01:00:00,2019.334,2021.125,2019.324,2020.235
2024-02-13T02:00:00,2020.235,2020.255,2018.818,2018.838
2024-02-13T03:00:00,2018.775,2019.005,2016.785,2018.498
2024-02-13T04:00:00,2018.475,2019.515,2018.315,2018.895
2024-02-13T05:00:00,2018.905,2021.565,2018.905,2020.675
2024-02-13T06:00:00,2020.715,2023.995,2020.635,2023.595
2024-02-13T07:00:00,2023.585,2025.705,2023.378,2025.125
2024-02-13T08:00:00,2025.165,2026.195,2024.405,2026.075
2024-02-13T09:00:00,2026.005,2026.835,2025.095,2026.595
2024-02-13T10:00:00,2026.615,2027.955,2025.985,2026.458
2024-02-13T11:00:00,2026.458,2029.255,2026.015,2027.565
2024-02-13T12:00:00,2027.565,2028.915,2027.285,2028.175
2024-02-13T13:00:00,2028.155,2032.845,2002.925,2004.275
2024-02-13T14:00:00,2004.305,2005.845,1992.415,1995.615
2024-02-13T15:00:00,1995.645,1995.845,1989.985,1992.145
2024-02-13T16:00:00,1992.155,1997.755,1991.774,1994.815
2024-02-13T17:00:00,1994.845,1995.935,1992.735,1993.615
2024-02-13T18:00:00,1993.615,1995.695,1993.055,1993.425
2024-02-13T19:00:00,1993.425,1993.715,1991.195,1991.705
2024-02-13T20:00:00,1991.655,1993.585,1991.165,1992.525
2024-02-13T21:00:00,1992.545,1993.468,1992.095,1992.855
2024-02-13T23:00:00,1992.398,1993.248,1990.655,1991.435
2024-02-14T00:00:00,1991.425,1993.155,1990.735,1992.555
2024-02-14T01:00:00,1992.605,1992.748,1988.735,1992.684
2024-02-14T02:00:00,1992.675,1993.515,1991.055,1992.125
2024-02-14T03:00:00,1992.125,1992.975,1991.105,1992.298
2024-02-14T04:00:00,1992.298,1992.805,1991.925,1992.285
2024-02-14T05:00:00,1992.265,1993.245,1992.075,1992.858
2024-02-14T06:00:00,1992.858,1992.858,1990.895,1992.205
2024-02-14T07:00:00,1992.215,1993.025,1989.295,1989.385
2024-02-14T08:00:00,1989.385,1990.555,1985.945,1988.355
2024-02-14T09:00:00,1988.375,1991.505,1988.298,1991.155
2024-02-14T10:00:00,1991.125,1993.315,1990.005,1992.805
2024-02-14T11:00:00,1992.785,1993.215,1990.575,1992.175
2024-02-14T12:00:00,1992.175,1993.175,1989.525,1990.175
2024-02-14T13:00:00,1990.195,1993.128,1988.615,1989.045
2024-02-14T14:00:00,1989.005,1992.185,1986.115,1987.315
2024-02-14T15:00:00,1987.405,1988.905,1984.088,1987.775
2024-02-14T16:00:00,1987.795,1993.545,1987.395,1993.075
2024-02-14T17:00:00,1993.055,1995.185,1990.685,1994.265
2024-02-14T18:00:00,1994.305,1996.025,1991.025,1991.605
2024-02-14T19:00:00,1991.635,1991.915,1989.705,1991.665
2024-02-14T20:00:00,1991.665,1991.755,1989.535,1991.025
2024-02-14T21:00:00,1990.945,1992.785,1990.258,1992.105
2024-02-14T23:00:00,1991.388,1993.755,1991.388,1993.645
2024-02-15T00:00:00,1993.685,1994.165,1992.485,1993.585
2024-02-15T01:00:00,1993.535,1994.195,1992.255,1992.455
2024-02-15T02:00:00,1992.435,1993.455,1992.005,1992.994
2024-02-15T03:00:00,1992.994,1993.134,1990.175,1990.735
2024-02-15T04:00:00,1990.735,1992.075,1990.385,1991.945
2024-02-15T05:00:00,1991.925,1992.865,1991.675,1991.835
2024-02-15T06:00:00,1991.835,1993.335,1991.495,1993.155
2024-02-15T07:00:00,1993.095,1994.615,1992.165,1993.785
2024-02-15T08:00:00,1993.765,1995.935,1993.465,1995.065
2024-02-15T09:00:00,1995.068,1996.695,1993.775,1996.305
2024-02-15T10:00:00,1996.268,1997.915,1995.615,1995.925
2024-02-15T11:00:00,1995.925,1998.045,1995.705,1997.445
2024-02-15T12:00:00,1997.425,1999.035,1996.325,1997.915
2024-02-15T13:00:00,1997.915,2004.155,1995.585,2003.688
2024-02-15T14:00:00,2003.718,2008.175,2001.395,2003.645
2024-02-15T15:00:00,2003.625,2008.025,1999.715,2000.705
2024-02-15T16:00:00,2000.705,2001.405,1998.365,2000.085
2024-02-15T17:00:00,2000.105,2004.455,2000.005,2003.518
2024-02-15T18:00:00,2003.515,2004.825,2002.655,2004.395
2024-02-15T19:00:00,2004.408,2006.375,2003.548,2005.035
2024-02-15T20:00:00,2005.035,2005.035,2003.445,2004.315
2024-02-15T21:00:00,2004.335,2004.625,2003.788,2004.105
2024-02-15T23:00:00,2003.598,2004.658,2003.295,2003.345
2024-02-16T00:00:00,2003.445,2003.615,2002.228,2002.428
2024-02-16T01:00:00,2002.428,2005.555,2002.278,2005.445
2024-02-16T02:00:00,2005.435,2005.555,2003.918,2004.425
2024-02-16T03:00:00,2004.465,2004.745,2003.235,2004.178
2024-02-16T04:00:00,2004.178,2004.218,2003.158,2003.555
2024-02-16T05:00:00,2003.535,2004.675,2003.305,2004.385
2024-02-16T06:00:00,2004.395,2004.695,2002.625,2003.665
2024-02-16T07:00:00,2003.645,2006.405,2003.315,2005.095
2024-02-16T08:00:00,2005.035,2005.585,2003.755,2004.875
2024-02-16T09:00:00,2004.905,2006.345,2004.105,2004.985
2024-02-16T10:00:00,2004.975,2007.455,2004.625,2007.125
2024-02-16T11:00:00,2007.075,2007.735,2006.125,2007.235
2024-02-16T12:00:00,2007.235,2008.045,2006.365,2006.755
2024-02-16T13:00:00,2006.705,2006.895,1994.985,2001.365
2024-02-16T14:00:00,2001.365,2003.265,1995.195,1997.884
2024-02-16T15:00:00,1997.925,2010.915,1997.105,2007.768
2024-02-16T16:00:00,2007.768,2010.865,2007.115,2009.125
2024-02-16T17:00:00,2009.115,2014.298,2008.635,2013.198
2024-02-16T18:00:00,2013.195,2015.065,2011.045,2013.775
2024-02-16T19:00:00,2013.785,2015.095,2011.655,2012.565
2024-02-16T20:00:00,2012.545,2013.005,2011.185,2011.835
2024-02-16T21:00:00,2011.855,2013.835,2011.855,2013.055
2024-02-18T23:00:00,2014.595,2016.245,2009.935,2013.695
2024-02-19T00:00:00,2013.644,2019.995,2013.544,2018.715
2024-02-19T01:00:00,2018.705,2020.685,2016.295,2019.735
2024-02-19T02:00:00,2019.715,2022.785,2018.465,2022.235
2024-02-19T03:00:00,2022.235,2022.305,2019.205,2019.805
2024-02-19T04:00:00,2019.765,2019.845,2018.185,2018.985
2024-02-19T05:00:00,2018.985,2021.395,2018.475,2020.685
2024-02-19T06:00:00,2020.685,2022.525,2020.385,2021.405
2024-02-19T07:00:00,2021.355,2022.895,2019.635,2020.825
2024-02-19T08:00:00,2020.825,2021.145,2018.895,2020.075
2024-02-19T09:00:00,2020.095,2020.635,2019.175,2019.985
2024-02-19T10:00:00,2019.985,2020.428,2018.115,2018.835
2024-02-19T11:00:00,2018.875,2019.485,2018.185,2018.285
2024-02-19T12:00:00,2018.275,2018.985,2015.905,2016.685
2024-02-19T13:00:00,2016.665,2019.158,2016.385,2016.745
2024-02-19T14:00:00,2016.775,2017.555,2015.835,2017.165
2024-02-19T15:00:00,2017.175,2017.425,2014.675,2014.815
2024-02-19T16:00:00,2014.755,2016.535,2013.185,2016.145
2024-02-19T17:00:00,2016.165,2018.435,2015.925,2017.195
2024-02-19T18:00:00,2017.195,2018.315,2016.735,2017.555
2024-02-19T19:00:00,2017.615,2018.225,2017.585,2017.775
2024-02-19T23:00:00,2017.498,2017.855,2015.745,2016.085
2024-02-20T00:00:00,2016.115,2016.675,2014.945,2016.135
2024-02-20T01:00:00,2016.135,2019.165,2015.135,2016.915
2024-02-20T02:00:00,2016.875,2018.235,2016.735,2017.545
2024-02-20T03:00:00,2017.545,2018.655,2016.955,2018.138
2024-02-20T04:00:00,2018.138,2019.645,2018.028,2019.405
2024-02-20T05:00:00,2019.465,2019.485,2017.635,2018.405
2024-02-20T06:00:00,2018.398,2020.795,2017.675,2019.365
2024-02-20T07:00:00,2019.425,2022.775,2018.825,2021.358
2024-02-20T08:00:00,2021.315,2022.885,2020.705,2022.735
2024-02-20T09:00:00,2022.678,2025.085,2022.435,2023.965
2024-02-20T10:00:00,2023.985,2027.535,2023.348,2025.995
2024-02-20T11:00:00,2026.015,2027.228,2025.155,2026.778
2024-02-20T12:00:00,2026.725,2027.915,2026.165,2026.565
2024-02-20T13:00:00,2026.595,2030.695,2025.995,2029.945
2024-02-20T14:00:00,2029.965,2030.765,2025.315,2028.058
2024-02-20T15:00:00,2028.058,2029.945,2025.735,2027.375
2024-02-20T16:00:00,2027.395,2028.235,2025.895,2026.805
2024-02-20T17:00:00,2026.805,2028.645,2025.535,2028.585
2024-02-20T18:00:00,2028.628,2028.785,2026.648,2027.058
2024-02-20T19:00:00,2027.024,2027.565,2024.695,2025.025
2024-02-20T20:00:00,2025.105,2025.105,2023.465,2024.225
2024-02-20T21:00:00,2024.315,2024.675,2023.455,2024.095
2024-02-20T23:00:00,2023.588,2024.885,2023.505,2024.095
2024-02-21T00:00:00,2024.155,2024.155,2022.835,2023.455
2024-02-21T01:00:00,2023.465,2026.005,2023.215,2025.275
2024-02-21T02:00:00,2025.275,2029.105,2025.275,2027.825
2024-02-21T03:00:00,2027.825,2030.805,2027.695,2030.435
2024-02-21T04:00:00,2030.435,2031.195,2029.995,2030.765
2024-02-21T05:00:00,2030.825,2032.195,2029.345,2030.895
2024-02-21T06:00:00,2030.925,2031.135,2029.078,2029.905
2024-02-21T07:00:00,2029.885,2030.555,2028.265,2028.705
2024-02-21T08:00:00,2028.695,2029.165,2026.105,2026.455
2024-02-21T09:00:00,2026.445,2028.538,2025.845,2027.948
2024-02-21T10:00:00,2027.935,2030.075,2027.808,2029.885
2024-02-21T11:00:00,2029.915,2029.935,2027.295,2028.165
2024-02-21T12:00:00,2028.185,2029.945,2027.958,2029.355
2024-02-21T13:00:00,2029.335,2031.475,2027.575,2028.625
2024-02-21T14:00:00,2028.605,2030.205,2026.965,2027.425
2024-02-21T15:00:00,2027.425,2030.168,2023.938,2024.025
2024-02-21T16:00:00,2024.105,2025.755,2023.135,2023.855
2024-02-21T17:00:00,2023.905,2024.445,2021.385,2024.095
2024-02-21T18:00:00,2024.205,2024.625,2021.358,2021.835
2024-02-21T19:00:00,2021.884,2026.435,2019.915,2025.915
2024-02-21T20:00:00,2025.895,2026.895,2024.045,2024.268
2024-02-21T21:00:00,2024.265,2026.138,2023.858,2025.895
2024-02-21T23:00:00,2025.098,2026.558,2025.015,2025.658
2024-02-22T00:00:00,2025.658,2026.685,2024.975,2026.375
2024-02-22T01:00:00,2026.395,2028.485,2026.085,2026.955
2024-02-22T02:00:00,2026.925,2028.295,2026.445,2027.638
2024-02-22T03:00:00,2027.638,2028.215,2026.035,2026.205
2024-02-22T04:00:00,2026.245,2028.835,2025.448,2028.745
2024-02-22T05:00:00,2028.815,2029.915,2028.098,2028.335
2024-02-22T06:00:00,2028.355,2030.515,2028.275,2029.165
2024-02-22T07:00:00,2029.245,2031.935,2028.765,2031.345
2024-02-22T08:00:00,2031.425,2034.708,2031.198,2033.135
2024-02-22T09:00:00,2033.155,2033.155,2028.425,2030.195
2024-02-22T10:00:00,2030.285,2031.145,2029.028,2029.345
2024-02-22T11:00:00,2029.345,2029.705,2027.155,2028.925
2024-02-22T12:00:00,2028.905,2029.795,2027.555,2028.175
2024-02-22T13:00:00,2028.195,2028.485,2022.355,2025.565
2024-02-22T14:00:00,2025.525,2026.625,2021.825,2024.728
2024-02-22T15:00:00,2024.758,2025.144,2020.088,2023.225
2024-02-22T16:00:00,2023.225,2024.158,2019.725,2020.865
2024-02-22T17:00:00,2020.885,2024.575,2020.125,2022.855
2024-02-22T18:00:00,2022.875,2023.145,2019.555,2022.615
2024-02-22T19:00:00,2022.615,2023.575,2022.095,2022.965
2024-02-22T20:00:00,2022.975,2024.598,2022.465,2024.528
2024-02-22T21:00:00,2024.528,2024.975,2023.865,2024.514
2024-02-22T23:00:00,2023.618,2025.928,2023.618,2024.615
2024-02-23T00:00:00,2024.665,2026.075,2022.685,2024.395
2024-02-23T01:00:00,2024.394,2027.115,2024.214,2026.775
2024-02-23T02:00:00,2026.775,2027.295,2024.195,2024.255
2024-02-23T03:00:00,2024.235,2026.245,2023.955,2025.665
2024-02-23T04:00:00,2025.665,2026.445,2025.618,2025.995
2024-02-23T05:00:00,2026.035,2026.095,2022.115,2022.335
2024-02-23T06:00:00,2022.325,2022.575,2018.025,2020.805
2024-02-23T07:00:00,2020.785,2022.345,2019.505,2021.684
2024-02-23T08:00:00,2021.684,2022.545,2018.315,2019.455
2024-02-23T09:00:00,2019.445,2019.805,2015.955,2016.725
2024-02-23T10:00:00,2016.715,2023.215,2016.545,2022.825
2024-02-23T11:00:00,2022.785,2023.895,2022.015,2023.785
2024-02-23T12:00:00,2023.785,2028.695,2023.005,2027.905
2024-02-23T13:00:00,2027.935,2029.125,2024.355,2025.275
2024-02-23T14:00:00,2025.275,2028.558,2024.065,2027.445
2024-02-23T15:00:00,2027.465,2031.028,2025.605,2030.008
2024-02-23T16:00:00,2030.015,2038.455,2030.015,2038.265
2024-02-23T17:00:00,2038.335,2039.715,2036.265,2037.805
2024-02-23T18:00:00,2037.905,2041.285,2037.405,2040.395
2024-02-23T19:00:00,2040.385,2040.385,2036.785,2037.245
2024-02-23T20:00:00,2037.245,2037.425,2035.605,2036.535
2024-02-23T21:00:00,2036.465,2036.515,2034.955,2035.215
2024-02-25T23:00:00,2034.295,2034.865,2032.638,2033.935
2024-02-26T00:00:00,2033.975,2033.975,2029.795,2030.235
2024-02-26T01:00:00,2030.255,2033.955,2029.775,2031.185
2024-02-26T02:00:00,2031.175,2031.795,2030.535,2030.805
2024-02-26T03:00:00,2030.805,2032.455,2030.585,2032.455
2024-02-26T04:00:00,2032.445,2032.825,2032.015,2032.155
2024-02-26T05:00:00,2032.095,2034.128,2032.065,2032.915
2024-02-26T06:00:00,2032.895,2033.855,2031.795,2032.595
2024-02-26T07:00:00,2032.615,2035.235,2032.275,2035.015
2024-02-26T08:00:00,2034.945,2036.965,2033.555,2033.965
2024-02-26T09:00:00,2033.935,2034.345,2032.155,2033.025
2024-02-26T10:00:00,2033.025,2035.325,2031.595,2032.078
2024-02-26T11:00:00,2032.058,2032.925,2030.745,2030.815
2024-02-26T12:00:00,2030.865,2034.015,2030.645,2032.775
2024-02-26T13:00:00,2032.694,2034.328,2031.595,2032.575
2024-02-26T14:00:00,2032.565,2032.835,2025.505,2027.405
2024-02-26T15:00:00,2027.405,2030.045,2024.975,2029.065
2024-02-26T16:00:00,2029.108,2029.365,2026.515,2027.685
2024-02-26T17:00:00,2027.715,2028.708,2026.475,2028.585
2024-02-26T18:00:00,2028.505,2029.948,2028.025,2029.168
2024-02-26T19:00:00,2029.178,2030.155,2028.475,2029.665
2024-02-26T20:00:00,2029.635,2033.555,2029.635,2032.208
2024-02-26T21:00:00,2032.198,2032.198,2030.775,2030.885
2024-02-26T23:00:00,2030.398,2031.555,2030.398,2031.205
2024-02-27T00:00:00,2031.185,2032.425,2030.908,2031.425
2024-02-27T01:00:00,2031.445,2033.635,2031.185,2033.428
2024-02-27T02:00:00,2033.428,2034.435,2032.485,2032.578
2024-02-27T03:00:00,2032.678,2033.385,2032.198,2033.345
2024-02-27T04:00:00,2033.415,2034.495,2033.345,2033.675
2024-02-27T05:00:00,2033.685,2033.935,2032.745,2033.545
2024-02-27T06:00:00,2033.555,2034.905,2033.174,2033.354
2024-02-27T07:00:00,2033.315,2036.145,2033.155,2035.295
2024-02-27T08:00:00,2035.285,2039.375,2034.555,2038.005
2024-02-27T09:00:00,2038.025,2038.025,2035.275,2036.535
2024-02-27T10:00:00,2036.555,2036.615,2034.525,2036.365
2024-02-27T11:00:00,2036.435,2038.635,2035.465,2038.155
2024-02-27T12:00:00,2038.175,2038.978,2037.085,2038.215
2024-02-27T13:00:00,2038.235,2038.565,2035.135,2035.318
2024-02-27T14:00:00,2035.315,2036.425,2033.515,2034.805
2024-02-27T15:00:00,2034.805,2036.835,2032.885,2033.685
2024-02-27T16:00:00,2033.695,2034.158,2031.715,2033.015
2024-02-27T17:00:00,2033.045,2033.045,2029.665,2032.165
2024-02-27T18:00:00,2032.175,2035.965,2031.885,2032.285
2024-02-27T19:00:00,2032.305,2032.385,2029.335,2030.185
2024-02-27T20:00:00,2030.155,2030.295,2028.725,2030.065
2024-02-27T21:00:00,2030.065,2030.505,2029.785,2029.964
2024-02-27T23:00:00,2029.698,2030.755,2029.558,2030.025
2024-02-28T00:00:00,2030.075,2031.175,2029.075,2030.725
2024-02-28T01:00:00,2030.725,2033.625,2029.645,2033.365
2024-02-28T02:00:00,2033.325,2033.535,2030.455,2030.955
2024-02-28T03:00:00,2030.955,2031.745,2029.755,2030.835
2024-02-28T04:00:00,2030.855,2031.085,2029.725,2030.118
2024-02-28T05:00:00,2030.064,2030.955,2029.878,2030.848
2024-02-28T06:00:00,2030.815,2031.965,2028.525,2029.255
2024-02-28T07:00:00,2029.205,2029.295,2027.725,2027.985
2024-02-28T08:00:00,2027.965,2029.165,2026.575,2026.695
2024-02-28T09:00:00,2026.655,2027.295,2024.765,2024.825
2024-02-28T10:00:00,2024.825,2027.535,2024.355,2027.285
2024-02-28T11:00:00,2027.205,2027.815,2026.665,2027.135
2024-02-28T12:00:00,2027.108,2030.345,2026.775,2029.475
2024-02-28T13:00:00,2029.478,2036.095,2028.958,2035.685
2024-02-28T14:00:00,2035.705,2037.805,2031.005,2031.695
2024-02-28T15:00:00,2031.695,2033.978,2030.345,2031.735
2024-02-28T16:00:00,2031.735,2034.015,2031.655,2033.505
2024-02-28T17:00:00,2033.525,2035.478,2032.195,2033.725
2024-02-28T18:00:00,2033.805,2034.735,2031.378,2031.465
2024-02-28T19:00:00,2031.465,2032.285,2030.738,2032.075
2024-02-28T20:00:00,2032.075,2034.105,2032.035,2033.658
2024-02-28T21:00:00,2033.645,2035.215,2032.975,2034.085
2024-02-28T23:00:00,2034.228,2035.274,2033.745,2034.518
2024-02-29T00:00:00,2034.575,2035.505,2033.855,2034.095
2024-02-29T01:00:00,2034.095,2036.465,2034.095,2036.395
2024-02-29T02:00:00,2036.395,2037.015,2035.335,2036.465
2024-02-29T03:00:00,2036.485,2036.685,2035.135,2036.458
2024-02-29T04:00:00,2036.448,2036.458,2035.015,2035.048
2024-02-29T05:00:00,2035.085,2035.885,2034.355,2035.565
2024-02-29T06:00:00,2035.565,2036.955,2035.405,2036.765
2024-02-29T07:00:00,2036.695,2037.735,2035.865,2037.205
2024-02-29T08:00:00,2037.225,2037.385,2035.455,2037.135
2024-02-29T09:00:00,2037.255,2037.385,2033.925,2034.485
2024-02-29T10:00:00,2034.505,2034.725,2030.405,2030.685
2024-02-29T11:00:00,2030.655,2031.725,2028.755,2030.235
2024-02-29T12:00:00,2030.235,2030.525,2028.015,2030.155
2024-02-29T13:00:00,2030.165,2048.608,2030.095,2047.535
2024-02-29T14:00:00,2047.555,2050.258,2045.805,2047.595
2024-02-29T15:00:00,2047.925,2050.605,2046.385,2047.995
2024-02-29T16:00:00,2047.995,2048.235,2043.655,2044.835
2024-02-29T17:00:00,2044.804,2045.878,2043.138,2045.578
2024-02-29T18:00:00,2045.578,2046.658,2044.955,2046.215
2024-02-29T19:00:00,2046.215,2046.785,2043.858,2044.395
2024-02-29T20:00:00,2044.335,2045.355,2043.625,2043.935
2024-02-29T21:00:00,2043.995,2044.145,2042.775,2043.855
2024-02-29T23:00:00,2043.168,2044.235,2042.935,2044.185
2024-03-01T00:00:00,2044.165,2044.215,2042.765,2043.594
2024-03-01T01:00:00,2043.594,2044.615,2042.955,2044.265
2024-03-01T02:00:00,2044.265,2045.734,2043.995,2045.258
2024-03-01T03:00:00,2045.284,2046.755,2045.148,2046.445
2024-03-01T04:00:00,2046.415,2046.455,2045.175,2045.425
2024-03-01T05:00:00,2045.505,2045.595,2043.315,2044.975
2024-03-01T06:00:00,2044.995,2047.995,2044.805,2046.618
2024-03-01T07:00:00,2046.618,2048.745,2045.175,2045.345
2024-03-01T08:00:00,2045.365,2045.595,2038.915,2039.745
2024-03-01T09:00:00,2039.725,2047.478,2039.365,2046.268
2024-03-01T10:00:00,2046.265,2055.015,2045.775,2054.735
2024-03-01T11:00:00,2054.775,2057.395,2053.765,2055.295
2024-03-01T12:00:00,2055.295,2056.965,2052.095,2052.275
2024-03-01T13:00:00,2052.258,2054.428,2049.975,2051.495
2024-03-01T14:00:00,2051.515,2056.525,2045.495,2046.215
2024-03-01T15:00:00,2046.275,2070.828,2046.215,2069.078
2024-03-01T16:00:00,2069.064,2081.865,2069.064,2081.045
2024-03-01T17:00:00,2080.875,2085.605,2079.925,2084.725
2024-03-01T18:00:00,2084.715,2088.215,2082.105,2085.595
2024-03-01T19:00:00,2085.615,2086.615,2084.598,2085.148
2024-03-01T20:00:00,2085.125,2085.198,2082.955,2083.375
2024-03-01T21:00:00,2083.375,2083.898,2082.345,2082.395
2024-03-03T23:00:00,2081.835,2086.145,2081.835,2083.445
2024-03-04T00:00:00,2083.445,2084.305,2082.125,2082.535
2024-03-04T01:00:00,2082.635,2082.835,2079.308,2080.105
2024-03-04T02:00:00,2080.098,2083.365,2079.734,2081.398
2024-03-04T03:00:00,2081.368,2081.895,2080.215,2081.375
2024-03-04T04:00:00,2081.375,2081.515,2080.174,2080.715
2024-03-04T05:00:00,2080.635,2082.205,2080.395,2081.384
2024-03-04T06:00:00,2081.375,2083.765,2080.948,2083.378
2024-03-04T07:00:00,2083.428,2088.195,2083.428,2087.335
2024-03-04T08:00:00,2087.295,2087.435,2083.375,2083.765
2024-03-04T09:00:00,2083.785,2086.065,2083.085,2085.095
2024-03-04T10:00:00,2085.075,2085.695,2082.545,2083.825
2024-03-04T11:00:00,2083.865,2084.505,2081.795,2082.025
2024-03-04T12:00:00,2082.055,2083.345,2081.755,2082.465
2024-03-04T13:00:00,2082.465,2093.035,2081.018,2091.475
2024-03-04T14:00:00,2091.565,2101.305,2090.375,2100.705
2024-03-04T15:00:00,2100.635,2109.285,2097.495,2108.925
2024-03-04T16:00:00,2108.915,2119.805,2107.604,2119.178
2024-03-04T17:00:00,2119.165,2119.648,2113.848,2116.365
2024-03-04T18:00:00,2116.345,2117.935,2113.448,2115.238
2024-03-04T19:00:00,2115.215,2117.215,2113.208,2116.205
2024-03-04T20:00:00,2116.265,2118.495,2115.238,2116.585
2024-03-04T21:00:00,2116.555,2117.205,2114.035,2114.295
2024-03-04T23:00:00,2114.448,2115.745,2113.295,2114.475
2024-03-05T00:00:00,2114.455,2115.775,2114.028,2115.395
2024-03-05T01:00:00,2115.345,2116.725,2110.375,2112.494
2024-03-05T02:00:00,2112.485,2113.245,2111.278,2112.225
2024-03-05T03:00:00,2112.225,2113.895,2111.145,2112.875
2024-03-05T04:00:00,2112.875,2115.838,2112.565,2115.815
2024-03-05T05:00:00,2115.765,2119.645,2115.265,2119.215
2024-03-05T06:00:00,2119.215,2119.485,2115.084,2117.245
2024-03-05T07:00:00,2117.255,2117.695,2113.845,2114.325
2024-03-05T08:00:00,2114.435,2123.275,2114.355,2120.575
2024-03-05T09:00:00,2120.645,2125.205,2118.925,2124.395
2024-03-05T10:00:00,2124.455,2127.235,2123.245,2123.595
2024-03-05T11:00:00,2123.605,2127.085,2122.555,2124.385
2024-03-05T12:00:00,2124.445,2125.175,2121.105,2124.278
2024-03-05T13:00:00,2124.295,2141.748,2122.265,2127.645
2024-03-05T14:00:00,2127.785,2133.108,2124.165,2128.034
2024-03-05T15:00:00,2128.085,2139.388,2123.615,2126.565
2024-03-05T16:00:00,2126.555,2128.625,2123.565,2128.225
2024-03-05T17:00:00,2128.258,2130.895,2127.425,2130.775
2024-03-05T18:00:00,2130.855,2133.475,2129.478,2130.578
2024-03-05T19:00:00,2130.628,2134.655,2129.458,2129.488
2024-03-05T20:00:00,2129.475,2130.845,2128.395,2129.528
2024-03-05T21:00:00,2129.528,2129.958,2126.958,2127.755
2024-03-05T23:00:00,2127.188,2128.355,2126.798,2127.945
2024-03-06T00:00:00,2127.945,2127.995,2126.035,2126.805
2024-03-06T01:00:00,2126.805,2127.918,2124.978,2125.374
2024-03-06T02:00:00,2125.365,2126.745,2123.765,2126.305
2024-03-06T03:00:00,2126.305,2126.525,2123.615,2124.695
2024-03-06T04:00:00,2124.695,2126.228,2124.695,2126.115
2024-03-06T05:00:00,2126.085,2127.858,2125.115,2125.225
2024-03-06T06:00:00,2125.265,2127.485,2124.905,2127.225
2024-03-06T07:00:00,2127.205,2131.445,2127.005,2128.335
2024-03-06T08:00:00,2128.345,2129.125,2124.255,2124.975
2024-03-06T09:00:00,2124.975,2129.715,2124.645,2128.515
2024-03-06T10:00:00,2128.528,2128.568,2124.575,2125.535
2024-03-06T11:00:00,2125.545,2132.505,2125.505,2132.415
2024-03-06T12:00:00,2132.435,2134.958,2130.925,2134.125
2024-03-06T13:00:00,2134.105,2139.575,2131.345,2139.305
2024-03-06T14:00:00,2139.315,2149.115,2135.555,2144.685
2024-03-06T15:00:00,2144.545,2145.448,2131.818,2140.875
2024-03-06T16:00:00,2140.885,2149.755,2140.375,2148.078
2024-03-06T17:00:00,2148.078,2149.908,2141.835,2144.665
2024-03-06T18:00:00,2144.678,2152.085,2143.915,2147.065
2024-03-06T19:00:00,2147.065,2147.365,2139.345,2144.295
2024-03-06T20:00:00,2144.265,2147.148,2143.095,2146.615
2024-03-06T21:00:00,2146.555,2149.208,2144.445,2147.975
2024-03-06T23:00:00,2147.948,2151.135,2146.068,2147.275
2024-03-07T00:00:00,2147.205,2149.565,2147.205,2148.815
2024-03-07T01:00:00,2148.855,2148.915,2144.048,2146.108
2024-03-07T02:00:00,2146.108,2152.035,2145.574,2150.665
2024-03-07T03:00:00,2150.625,2152.328,2149.595,2151.665
2024-03-07T04:00:00,2151.635,2161.435,2151.615,2158.115
2024-03-07T05:00:00,2158.125,2158.615,2154.345,2154.405
2024-03-07T06:00:00,2154.355,2156.425,2151.435,2155.315
2024-03-07T07:00:00,2155.325,2158.185,2152.145,2155.905
2024-03-07T08:00:00,2155.915,2159.735,2154.355,2155.225
2024-03-07T09:00:00,2155.225,2157.725,2154.208,2157.585
2024-03-07T10:00:00,2157.665,2158.845,2156.008,2157.515
2024-03-07T11:00:00,2157.605,2157.615,2153.128,2155.965
2024-03-07T12:00:00,2155.878,2158.675,2153.825,2158.295
2024-03-07T13:00:00,2158.295,2164.635,2157.265,2159.435
2024-03-07T14:00:00,2159.485,2159.705,2147.825,2153.965
2024-03-07T15:00:00,2153.895,2157.585,2151.595,2153.595
2024-03-07T16:00:00,2153.605,2158.455,2149.175,2156.095
2024-03-07T17:00:00,2156.115,2158.715,2155.185,2158.155
2024-03-07T18:00:00,2158.185,2159.155,2155.938,2156.965
2024-03-07T19:00:00,2157.045,2160.785,2156.045,2159.905
2024-03-07T20:00:00,2159.945,2160.395,2157.895,2158.535
2024-03-07T21:00:00,2158.575,2160.105,2158.275,2159.715
2024-03-07T23:00:00,2159.098,2162.485,2158.688,2161.865
2024-03-08T00:00:00,2161.865,2163.475,2159.635,2160.775
2024-03-08T01:00:00,2160.795,2161.675,2157.605,2157.715
2024-03-08T02:00:00,2157.705,2158.315,2154.885,2155.255
2024-03-08T03:00:00,2155.375,2158.645,2153.895,2157.555
2024-03-08T04:00:00,2157.515,2159.175,2156.258,2157.625
2024-03-08T05:00:00,2157.665,2158.315,2156.385,2157.675
2024-03-08T06:00:00,2157.675,2161.925,2156.425,2161.125
2024-03-08T07:00:00,2161.115,2161.795,2158.928,2161.255
2024-03-08T08:00:00,2161.235,2168.615,2161.015,2165.085
2024-03-08T09:00:00,2165.125,2170.995,2164.525,2168.978
2024-03-08T10:00:00,2168.955,2170.445,2166.458,2168.368
2024-03-08T11:00:00,2168.345,2169.528,2166.158,2168.158
2024-03-08T12:00:00,2168.165,2169.165,2165.905,2165.905
2024-03-08T13:00:00,2165.905,2185.305,2155.778,2171.065
2024-03-08T14:00:00,2171.045,2174.625,2163.705,2170.715
2024-03-08T15:00:00,2170.715,2177.245,2167.795,2177.115
2024-03-08T16:00:00,2177.105,2180.755,2172.135,2180.575
2024-03-08T17:00:00,2180.585,2195.085,2180.555,2184.895
2024-03-08T18:00:00,2184.785,2184.895,2173.775,2174.265
2024-03-08T19:00:00,2174.305,2177.775,2168.215,2176.245
2024-03-08T20:00:00,2176.305,2178.048,2175.615,2177.185
2024-03-08T21:00:00,2177.114,2179.155,2176.755,2178.965
2024-03-10T22:00:00,2179.015,2181.425,2177.005,2177.005
2024-03-10T23:00:00,2177.024,2183.735,2177.024,2181.545
2024-03-11T00:00:00,2181.585,2188.925,2179.305,2186.595
2024-03-11T01:00:00,2186.605,2186.685,2178.865,2180.145
2024-03-11T02:00:00,2180.185,2180.285,2176.755,2177.355
2024-03-11T03:00:00,2177.345,2180.265,2176.925,2179.374
2024-03-11T04:00:00,2179.365,2181.355,2179.365,2180.585
2024-03-11T05:00:00,2180.615,2181.555,2176.765,2177.905
2024-03-11T06:00:00,2177.995,2179.915,2177.215,2179.375
2024-03-11T07:00:00,2179.385,2182.635,2177.895,2182.215
2024-03-11T08:00:00,2182.195,2182.958,2176.625,2177.335
2024-03-11T09:00:00,2177.325,2181.445,2175.785,2180.435
2024-03-11T10:00:00,2180.415,2180.675,2176.775,2177.575
2024-03-11T11:00:00,2177.565,2179.435,2176.325,2178.835
2024-03-11T12:00:00,2178.835,2180.535,2176.295,2177.035
2024-03-11T13:00:00,2177.015,2184.985,2174.695,2181.595
2024-03-11T14:00:00,2181.608,2183.145,2175.485,2181.815
2024-03-11T15:00:00,2181.805,2185.595,2179.908,2184.215
2024-03-11T16:00:00,2184.155,2184.548,2178.455,2180.715
2024-03-11T17:00:00,2180.755,2184.035,2178.135,2179.545
2024-03-11T18:00:00,2179.655,2180.835,2177.045,2180.708
2024-03-11T19:00:00,2180.705,2184.048,2180.528,2181.275
2024-03-11T20:00:00,2181.214,2182.845,2180.965,2182.085
2024-03-11T22:00:00,2182.008,2184.625,2180.635,2181.195
2024-03-11T23:00:00,2181.115,2183.645,2181.028,2183.555
2024-03-12T00:00:00,2183.555,2184.425,2180.165,2180.335
2024-03-12T01:00:00,2180.345,2183.005,2179.894,2182.615
2024-03-12T02:00:00,2182.625,2182.725,2178.525,2179.015
2024-03-12T03:00:00,2178.975,2178.995,2176.695,2177.385
2024-03-12T04:00:00,2177.345,2179.145,2177.145,2178.085
2024-03-12T05:00:00,2178.095,2179.075,2174.125,2176.055
2024-03-12T06:00:00,2176.095,2177.105,2173.485,2175.285
2024-03-12T07:00:00,2175.265,2177.365,2174.705,2176.925
2024-03-12T08:00:00,2176.885,2178.455,2175.865,2177.715
2024-03-12T09:00:00,2177.745,2178.955,2176.295,2176.925
2024-03-12T10:00:00,2176.925,2177.555,2175.285,2176.395
2024-03-12T11:00:00,2176.425,2176.465,2170.515,2171.825
2024-03-12T12:00:00,2171.815,2181.868,2160.908,2169.675
2024-03-12T13:00:00,2169.655,2169.795,2156.055,2160.295
2024-03-12T14:00:00,2160.325,2166.275,2152.545,2161.955
2024-03-12T15:00:00,2161.945,2164.845,2157.455,2162.878
2024-03-12T16:00:00,2162.878,2166.408,2161.378,2165.655
2024-03-12T17:00:00,2165.648,2165.648,2154.695,2155.0
2024-03-12T18:00:00,2155.0,2156.495,2152.865,2153.455
2024-03-12T19:00:00,2153.445,2157.325,2150.455,2157.285
2024-03-12T20:00:00,2157.275,2158.885,2156.085,2158.045
2024-03-12T22:00:00,2157.538,2161.335,2155.974,2158.655
2024-03-12T23:00:00,2158.655,2159.095,2155.665,2156.885
2024-03-13T00:00:00,2156.905,2160.395,2156.555,2159.215
2024-03-13T01:00:00,2159.235,2159.475,2157.295,2158.525
2024-03-13T02:00:00,2158.495,2161.495,2157.335,2160.325
2024-03-13T03:00:00,2160.345,2160.615,2157.365,2159.045
2024-03-13T04:00:00,2159.005,2159.595,2157.198,2159.255
2024-03-13T05:00:00,2159.215,2160.495,2158.548,2159.935
2024-03-13T06:00:00,2159.935,2161.408,2158.345,2159.355
2024-03-13T07:00:00,2159.345,2160.735,2158.415,2159.615
2024-03-13T08:00:00,2159.635,2160.995,2157.835,2158.115
2024-03-13T09:00:00,2158.105,2160.125,2157.395,2158.465
2024-03-13T10:00:00,2158.475,2163.575,2157.985,2163.285
2024-03-13T11:00:00,2163.375,2164.065,2161.405,2163.895
2024-03-13T12:00:00,2163.935,2166.185,2162.048,2163.408
2024-03-13T13:00:00,2163.405,2171.455,2161.345,2165.915
2024-03-13T14:00:00,2165.915,2169.705,2163.398,2168.755
2024-03-13T15:00:00,2168.745,2174.468,2168.075,2171.635
2024-03-13T16:00:00,2171.635,2174.575,2169.455,2173.585
2024-03-13T17:00:00,2173.585,2179.745,2173.145,2174.415
2024-03-13T18:00:00,2174.435,2176.445,2174.185,2174.765
2024-03-13T19:00:00,2174.765,2175.435,2171.665,2172.485
2024-03-13T20:00:00,2172.535,2175.115,2172.275,2174.065
2024-03-13T22:00:00,2173.568,2175.355,2173.485,2174.505
2024-03-13T23:00:00,2174.505,2176.085,2174.464,2175.345
2024-03-14T00:00:00,2175.315,2176.495,2173.895,2176.195
2024-03-14T01:00:00,2176.255,2176.848,2173.155,2174.675
2024-03-14T02:00:00,2174.665,2175.385,2172.515,2172.655
2024-03-14T03:00:00,2172.625,2173.995,2171.065,2172.165
2024-03-14T04:00:00,2172.175,2172.385,2170.915,2171.635
2024-03-14T05:00:00,2171.595,2171.845,2168.585,2168.765
2024-03-14T06:00:00,2168.835,2170.115,2167.325,2168.645
2024-03-14T07:00:00,2168.645,2169.005,2167.398,2168.575
2024-03-14T08:00:00,2168.545,2169.975,2168.045,2169.465
2024-03-14T09:00:00,2169.475,2171.935,2167.825,2169.955
2024-03-14T10:00:00,2169.975,2170.785,2167.875,2170.505
2024-03-14T11:00:00,2170.475,2170.745,2167.065,2168.375
2024-03-14T12:00:00,2168.385,2170.268,2160.345,2162.675
2024-03-14T13:00:00,2162.655,2167.145,2158.465,2162.425
2024-03-14T14:00:00,2162.334,2163.715,2157.595,2161.895
2024-03-14T15:00:00,2161.855,2162.135,2152.665,2157.095
2024-03-14T16:00:00,2157.095,2160.205,2156.575,2158.548
2024-03-14T17:00:00,2158.544,2164.905,2157.928,2160.155
2024-03-14T18:00:00,2160.155,2162.275,2160.155,2161.365
2024-03-14T19:00:00,2161.365,2163.368,2160.575,2163.345
2024-03-14T20:00:00,2163.435,2163.798,2161.608,2161.765
2024-03-14T22:00:00,2161.338,2162.314,2161.308,2161.308
2024-03-14T23:00:00,2161.308,2162.035,2160.755,2161.555
2024-03-15T00:00:00,2161.595,2163.035,2160.485,2162.575
2024-03-15T01:00:00,2162.575,2165.875,2162.265,2162.605
2024-03-15T02:00:00,2162.605,2162.885,2161.575,2162.305
2024-03-15T03:00:00,2162.305,2164.735,2161.725,2164.478
2024-03-15T04:00:00,2164.478,2165.355,2163.765,2164.365
2024-03-15T05:00:00,2164.435,2169.165,2163.485,2169.065
2024-03-15T06:00:00,2169.125,2169.975,2167.105,2168.798
2024-03-15T07:00:00,2168.798,2169.875,2166.605,2166.925
2024-03-15T08:00:00,2166.965,2169.288,2165.205,2168.895
2024-03-15T09:00:00,2168.925,2172.615,2167.385,2171.745
2024-03-15T10:00:00,2171.768,2172.545,2168.575,2169.185
2024-03-15T11:00:00,2169.215,2169.225,2166.095,2166.905
2024-03-15T12:00:00,2166.895,2167.265,2157.475,2161.705
2024-03-15T13:00:00,2161.695,2163.275,2156.435,2160.095
2024-03-15T14:00:00,2160.095,2166.615,2159.095,2164.175
2024-03-15T15:00:00,2164.155,2164.215,2158.055,2159.925
2024-03-15T16:00:00,2159.885,2163.375,2157.815,2158.685
2024-03-15T17:00:00,2158.715,2160.495,2155.115,2156.685
2024-03-15T18:00:00,2156.725,2160.205,2156.455,2159.215
2024-03-15T19:00:00,2159.215,2159.325,2156.265,2156.795
2024-03-15T20:00:00,2157.045,2158.215,2155.325,2155.625
2024-03-17T22:00:00,2155.395,2155.985,2151.435,2154.815
2024-03-17T23:00:00,2154.724,2156.768,2153.785,2156.428
2024-03-18T00:00:00,2156.428,2157.435,2154.895,2156.515
2024-03-18T01:00:00,2156.505,2156.535,2150.115,2152.175
2024-03-18T02:00:00,2152.195,2153.395,2146.445,2147.845
2024-03-18T03:00:00,2147.795,2148.015,2145.985,2146.675
2024-03-18T04:00:00,2146.655,2148.195,2146.035,2147.255
2024-03-18T05:00:00,2147.195,2148.235,2145.985,2146.985
2024-03-18T06:00:00,2147.005,2149.055,2146.665,2148.015
2024-03-18T07:00:00,2147.975,2152.095,2147.245,2152.045
2024-03-18T08:00:00,2152.065,2154.385,2150.055,2153.378
2024-03-18T09:00:00,2153.378,2155.748,2153.208,2154.775
2024-03-18T10:00:00,2154.785,2158.345,2154.585,2158.085
2024-03-18T11:00:00,2158.065,2161.195,2158.065,2160.975
2024-03-18T12:00:00,2160.995,2163.455,2158.145,2158.985
2024-03-18T13:00:00,2158.955,2160.935,2155.465,2156.675
2024-03-18T14:00:00,2156.655,2160.685,2156.585,2158.355
2024-03-18T15:00:00,2158.375,2161.178,2156.925,2158.228
2024-03-18T16:00:00,2158.235,2160.625,2154.465,2159.805
2024-03-18T17:00:00,2159.815,2161.048,2158.015,2159.905
2024-03-18T18:00:00,2159.825,2160.605,2159.055,2159.275
2024-03-18T19:00:00,2159.285,2160.885,2159.275,2160.085
2024-03-18T20:00:00,2160.085,2160.265,2159.278,2159.995
2024-03-18T22:00:00,2159.698,2162.465,2159.698,2161.038
2024-03-18T23:00:00,2160.985,2162.135,2160.355,2162.035
2024-03-19T00:00:00,2162.085,2162.745,2160.448,2160.545
2024-03-19T01:00:00,2160.545,2162.105,2158.485,2160.328
2024-03-19T02:00:00,2160.358,2162.675,2159.878,2160.695
2024-03-19T03:00:00,2160.655,2162.285,2159.715,2161.445
2024-03-19T04:00:00,2161.425,2162.055,2159.515,2160.165
2024-03-19T05:00:00,2160.165,2160.375,2156.955,2157.505
2024-03-19T06:00:00,2157.495,2157.665,2153.925,2156.628
2024-03-19T07:00:00,2156.628,2157.115,2154.065,2155.648
2024-03-19T08:00:00,2155.655,2155.825,2147.045,2153.015
2024-03-19T09:00:00,2153.055,2154.475,2151.535,2153.065
2024-03-19T10:00:00,2153.065,2156.265,2152.335,2154.025
2024-03-19T11:00:00,2153.985,2156.625,2153.635,2155.475
2024-03-19T12:00:00,2155.475,2158.535,2150.645,2156.865
2024-03-19T13:00:00,2156.845,2158.615,2150.265,2151.125
2024-03-19T14:00:00,2151.175,2155.315,2148.285,2154.765
2024-03-19T15:00:00,2154.758,2155.558,2150.625,2154.205
2024-03-19T16:00:00,2154.245,2155.925,2153.038,2154.425
2024-03-19T17:00:00,2154.445,2157.255,2154.245,2156.795
2024-03-19T18:00:00,2156.845,2157.625,2155.395,2156.715
2024-03-19T19:00:00,2156.755,2157.865,2156.165,2157.675
2024-03-19T20:00:00,2157.695,2158.355,2156.995,2156.995
2024-03-19T22:00:00,2157.298,2159.565,2157.188,2158.578
2024-03-19T23:00:00,2158.544,2158.585,2156.858,2156.965
2024-03-20T00:00:00,2156.985,2157.375,2155.125,2157.075
2024-03-20T01:00:00,2157.105,2159.925,2156.535,2158.605
2024-03-20T02:00:00,2158.595,2159.625,2157.105,2158.905
2024-03-20T03:00:00,2158.815,2159.765,2158.325,2159.765
2024-03-20T04:00:00,2159.845,2160.135,2156.785,2156.785
2024-03-20T05:00:00,2156.795,2158.215,2156.505,2157.365
2024-03-20T06:00:00,2157.335,2158.115,2156.365,2156.955
2024-03-20T07:00:00,2156.925,2159.378,2156.825,2158.125
2024-03-20T08:00:00,2158.045,2158.275,2154.375,2156.085
2024-03-20T09:00:00,2156.085,2156.105,2152.995,2154.615
2024-03-20T10:00:00,2154.535,2154.835,2152.255,2154.245
2024-03-20T11:00:00,2154.235,2154.965,2152.215,2153.865
2024-03-20T12:00:00,2153.885,2155.165,2149.475,2153.105
2024-03-20T13:00:00,2153.155,2158.535,2150.385,2157.815
2024-03-20T14:00:00,2157.765,2164.755,2155.535,2156.935
2024-03-20T15:00:00,2156.904,2158.565,2154.565,2155.735
2024-03-20T16:00:00,2155.748,2158.605,2155.485,2157.585
2024-03-20T17:00:00,2157.605,2159.615,2156.485,2157.165
2024-03-20T18:00:00,2156.995,2183.625,2156.915,2181.865
2024-03-20T19:00:00,2181.908,2188.735,2178.285,2182.675
2024-03-20T20:00:00,2182.785,2187.095,2182.725,2185.855
2024-03-20T22:00:00,2186.255,2222.875,2186.185,2200.795
2024-03-20T23:00:00,2200.765,2206.265,2196.308,2203.855
2024-03-21T00:00:00,2203.875,2203.905,2192.365,2198.865
2024-03-21T01:00:00,2198.825,2212.275,2197.865,2204.695
2024-03-21T02:00:00,2204.665,2206.275,2202.498,2203.355
2024-03-21T03:00:00,2203.355,2204.915,2201.608,2202.695
2024-03-21T04:00:00,2202.775,2204.005,2201.715,2203.185
2024-03-21T05:00:00,2203.205,2205.115,2201.755,2204.835
2024-03-21T06:00:00,2204.765,2209.445,2204.245,2207.075
2024-03-21T07:00:00,2207.075,2210.095,2206.305,2206.415
2024-03-21T08:00:00,2206.415,2206.535,2196.735,2201.455
2024-03-21T09:00:00,2201.515,2205.945,2199.795,2205.345
2024-03-21T10:00:00,2205.345,2211.685,2205.155,2207.595
2024-03-21T11:00:00,2207.605,2208.745,2205.275,2207.375
2024-03-21T12:00:00,2207.385,2208.735,2203.135,2207.595
2024-03-21T13:00:00,2207.615,2208.035,2191.535,2191.785
2024-03-21T14:00:00,2191.785,2191.855,2175.525,2176.555
2024-03-21T15:00:00,2176.555,2176.755,2166.264,2174.555
2024-03-21T16:00:00,2174.565,2180.255,2172.905,2179.815
2024-03-21T17:00:00,2179.815,2183.725,2178.425,2180.775
2024-03-21T18:00:00,2180.945,2183.875,2180.415,2182.795
2024-03-21T19:00:00,2182.785,2183.575,2180.208,2181.348
2024-03-21T20:00:00,2181.375,2182.375,2180.465,2180.815
2024-03-21T22:00:00,2181.285,2182.545,2180.865,2181.025
2024-03-21T23:00:00,2181.025,2181.775,2180.698,2181.735
2024-03-22T00:00:00,2181.735,2185.965,2180.975,2184.895
2024-03-22T01:00:00,2184.885,2185.805,2172.555,2173.375
2024-03-22T02:00:00,2173.365,2177.025,2171.735,2172.485
2024-03-22T03:00:00,2172.455,2176.105,2172.155,2173.675
2024-03-22T04:00:00,2173.685,2175.305,2173.105,2173.505
2024-03-22T05:00:00,2173.505,2175.665,2172.935,2174.175
2024-03-22T06:00:00,2174.175,2176.175,2169.785,2170.015
2024-03-22T07:00:00,2169.985,2170.338,2162.475,2168.298
2024-03-22T08:00:00,2168.298,2169.175,2164.825,2167.865
2024-03-22T09:00:00,2167.895,2170.015,2165.585,2166.545
2024-03-22T10:00:00,2166.575,2168.555,2165.745,2167.115
2024-03-22T11:00:00,2167.135,2168.045,2165.075,2165.945
2024-03-22T12:00:00,2165.958,2176.108,2165.685,2174.495
2024-03-22T13:00:00,2174.485,2180.035,2172.455,2177.908
2024-03-22T14:00:00,2177.955,2179.735,2171.115,2173.815
2024-03-22T15:00:00,2173.805,2173.805,2165.385,2166.075
2024-03-22T16:00:00,2165.995,2167.395,2161.525,2162.595
2024-03-22T17:00:00,2162.545,2164.835,2157.035,2159.115
2024-03-22T18:00:00,2159.004,2164.695,2158.695,2163.025
2024-03-22T19:00:00,2163.035,2165.085,2161.735,2163.858
2024-03-22T20:00:00,2163.955,2167.155,2163.465,2165.055
2024-03-24T22:00:00,2165.475,2167.715,2165.085,2166.315
2024-03-24T23:00:00,2166.225,2168.795,2165.865,2168.275
2024-03-25T00:00:00,2168.335,2169.355,2163.965,2165.435
2024-03-25T01:00:00,2165.465,2176.835,2163.885,2175.095
2024-03-25T02:00:00,2175.105,2178.245,2173.685,2175.065
2024-03-25T03:00:00,2175.045,2175.095,2169.945,2170.495
2024-03-25T04:00:00,2170.515,2171.565,2169.095,2169.345
2024-03-25T05:00:00,2169.375,2170.985,2167.615,2169.735
2024-03-25T06:00:00,2169.755,2170.525,2164.205,2165.385
2024-03-25T07:00:00,2165.365,2168.628,2163.455,2165.835
2024-03-25T08:00:00,2165.825,2168.905,2163.705,2165.605
2024-03-25T09:00:00,2165.625,2168.725,2164.225,2168.335
2024-03-25T10:00:00,2168.325,2171.005,2167.555,2168.355
2024-03-25T11:00:00,2168.305,2171.775,2167.845,2170.405
2024-03-25T12:00:00,2170.385,2176.935,2170.235,2174.415
2024-03-25T13:00:00,2174.405,2181.205,2172.925,2177.025
2024-03-25T14:00:00,2177.025,2180.358,2175.245,2177.725
2024-03-25T15:00:00,2177.745,2177.745,2174.825,2175.385
2024-03-25T16:00:00,2175.355,2177.765,2174.985,2175.705
2024-03-25T17:00:00,2175.715,2176.555,2174.115,2174.635
2024-03-25T18:00:00,2174.525,2174.535,2172.945,2173.145
2024-03-25T19:00:00,2173.185,2173.625,2170.645,2170.865
2024-03-25T20:00:00,2170.975,2172.185,2170.615,2171.235
2024-03-25T22:00:00,2171.195,2173.475,2171.088,2171.775
2024-03-25T23:00:00,2171.778,2173.205,2171.155,2172.815
2024-03-26T00:00:00,2172.795,2174.295,2172.198,2173.745
2024-03-26T01:00:00,2173.765,2174.235,2167.458,2169.298
2024-03-26T02:00:00,2169.298,2171.445,2169.105,2170.695
2024-03-26T03:00:00,2170.655,2172.375,2169.495,2170.225
2024-03-26T04:00:00,2170.255,2172.615,2170.065,2172.215
2024-03-26T05:00:00,2172.185,2173.265,2171.275,2172.828
2024-03-26T06:00:00,2172.805,2173.978,2170.385,2171.335
2024-03-26T07:00:00,2171.365,2174.085,2169.525,2172.895
2024-03-26T08:00:00,2172.835,2179.145,2171.445,2178.215
2024-03-26T09:00:00,2178.215,2195.155,2178.215,2190.825
2024-03-26T10:00:00,2190.805,2199.995,2190.675,2197.605
2024-03-26T11:00:00,2197.615,2198.975,2194.945,2196.355
2024-03-26T12:00:00,2196.385,2197.208,2186.515,2187.825
2024-03-26T13:00:00,2187.845,2192.748,2178.275,2182.975
2024-03-26T14:00:00,2182.945,2186.225,2179.025,2179.245
2024-03-26T15:00:00,2179.198,2181.535,2171.595,2174.215
2024-03-26T16:00:00,2174.225,2178.365,2174.155,2176.688
2024-03-26T17:00:00,2176.665,2179.095,2175.855,2176.655
2024-03-26T18:00:00,2176.655,2178.465,2175.808,2177.545
2024-03-26T19:00:00,2177.545,2178.098,2176.425,2177.785
2024-03-26T20:00:00,2177.825,2178.955,2174.508,2178.515
2024-03-26T22:00:00,2178.065,2179.395,2176.898,2178.248
2024-03-26T23:00:00,2178.258,2179.815,2178.048,2179.358
2024-03-27T00:00:00,2179.365,2180.085,2176.625,2177.385
2024-03-27T01:00:00,2177.355,2180.305,2173.275,2174.978
2024-03-27T02:00:00,2174.955,2177.545,2174.605,2175.838
2024-03-27T03:00:00,2175.825,2181.615,2175.585,2177.635
2024-03-27T04:00:00,2177.615,2179.975,2177.255,2178.285
2024-03-27T05:00:00,2178.265,2178.305,2175.625,2176.945
2024-03-27T06:00:00,2176.885,2179.935,2176.435,2177.535
2024-03-27T07:00:00,2177.535,2180.735,2176.905,2180.425
2024-03-27T08:00:00,2180.455,2182.585,2176.445,2177.345
2024-03-27T09:00:00,2177.305,2193.825,2176.495,2189.165
2024-03-27T10:00:00,2189.165,2194.385,2188.645,2193.655
2024-03-27T11:00:00,2193.635,2197.505,2187.095,2188.335
2024-03-27T12:00:00,2188.335,2189.275,2184.278,2185.968
2024-03-27T13:00:00,2185.975,2193.365,2183.435,2193.245
2024-03-27T14:00:00,2193.255,2195.125,2189.698,2193.395
2024-03-27T15:00:00,2193.365,2193.955,2188.295,2190.335
2024-03-27T16:00:00,2190.338,2192.675,2189.825,2192.335
2024-03-27T17:00:00,2192.315,2194.025,2188.975,2190.275
2024-03-27T18:00:00,2190.325,2192.295,2188.925,2192.275
2024-03-27T19:00:00,2192.305,2194.168,2190.745,2193.255
2024-03-27T20:00:00,2193.245,2195.065,2192.825,2194.335
2024-03-27T22:00:00,2193.998,2194.065,2190.065,2192.285
2024-03-27T23:00:00,2192.278,2192.285,2190.528,2190.545
2024-03-28T00:00:00,2190.565,2190.738,2187.225,2188.958
2024-03-28T01:00:00,2188.965,2190.415,2187.378,2189.238
2024-03-28T02:00:00,2189.238,2195.995,2188.968,2194.668
2024-03-28T03:00:00,2194.674,2196.335,2193.954,2194.715
2024-03-28T04:00:00,2194.675,2196.775,2194.318,2195.565
2024-03-28T05:00:00,2195.555,2200.545,2194.375,2197.175
2024-03-28T06:00:00,2197.125,2198.825,2195.115,2198.625
2024-03-28T07:00:00,2198.635,2198.735,2192.545,2193.665
2024-03-28T08:00:00,2193.675,2197.308,2190.725,2194.635
2024-03-28T09:00:00,2194.645,2197.815,2192.385,2197.764
2024-03-28T10:00:00,2197.774,2213.635,2197.055,2212.085
2024-03-28T11:00:00,2212.265,2213.225,2207.085,2210.325
2024-03-28T12:00:00,2210.295,2216.805,2205.685,2215.605
2024-03-28T13:00:00,2215.615,2216.975,2202.094,2206.475
2024-03-28T14:00:00,2206.465,2214.885,2204.165,2214.295
2024-03-28T15:00:00,2214.205,2216.868,2212.085,2215.768
2024-03-28T16:00:00,2215.768,2225.365,2213.295,2220.285
2024-03-28T17:00:00,2220.305,2223.145,2216.608,2221.838
2024-03-28T18:00:00,2221.845,2222.295,2218.224,2220.375
2024-03-28T19:00:00,2220.365,2222.128,2217.824,2221.635
2024-03-28T20:00:00,2221.625,2236.015,2219.505,2232.698
2024-03-31T22:00:00,2238.435,2245.185,2234.845,2236.805
2024-03-31T23:00:00,2236.808,2247.265,2235.525,2245.885
2024-04-01T00:00:00,2245.935,2256.295,2243.755,2249.955
2024-04-01T01:00:00,2249.995,2259.495,2249.995,2255.755
2024-04-01T02:00:00,2255.765,2258.095,2254.915,2257.315
2024-04-01T03:00:00,2257.305,2265.035,2256.515,2264.325
2024-04-01T04:00:00,2264.345,2265.585,2258.035,2260.255
2024-04-01T05:00:00,2260.245,2263.285,2257.845,2261.515
2024-04-01T06:00:00,2261.495,2262.725,2258.865,2260.175
2024-04-01T07:00:00,2260.175,2262.975,2256.785,2257.358
2024-04-01T08:00:00,2257.355,2260.085,2255.658,2257.195
2024-04-01T09:00:00,2257.205,2258.275,2249.035,2251.685
2024-04-01T10:00:00,2251.705,2253.355,2245.435,2247.745
2024-04-01T11:00:00,2247.765,2250.915,2246.445,2246.745
2024-04-01T12:00:00,2246.745,2252.545,2243.515,2252.435
2024-04-01T13:00:00,2252.455,2257.758,2239.194,2246.345
2024-04-01T14:00:00,2246.365,2246.365,2228.395,2235.815
2024-04-01T15:00:00,2235.805,2240.525,2233.605,2239.625
2024-04-01T16:00:00,2239.605,2243.375,2237.025,2238.015
2024-04-01T17:00:00,2238.025,2239.235,2234.635,2239.075
2024-04-01T18:00:00,2239.095,2241.195,2238.005,2239.228
2024-04-01T19:00:00,2239.235,2244.648,2238.958,2244.648
2024-04-01T20:00:00,2244.648,2252.345,2242.948,2251.585
2024-04-01T22:00:00,2251.268,2255.745,2248.695,2253.415
2024-04-01T23:00:00,2253.415,2253.515,2248.508,2248.885
2024-04-02T00:00:00,2248.865,2253.468,2247.725,2250.215
2024-04-02T01:00:00,2250.188,2250.188,2246.585,2248.875
2024-04-02T02:00:00,2248.855,2254.958,2247.695,2254.155
2024-04-02T03:00:00,2254.125,2255.165,2251.175,2251.485
2024-04-02T04:00:00,2251.585,2259.798,2250.295,2256.565
2024-04-02T05:00:00,2256.565,2256.978,2252.135,2253.515
2024-04-02T06:00:00,2253.525,2256.025,2252.265,2255.585
2024-04-02T07:00:00,2255.575,2257.535,2253.085,2256.315
2024-04-02T08:00:00,2256.315,2262.725,2256.075,2260.985
2024-04-02T09:00:00,2260.985,2266.695,2259.515,2260.635
2024-04-02T10:00:00,2260.615,2264.615,2255.168,2262.025
2024-04-02T11:00:00,2262.025,2262.025,2255.885,2260.495
2024-04-02T12:00:00,2260.555,2261.405,2253.235,2257.435
2024-04-02T13:00:00,2257.415,2266.664,2254.408,2265.125
2024-04-02T14:00:00,2265.124,2276.858,2257.178,2260.675
2024-04-02T15:00:00,2260.675,2261.155,2250.785,2258.528
2024-04-02T16:00:00,2258.525,2261.345,2254.035,2260.165
2024-04-02T17:00:00,2260.195,2266.515,2259.415,2265.805
2024-04-02T18:00:00,2265.835,2272.645,2265.325,2271.365
2024-04-02T19:00:00,2271.365,2279.325,2270.965,2277.348
2024-04-02T20:00:00,2277.375,2280.945,2275.635,2280.145
2024-04-02T22:00:00,2280.355,2288.185,2279.558,2281.565
2024-04-02T23:00:00,2281.685,2283.595,2277.685,2279.845
2024-04-03T00:00:00,2279.674,2285.765,2279.205,2283.215
2024-04-03T01:00:00,2283.255,2283.415,2276.564,2282.378
2024-04-03T02:00:00,2282.378,2284.475,2281.445,2283.325
2024-04-03T03:00:00,2283.325,2287.885,2283.105,2284.985
2024-04-03T04:00:00,2285.025,2286.898,2283.625,2283.655
2024-04-03T05:00:00,2283.655,2285.905,2280.804,2285.875
2024-04-03T06:00:00,2285.875,2285.905,2280.875,2281.828
2024-04-03T07:00:00,2281.825,2281.868,2270.338,2271.075
2024-04-03T08:00:00,2271.065,2275.995,2267.558,2273.105
2024-04-03T09:00:00,2273.085,2274.645,2269.565,2271.845
2024-04-03T10:00:00,2271.845,2273.225,2269.845,2272.585
2024-04-03T11:00:00,2272.615,2274.324,2268.715,2273.598
2024-04-03T12:00:00,2273.565,2275.085,2265.405,2274.745
2024-04-03T13:00:00,2274.825,2278.775,2271.535,2274.995
2024-04-03T14:00:00,2274.995,2285.208,2274.105,2282.605
2024-04-03T15:00:00,2282.605,2288.245,2280.538,2286.215
2024-04-03T16:00:00,2286.215,2295.075,2280.605,2293.685
2024-04-03T17:00:00,2293.685,2295.408,2288.785,2294.858
2024-04-03T18:00:00,2294.855,2297.725,2293.755,2296.295
2024-04-03T19:00:00,2296.285,2298.745,2294.408,2297.365
2024-04-03T20:00:00,2297.485,2301.035,2297.165,2299.755
2024-04-03T22:00:00,2299.025,2302.555,2298.735,2301.605
2024-04-03T23:00:00,2301.605,2301.605,2296.245,2297.445
2024-04-04T00:00:00,2297.515,2302.455,2297.235,2302.175
2024-04-04T01:00:00,2302.195,2304.795,2297.435,2300.965
2024-04-04T02:00:00,2301.035,2302.015,2297.705,2299.495
2024-04-04T03:00:00,2299.455,2300.475,2297.535,2299.015
2024-04-04T04:00:00,2299.078,2300.095,2298.195,2298.705
2024-04-04T05:00:00,2298.705,2300.558,2294.915,2295.165
2024-04-04T06:00:00,2295.165,2297.275,2294.735,2295.665
2024-04-04T07:00:00,2295.665,2298.028,2291.755,2292.925
2024-04-04T08:00:00,2292.904,2294.385,2290.945,2291.435
2024-04-04T09:00:00,2291.428,2294.025,2290.665,2293.145
2024-04-04T10:00:00,2293.185,2294.995,2292.478,2294.405
2024-04-04T11:00:00,2294.425,2295.045,2288.745,2289.205
2024-04-04T12:00:00,2289.235,2289.875,2282.604,2288.105
2024-04-04T13:00:00,2288.115,2291.024,2284.655,2287.435
2024-04-04T14:00:00,2287.414,2299.305,2287.035,2295.018
2024-04-04T15:00:00,2295.015,2295.428,2290.225,2291.985
2024-04-04T16:00:00,2291.914,2293.055,2286.335,2286.708
2024-04-04T17:00:00,2286.705,2293.955,2286.255,2293.885
2024-04-04T18:00:00,2293.885,2305.425,2292.855,2303.975
2024-04-04T19:00:00,2304.005,2304.585,2279.688,2284.775
2024-04-04T20:00:00,2284.725,2291.585,2284.725,2290.605
2024-04-04T22:00:00,2290.128,2293.265,2288.215,2289.565
2024-04-04T23:00:00,2289.574,2291.028,2288.585,2288.635
2024-04-05T00:00:00,2288.675,2290.255,2282.715,2283.035
2024-04-05T01:00:00,2283.015,2284.045,2267.605,2271.725
2024-04-05T02:00:00,2271.635,2274.655,2270.785,2273.665
2024-04-05T03:00:00,2273.635,2279.305,2273.465,2276.595
2024-04-05T04:00:00,2276.655,2279.755,2276.485,2277.975
2024-04-05T05:00:00,2277.905,2282.215,2277.345,2279.705
2024-04-05T06:00:00,2279.685,2283.075,2276.455,2279.055
2024-04-05T07:00:00,2279.035,2290.495,2278.965,2289.075
2024-04-05T08:00:00,2289.045,2291.685,2284.768,2288.015
2024-04-05T09:00:00,2288.045,2293.515,2286.578,2290.935
2024-04-05T10:00:00,2290.905,2295.985,2290.645,2293.838
2024-04-05T11:00:00,2293.805,2294.528,2289.698,2291.055
2024-04-05T12:00:00,2290.905,2295.855,2280.235,2290.705
2024-04-05T13:00:00,2290.738,2303.498,2286.945,2299.645
2024-04-05T14:00:00,2299.615,2324.588,2295.795,2317.415
2024-04-05T15:00:00,2317.428,2328.278,2315.124,2326.085
2024-04-05T16:00:00,2326.085,2329.378,2322.048,2327.075
2024-04-05T17:00:00,2327.165,2330.345,2324.385,2326.035
2024-04-05T18:00:00,2326.038,2328.235,2323.428,2325.195
2024-04-05T19:00:00,2325.175,2325.215,2320.575,2323.115
2024-04-05T20:00:00,2323.165,2330.025,2322.745,2328.195
2024-04-07T22:00:00,2323.125,2328.255,2303.705,2307.415
2024-04-07T23:00:00,2307.405,2314.135,2305.955,2311.115
2024-04-08T00:00:00,2311.195,2311.874,2305.975,2306.085
2024-04-08T01:00:00,2306.025,2325.015,2302.755,2324.185
2024-04-08T02:00:00,2324.185,2353.835,2321.575,2348.015
2024-04-08T03:00:00,2348.015,2349.815,2340.908,2345.425
2024-04-08T04:00:00,2345.435,2345.505,2339.845,2342.038
2024-04-08T05:00:00,2342.058,2343.518,2331.748,2334.555
2024-04-08T06:00:00,2334.675,2341.265,2331.705,2336.058
2024-04-08T07:00:00,2336.078,2338.835,2333.645,2337.695
2024-04-08T08:00:00,2337.695,2341.415,2333.215,2336.245
2024-04-08T09:00:00,2336.245,2337.775,2334.035,2337.338
2024-04-08T10:00:00,2337.314,2343.435,2334.978,2339.985
2024-04-08T11:00:00,2340.145,2342.335,2336.328,2337.225
2024-04-08T12:00:00,2337.235,2337.905,2322.555,2328.905
2024-04-08T13:00:00,2328.905,2335.565,2325.475,2327.238
2024-04-08T14:00:00,2327.295,2329.155,2318.575,2328.698
2024-04-08T15:00:00,2328.715,2331.585,2325.558,2327.795
2024-04-08T16:00:00,2327.885,2330.135,2325.925,2328.378
2024-04-08T17:00:00,2328.405,2339.068,2327.475,2337.835
2024-04-08T18:00:00,2337.845,2341.905,2336.855,2338.835
2024-04-08T19:00:00,2338.915,2340.525,2337.015,2338.305
2024-04-08T20:00:00,2338.305,2339.285,2337.825,2338.845
2024-04-08T22:00:00,2338.675,2338.878,2336.795,2338.575
2024-04-08T23:00:00,2338.598,2340.375,2337.555,2338.685
2024-04-09T00:00:00,2338.685,2341.558,2338.465,2340.775
2024-04-09T01:00:00,2340.775,2348.345,2337.725,2339.805
2024-04-09T02:00:00,2339.795,2345.665,2338.308,2345.118
2024-04-09T03:00:00,2345.118,2346.435,2343.045,2343.855
2024-04-09T04:00:00,2343.855,2346.095,2342.948,2344.085
2024-04-09T05:00:00,2344.085,2347.865,2343.835,2344.935
2024-04-09T06:00:00,2344.948,2346.715,2342.984,2344.398
2024-04-09T07:00:00,2344.388,2356.805,2344.255,2353.855
2024-04-09T08:00:00,2353.855,2359.098,2351.265,2357.438
2024-04-09T09:00:00,2357.525,2365.185,2357.165,2363.125
2024-04-09T10:00:00,2363.095,2364.125,2355.728,2356.325
2024-04-09T11:00:00,2356.285,2356.518,2349.465,2354.455
2024-04-09T12:00:00,2354.455,2357.285,2345.628,2349.335
2024-04-09T13:00:00,2349.305,2360.885,2348.015,2355.305
2024-04-09T14:00:00,2355.275,2364.135,2345.055,2352.735
2024-04-09T15:00:00,2352.785,2353.545,2338.125,2340.225
2024-04-09T16:00:00,2340.218,2346.938,2339.975,2344.905
2024-04-09T17:00:00,2344.905,2349.618,2341.855,2347.195
2024-04-09T18:00:00,2347.195,2349.878,2345.408,2349.485
2024-04-09T19:00:00,2349.465,2351.428,2345.135,2351.055
2024-04-09T20:00:00,2351.055,2354.405,2350.535,2352.675
2024-04-09T22:00:00,2352.308,2354.035,2350.328,2352.184
2024-04-09T23:00:00,2352.175,2355.148,2351.355,2354.775
2024-04-10T00:00:00,2354.715,2355.465,2350.905,2351.555
2024-04-10T01:00:00,2351.555,2351.895,2344.665,2349.345
2024-04-10T02:00:00,2349.345,2354.215,2348.865,2352.035
2024-04-10T03:00:00,2352.055,2353.475,2350.555,2351.225
2024-04-10T04:00:00,2351.205,2356.735,2350.825,2356.155
2024-04-10T05:00:00,2356.165,2360.065,2355.705,2357.355
2024-04-10T06:00:00,2357.445,2359.835,2353.738,2356.035
2024-04-10T07:00:00,2356.025,2357.655,2352.465,2352.965
2024-04-10T08:00:00,2353.138,2355.795,2352.275,2354.465
2024-04-10T09:00:00,2354.465,2354.735,2344.815,2347.474
2024-04-10T10:00:00,2347.464,2350.055,2345.138,2347.385
2024-04-10T11:00:00,2347.385,2349.295,2344.715,2346.935
2024-04-10T12:00:00,2346.915,2350.598,2328.0,2338.265
2024-04-10T13:00:00,2338.265,2339.425,2319.265,2333.785
2024-04-10T14:00:00,2333.865,2352.285,2332.075,2346.125
2024-04-10T15:00:00,2346.145,2347.565,2329.985,2336.925
2024-04-10T16:00:00,2336.895,2340.695,2335.775,2337.135
2024-04-10T17:00:00,2337.165,2345.125,2325.715,2337.655
2024-04-10T18:00:00,2337.655,2340.825,2326.165,2327.365
2024-04-10T19:00:00,2327.415,2330.895,2327.085,2329.625
2024-04-10T20:00:00,2329.505,2334.175,2329.465,2333.445
2024-04-10T22:00:00,2333.414,2336.725,2333.414,2335.815
2024-04-10T23:00:00,2335.815,2337.175,2333.975,2335.435
2024-04-11T00:00:00,2335.495,2335.855,2333.195,2335.085
2024-04-11T01:00:00,2335.045,2342.155,2333.935,2340.525
2024-04-11T02:00:00,2340.505,2345.715,2339.395,2343.765
2024-04-11T03:00:00,2343.765,2346.765,2342.865,2343.825
2024-04-11T04:00:00,2343.835,2346.005,2341.395,2342.805
2024-04-11T05:00:00,2342.905,2344.475,2338.765,2341.885
2024-04-11T06:00:00,2341.865,2342.105,2333.785,2335.878
2024-04-11T07:00:00,2335.904,2340.645,2335.105,2336.325
2024-04-11T08:00:00,2336.345,2337.858,2325.655,2327.858
2024-04-11T09:00:00,2327.858,2335.205,2327.795,2330.678
2024-04-11T10:00:00,2330.678,2339.075,2330.545,2338.405
2024-04-11T11:00:00,2338.435,2339.498,2335.495,2337.135
2024-04-11T12:00:00,2337.135,2344.275,2331.645,2341.235
2024-04-11T13:00:00,2341.195,2347.345,2336.815,2343.185
2024-04-11T14:00:00,2343.155,2346.735,2332.195,2338.925
2024-04-11T15:00:00,2338.865,2345.475,2337.525,2344.655
2024-04-11T16:00:00,2344.665,2350.695,2342.575,2349.705
2024-04-11T17:00:00,2349.745,2357.195,2348.018,2356.165
2024-04-11T18:00:00,2356.105,2364.928,2355.585,2361.375
2024-04-11T19:00:00,2361.385,2374.505,2361.345,2372.745
2024-04-11T20:00:00,2372.885,2377.545,2371.425,2371.705
2024-04-11T22:00:00,2371.498,2379.455,2370.724,2373.715
2024-04-11T23:00:00,2373.728,2377.005,2373.654,2376.725
2024-04-12T00:00:00,2376.965,2379.055,2374.485,2378.625
2024-04-12T01:00:00,2378.755,2391.305,2378.665,2390.705
2024-04-12T02:00:00,2390.605,2395.265,2387.795,2390.365
2024-04-12T03:00:00,2390.365,2391.055,2382.828,2384.105
2024-04-12T04:00:00,2384.095,2386.975,2382.685,2384.085
2024-04-12T05:00:00,2384.085,2389.975,2383.325,2387.325
2024-04-12T06:00:00,2387.274,2395.105,2384.605,2395.005
2024-04-12T07:00:00,2394.975,2400.215,2392.695,2399.865
2024-04-12T08:00:00,2399.875,2400.575,2394.045,2396.645
2024-04-12T09:00:00,2396.685,2400.135,2393.245,2398.065
2024-04-12T10:00:00,2398.085,2400.345,2395.825,2398.025
2024-04-12T11:00:00,2398.015,2398.095,2390.315,2395.325
2024-04-12T12:00:00,2395.325,2397.505,2391.515,2395.698
2024-04-12T13:00:00,2395.715,2406.405,2393.315,2404.105
2024-04-12T14:00:00,2404.428,2428.955,2400.135,2426.575
2024-04-12T15:00:00,2426.485,2431.385,2381.945,2395.505
2024-04-12T16:00:00,2395.435,2395.435,2360.674,2369.135
2024-04-12T17:00:00,2369.185,2372.935,2346.265,2354.994
2024-04-12T18:00:00,2354.964,2356.525,2335.325,2338.685
2024-04-12T19:00:00,2338.745,2345.315,2333.755,2343.295
2024-04-12T20:00:00,2343.295,2345.005,2341.635,2343.285
2024-04-14T22:00:00,2352.098,2372.435,2346.735,2356.765
2024-04-14T23:00:00,2356.415,2365.275,2354.855,2364.585
2024-04-15T00:00:00,2364.645,2365.755,2350.385,2353.195
2024-04-15T01:00:00,2353.195,2359.655,2348.255,2355.575
2024-04-15T02:00:00,2355.575,2364.625,2353.465,2359.495
2024-04-15T03:00:00,2359.515,2360.275,2354.608,2358.475
2024-04-15T04:00:00,2358.385,2358.605,2355.555,2356.525
2024-04-15T05:00:00,2356.485,2362.335,2351.915,2361.005
2024-04-15T06:00:00,2360.985,2361.415,2353.005,2354.675
2024-04-15T07:00:00,2354.675,2356.325,2349.865,2353.035
2024-04-15T08:00:00,2353.015,2355.935,2344.615,2351.535
2024-04-15T09:00:00,2351.535,2353.415,2346.185,2349.445
2024-04-15T10:00:00,2349.505,2356.935,2349.108,2356.648
2024-04-15T11:00:00,2356.635,2361.075,2355.438,2357.875
2024-04-15T12:00:00,2357.878,2359.185,2350.804,2357.205
2024-04-15T13:00:00,2357.185,2361.015,2343.015,2348.625
2024-04-15T14:00:00,2348.605,2352.345,2323.858,2349.325
2024-04-15T15:00:00,2349.325,2352.455,2342.475,2351.555
2024-04-15T16:00:00,2351.555,2359.908,2346.065,2357.085
2024-04-15T17:00:00,2357.085,2370.585,2353.988,2365.345
2024-04-15T18:00:00,2365.335,2378.048,2363.565,2375.825
2024-04-15T19:00:00,2375.825,2387.448,2373.875,2386.305
2024-04-15T20:00:00,2386.305,2386.514,2379.985,2382.835
2024-04-15T22:00:00,2382.238,2392.035,2380.598,2384.215
2024-04-15T23:00:00,2384.215,2387.155,2380.975,2381.825
2024-04-16T00:00:00,2381.744,2387.458,2380.045,2383.305
2024-04-16T01:00:00,2383.305,2386.778,2379.185,2383.565
2024-04-16T02:00:00,2383.615,2387.845,2379.385,2385.985
2024-04-16T03:00:00,2385.995,2389.198,2384.285,2387.818
2024-04-16T04:00:00,2387.825,2388.125,2383.925,2385.975
2024-04-16T05:00:00,2385.965,2388.935,2384.795,2386.245
2024-04-16T06:00:00,2386.235,2388.025,2368.594,2372.885
2024-04-16T07:00:00,2372.805,2375.138,2362.844,2365.385
2024-04-16T08:00:00,2365.445,2371.805,2365.035,2369.265
2024-04-16T09:00:00,2369.268,2373.094,2367.415,2372.165
2024-04-16T10:00:00,2372.185,2375.228,2368.575,2370.055
2024-04-16T11:00:00,2370.115,2375.145,2369.595,2373.888
2024-04-16T12:00:00,2373.878,2378.138,2368.385,2376.035
2024-04-16T13:00:00,2376.055,2379.138,2365.128,2366.205
2024-04-16T14:00:00,2366.245,2383.218,2363.435,2382.865
2024-04-16T15:00:00,2382.865,2392.908,2377.815,2385.865
2024-04-16T16:00:00,2385.928,2398.128,2385.415,2397.355
2024-04-16T17:00:00,2397.405,2397.535,2379.615,2384.595
2024-04-16T18:00:00,2384.525,2396.298,2383.445,2392.205
2024-04-16T19:00:00,2392.184,2395.068,2388.928,2389.528
2024-04-16T20:00:00,2389.485,2390.175,2378.275,2382.335
2024-04-16T22:00:00,2381.725,2386.855,2381.074,2384.745
2024-04-16T23:00:00,2384.745,2386.665,2382.335,2382.575
2024-04-17T00:00:00,2382.585,2384.575,2380.615,2384.325
2024-04-17T01:00:00,2384.365,2385.465,2381.225,2384.555
2024-04-17T02:00:00,2384.555,2386.105,2382.205,2382.275
2024-04-17T03:00:00,2382.145,2383.595,2380.615,2381.605
2024-04-17T04:00:00,2381.588,2382.918,2380.185,2381.925
2024-04-17T05:00:00,2381.875,2381.935,2374.045,2377.535
2024-04-17T06:00:00,2377.475,2381.438,2372.575,2380.915
2024-04-17T07:00:00,2380.905,2383.185,2377.778,2382.378
2024-04-17T08:00:00,2382.378,2393.434,2382.378,2392.815
2024-04-17T09:00:00,2392.865,2394.165,2389.695,2391.975
2024-04-17T10:00:00,2392.045,2393.705,2384.915,2386.535
2024-04-17T11:00:00,2386.535,2390.255,2385.725,2387.195
2024-04-17T12:00:00,2387.215,2387.945,2378.248,2383.165
2024-04-17T13:00:00,2383.135,2395.035,2382.875,2393.215
2024-04-17T14:00:00,2393.215,2395.448,2385.995,2390.375
2024-04-17T15:00:00,2390.425,2393.475,2381.828,2382.075
2024-04-17T16:00:00,2382.075,2384.335,2360.955,2372.375
2024-04-17T17:00:00,2372.305,2375.895,2368.005,2372.095
2024-04-17T18:00:00,2372.078,2379.045,2371.735,2374.265
2024-04-17T19:00:00,2374.265,2375.015,2367.735,2372.555
2024-04-17T20:00:00,2372.545,2373.195,2354.435,2360.395
2024-04-17T22:00:00,2361.674,2367.575,2361.375,2365.075
2024-04-17T23:00:00,2365.085,2368.045,2363.535,2367.815
2024-04-18T00:00:00,2367.815,2369.955,2366.765,2369.705
2024-04-18T01:00:00,2369.655,2371.915,2363.965,2367.185
2024-04-18T02:00:00,2367.185,2374.805,2366.605,2372.908
2024-04-18T03:00:00,2372.915,2375.205,2372.258,2374.735
2024-04-18T04:00:00,2374.655,2376.355,2373.148,2374.928
2024-04-18T05:00:00,2375.025,2377.025,2373.708,2376.645
2024-04-18T06:00:00,2376.635,2380.825,2376.195,2380.575
2024-04-18T07:00:00,2380.478,2380.855,2374.825,2377.715
2024-04-18T08:00:00,2377.698,2380.695,2377.245,2379.855
2024-04-18T09:00:00,2379.855,2380.645,2377.675,2379.448
2024-04-18T10:00:00,2379.425,2383.885,2377.155,2382.915
2024-04-18T11:00:00,2382.915,2385.195,2378.868,2380.795
2024-04-18T12:00:00,2380.795,2387.348,2380.425,2385.315
2024-04-18T13:00:00,2385.305,2392.624,2375.295,2379.545
2024-04-18T14:00:00,2379.494,2384.765,2369.468,2379.848
2024-04-18T15:00:00,2379.848,2385.365,2378.445,2383.978
2024-04-18T16:00:00,2383.978,2388.658,2381.425,2387.855
2024-04-18T17:00:00,2387.945,2389.228,2382.138,2384.735
2024-04-18T18:00:00,2384.715,2384.715,2379.485,2381.465
2024-04-18T19:00:00,2381.505,2385.005,2378.025,2380.095
2024-04-18T20:00:00,2380.095,2380.345,2376.845,2379.055
2024-04-18T22:00:00,2377.898,2380.505,2377.898,2379.005
2024-04-18T23:00:00,2379.024,2381.375,2378.928,2379.795
2024-04-19T00:00:00,2379.685,2379.775,2373.685,2379.355
2024-04-19T01:00:00,2379.345,2417.745,2378.705,2409.295
2024-04-19T02:00:00,2409.274,2414.815,2395.308,2400.265
2024-04-19T03:00:00,2400.235,2402.385,2382.708,2391.235
2024-04-19T04:00:00,2391.235,2391.265,2379.195,2383.405
2024-04-19T05:00:00,2383.475,2384.315,2380.105,2381.225
2024-04-19T06:00:00,2381.205,2391.708,2378.505,2389.915
2024-04-19T07:00:00,2389.915,2393.795,2384.525,2385.255
2024-04-19T08:00:00,2385.195,2386.208,2377.875,2384.115
2024-04-19T09:00:00,2384.165,2386.005,2379.805,2380.855
2024-04-19T10:00:00,2380.855,2382.984,2379.225,2380.985
2024-04-19T11:00:00,2380.985,2381.195,2372.805,2376.735
2024-04-19T12:00:00,2376.735,2384.294,2374.435,2381.425
2024-04-19T13:00:00,2381.335,2386.698,2373.005,2378.605
2024-04-19T14:00:00,2378.655,2391.768,2378.545,2390.985
2024-04-19T15:00:00,2390.995,2395.895,2389.145,2394.765
2024-04-19T16:00:00,2394.715,2399.555,2389.725,2399.515
2024-04-19T17:00:00,2399.515,2401.845,2392.218,2393.515
2024-04-19T18:00:00,2393.525,2398.015,2392.638,2398.005
2024-04-19T19:00:00,2398.105,2398.105,2386.565,2387.495
2024-04-19T20:00:00,2387.455,2392.088,2386.595,2390.295
2024-04-21T22:00:00,2387.635,2388.425,2381.275,2383.545
2024-04-21T23:00:00,2383.648,2387.745,2382.775,2386.405
2024-04-22T00:00:00,2386.405,2386.455,2380.915,2382.065
2024-04-22T01:00:00,2381.985,2384.175,2375.945,2377.915
2024-04-22T02:00:00,2377.915,2377.955,2372.545,2372.605
2024-04-22T03:00:00,2372.585,2372.625,2361.664,2369.285
2024-04-22T04:00:00,2369.345,2372.805,2368.635,2369.565
2024-04-22T05:00:00,2369.675,2370.385,2360.755,2365.425
2024-04-22T06:00:00,2365.355,2366.925,2351.265,2355.715
2024-04-22T07:00:00,2355.715,2360.955,2354.965,2360.865
2024-04-22T08:00:00,2360.845,2362.965,2357.745,2359.475
2024-04-22T09:00:00,2359.445,2363.565,2358.975,2361.105
2024-04-22T10:00:00,2361.105,2361.315,2356.025,2357.514
2024-04-22T11:00:00,2357.514,2357.528,2339.295,2342.085
2024-04-22T12:00:00,2342.085,2350.228,2332.935,2336.745
2024-04-22T13:00:00,2336.735,2343.635,2330.965,2338.308
2024-04-22T14:00:00,2338.325,2343.685,2333.018,2341.135
2024-04-22T15:00:00,2341.125,2341.725,2332.685,2334.595
2024-04-22T16:00:00,2334.595,2336.345,2328.948,2329.695
2024-04-22T17:00:00,2329.705,2334.765,2329.568,2329.928
2024-04-22T18:00:00,2329.945,2330.838,2324.555,2327.465
2024-04-22T19:00:00,2327.475,2331.535,2327.245,2329.145
2024-04-22T20:00:00,2329.125,2330.085,2325.225,2326.385
2024-04-22T22:00:00,2326.825,2331.345,2326.765,2330.238
2024-04-22T23:00:00,2330.278,2333.815,2327.995,2333.665
2024-04-23T00:00:00,2333.595,2333.715,2329.985,2332.535
2024-04-23T01:00:00,2332.515,2334.305,2295.408,2298.765
2024-04-23T02:00:00,2298.845,2314.175,2298.225,2301.735
2024-04-23T03:00:00,2301.715,2307.135,2300.794,2302.465
2024-04-23T04:00:00,2302.485,2307.995,2301.645,2305.405
2024-04-23T05:00:00,2305.288,2314.605,2304.245,2308.105
2024-04-23T06:00:00,2308.078,2309.905,2298.718,2301.825
2024-04-23T07:00:00,2301.825,2311.095,2301.095,2308.895
2024-04-23T08:00:00,2308.905,2309.605,2301.795,2303.115
2024-04-23T09:00:00,2303.125,2303.305,2291.265,2295.555
2024-04-23T10:00:00,2295.555,2306.024,2295.375,2303.155
2024-04-23T11:00:00,2303.125,2303.125,2299.535,2302.035
2024-04-23T12:00:00,2302.055,2313.495,2301.125,2311.705
2024-04-23T13:00:00,2311.705,2330.685,2309.398,2329.475
2024-04-23T14:00:00,2329.285,2332.045,2314.345,2320.255
2024-04-23T15:00:00,2320.295,2324.375,2315.115,2323.145
2024-04-23T16:00:00,2323.125,2331.028,2321.585,2330.204
2024-04-23T17:00:00,2330.204,2331.214,2324.938,2326.195
2024-04-23T18:00:00,2326.195,2329.615,2323.495,2324.118
2024-04-23T19:00:00,2324.118,2324.915,2321.115,2322.168
2024-04-23T20:00:00,2322.198,2323.185,2321.305,2321.535
2024-04-23T22:00:00,2321.498,2322.905,2321.205,2321.625
2024-04-23T23:00:00,2321.725,2324.165,2321.715,2323.155
2024-04-24T00:00:00,2323.215,2323.455,2320.595,2320.775
2024-04-24T01:00:00,2320.795,2323.015,2315.958,2318.185
2024-04-24T02:00:00,2318.195,2322.065,2315.725,2321.505
2024-04-24T03:00:00,2321.545,2328.045,2320.745,2327.815
2024-04-24T04:00:00,2327.815,2329.975,2325.065,2326.575
2024-04-24T05:00:00,2326.525,2329.765,2324.385,2328.745
2024-04-24T06:00:00,2328.735,2331.215,2324.125,2326.705
2024-04-24T07:00:00,2326.705,2326.705,2320.575,2320.575
2024-04-24T08:00:00,2320.595,2321.835,2315.955,2319.055
2024-04-24T09:00:00,2319.075,2319.205,2311.635,2314.925
2024-04-24T10:00:00,2314.955,2318.415,2314.215,2316.715
2024-04-24T11:00:00,2316.695,2316.935,2313.095,2316.035
2024-04-24T12:00:00,2316.015,2323.315,2311.985,2323.115
2024-04-24T13:00:00,2323.108,2325.885,2315.725,2321.105
2024-04-24T14:00:00,2321.198,2330.248,2316.765,2329.578
2024-04-24T15:00:00,2329.588,2337.128,2322.458,2322.465
2024-04-24T16:00:00,2322.455,2326.265,2321.738,2324.978
2024-04-24T17:00:00,2324.974,2330.395,2321.815,2324.315
2024-04-24T18:00:00,2324.335,2324.595,2318.475,2320.355
2024-04-24T19:00:00,2320.378,2322.345,2317.665,2318.858
2024-04-24T20:00:00,2318.885,2319.455,2313.555,2315.715
2024-04-24T22:00:00,2314.655,2318.505,2314.565,2317.795
2024-04-24T23:00:00,2317.795,2318.078,2315.365,2316.085
2024-04-25T00:00:00,2316.085,2319.325,2315.278,2319.085
2024-04-25T01:00:00,2319.055,2320.605,2315.945,2319.095
2024-04-25T02:00:00,2319.095,2321.985,2318.758,2319.725
2024-04-25T03:00:00,2319.655,2320.585,2304.898,2313.075
2024-04-25T04:00:00,2313.084,2315.765,2312.275,2315.198
2024-04-25T05:00:00,2315.185,2320.665,2314.355,2319.395
2024-04-25T06:00:00,2319.478,2323.455,2317.665,2322.635
2024-04-25T07:00:00,2322.604,2326.075,2320.145,2325.555
2024-04-25T08:00:00,2325.555,2328.725,2324.788,2326.768
2024-04-25T09:00:00,2326.755,2327.475,2323.995,2324.865
2024-04-25T10:00:00,2324.865,2328.595,2324.158,2328.025
2024-04-25T11:00:00,2328.038,2330.478,2326.548,2328.425
2024-04-25T12:00:00,2328.425,2334.595,2323.215,2330.575
2024-04-25T13:00:00,2330.615,2331.065,2312.734,2318.765
2024-04-25T14:00:00,2318.845,2344.708,2316.865,2333.804
2024-04-25T15:00:00,2333.694,2336.575,2327.005,2330.265
2024-04-25T16:00:00,2330.265,2332.305,2322.855,2328.605
2024-04-25T17:00:00,2328.615,2332.165,2326.108,2332.095
2024-04-25T18:00:00,2332.145,2334.885,2330.488,2332.955
2024-04-25T19:00:00,2332.848,2336.288,2331.458,2332.795
2024-04-25T20:00:00,2332.815,2333.578,2330.775,2331.735
2024-04-25T22:00:00,2331.675,2333.305,2331.298,2332.395
2024-04-25T23:00:00,2332.365,2332.475,2329.995,2330.545
2024-04-26T00:00:00,2330.535,2331.255,2328.605,2329.735
2024-04-26T01:00:00,2329.705,2333.075,2326.165,2332.045
2024-04-26T02:00:00,2331.945,2336.128,2331.075,2333.725
2024-04-26T03:00:00,2333.765,2334.765,2332.078,2334.565
2024-04-26T04:00:00,2334.575,2338.038,2333.435,2335.835
2024-04-26T05:00:00,2335.805,2338.465,2333.818,2337.725
2024-04-26T06:00:00,2337.715,2343.045,2337.285,2340.828
2024-04-26T07:00:00,2340.825,2347.088,2338.025,2345.405
2024-04-26T08:00:00,2345.415,2350.035,2343.965,2346.848
2024-04-26T09:00:00,2346.895,2352.418,2346.678,2349.215
2024-04-26T10:00:00,2349.275,2350.305,2345.605,2347.908
2024-04-26T11:00:00,2347.908,2348.428,2343.268,2344.775
2024-04-26T12:00:00,2344.785,2351.428,2340.385,2344.625
2024-04-26T13:00:00,2344.675,2350.225,2336.815,2341.315
2024-04-26T14:00:00,2341.325,2345.155,2328.605,2333.455
2024-04-26T15:00:00,2333.475,2337.545,2331.165,2336.615
2024-04-26T16:00:00,2336.595,2338.815,2332.915,2333.505
2024-04-26T17:00:00,2333.505,2340.195,2332.565,2338.395
2024-04-26T18:00:00,2338.395,2341.275,2337.618,2340.785
2024-04-26T19:00:00,2340.785,2340.785,2336.005,2339.915
2024-04-26T20:00:00,2339.915,2340.045,2336.298,2337.245
2024-04-28T22:00:00,2336.065,2337.095,2332.405,2334.545
2024-04-28T23:00:00,2334.545,2336.725,2334.145,2335.845
2024-04-29T00:00:00,2335.775,2336.145,2330.535,2331.985
2024-04-29T01:00:00,2331.985,2331.985,2319.728,2330.918
2024-04-29T02:00:00,2330.895,2331.395,2323.978,2324.145
2024-04-29T03:00:00,2324.124,2329.285,2323.525,2328.338
2024-04-29T04:00:00,2328.338,2333.165,2327.255,2332.545
2024-04-29T05:00:00,2332.555,2336.425,2329.235,2330.385
2024-04-29T06:00:00,2330.395,2333.515,2327.325,2329.095
2024-04-29T07:00:00,2329.145,2337.805,2328.985,2337.165
2024-04-29T08:00:00,2337.065,2341.155,2336.038,2337.955
2024-04-29T09:00:00,2337.975,2344.285,2336.565,2343.075
2024-04-29T10:00:00,2343.075,2344.058,2339.765,2341.105
2024-04-29T11:00:00,2341.105,2342.845,2335.295,2336.955
2024-04-29T12:00:00,2336.965,2337.428,2328.195,2331.865
2024-04-29T13:00:00,2331.775,2336.535,2325.455,2333.955
2024-04-29T14:00:00,2333.865,2339.358,2333.798,2337.665
2024-04-29T15:00:00,2337.635,2338.715,2332.658,2337.695
2024-04-29T16:00:00,2337.735,2346.585,2337.345,2342.678
2024-04-29T17:00:00,2342.725,2346.485,2339.618,2342.035
2024-04-29T18:00:00,2342.015,2343.648,2337.534,2341.245
2024-04-29T19:00:00,2341.145,2341.165,2332.895,2335.615
2024-04-29T20:00:00,2335.605,2337.005,2335.045,2335.085
2024-04-29T22:00:00,2334.648,2336.215,2333.985,2334.755
2024-04-29T23:00:00,2334.778,2334.855,2332.705,2333.025
2024-04-30T00:00:00,2333.005,2334.655,2331.635,2333.875
2024-04-30T01:00:00,2333.855,2336.055,2332.315,2333.884
2024-04-30T02:00:00,2333.935,2334.365,2326.745,2331.155
2024-04-30T03:00:00,2331.145,2331.595,2328.465,2329.054
2024-04-30T04:00:00,2329.045,2329.385,2324.835,2326.345
2024-04-30T05:00:00,2326.295,2326.835,2321.645,2322.925
2024-04-30T06:00:00,2322.905,2323.485,2318.665,2322.305
2024-04-30T07:00:00,2322.305,2322.545,2315.215,2317.445
2024-04-30T08:00:00,2317.455,2318.375,2310.545,2312.815
2024-04-30T09:00:00,2312.745,2317.335,2312.155,2314.678
2024-04-30T10:00:00,2314.685,2317.895,2314.118,2315.345
2024-04-30T11:00:00,2315.335,2315.455,2309.435,2312.625
2024-04-30T12:00:00,2312.605,2313.355,2304.515,2305.955
2024-04-30T13:00:00,2305.955,2313.245,2302.745,2307.585
2024-04-30T14:00:00,2307.585,2310.505,2293.018,2293.238
2024-04-30T15:00:00,2293.295,2300.425,2293.118,2295.835
2024-04-30T16:00:00,2295.845,2299.235,2294.348,2294.565
2024-04-30T17:00:00,2294.555,2297.135,2291.465,2295.845
2024-04-30T18:00:00,2295.825,2297.365,2289.798,2290.005
2024-04-30T19:00:00,2289.985,2294.795,2289.205,2290.655
2024-04-30T20:00:00,2290.625,2293.405,2284.975,2285.495
2024-04-30T22:00:00,2285.965,2291.865,2285.735,2291.235
2024-04-30T23:00:00,2291.225,2293.175,2289.925,2291.265
2024-05-01T00:00:00,2291.185,2292.765,2285.575,2286.765
2024-05-01T01:00:00,2286.685,2289.315,2285.888,2287.875
2024-05-01T02:00:00,2287.875,2288.515,2286.595,2287.875
2024-05-01T03:00:00,2287.855,2288.225,2282.745,2284.075
2024-05-01T04:00:00,2284.025,2285.355,2281.515,2283.105
2024-05-01T05:00:00,2283.045,2288.315,2282.435,2287.348
2024-05-01T06:00:00,2287.348,2289.695,2286.295,2286.705
2024-05-01T07:00:00,2286.685,2287.825,2283.365,2285.725
2024-05-01T08:00:00,2285.725,2286.685,2283.695,2286.155
2024-05-01T09:00:00,2286.155,2293.005,2285.595,2291.865
2024-05-01T10:00:00,2291.975,2294.215,2288.985,2293.018
2024-05-01T11:00:00,2293.015,2296.975,2291.288,2294.445
2024-05-01T12:00:00,2294.445,2299.905,2294.028,2298.125
2024-05-01T13:00:00,2298.155,2303.325,2295.145,2302.934
2024-05-01T14:00:00,2302.934,2310.278,2297.325,2304.355
2024-05-01T15:00:00,2304.535,2310.325,2302.385,2307.128
2024-05-01T16:00:00,2307.215,2307.238,2301.705,2303.618
2024-05-01T17:00:00,2303.515,2304.855,2297.455,2299.445
2024-05-01T18:00:00,2299.375,2328.225,2295.445,2325.128
2024-05-01T19:00:00,2325.204,2327.745,2309.665,2309.675
2024-05-01T20:00:00,2309.795,2320.535,2306.948,2318.115
2024-05-01T22:00:00,2319.298,2323.155,2317.895,2320.755
2024-05-01T23:00:00,2320.825,2324.685,2320.628,2323.638
2024-05-02T00:00:00,2323.678,2325.885,2322.835,2324.255
2024-05-02T01:00:00,2324.255,2326.325,2321.625,2323.985
2024-05-02T02:00:00,2323.965,2325.475,2318.665,2320.108
2024-05-02T03:00:00,2320.095,2320.515,2317.205,2319.395
2024-05-02T04:00:00,2319.475,2320.875,2317.998,2318.078
2024-05-02T05:00:00,2318.055,2318.298,2312.878,2314.925
2024-05-02T06:00:00,2314.905,2318.995,2312.378,2313.565
2024-05-02T07:00:00,2313.445,2314.995,2308.025,2309.115
2024-05-02T08:00:00,2309.225,2310.915,2302.914,2303.888
2024-05-02T09:00:00,2303.865,2305.265,2298.678,2301.755
2024-05-02T10:00:00,2301.755,2301.755,2295.065,2299.235
2024-05-02T11:00:00,2299.335,2302.825,2297.418,2298.878
2024-05-02T12:00:00,2298.824,2304.355,2293.455,2294.385
2024-05-02T13:00:00,2294.385,2295.755,2285.358,2291.455
2024-05-02T14:00:00,2291.455,2304.698,2287.575,2303.865
2024-05-02T15:00:00,2303.865,2306.825,2297.165,2299.773
2024-05-02T16:00:00,2299.805,2303.685,2297.805,2299.498
2024-05-02T17:00:00,2299.475,2308.408,2299.195,2307.908
2024-05-02T18:00:00,2307.874,2309.335,2304.918,2307.885
2024-05-02T19:00:00,2307.878,2307.915,2301.478,2302.795
2024-05-02T20:00:00,2302.748,2303.895,2300.535,2303.305
2024-05-02T22:00:00,2303.088,2305.545,2303.088,2303.785
2024-05-02T23:00:00,2303.795,2304.385,2302.305,2304.115
2024-05-03T00:00:00,2304.115,2304.735,2300.148,2303.855
2024-05-03T01:00:00,2303.815,2306.208,2301.675,2302.525
2024-05-03T02:00:00,2302.505,2302.885,2299.725,2300.935
2024-05-03T03:00:00,2300.905,2302.345,2300.415,2302.345
2024-05-03T04:00:00,2302.365,2307.955,2302.028,2307.255
2024-05-03T05:00:00,2307.265,2308.615,2305.655,2305.918
2024-05-03T06:00:00,2305.918,2306.225,2298.225,2298.405
2024-05-03T07:00:00,2298.385,2301.325,2297.675,2299.078
2024-05-03T08:00:00,2299.105,2302.555,2298.255,2301.305
2024-05-03T09:00:00,2301.235,2303.055,2299.375,2301.455
2024-05-03T10:00:00,2301.455,2301.595,2297.855,2299.085
2024-05-03T11:00:00,2299.085,2299.728,2296.265,2298.215
2024-05-03T12:00:00,2298.195,2320.548,2294.475,2304.685
2024-05-03T13:00:00,2304.685,2308.815,2277.165,2289.608
2024-05-03T14:00:00,2289.785,2302.385,2283.014,2291.095
2024-05-03T15:00:00,2291.095,2298.878,2289.525,2293.598
2024-05-03T16:00:00,2293.608,2300.165,2292.735,2299.185
2024-05-03T17:00:00,2299.135,2302.985,2296.268,2301.915
2024-05-03T18:00:00,2301.955,2302.825,2297.275,2299.145
2024-05-03T19:00:00,2299.145,2301.368,2295.875,2301.268
2024-05-03T20:00:00,2301.255,2303.235,2300.545,2301.175
2024-05-05T22:00:00,2304.655,2305.855,2300.265,2301.695
2024-05-05T23:00:00,2301.685,2302.755,2293.185,2293.875
2024-05-06T00:00:00,2293.875,2297.815,2291.645,2295.875
2024-05-06T01:00:00,2295.845,2308.965,2295.655,2308.258
2024-05-06T02:00:00,2308.245,2315.215,2307.435,2311.055
2024-05-06T03:00:00,2311.055,2311.915,2308.225,2309.215
2024-05-06T04:00:00,2309.215,2311.608,2308.015,2309.035
2024-05-06T05:00:00,2309.018,2313.775,2308.535,2313.315
2024-05-06T06:00:00,2313.255,2314.635,2311.655,2313.975
2024-05-06T07:00:00,2313.958,2324.045,2312.258,2322.645
2024-05-06T08:00:00,2322.645,2322.965,2317.165,2318.145
2024-05-06T09:00:00,2318.178,2321.958,2315.485,2321.005
2024-05-06T10:00:00,2321.005,2321.905,2318.675,2319.235
2024-05-06T11:00:00,2319.225,2322.345,2315.855,2318.165
2024-05-06T12:00:00,2318.145,2330.195,2314.485,2323.205
2024-05-06T13:00:00,2323.154,2331.988,2321.485,2327.745
2024-05-06T14:00:00,2327.785,2330.455,2318.935,2320.964
2024-05-06T15:00:00,2320.964,2325.445,2319.395,2324.665
2024-05-06T16:00:00,2324.655,2327.278,2317.565,2325.515
2024-05-06T17:00:00,2325.515,2326.105,2320.845,2324.585
2024-05-06T18:00:00,2324.574,2326.495,2324.185,2326.205
2024-05-06T19:00:00,2326.205,2327.088,2323.385,2324.915
2024-05-06T20:00:00,2324.874,2328.795,2323.388,2323.535
2024-05-06T22:00:00,2323.434,2326.855,2323.374,2326.598
2024-05-06T23:00:00,2326.578,2326.775,2322.095,2325.935
2024-05-07T00:00:00,2325.975,2329.345,2325.378,2329.105
2024-05-07T01:00:00,2329.115,2329.788,2322.305,2322.675
2024-05-07T02:00:00,2322.655,2324.195,2319.568,2321.405
2024-05-07T03:00:00,2321.378,2324.915,2321.075,2324.775
2024-05-07T04:00:00,2324.795,2324.925,2321.255,2322.535
2024-05-07T05:00:00,2322.535,2323.185,2320.155,2321.345
2024-05-07T06:00:00,2321.345,2321.345,2318.215,2320.385
2024-05-07T07:00:00,2320.395,2321.855,2317.635,2319.195
2024-05-07T08:00:00,2319.185,2319.755,2311.608,2315.575
2024-05-07T09:00:00,2315.575,2317.135,2312.525,2313.665
2024-05-07T10:00:00,2313.635,2315.755,2312.075,2315.205
2024-05-07T11:00:00,2315.245,2316.395,2312.005,2312.245
2024-05-07T12:00:00,2312.215,2317.228,2309.818,2315.918
2024-05-07T13:00:00,2315.918,2323.528,2315.228,2318.245
2024-05-07T14:00:00,2318.295,2322.308,2312.238,2314.065
2024-05-07T15:00:00,2314.085,2319.005,2312.705,2314.655
2024-05-07T16:00:00,2314.685,2315.998,2312.295,2312.375
2024-05-07T17:00:00,2312.375,2317.295,2310.955,2314.138
2024-05-07T18:00:00,2313.958,2315.208,2312.815,2314.395
2024-05-07T19:00:00,2314.425,2315.425,2311.725,2314.555
2024-05-07T20:00:00,2314.555,2315.395,2312.628,2313.795
2024-05-07T22:00:00,2313.785,2316.715,2313.098,2314.335
2024-05-07T23:00:00,2314.325,2316.185,2313.978,2315.105
2024-05-08T00:00:00,2315.125,2316.205,2313.745,2314.025
2024-05-08T01:00:00,2314.015,2314.265,2306.875,2307.665
2024-05-08T02:00:00,2307.585,2317.295,2307.205,2316.958
2024-05-08T03:00:00,2316.905,2318.045,2315.298,2316.925
2024-05-08T04:00:00,2316.975,2319.245,2316.715,2319.185
2024-05-08T05:00:00,2319.185,2321.345,2317.515,2317.585
2024-05-08T06:00:00,2317.585,2318.875,2313.535,2314.585
2024-05-08T07:00:00,2314.585,2314.825,2305.115,2305.505
2024-05-08T08:00:00,2305.505,2309.195,2303.555,2307.235
2024-05-08T09:00:00,2307.205,2311.355,2306.925,2310.705
2024-05-08T10:00:00,2310.705,2317.005,2310.615,2315.395
2024-05-08T11:00:00,2315.415,2317.938,2312.775,2314.595
2024-05-08T12:00:00,2314.575,2318.928,2313.245,2314.425
2024-05-08T13:00:00,2314.415,2316.145,2306.685,2309.845
2024-05-08T14:00:00,2309.845,2317.635,2308.878,2315.418
2024-05-08T15:00:00,2315.395,2320.265,2312.525,2320.265
2024-05-08T16:00:00,2320.265,2320.945,2315.725,2316.905
2024-05-08T17:00:00,2316.915,2317.395,2313.555,2313.738
2024-05-08T18:00:00,2313.715,2313.738,2311.338,2312.565
2024-05-08T19:00:00,2312.555,2312.685,2307.855,2308.005
2024-05-08T20:00:00,2308.125,2309.495,2307.755,2308.165
2024-05-08T22:00:00,2308.025,2310.815,2307.965,2309.455
2024-05-08T23:00:00,2309.468,2309.835,2307.945,2308.695
2024-05-09T00:00:00,2308.795,2310.428,2307.738,2309.178
2024-05-09T01:00:00,2309.398,2312.195,2308.725,2309.855
2024-05-09T02:00:00,2309.835,2311.515,2307.745,2310.185
2024-05-09T03:00:00,2310.185,2312.948,2309.288,2312.235
2024-05-09T04:00:00,2312.065,2315.175,2311.835,2314.398
2024-05-09T05:00:00,2314.398,2319.638,2314.325,2316.515
2024-05-09T06:00:00,2316.525,2316.995,2313.665,2314.225
2024-05-09T07:00:00,2314.195,2314.885,2307.555,2309.215
2024-05-09T08:00:00,2309.205,2313.235,2308.925,2310.385
2024-05-09T09:00:00,2310.345,2311.935,2306.615,2307.505
2024-05-09T10:00:00,2307.485,2312.738,2307.205,2311.695
2024-05-09T11:00:00,2311.635,2316.524,2310.845,2315.818
2024-05-09T12:00:00,2315.778,2329.178,2314.495,2326.595
2024-05-09T13:00:00,2326.585,2326.595,2311.968,2324.205
2024-05-09T14:00:00,2324.205,2338.665,2323.175,2333.185
2024-05-09T15:00:00,2333.205,2337.545,2328.095,2330.275
2024-05-09T16:00:00,2330.315,2333.845,2329.415,2329.665
2024-05-09T17:00:00,2329.655,2334.945,2329.075,2334.665
2024-05-09T18:00:00,2334.635,2337.628,2333.755,2337.485
2024-05-09T19:00:00,2337.485,2343.975,2335.475,2343.675
2024-05-09T20:00:00,2343.654,2347.095,2343.048,2345.985
2024-05-09T22:00:00,2345.385,2347.665,2342.965,2346.205
2024-05-09T23:00:00,2346.315,2348.245,2345.764,2346.404
2024-05-10T00:00:00,2346.495,2348.898,2345.865,2347.458
2024-05-10T01:00:00,2347.478,2355.674,2347.345,2350.205
2024-05-10T02:00:00,2350.175,2351.665,2347.115,2349.375
2024-05-10T03:00:00,2349.348,2353.955,2348.974,2353.255
2024-05-10T04:00:00,2353.285,2354.425,2351.115,2353.885
2024-05-10T05:00:00,2353.885,2358.655,2353.675,2357.065
2024-05-10T06:00:00,2357.065,2369.065,2355.955,2368.475
2024-05-10T07:00:00,2368.405,2370.225,2364.725,2366.535
2024-05-10T08:00:00,2366.535,2372.055,2365.725,2369.435
2024-05-10T09:00:00,2369.438,2375.285,2369.438,2372.475
2024-05-10T10:00:00,2372.475,2378.365,2371.525,2374.658
2024-05-10T11:00:00,2374.635,2375.565,2371.075,2372.075
2024-05-10T12:00:00,2371.995,2375.648,2361.638,2364.725
2024-05-10T13:00:00,2364.585,2371.975,2360.065,2367.275
2024-05-10T14:00:00,2367.228,2372.874,2357.665,2360.595
2024-05-10T15:00:00,2360.615,2366.308,2356.495,2364.755
2024-05-10T16:00:00,2364.755,2369.928,2361.585,2368.248
2024-05-10T17:00:00,2368.228,2369.895,2366.725,2369.535
2024-05-10T18:00:00,2369.585,2370.815,2366.545,2367.238
2024-05-10T19:00:00,2367.238,2367.355,2362.125,2363.295
2024-05-10T20:00:00,2363.315,2364.945,2359.605,2360.175
2024-05-12T22:00:00,2362.895,2363.995,2359.878,2361.325
2024-05-12T23:00:00,2361.365,2362.455,2359.625,2360.278
2024-05-13T00:00:00,2360.325,2364.355,2359.768,2363.935
2024-05-13T01:00:00,2363.908,2364.005,2354.715,2359.058
2024-05-13T02:00:00,2359.068,2359.708,2357.495,2358.875
2024-05-13T03:00:00,2358.878,2359.258,2356.165,2356.958
2024-05-13T04:00:00,2356.925,2356.925,2354.085,2354.195
2024-05-13T05:00:00,2354.175,2354.925,2351.078,2352.508
2024-05-13T06:00:00,2352.508,2354.325,2347.265,2349.535
2024-05-13T07:00:00,2349.535,2351.205,2346.395,2348.518
2024-05-13T08:00:00,2348.518,2350.258,2341.505,2343.135
2024-05-13T09:00:00,2343.165,2344.198,2339.015,2340.085
2024-05-13T10:00:00,2340.085,2344.005,2339.185,2343.208
2024-05-13T11:00:00,2343.185,2346.515,2338.325,2344.475
2024-05-13T12:00:00,2344.364,2349.678,2343.528,2346.975
2024-05-13T13:00:00,2346.995,2349.295,2340.235,2343.965
2024-05-13T14:00:00,2343.908,2345.878,2340.605,2343.648
2024-05-13T15:00:00,2343.598,2343.598,2331.985,2335.778
2024-05-13T16:00:00,2335.765,2337.665,2334.558,2336.615
2024-05-13T17:00:00,2336.615,2338.075,2334.385,2335.818
2024-05-13T18:00:00,2335.835,2337.898,2335.668,2337.258
2024-05-13T19:00:00,2337.278,2338.408,2335.718,2337.248
2024-05-13T20:00:00,2337.248,2337.358,2335.135,2336.545
2024-05-13T22:00:00,2334.935,2338.315,2334.935,2337.455
2024-05-13T23:00:00,2337.455,2339.195,2337.335,2338.275
2024-05-14T00:00:00,2338.275,2339.605,2334.695,2336.268
2024-05-14T01:00:00,2336.245,2341.965,2336.225,2341.865
2024-05-14T02:00:00,2341.865,2344.385,2339.995,2340.315
2024-05-14T03:00:00,2340.305,2343.525,2339.805,2343.008
2024-05-14T04:00:00,2342.975,2344.775,2342.475,2343.928
2024-05-14T05:00:00,2343.925,2345.798,2342.475,2344.665
2024-05-14T06:00:00,2344.655,2345.175,2336.768,2338.105
2024-05-14T07:00:00,2338.068,2339.668,2335.985,2339.085
2024-05-14T08:00:00,2339.135,2343.808,2337.695,2343.695
2024-05-14T09:00:00,2343.695,2348.108,2343.595,2345.698
2024-05-14T10:00:00,2345.698,2347.425,2342.485,2345.568
2024-05-14T11:00:00,2345.565,2346.195,2342.308,2343.415
2024-05-14T12:00:00,2343.415,2350.095,2336.395,2348.048
2024-05-14T13:00:00,2348.158,2355.028,2344.824,2353.745
2024-05-14T14:00:00,2353.728,2356.935,2347.995,2353.018
2024-05-14T15:00:00,2353.018,2353.725,2347.105,2347.848
2024-05-14T16:00:00,2347.838,2355.388,2346.205,2354.095
2024-05-14T17:00:00,2354.065,2356.428,2351.885,2355.798
2024-05-14T18:00:00,2355.735,2359.558,2355.598,2357.548
2024-05-14T19:00:00,2357.528,2357.905,2354.945,2356.505
2024-05-14T20:00:00,2356.585,2358.378,2356.015,2357.715
2024-05-14T22:00:00,2357.038,2357.875,2356.138,2357.415
2024-05-14T23:00:00,2357.404,2357.404,2354.975,2355.695
2024-05-15T00:00:00,2355.695,2356.835,2354.774,2355.708
2024-05-15T01:00:00,2355.684,2358.875,2354.818,2357.368
2024-05-15T02:00:00,2357.378,2359.005,2356.395,2358.488
2024-05-15T03:00:00,2358.475,2360.895,2357.568,2360.238
2024-05-15T04:00:00,2360.238,2360.715,2356.055,2356.905
2024-05-15T05:00:00,2356.905,2358.928,2355.575,2358.365
2024-05-15T06:00:00,2358.358,2359.605,2356.685,2358.625
2024-05-15T07:00:00,2358.625,2364.838,2358.325,2362.315
2024-05-15T08:00:00,2362.315,2374.175,2362.255,2373.085
2024-05-15T09:00:00,2373.085,2374.138,2368.085,2369.155
2024-05-15T10:00:00,2369.185,2370.755,2365.135,2365.745
2024-05-15T11:00:00,2365.745,2366.675,2361.915,2362.668
2024-05-15T12:00:00,2362.625,2378.795,2358.583,2372.485
2024-05-15T13:00:00,2372.455,2375.365,2351.735,2358.055
2024-05-15T14:00:00,2358.035,2373.675,2353.748,2373.655
2024-05-15T15:00:00,2373.675,2385.665,2372.978,2377.488
2024-05-15T16:00:00,2377.518,2386.598,2376.975,2383.538
2024-05-15T17:00:00,2383.535,2390.188,2383.455,2389.138
2024-05-15T18:00:00,2389.065,2389.288,2383.505,2385.378
2024-05-15T19:00:00,2385.338,2387.428,2383.718,2386.305
2024-05-15T20:00:00,2386.295,2388.555,2385.398,2385.425
2024-05-15T22:00:00,2386.065,2389.385,2385.065,2388.868
2024-05-15T23:00:00,2388.865,2391.815,2388.758,2391.715
2024-05-16T00:00:00,2391.755,2395.065,2390.165,2394.875
2024-05-16T01:00:00,2394.905,2397.275,2389.465,2391.485
2024-05-16T02:00:00,2391.475,2391.685,2386.415,2387.375
2024-05-16T03:00:00,2387.375,2390.615,2386.455,2388.595
2024-05-16T04:00:00,2388.595,2392.035,2386.945,2391.235
2024-05-16T05:00:00,2391.235,2394.388,2390.025,2390.045
2024-05-16T06:00:00,2390.045,2390.275,2386.368,2386.958
2024-05-16T07:00:00,2386.995,2391.045,2384.545,2389.205
2024-05-16T08:00:00,2389.185,2391.255,2385.225,2385.958
2024-05-16T09:00:00,2385.935,2387.645,2383.638,2385.305
2024-05-16T10:00:00,2385.305,2385.595,2380.805,2384.795
2024-05-16T11:00:00,2384.795,2386.485,2381.375,2384.508
2024-05-16T12:00:00,2384.485,2386.125,2377.888,2379.065
2024-05-16T13:00:00,2379.065,2382.115,2371.565,2374.975
2024-05-16T14:00:00,2374.975,2378.928,2370.845,2373.185
2024-05-16T15:00:00,2373.185,2382.275,2372.995,2381.428
2024-05-16T16:00:00,2381.415,2383.645,2379.005,2381.888
2024-05-16T17:00:00,2381.888,2382.338,2379.695,2381.335
2024-05-16T18:00:00,2381.398,2381.918,2378.265,2379.588
2024-05-16T19:00:00,2379.565,2381.775,2377.704,2378.045
2024-05-16T20:00:00,2378.085,2378.285,2375.788,2376.464
2024-05-16T22:00:00,2376.098,2379.255,2376.098,2378.215
2024-05-16T23:00:00,2378.215,2379.585,2377.698,2377.705
2024-05-17T00:00:00,2377.785,2379.525,2377.385,2377.858
2024-05-17T01:00:00,2377.945,2378.765,2375.998,2378.018
2024-05-17T02:00:00,2378.205,2381.095,2373.788,2375.025
2024-05-17T03:00:00,2375.025,2377.765,2374.575,2377.755
2024-05-17T04:00:00,2377.765,2379.045,2376.515,2378.718
2024-05-17T05:00:00,2378.698,2382.245,2378.395,2381.238
2024-05-17T06:00:00,2381.238,2386.555,2380.775,2385.848
2024-05-17T07:00:00,2385.858,2387.668,2382.765,2383.748
2024-05-17T08:00:00,2383.748,2385.535,2381.185,2384.115
2024-05-17T09:00:00,2384.075,2386.445,2381.575,2382.395
2024-05-17T10:00:00,2382.365,2387.438,2381.665,2387.268
2024-05-17T11:00:00,2387.268,2390.028,2385.645,2389.685
2024-05-17T12:00:00,2389.685,2393.945,2386.755,2393.205
2024-05-17T13:00:00,2393.235,2405.055,2393.235,2401.535
2024-05-17T14:00:00,2401.475,2415.448,2398.625,2413.295
2024-05-17T15:00:00,2413.265,2418.988,2403.598,2407.615
2024-05-17T16:00:00,2407.675,2414.108,2407.655,2407.758
2024-05-17T17:00:00,2407.728,2414.175,2405.625,2414.118
2024-05-17T18:00:00,2414.185,2419.055,2413.185,2417.338
2024-05-17T19:00:00,2417.285,2417.775,2411.438,2416.358
2024-05-17T20:00:00,2416.365,2422.575,2413.298,2414.525
2024-05-19T22:00:00,2417.098,2425.195,2416.715,2417.635
2024-05-19T23:00:00,2417.525,2420.475,2416.955,2420.185
2024-05-20T00:00:00,2420.185,2426.395,2416.415,2425.335
2024-05-20T01:00:00,2425.435,2440.465,2425.435,2434.545
2024-05-20T02:00:00,2434.615,2437.005,2428.695,2433.915
2024-05-20T03:00:00,2433.905,2438.785,2430.825,2437.518
2024-05-20T04:00:00,2437.488,2439.548,2435.025,2437.188
2024-05-20T05:00:00,2437.165,2449.985,2436.855,2449.445
2024-05-20T06:00:00,2449.485,2449.655,2431.848,2438.695
2024-05-20T07:00:00,2438.695,2443.625,2435.465,2442.108
2024-05-20T08:00:00,2442.075,2443.495,2436.835,2439.955
2024-05-20T09:00:00,2440.015,2447.015,2438.575,2441.585
2024-05-20T10:00:00,2441.635,2442.945,2434.448,2436.205
2024-05-20T11:00:00,2436.185,2437.095,2427.525,2430.495
2024-05-20T12:00:00,2430.435,2430.695,2407.145,2413.735
2024-05-20T13:00:00,2413.655,2422.555,2410.235,2420.075
2024-05-20T14:00:00,2420.085,2423.505,2414.635,2422.875
2024-05-20T15:00:00,2422.875,2426.848,2419.328,2424.808
2024-05-20T16:00:00,2424.768,2427.988,2422.365,2426.415
2024-05-20T17:00:00,2426.415,2436.648,2425.585,2435.228
2024-05-20T18:00:00,2435.185,2437.205,2431.775,2435.085
2024-05-20T19:00:00,2435.095,2435.268,2425.935,2426.648
2024-05-20T20:00:00,2426.825,2427.875,2423.195,2425.675
2024-05-20T22:00:00,2425.698,2430.435,2425.698,2427.175
2024-05-20T23:00:00,2427.304,2428.468,2425.095,2426.105
2024-05-21T00:00:00,2426.115,2429.785,2424.215,2428.805
2024-05-21T01:00:00,2428.785,2432.955,2419.478,2420.308
2024-05-21T02:00:00,2420.265,2422.505,2411.378,2413.815
2024-05-21T03:00:00,2413.785,2417.038,2406.158,2413.665
2024-05-21T04:00:00,2413.645,2415.788,2410.564,2412.318
2024-05-21T05:00:00,2412.285,2417.905,2412.005,2416.378
2024-05-21T06:00:00,2416.368,2417.265,2409.525,2410.485
2024-05-21T07:00:00,2410.485,2422.075,2408.484,2419.185
2024-05-21T08:00:00,2419.235,2419.875,2414.205,2418.625
2024-05-21T09:00:00,2418.555,2420.065,2412.058,2416.225
2024-05-21T10:00:00,2416.185,2419.905,2414.825,2419.665
2024-05-21T11:00:00,2419.668,2423.628,2417.205,2423.325
2024-05-21T12:00:00,2423.325,2429.825,2422.285,2426.125
2024-05-21T13:00:00,2426.125,2431.385,2420.325,2427.645
2024-05-21T14:00:00,2427.645,2431.578,2425.235,2429.405
2024-05-21T15:00:00,2429.428,2433.838,2419.915,2423.275
2024-05-21T16:00:00,2423.255,2423.585,2417.875,2422.725
2024-05-21T17:00:00,2422.765,2423.708,2418.415,2419.858
2024-05-21T18:00:00,2419.825,2420.478,2417.238,2420.308
2024-05-21T19:00:00,2420.295,2424.928,2419.835,2423.228
2024-05-21T20:00:00,2423.225,2423.338,2420.258,2420.365
2024-05-21T22:00:00,2421.034,2422.014,2420.274,2421.814
2024-05-21T23:00:00,2421.804,2421.984,2421.024,2421.494
2024-05-22T00:00:00,2421.564,2422.954,2420.134,2420.294
2024-05-22T01:00:00,2420.334,2423.224,2419.124,2421.814
2024-05-22T02:00:00,2421.784,2426.344,2415.714,2417.604
2024-05-22T03:00:00,2417.624,2419.344,2412.224,2413.904
2024-05-22T04:00:00,2413.914,2415.984,2411.884,2412.694
2024-05-22T05:00:00,2412.644,2417.184,2411.214,2416.954
2024-05-22T06:00:00,2417.074,2417.874,2413.494,2416.864
2024-05-22T07:00:00,2416.834,2418.314,2412.074,2417.024
2024-05-22T08:00:00,2417.034,2417.294,2410.394,2416.705
2024-05-22T09:00:00,2416.835,2417.885,2414.265,2417.145
2024-05-22T10:00:00,2417.165,2419.195,2414.165,2414.635
2024-05-22T11:00:00,2414.598,2415.155,2404.648,2408.665
2024-05-22T12:00:00,2408.645,2414.968,2408.615,2412.295
2024-05-22T13:00:00,2412.295,2413.145,2405.675,2411.445
2024-05-22T14:00:00,2411.444,2411.444,2382.105,2388.525
2024-05-22T15:00:00,2388.405,2395.245,2386.495,2391.918
2024-05-22T16:00:00,2391.895,2394.915,2389.315,2391.798
2024-05-22T17:00:00,2391.775,2394.235,2386.618,2388.195
2024-05-22T18:00:00,2388.195,2390.615,2374.855,2377.745
2024-05-22T19:00:00,2377.695,2379.945,2376.708,2379.108
2024-05-22T20:00:00,2379.058,2380.455,2377.315,2377.745
2024-05-22T22:00:00,2379.015,2381.165,2377.575,2380.475
2024-05-22T23:00:00,2380.495,2382.635,2380.225,2382.105
2024-05-23T00:00:00,2382.115,2383.605,2378.795,2380.195
2024-05-23T01:00:00,2380.235,2381.795,2366.628,2372.855
2024-05-23T02:00:00,2372.858,2375.575,2367.985,2369.405
2024-05-23T03:00:00,2369.355,2372.755,2367.744,2372.365
2024-05-23T04:00:00,2372.315,2373.808,2371.335,2372.668
2024-05-23T05:00:00,2372.665,2373.008,2358.185,2359.845
2024-05-23T06:00:00,2359.835,2367.025,2354.855,2364.145
2024-05-23T07:00:00,2364.144,2364.695,2355.008,2355.955
2024-05-23T08:00:00,2355.955,2361.678,2355.005,2360.345
2024-05-23T09:00:00,2360.335,2364.168,2358.655,2363.915
2024-05-23T10:00:00,2363.958,2367.595,2363.425,2366.265
2024-05-23T11:00:00,2366.285,2369.315,2365.528,2367.945
2024-05-23T12:00:00,2367.908,2369.215,2360.615,2362.615
2024-05-23T13:00:00,2362.635,2369.705,2350.488,2358.475
2024-05-23T14:00:00,2358.485,2363.745,2341.415,2345.775
2024-05-23T15:00:00,2345.775,2349.735,2340.175,2346.018
2024-05-23T16:00:00,2346.048,2350.055,2339.905,2340.825
2024-05-23T17:00:00,2340.805,2342.905,2331.818,2332.078
2024-05-23T18:00:00,2332.005,2336.275,2331.675,2334.678
2024-05-23T19:00:00,2334.365,2334.775,2330.845,2331.418
2024-05-23T20:00:00,2331.395,2332.638,2326.848,2328.375
2024-05-23T22:00:00,2327.808,2332.005,2327.808,2330.815
2024-05-23T23:00:00,2330.815,2333.515,2330.365,2331.908
2024-05-24T00:00:00,2331.908,2332.208,2327.408,2328.968
2024-05-24T01:00:00,2328.934,2335.058,2326.615,2333.815
2024-05-24T02:00:00,2333.795,2334.425,2325.265,2330.688
2024-05-24T03:00:00,2330.585,2331.445,2328.375,2330.495
2024-05-24T04:00:00,2330.495,2334.985,2330.355,2334.935
2024-05-24T05:00:00,2334.928,2339.195,2333.055,2338.445
2024-05-24T06:00:00,2338.495,2339.465,2335.065,2338.695
2024-05-24T07:00:00,2338.665,2340.495,2336.905,2337.618
2024-05-24T08:00:00,2337.608,2341.008,2335.975,2340.045
2024-05-24T09:00:00,2340.065,2343.125,2337.425,2337.528
2024-05-24T10:00:00,2337.465,2343.735,2336.878,2340.175
2024-05-24T11:00:00,2340.175,2341.948,2337.655,2338.108
2024-05-24T12:00:00,2338.108,2340.775,2335.065,2339.275
2024-05-24T13:00:00,2339.255,2347.325,2336.705,2337.055
2024-05-24T14:00:00,2337.335,2343.085,2335.398,2338.325
2024-05-24T15:00:00,2338.325,2340.135,2332.255,2334.475
2024-05-24T16:00:00,2334.495,2336.868,2332.735,2334.168
2024-05-24T17:00:00,2334.125,2334.415,2331.825,2332.585
2024-05-24T18:00:00,2332.598,2336.675,2332.455,2334.795
2024-05-24T19:00:00,2334.795,2334.798,2331.765,2333.658
2024-05-24T20:00:00,2333.815,2335.028,2333.075,2333.405
2024-05-26T22:00:00,2336.365,2340.545,2332.125,2340.108
2024-05-26T23:00:00,2340.084,2340.588,2336.445,2337.105
2024-05-27T00:00:00,2337.135,2337.268,2334.328,2336.075
2024-05-27T01:00:00,2336.025,2340.218,2334.475,2339.558
2024-05-27T02:00:00,2339.465,2346.325,2338.598,2346.035
2024-05-27T03:00:00,2346.035,2347.485,2343.485,2345.905
2024-05-27T04:00:00,2345.885,2345.948,2340.875,2342.885
2024-05-27T05:00:00,2342.815,2344.128,2340.195,2343.595
2024-05-27T06:00:00,2343.618,2344.515,2341.158,2341.298
2024-05-27T07:00:00,2341.258,2341.405,2337.975,2338.458
2024-05-27T08:00:00,2338.555,2346.085,2338.055,2344.125
2024-05-27T09:00:00,2344.125,2345.655,2342.878,2343.185
2024-05-27T10:00:00,2343.185,2345.768,2342.268,2344.788
2024-05-27T11:00:00,2344.765,2345.908,2343.075,2344.975
2024-05-27T12:00:00,2344.975,2349.734,2343.575,2347.058
2024-05-27T13:00:00,2347.058,2356.845,2344.525,2354.788
2024-05-27T14:00:00,2354.788,2358.388,2353.938,2354.208
2024-05-27T15:00:00,2354.134,2356.705,2352.028,2352.328
2024-05-27T16:00:00,2352.285,2355.445,2352.028,2354.778
2024-05-27T17:00:00,2354.735,2354.925,2352.155,2354.875
2024-05-27T18:00:00,2354.885,2354.965,2350.498,2350.754
2024-05-27T22:00:00,2351.098,2353.765,2351.045,2351.965
2024-05-27T23:00:00,2351.985,2352.695,2350.945,2352.365
2024-05-28T00:00:00,2352.365,2353.525,2351.095,2351.635
2024-05-28T01:00:00,2351.635,2356.228,2349.015,2354.598
2024-05-28T02:00:00,2354.585,2355.745,2351.435,2354.048
2024-05-28T03:00:00,2354.025,2354.395,2350.035,2350.788
2024-05-28T04:00:00,2350.745,2351.985,2350.305,2350.868
2024-05-28T05:00:00,2350.868,2353.625,2349.428,2350.315
2024-05-28T06:00:00,2350.325,2350.325,2341.235,2341.715
2024-05-28T07:00:00,2341.675,2344.855,2341.605,2343.975
2024-05-28T08:00:00,2343.935,2344.955,2340.155,2344.795
2024-05-28T09:00:00,2344.815,2345.075,2342.155,2343.728
2024-05-28T10:00:00,2343.705,2346.135,2343.095,2345.605
2024-05-28T11:00:00,2345.605,2348.348,2343.455,2347.348
2024-05-28T12:00:00,2347.294,2357.025,2345.815,2353.035
2024-05-28T13:00:00,2353.035,2363.975,2352.095,2354.935
2024-05-28T14:00:00,2354.735,2356.845,2347.805,2355.168
2024-05-28T15:00:00,2355.158,2361.965,2352.805,2360.188
2024-05-28T16:00:00,2360.155,2362.105,2355.115,2356.568
2024-05-28T17:00:00,2356.508,2359.925,2353.058,2356.798
2024-05-28T18:00:00,2356.725,2357.688,2352.685,2356.988
2024-05-28T19:00:00,2356.975,2360.078,2355.665,2358.108
2024-05-28T20:00:00,2358.055,2361.315,2357.705,2361.015
2024-05-28T22:00:00,2360.185,2362.105,2357.935,2359.055
2024-05-28T23:00:00,2359.055,2360.765,2357.965,2359.685
2024-05-29T00:00:00,2359.495,2360.915,2357.215,2357.715
2024-05-29T01:00:00,2357.715,2359.355,2355.568,2356.348
2024-05-29T02:00:00,2356.335,2360.748,2354.288,2355.515
2024-05-29T03:00:00,2355.515,2359.025,2355.195,2358.045
2024-05-29T04:00:00,2358.075,2358.925,2356.728,2358.138
2024-05-29T05:00:00,2358.235,2361.275,2356.398,2356.648
2024-05-29T06:00:00,2356.605,2356.635,2350.975,2355.695
2024-05-29T07:00:00,2355.695,2356.058,2349.925,2350.425
2024-05-29T08:00:00,2350.405,2351.715,2344.795,2345.375
2024-05-29T09:00:00,2345.405,2346.084,2340.758,2345.634
2024-05-29T10:00:00,2345.608,2347.118,2342.975,2346.395
2024-05-29T11:00:00,2346.345,2346.905,2338.435,2341.585
2024-05-29T12:00:00,2341.495,2343.638,2334.438,2337.535
2024-05-29T13:00:00,2337.685,2347.065,2335.768,2345.545
2024-05-29T14:00:00,2345.555,2346.335,2341.355,2343.365
2024-05-29T15:00:00,2343.365,2343.615,2336.635,2339.048
2024-05-29T16:00:00,2339.038,2341.808,2335.895,2341.808
2024-05-29T17:00:00,2341.724,2344.158,2339.235,2343.598
2024-05-29T18:00:00,2343.528,2344.198,2337.938,2338.118
2024-05-29T19:00:00,2338.095,2339.218,2336.225,2336.648
2024-05-29T20:00:00,2336.675,2338.575,2335.785,2337.755
2024-05-29T22:00:00,2337.098,2339.105,2336.845,2337.495
2024-05-29T23:00:00,2337.508,2338.985,2337.428,2338.285
2024-05-30T00:00:00,2338.235,2338.285,2333.898,2336.748
2024-05-30T01:00:00,2336.748,2339.758,2333.0,2333.918
2024-05-30T02:00:00,2333.875,2336.465,2327.885,2330.725
2024-05-30T03:00:00,2330.765,2334.955,2329.005,2334.268
2024-05-30T04:00:00,2334.255,2337.035,2333.925,2335.175
2024-05-30T05:00:00,2335.155,2335.688,2322.458,2324.775
2024-05-30T06:00:00,2324.855,2332.975,2323.868,2332.735
2024-05-30T07:00:00,2332.735,2337.588,2332.155,2334.255
2024-05-30T08:00:00,2334.355,2335.688,2331.785,2334.918
2024-05-30T09:00:00,2334.915,2337.885,2331.535,2333.075
2024-05-30T10:00:00,2333.075,2340.795,2330.455,2340.545
2024-05-30T11:00:00,2340.545,2340.555,2335.125,2335.748
2024-05-30T12:00:00,2335.745,2345.105,2331.895,2341.178
2024-05-30T13:00:00,2341.165,2348.465,2339.635,2348.465
2024-05-30T14:00:00,2348.475,2351.698,2342.628,2343.995
2024-05-30T15:00:00,2343.995,2345.598,2341.655,2343.738
2024-05-30T16:00:00,2343.738,2347.908,2340.764,2347.735
2024-05-30T17:00:00,2347.755,2348.755,2342.735,2344.338
2024-05-30T18:00:00,2344.338,2344.468,2341.185,2342.478
2024-05-30T19:00:00,2342.395,2342.498,2339.795,2341.428
2024-05-30T20:00:00,2341.425,2343.525,2341.335,2342.875
2024-05-30T22:00:00,2344.705,2344.915,2341.845,2344.005
2024-05-30T23:00:00,2343.995,2346.275,2343.058,2343.864
2024-05-31T00:00:00,2343.865,2347.378,2342.378,2346.158
2024-05-31T01:00:00,2346.178,2347.524,2342.985,2346.465
2024-05-31T02:00:00,2346.465,2347.608,2342.175,2342.428
2024-05-31T03:00:00,2342.448,2343.595,2336.845,2343.595
2024-05-31T04:00:00,2343.595,2345.395,2340.855,2343.985
2024-05-31T05:00:00,2343.985,2344.768,2341.575,2342.305
2024-05-31T06:00:00,2342.315,2346.945,2341.865,2345.695
2024-05-31T07:00:00,2345.685,2345.705,2339.825,2340.295
2024-05-31T08:00:00,2340.315,2343.735,2339.615,2343.135
2024-05-31T09:00:00,2343.095,2344.345,2340.885,2342.035
2024-05-31T10:00:00,2342.035,2344.385,2341.445,2343.875
2024-05-31T11:00:00,2343.905,2344.785,2342.525,2343.725
2024-05-31T12:00:00,2343.705,2356.675,2342.325,2354.665
2024-05-31T13:00:00,2354.545,2359.598,2343.285,2348.025
2024-05-31T14:00:00,2348.055,2348.945,2334.018,2335.095
2024-05-31T15:00:00,2335.135,2336.045,2327.625,2329.978
2024-05-31T16:00:00,2329.925,2336.618,2329.625,2332.765
2024-05-31T17:00:00,2332.725,2333.688,2323.835,2325.848
2024-05-31T18:00:00,2325.855,2327.125,2322.275,2322.818
2024-05-31T19:00:00,2322.785,2328.155,2320.395,2327.588
2024-05-31T20:00:00,2327.525,2330.495,2326.915,2326.995
2024-06-02T22:00:00,2327.425,2329.315,2323.205,2326.275
2024-06-02T23:00:00,2326.325,2326.658,2323.915,2325.748
2024-06-03T00:00:00,2325.795,2327.395,2323.898,2327.005
2024-06-03T01:00:00,2326.985,2331.005,2326.048,2330.645
2024-06-03T02:00:00,2330.665,2330.855,2325.438,2326.228
2024-06-03T03:00:00,2326.205,2328.015,2320.785,2321.285
2024-06-03T04:00:00,2321.335,2322.395,2319.895,2321.205
2024-06-03T05:00:00,2321.225,2323.605,2315.215,2320.085
2024-06-03T06:00:00,2320.045,2322.705,2314.635,2322.285
2024-06-03T07:00:00,2322.285,2328.755,2322.095,2325.845
2024-06-03T08:00:00,2325.845,2328.415,2324.658,2325.375
2024-06-03T09:00:00,2325.375,2328.585,2324.308,2327.698
2024-06-03T10:00:00,2327.615,2333.128,2326.055,2330.678
2024-06-03T11:00:00,2330.614,2332.268,2328.825,2329.868
2024-06-03T12:00:00,2329.868,2334.288,2325.535,2333.888
2024-06-03T13:00:00,2333.805,2336.605,2329.685,2333.198
2024-06-03T14:00:00,2333.138,2345.575,2333.138,2341.618
2024-06-03T15:00:00,2341.534,2344.085,2335.358,2342.675
2024-06-03T16:00:00,2342.675,2350.105,2341.235,2349.055
2024-06-03T17:00:00,2349.065,2354.565,2345.958,2348.275
2024-06-03T18:00:00,2348.298,2349.335,2346.428,2348.138
2024-06-03T19:00:00,2348.188,2348.978,2344.605,2347.588
2024-06-03T20:00:00,2347.555,2351.018,2346.865,2350.405
2024-06-03T22:00:00,2350.495,2352.005,2349.965,2350.645
2024-06-03T23:00:00,2350.625,2350.955,2349.655,2350.488
2024-06-04T00:00:00,2350.485,2352.645,2349.995,2350.508
2024-06-04T01:00:00,2350.475,2352.195,2343.068,2346.955
2024-06-04T02:00:00,2347.005,2349.495,2345.558,2346.778
2024-06-04T03:00:00,2346.725,2346.818,2343.965,2345.578
2024-06-04T04:00:00,2345.578,2349.768,2344.958,2349.188
2024-06-04T05:00:00,2349.155,2349.475,2347.125,2347.605
2024-06-04T06:00:00,2347.615,2351.675,2344.168,2344.365
2024-06-04T07:00:00,2344.385,2345.015,2339.008,2339.585
2024-06-04T08:00:00,2339.605,2339.625,2332.185,2333.225
2024-06-04T09:00:00,2333.235,2334.155,2326.615,2329.708
2024-06-04T10:00:00,2329.775,2334.705,2329.0,2329.088
2024-06-04T11:00:00,2329.058,2329.635,2325.4,2327.865
2024-06-04T12:00:00,2327.865,2335.845,2326.565,2334.968
2024-06-04T13:00:00,2334.965,2337.925,2322.028,2324.175
2024-06-04T14:00:00,2324.015,2332.335,2315.508,2317.505
2024-06-04T15:00:00,2317.575,2328.605,2317.335,2325.968
2024-06-04T16:00:00,2325.955,2329.468,2322.395,2323.768
2024-06-04T17:00:00,2323.805,2330.198,2323.615,2328.635
2024-06-04T18:00:00,2328.635,2329.625,2325.945,2328.168
2024-06-04T19:00:00,2328.145,2328.288,2325.885,2327.128
2024-06-04T20:00:00,2327.115,2327.608,2325.925,2326.675
2024-06-04T22:00:00,2325.918,2328.228,2325.918,2327.605
2024-06-04T23:00:00,2327.605,2328.788,2327.415,2328.668
2024-06-05T00:00:00,2328.678,2329.538,2327.585,2328.055
2024-06-05T01:00:00,2328.078,2330.778,2325.785,2330.305
2024-06-05T02:00:00,2330.324,2333.368,2329.765,2333.254
2024-06-05T03:00:00,2333.234,2337.748,2332.888,2337.048
2024-06-05T04:00:00,2337.048,2338.125,2335.735,2337.895
2024-06-05T05:00:00,2337.895,2341.535,2337.205,2337.205
2024-06-05T06:00:00,2337.228,2338.375,2327.945,2332.595
2024-06-05T07:00:00,2332.595,2333.615,2329.015,2331.485
2024-06-05T08:00:00,2331.465,2334.995,2331.245,2332.545
2024-06-05T09:00:00,2332.555,2333.785,2330.885,2332.195
2024-06-05T10:00:00,2332.178,2335.434,2329.348,2333.625
2024-06-05T11:00:00,2333.615,2335.405,2330.975,2332.435
2024-06-05T12:00:00,2332.435,2343.975,2332.078,2342.035
2024-06-05T13:00:00,2342.018,2345.828,2338.065,2345.208
2024-06-05T14:00:00,2344.905,2350.175,2333.945,2348.898
2024-06-05T15:00:00,2348.928,2357.278,2348.885,2353.575
2024-06-05T16:00:00,2353.615,2354.878,2351.238,2352.468
2024-06-05T17:00:00,2352.468,2355.638,2351.555,2355.008
2024-06-05T18:00:00,2354.975,2356.628,2353.385,2355.698
2024-06-05T19:00:00,2355.674,2356.028,2352.565,2353.928
2024-06-05T20:00:00,2353.958,2355.305,2352.778,2354.975
2024-06-05T22:00:00,2355.098,2357.785,2354.948,2356.795
2024-06-05T23:00:00,2356.795,2357.365,2354.675,2354.935
2024-06-06T00:00:00,2354.935,2355.885,2354.408,2355.635
2024-06-06T01:00:00,2355.585,2373.028,2355.468,2367.324
2024-06-06T02:00:00,2367.265,2374.568,2364.985,2374.228
2024-06-06T03:00:00,2374.415,2374.805,2367.505,2368.328
2024-06-06T04:00:00,2368.328,2370.418,2366.788,2369.288
2024-06-06T05:00:00,2369.285,2371.268,2366.225,2367.685
2024-06-06T06:00:00,2367.685,2367.878,2362.988,2366.948
2024-06-06T07:00:00,2366.915,2368.208,2362.045,2362.785
2024-06-06T08:00:00,2362.755,2363.085,2359.675,2362.778
2024-06-06T09:00:00,2362.745,2363.778,2358.395,2361.435
2024-06-06T10:00:00,2361.435,2361.848,2359.355,2360.948
2024-06-06T11:00:00,2360.955,2361.865,2359.048,2359.705
2024-06-06T12:00:00,2359.665,2364.985,2355.115,2357.405
2024-06-06T13:00:00,2357.425,2366.898,2353.305,2360.395
2024-06-06T14:00:00,2360.435,2366.195,2358.378,2364.125
2024-06-06T15:00:00,2364.115,2378.408,2363.945,2374.128
2024-06-06T16:00:00,2374.128,2376.805,2370.255,2372.725
2024-06-06T17:00:00,2372.735,2373.878,2370.555,2373.005
2024-06-06T18:00:00,2373.005,2373.568,2368.895,2372.015
2024-06-06T19:00:00,2372.015,2375.318,2371.078,2372.428
2024-06-06T20:00:00,2372.425,2376.225,2372.258,2375.375
2024-06-06T22:00:00,2374.968,2376.945,2374.968,2376.835
2024-06-06T23:00:00,2376.775,2378.015,2376.144,2376.718
2024-06-07T00:00:00,2376.675,2379.065,2375.908,2378.305
2024-06-07T01:00:00,2378.385,2379.895,2370.038,2370.935
2024-06-07T02:00:00,2370.955,2378.095,2369.278,2376.475
2024-06-07T03:00:00,2376.475,2381.845,2375.005,2380.085
2024-06-07T04:00:00,2380.025,2387.355,2379.115,2386.555
2024-06-07T05:00:00,2386.545,2387.595,2374.905,2375.805
2024-06-07T06:00:00,2375.805,2377.695,2372.815,2375.295
2024-06-07T07:00:00,2375.295,2379.235,2372.738,2373.445
2024-06-07T08:00:00,2373.415,2373.765,2342.424,2347.195
2024-06-07T09:00:00,2347.105,2347.815,2337.295,2339.225
2024-06-07T10:00:00,2339.225,2339.225,2331.908,2333.505
2024-06-07T11:00:00,2333.505,2339.285,2330.965,2336.485
2024-06-07T12:00:00,2336.468,2339.255,2313.404,2319.205
2024-06-07T13:00:00,2319.185,2327.885,2304.875,2309.405
2024-06-07T14:00:00,2309.415,2321.005,2307.535,2313.255
2024-06-07T15:00:00,2313.265,2315.445,2304.415,2304.918
2024-06-07T16:00:00,2304.905,2314.445,2302.948,2311.545
2024-06-07T17:00:00,2311.645,2312.265,2303.568,2305.368
2024-06-07T18:00:00,2305.455,2307.085,2299.865,2301.425
2024-06-07T19:00:00,2301.425,2301.425,2287.528,2288.195
2024-06-07T20:00:00,2288.115,2294.205,2286.628,2293.415
2024-06-09T22:00:00,2294.415,2298.295,2288.755,2297.275
2024-06-09T23:00:00,2297.265,2300.038,2296.358,2298.328
2024-06-10T00:00:00,2298.315,2299.685,2294.035,2296.865
2024-06-10T01:00:00,2296.865,2297.838,2293.835,2297.495
2024-06-10T02:00:00,2297.495,2301.128,2295.358,2296.118
2024-06-10T03:00:00,2296.105,2297.618,2294.758,2295.178
2024-06-10T04:00:00,2295.178,2295.665,2292.615,2294.695
2024-06-10T05:00:00,2294.695,2297.165,2292.025,2295.578
2024-06-10T06:00:00,2295.575,2296.415,2287.665,2291.065
2024-06-10T07:00:00,2291.085,2297.115,2290.395,2296.405
2024-06-10T08:00:00,2296.405,2297.398,2292.348,2292.548
2024-06-10T09:00:00,2292.538,2297.385,2291.705,2295.195
2024-06-10T10:00:00,2295.195,2298.705,2295.195,2298.405
2024-06-10T11:00:00,2298.485,2305.175,2297.798,2304.975
2024-06-10T12:00:00,2304.975,2308.605,2303.025,2306.075
2024-06-10T13:00:00,2306.065,2307.735,2300.235,2305.575
2024-06-10T14:00:00,2305.705,2307.125,2301.725,2302.638
2024-06-10T15:00:00,2302.638,2308.528,2301.205,2307.228
2024-06-10T16:00:00,2307.525,2313.655,2306.855,2312.838
2024-06-10T17:00:00,2312.808,2313.308,2308.965,2311.788
2024-06-10T18:00:00,2311.788,2311.938,2309.755,2310.848
2024-06-10T19:00:00,2310.805,2312.168,2308.568,2308.638
2024-06-10T20:00:00,2308.645,2310.955,2308.395,2310.645
2024-06-10T22:00:00,2311.954,2312.385,2309.545,2309.545
2024-06-10T23:00:00,2309.575,2310.478,2308.675,2309.798
2024-06-11T00:00:00,2309.825,2311.835,2308.965,2310.735
2024-06-11T01:00:00,2310.674,2310.674,2301.515,2302.718
2024-06-11T02:00:00,2302.688,2303.525,2298.625,2301.775
2024-06-11T03:00:00,2301.785,2304.275,2300.645,2303.528
2024-06-11T04:00:00,2303.515,2303.858,2301.335,2303.465
2024-06-11T05:00:00,2303.445,2304.268,2297.595,2299.445
2024-06-11T06:00:00,2299.465,2304.525,2298.605,2301.995
2024-06-11T07:00:00,2301.975,2305.325,2301.565,2304.425
2024-06-11T08:00:00,2304.445,2307.708,2303.115,2305.915
2024-06-11T09:00:00,2305.945,2307.298,2301.425,2306.265
2024-06-11T10:00:00,2306.298,2308.738,2305.155,2307.738
2024-06-11T11:00:00,2307.755,2308.145,2305.325,2307.545
2024-06-11T12:00:00,2307.515,2319.865,2307.505,2317.805
2024-06-11T13:00:00,2317.835,2319.445,2309.138,2314.505
2024-06-11T14:00:00,2314.464,2317.685,2312.285,2314.668
2024-06-11T15:00:00,2314.645,2315.815,2309.838,2310.018
2024-06-11T16:00:00,2310.018,2312.228,2305.795,2308.435
2024-06-11T17:00:00,2308.535,2313.368,2307.785,2312.675
2024-06-11T18:00:00,2312.685,2315.605,2312.035,2313.738
2024-06-11T19:00:00,2313.614,2315.568,2312.375,2315.218
2024-06-11T20:00:00,2315.248,2316.945,2314.625,2316.515
2024-06-11T22:00:00,2316.405,2317.508,2315.045,2316.728
2024-06-11T23:00:00,2316.828,2317.325,2313.835,2315.008
2024-06-12T00:00:00,2315.055,2315.588,2313.325,2313.628
2024-06-12T01:00:00,2313.605,2315.058,2310.685,2314.258
2024-06-12T02:00:00,2314.235,2315.405,2310.584,2313.518
2024-06-12T03:00:00,2313.475,2316.625,2313.425,2313.915
2024-06-12T04:00:00,2313.915,2314.228,2312.324,2312.565
2024-06-12T05:00:00,2312.575,2315.285,2312.345,2314.905
2024-06-12T06:00:00,2314.905,2317.645,2313.675,2314.718
2024-06-12T07:00:00,2314.705,2315.368,2311.025,2314.445
2024-06-12T08:00:00,2314.445,2315.628,2310.665,2312.685
2024-06-12T09:00:00,2312.658,2315.338,2312.065,2313.938
2024-06-12T10:00:00,2313.945,2314.665,2312.128,2313.325
2024-06-12T11:00:00,2313.295,2314.668,2312.145,2312.828
2024-06-12T12:00:00,2312.745,2337.505,2311.465,2335.788
2024-06-12T13:00:00,2335.824,2341.495,2324.898,2329.735
2024-06-12T14:00:00,2329.695,2329.795,2319.955,2325.185
2024-06-12T15:00:00,2325.205,2337.005,2324.555,2335.475
2024-06-12T16:00:00,2335.475,2338.038,2333.015,2337.538
2024-06-12T17:00:00,2337.558,2339.408,2332.665,2334.578
2024-06-12T18:00:00,2334.498,2334.498,2319.298,2322.605
2024-06-12T19:00:00,2322.615,2324.528,2315.755,2321.215
2024-06-12T20:00:00,2321.235,2324.925,2320.205,2324.675
2024-06-12T22:00:00,2324.305,2325.398,2321.575,2321.785
2024-06-12T23:00:00,2321.795,2322.225,2320.145,2320.448
2024-06-13T00:00:00,2320.445,2322.815,2317.494,2320.645
2024-06-13T01:00:00,2320.675,2321.425,2307.985,2312.565
2024-06-13T02:00:00,2312.565,2316.008,2310.525,2314.008
2024-06-13T03:00:00,2314.008,2316.165,2312.475,2314.138
2024-06-13T04:00:00,2314.085,2314.658,2309.175,2311.685
2024-06-13T05:00:00,2311.685,2312.158,2308.855,2311.525
2024-06-13T06:00:00,2311.545,2316.045,2311.095,2315.535
2024-06-13T07:00:00,2315.514,2318.525,2313.165,2316.905
2024-06-13T08:00:00,2317.005,2317.125,2313.845,2315.488
2024-06-13T09:00:00,2315.485,2318.285,2313.285,2315.355
2024-06-13T10:00:00,2315.385,2319.855,2315.185,2316.218
2024-06-13T11:00:00,2316.184,2316.528,2303.845,2306.948
2024-06-13T12:00:00,2306.935,2326.495,2305.414,2323.168
2024-06-13T13:00:00,2323.168,2324.675,2308.215,2310.635
2024-06-13T14:00:00,2310.575,2314.278,2305.565,2313.435
2024-06-13T15:00:00,2313.455,2316.925,2297.645,2298.858
2024-06-13T16:00:00,2298.795,2300.205,2295.395,2299.178
2024-06-13T17:00:00,2299.155,2304.345,2298.938,2301.338
2024-06-13T18:00:00,2301.305,2303.838,2299.935,2302.948
2024-06-13T19:00:00,2302.895,2304.865,2302.598,2303.328
2024-06-13T20:00:00,2303.305,2304.238,2302.805,2303.905
2024-06-13T22:00:00,2303.028,2303.954,2302.765,2302.795
2024-06-13T23:00:00,2302.825,2303.105,2301.648,2302.208
2024-06-14T00:00:00,2302.145,2305.565,2301.415,2304.825
2024-06-14T01:00:00,2304.745,2307.045,2302.948,2305.898
2024-06-14T02:00:00,2305.888,2306.955,2304.108,2306.585
2024-06-14T03:00:00,2306.565,2308.575,2304.848,2305.358
2024-06-14T04:00:00,2305.338,2306.005,2303.385,2305.815
2024-06-14T05:00:00,2305.815,2311.465,2305.445,2309.765
2024-06-14T06:00:00,2309.718,2312.675,2307.355,2312.565
2024-06-14T07:00:00,2312.555,2316.548,2309.265,2315.215
2024-06-14T08:00:00,2315.215,2321.525,2314.675,2317.228
2024-06-14T09:00:00,2317.245,2322.575,2315.105,2322.485
2024-06-14T10:00:00,2322.485,2332.565,2320.825,2330.405
2024-06-14T11:00:00,2330.365,2336.575,2325.985,2331.885
2024-06-14T12:00:00,2331.885,2333.258,2327.085,2330.255
2024-06-14T13:00:00,2330.225,2332.748,2324.088,2330.165
2024-06-14T14:00:00,2330.035,2335.358,2327.825,2329.944
2024-06-14T15:00:00,2329.878,2332.058,2323.945,2325.985
2024-06-14T16:00:00,2326.055,2331.808,2325.325,2328.748
2024-06-14T17:00:00,2328.795,2335.455,2328.395,2334.015
2024-06-14T18:00:00,2334.028,2335.078,2332.115,2334.588
2024-06-14T19:00:00,2334.588,2335.368,2332.058,2332.348
2024-06-14T20:00:00,2332.294,2332.898,2330.888,2332.184
2024-06-16T22:00:00,2331.098,2332.488,2327.365,2328.624
2024-06-16T23:00:00,2328.708,2329.484,2327.228,2328.748
2024-06-17T00:00:00,2328.748,2328.748,2325.095,2326.268
2024-06-17T01:00:00,2326.268,2328.815,2322.625,2326.175
2024-06-17T02:00:00,2326.138,2326.138,2321.375,2322.468
2024-06-17T03:00:00,2322.374,2325.024,2321.545,2324.268
2024-06-17T04:00:00,2324.255,2326.128,2322.525,2323.545
2024-06-17T05:00:00,2323.545,2323.545,2317.685,2318.435
2024-06-17T06:00:00,2318.435,2319.175,2315.365,2317.265
2024-06-17T07:00:00,2317.235,2320.015,2315.485,2316.848
2024-06-17T08:00:00,2316.835,2322.205,2316.318,2321.218
2024-06-17T09:00:00,2321.185,2322.535,2319.105,2319.965
2024-06-17T10:00:00,2319.965,2322.428,2319.425,2320.418
2024-06-17T11:00:00,2320.448,2321.835,2317.525,2318.078
2024-06-17T12:00:00,2318.055,2321.008,2316.595,2319.535
2024-06-17T13:00:00,2319.535,2326.128,2318.605,2320.815
2024-06-17T14:00:00,2320.835,2327.495,2318.215,2324.455
2024-06-17T15:00:00,2324.465,2325.458,2309.895,2312.455
2024-06-17T16:00:00,2312.455,2316.948,2312.455,2316.835
2024-06-17T17:00:00,2316.835,2318.268,2313.175,2316.618
2024-06-17T18:00:00,2316.648,2319.145,2316.055,2317.815
2024-06-17T19:00:00,2317.815,2320.475,2317.795,2320.075
2024-06-17T20:00:00,2320.068,2320.625,2318.358,2318.875
2024-06-17T22:00:00,2318.098,2321.075,2318.098,2320.848
2024-06-17T23:00:00,2320.854,2321.088,2318.995,2320.545
2024-06-18T00:00:00,2320.545,2325.428,2320.528,2324.008
2024-06-18T01:00:00,2324.048,2325.254,2319.108,2322.398
2024-06-18T02:00:00,2322.398,2325.535,2321.448,2324.258
2024-06-18T03:00:00,2324.235,2324.978,2323.028,2324.348
2024-06-18T04:00:00,2324.338,2324.688,2321.768,2322.415
2024-06-18T05:00:00,2322.408,2323.715,2319.315,2322.065
2024-06-18T06:00:00,2322.085,2322.645,2318.655,2320.005
2024-06-18T07:00:00,2319.955,2320.025,2314.865,2315.398
2024-06-18T08:00:00,2315.364,2315.364,2310.675,2311.188
2024-06-18T09:00:00,2311.118,2314.165,2310.718,2310.995
2024-06-18T10:00:00,2310.995,2312.285,2306.465,2308.228
2024-06-18T11:00:00,2308.228,2314.098,2306.605,2313.275
2024-06-18T12:00:00,2313.275,2324.045,2311.355,2313.798
2024-06-18T13:00:00,2313.808,2327.625,2313.545,2326.635
2024-06-18T14:00:00,2326.605,2327.008,2322.075,2323.488
2024-06-18T15:00:00,2323.458,2329.685,2318.615,2326.758
2024-06-18T16:00:00,2326.768,2330.635,2326.365,2330.145
2024-06-18T17:00:00,2330.185,2333.008,2328.175,2329.605
2024-06-18T18:00:00,2329.615,2331.345,2327.345,2331.155
2024-06-18T19:00:00,2331.155,2331.155,2328.345,2329.158
2024-06-18T20:00:00,2329.215,2330.485,2328.805,2329.165
2024-06-18T22:00:00,2328.585,2330.215,2327.308,2328.104
2024-06-18T23:00:00,2328.104,2329.495,2327.898,2328.195
2024-06-19T00:00:00,2328.215,2329.788,2327.948,2329.388
2024-06-19T01:00:00,2329.365,2330.865,2326.348,2330.045
2024-06-19T02:00:00,2330.045,2331.125,2328.715,2330.185
2024-06-19T03:00:00,2330.185,2331.635,2327.855,2328.145
2024-06-19T04:00:00,2328.145,2328.338,2327.158,2327.875
2024-06-19T05:00:00,2327.895,2330.005,2326.675,2329.208
2024-06-19T06:00:00,2329.165,2330.688,2328.335,2330.088
2024-06-19T07:00:00,2330.085,2332.555,2329.705,2331.725
2024-06-19T08:00:00,2331.725,2334.868,2331.725,2332.418
2024-06-19T09:00:00,2332.415,2332.615,2327.595,2328.028
2024-06-19T10:00:00,2328.035,2329.775,2327.275,2327.845
2024-06-19T11:00:00,2327.845,2330.968,2325.715,2330.325
2024-06-19T12:00:00,2330.335,2332.835,2325.155,2328.215
2024-06-19T13:00:00,2328.235,2331.405,2326.675,2328.075
2024-06-19T14:00:00,2328.005,2328.285,2323.984,2326.058
2024-06-19T15:00:00,2326.058,2329.738,2325.155,2329.678
2024-06-19T16:00:00,2329.698,2331.278,2328.755,2329.318
2024-06-19T17:00:00,2329.295,2330.955,2329.115,2329.955
2024-06-19T18:00:00,2329.995,2330.045,2327.425,2327.695
2024-06-19T22:00:00,2327.865,2330.515,2327.865,2330.228
2024-06-19T23:00:00,2330.228,2330.228,2328.595,2329.265
2024-06-20T00:00:00,2329.285,2329.725,2327.628,2329.608
2024-06-20T01:00:00,2329.635,2338.878,2329.635,2336.198
2024-06-20T02:00:00,2336.155,2337.258,2332.695,2333.658
2024-06-20T03:00:00,2333.615,2334.255,2332.285,2333.805
2024-06-20T04:00:00,2333.825,2340.825,2333.645,2340.375
2024-06-20T05:00:00,2340.375,2344.738,2339.615,2340.138
2024-06-20T06:00:00,2340.128,2345.555,2340.018,2343.978
2024-06-20T07:00:00,2343.975,2344.875,2338.405,2338.498
2024-06-20T08:00:00,2338.485,2338.588,2332.545,2333.195
2024-06-20T09:00:00,2333.185,2335.658,2331.475,2334.518
2024-06-20T10:00:00,2334.495,2340.545,2333.345,2339.305
2024-06-20T11:00:00,2339.328,2341.268,2337.615,2339.205
2024-06-20T12:00:00,2339.198,2343.515,2335.205,2338.425
2024-06-20T13:00:00,2338.475,2349.364,2336.548,2349.208
2024-06-20T14:00:00,2349.295,2364.878,2348.805,2363.905
2024-06-20T15:00:00,2363.855,2365.375,2351.248,2353.595
2024-06-20T16:00:00,2353.585,2357.025,2352.705,2356.238
2024-06-20T17:00:00,2356.248,2357.375,2354.488,2357.245
2024-06-20T18:00:00,2357.245,2360.968,2357.168,2357.908
2024-06-20T19:00:00,2357.908,2359.788,2357.598,2358.828
2024-06-20T20:00:00,2358.858,2360.045,2358.108,2359.695
2024-06-20T22:00:00,2359.298,2360.795,2357.978,2359.215
2024-06-20T23:00:00,2359.215,2360.965,2358.735,2360.715
2024-06-21T00:00:00,2360.728,2364.685,2360.695,2363.968
2024-06-21T01:00:00,2363.945,2364.058,2356.998,2359.528
2024-06-21T02:00:00,2359.528,2361.478,2358.025,2359.258
2024-06-21T03:00:00,2359.255,2362.018,2358.615,2362.018
2024-06-21T04:00:00,2362.035,2362.878,2360.965,2362.815
2024-06-21T05:00:00,2362.795,2365.485,2362.105,2364.428
2024-06-21T06:00:00,2364.378,2364.378,2357.798,2358.308
2024-06-21T07:00:00,2358.288,2364.345,2354.995,2362.835
2024-06-21T08:00:00,2362.835,2368.015,2362.558,2365.275
2024-06-21T09:00:00,2365.275,2367.225,2362.805,2363.788
2024-06-21T10:00:00,2363.805,2364.035,2361.178,2363.535
2024-06-21T11:00:00,2363.575,2368.558,2363.415,2366.158
2024-06-21T12:00:00,2366.125,2367.978,2360.305,2360.548
2024-06-21T13:00:00,2360.538,2363.685,2334.665,2340.445
2024-06-21T14:00:00,2340.325,2340.405,2328.495,2329.808
2024-06-21T15:00:00,2329.838,2334.675,2323.165,2327.828
2024-06-21T16:00:00,2327.828,2329.195,2323.575,2324.605
2024-06-21T17:00:00,2324.605,2324.995,2316.588,2319.215
2024-06-21T18:00:00,2319.215,2322.688,2316.655,2322.055
2024-06-21T19:00:00,2322.055,2323.288,2320.325,2322.068
2024-06-21T20:00:00,2322.038,2322.578,2320.685,2321.755
2024-06-23T22:00:00,2322.775,2322.775,2317.635,2321.365
2024-06-23T23:00:00,2321.314,2321.314,2317.575,2319.085
2024-06-24T00:00:00,2318.995,2321.588,2317.818,2320.825
2024-06-24T01:00:00,2320.885,2326.265,2318.888,2323.498
2024-06-24T02:00:00,2323.485,2325.105,2319.495,2324.655
2024-06-24T03:00:00,2324.615,2326.578,2324.205,2325.335
2024-06-24T04:00:00,2325.365,2326.505,2324.025,2324.345
2024-06-24T05:00:00,2324.345,2327.125,2323.535,2324.978
2024-06-24T06:00:00,2324.975,2325.215,2321.215,2323.365
2024-06-24T07:00:00,2323.325,2331.688,2321.585,2330.678
2024-06-24T08:00:00,2330.645,2332.688,2329.055,2330.458
2024-06-24T09:00:00,2330.435,2330.815,2320.625,2324.945
2024-06-24T10:00:00,2324.945,2326.978,2324.365,2325.065
2024-06-24T11:00:00,2325.048,2327.935,2324.035,2326.098
2024-06-24T12:00:00,2326.095,2327.755,2323.205,2327.458
2024-06-24T13:00:00,2327.458,2333.765,2325.808,2327.955
2024-06-24T14:00:00,2327.794,2333.515,2326.815,2330.605
2024-06-24T15:00:00,2330.574,2333.068,2327.408,2327.528
2024-06-24T16:00:00,2327.508,2332.085,2326.758,2331.598
2024-06-24T17:00:00,2331.575,2333.065,2330.458,2331.915
2024-06-24T18:00:00,2331.945,2334.588,2331.815,2333.718
2024-06-24T19:00:00,2333.718,2333.748,2330.818,2331.578
2024-06-24T20:00:00,2331.675,2334.595,2331.675,2333.695
2024-06-24T22:00:00,2333.205,2334.395,2331.525,2331.588
2024-06-24T23:00:00,2331.585,2331.788,2330.105,2330.755
2024-06-25T00:00:00,2330.815,2330.835,2328.118,2329.985
2024-06-25T01:00:00,2329.975,2330.758,2323.035,2325.765
2024-06-25T02:00:00,2325.708,2326.948,2324.368,2326.375
2024-06-25T03:00:00,2326.375,2328.455,2323.878,2323.985
2024-06-25T04:00:00,2323.985,2327.688,2322.608,2327.318
2024-06-25T05:00:00,2327.295,2330.018,2324.425,2324.855
2024-06-25T06:00:00,2324.855,2328.015,2323.318,2327.135
2024-06-25T07:00:00,2327.108,2327.565,2323.915,2324.745
2024-06-25T08:00:00,2324.695,2330.455,2322.785,2329.478
2024-06-25T09:00:00,2329.465,2333.945,2329.145,2332.958
2024-06-25T10:00:00,2332.928,2337.018,2332.478,2335.218
2024-06-25T11:00:00,2335.185,2335.718,2327.345,2329.975
2024-06-25T12:00:00,2329.965,2330.345,2323.938,2324.015
2024-06-25T13:00:00,2324.045,2327.295,2320.175,2325.465
2024-06-25T14:00:00,2325.465,2328.085,2319.375,2327.045
2024-06-25T15:00:00,2327.058,2327.618,2315.455,2324.585
2024-06-25T16:00:00,2324.645,2324.935,2315.405,2317.715
2024-06-25T17:00:00,2317.675,2320.028,2316.675,2319.018
2024-06-25T18:00:00,2319.035,2319.638,2316.925,2319.138
2024-06-25T19:00:00,2319.128,2320.488,2318.688,2319.698
2024-06-25T20:00:00,2319.698,2319.818,2317.885,2319.235
2024-06-25T22:00:00,2319.575,2321.128,2318.705,2320.495
2024-06-25T23:00:00,2320.505,2321.215,2318.545,2319.898
2024-06-26T00:00:00,2319.845,2323.738,2317.648,2318.295
2024-06-26T01:00:00,2318.265,2320.638,2310.455,2312.778
2024-06-26T02:00:00,2312.755,2321.518,2312.258,2319.345
2024-06-26T03:00:00,2319.325,2320.948,2316.545,2317.125
2024-06-26T04:00:00,2317.115,2317.565,2315.025,2316.685
2024-06-26T05:00:00,2316.685,2318.105,2311.735,2311.998
2024-06-26T06:00:00,2311.935,2317.275,2309.608,2317.025
2024-06-26T07:00:00,2316.998,2317.235,2312.875,2315.985
2024-06-26T08:00:00,2315.985,2317.895,2312.805,2315.578
2024-06-26T09:00:00,2315.658,2318.285,2315.548,2316.248
2024-06-26T10:00:00,2316.218,2316.358,2307.598,2308.175
2024-06-26T11:00:00,2308.175,2313.878,2304.265,2312.918
2024-06-26T12:00:00,2312.925,2317.728,2310.058,2310.058
2024-06-26T13:00:00,2310.058,2311.465,2293.464,2296.145
2024-06-26T14:00:00,2296.125,2301.195,2295.258,2297.478
2024-06-26T15:00:00,2297.498,2304.035,2295.808,2299.938
2024-06-26T16:00:00,2299.895,2302.095,2298.395,2299.638
2024-06-26T17:00:00,2299.615,2302.928,2299.255,2301.828
2024-06-26T18:00:00,2301.788,2301.948,2298.428,2298.855
2024-06-26T19:00:00,2298.858,2299.388,2296.835,2298.575
2024-06-26T20:00:00,2298.665,2299.148,2297.155,2298.035
2024-06-26T22:00:00,2298.098,2299.055,2297.898,2298.065
2024-06-26T23:00:00,2298.065,2298.405,2296.615,2298.258
2024-06-27T00:00:00,2298.288,2300.025,2297.758,2298.898
2024-06-27T01:00:00,2298.905,2299.658,2296.635,2297.728
2024-06-27T02:00:00,2297.675,2299.948,2297.675,2299.198
2024-06-27T03:00:00,2299.188,2299.765,2297.918,2298.858
2024-06-27T04:00:00,2298.835,2301.018,2298.628,2300.355
2024-06-27T05:00:00,2300.355,2300.465,2296.718,2297.408
2024-06-27T06:00:00,2297.408,2303.335,2296.425,2301.108
2024-06-27T07:00:00,2301.078,2302.448,2299.865,2302.215
2024-06-27T08:00:00,2302.205,2308.298,2301.935,2307.488
2024-06-27T09:00:00,2307.465,2313.655,2307.185,2312.498
2024-06-27T10:00:00,2312.445,2315.425,2312.195,2315.068
2024-06-27T11:00:00,2315.088,2317.758,2313.275,2316.928
2024-06-27T12:00:00,2316.928,2325.655,2315.985,2322.725
2024-06-27T13:00:00,2322.738,2324.808,2319.398,2323.165
2024-06-27T14:00:00,2323.075,2330.735,2322.545,2328.868
2024-06-27T15:00:00,2328.898,2330.825,2324.965,2327.365
2024-06-27T16:00:00,2327.378,2328.198,2323.848,2325.308
2024-06-27T17:00:00,2325.308,2327.868,2324.225,2325.728
2024-06-27T18:00:00,2325.725,2326.268,2322.355,2326.148
2024-06-27T19:00:00,2326.208,2327.638,2325.545,2325.968
2024-06-27T20:00:00,2325.955,2328.445,2325.395,2327.695
2024-06-27T22:00:00,2327.108,2327.915,2325.775,2326.765
2024-06-27T23:00:00,2326.735,2327.818,2326.305,2327.588
2024-06-28T00:00:00,2327.618,2328.185,2321.308,2321.478
2024-06-28T01:00:00,2321.474,2324.345,2318.905,2320.188
2024-06-28T02:00:00,2320.188,2324.098,2319.728,2323.538
2024-06-28T03:00:00,2323.494,2324.858,2320.665,2321.638
2024-06-28T04:00:00,2321.635,2321.705,2319.645,2321.078
2024-06-28T05:00:00,2321.075,2326.908,2320.908,2325.608
2024-06-28T06:00:00,2325.615,2328.015,2324.978,2327.385
2024-06-28T07:00:00,2327.385,2328.748,2324.685,2327.078
2024-06-28T08:00:00,2327.145,2331.825,2326.355,2328.625
2024-06-28T09:00:00,2328.595,2330.265,2327.135,2330.225
2024-06-28T10:00:00,2330.225,2336.628,2329.335,2335.758
2024-06-28T11:00:00,2335.758,2337.068,2333.175,2333.798
2024-06-28T12:00:00,2333.798,2339.225,2330.784,2335.365
2024-06-28T13:00:00,2335.375,2339.635,2326.618,2330.115
2024-06-28T14:00:00,2330.115,2333.575,2322.745,2326.405
2024-06-28T15:00:00,2326.445,2330.308,2324.045,2328.475
2024-06-28T16:00:00,2328.515,2332.468,2327.645,2329.898
2024-06-28T17:00:00,2329.855,2332.618,2326.318,2326.768
2024-06-28T18:00:00,2326.778,2328.328,2325.235,2325.668
2024-06-28T19:00:00,2325.665,2326.168,2322.918,2324.938
2024-06-28T20:00:00,2324.928,2326.675,2322.735,2326.275
2024-06-30T22:00:00,2326.315,2326.775,2322.505,2324.385
2024-06-30T23:00:00,2324.385,2326.035,2322.975,2324.825
2024-07-01T00:00:00,2324.815,2325.198,2322.065,2324.735
2024-07-01T01:00:00,2324.735,2328.425,2323.378,2327.755
2024-07-01T02:00:00,2327.728,2327.728,2324.338,2326.525
2024-07-01T03:00:00,2326.525,2327.585,2324.308,2324.608
2024-07-01T04:00:00,2324.578,2325.965,2321.308,2323.565
2024-07-01T05:00:00,2323.565,2323.855,2318.395,2321.745
2024-07-01T06:00:00,2321.755,2328.865,2321.195,2326.378
2024-07-01T07:00:00,2326.408,2326.835,2323.548,2323.638
2024-07-01T08:00:00,2323.514,2326.155,2321.775,2325.755
2024-07-01T09:00:00,2325.755,2329.368,2325.325,2327.335
2024-07-01T10:00:00,2327.395,2332.575,2327.395,2332.575
2024-07-01T11:00:00,2332.605,2338.118,2331.978,2338.065
2024-07-01T12:00:00,2338.115,2338.388,2327.095,2327.298
2024-07-01T13:00:00,2327.325,2334.068,2323.698,2327.015
2024-07-01T14:00:00,2327.055,2334.155,2319.125,2323.945
2024-07-01T15:00:00,2323.995,2328.908,2322.928,2327.698
2024-07-01T16:00:00,2327.728,2331.768,2326.575,2328.078
2024-07-01T17:00:00,2328.058,2329.848,2326.628,2329.158
2024-07-01T18:00:00,2329.115,2330.688,2326.898,2329.838
2024-07-01T19:00:00,2329.838,2331.408,2328.858,2330.908
2024-07-01T20:00:00,2330.955,2332.368,2330.775,2331.485
2024-07-01T22:00:00,2330.848,2332.595,2330.848,2331.625
2024-07-01T23:00:00,2331.635,2332.425,2331.564,2332.138
2024-07-02T00:00:00,2332.095,2333.778,2331.608,2332.985
2024-07-02T01:00:00,2332.985,2334.125,2331.055,2334.001
2024-07-02T02:00:00,2333.985,2334.208,2331.145,2332.205
2024-07-02T03:00:00,2332.205,2332.535,2325.628,2325.888
2024-07-02T04:00:00,2325.898,2327.718,2324.785,2327.155
2024-07-02T05:00:00,2327.155,2330.695,2326.208,2329.778
2024-07-02T06:00:00,2329.785,2331.645,2327.535,2330.308
2024-07-02T07:00:00,2330.308,2330.835,2323.198,2330.688
2024-07-02T08:00:00,2330.688,2332.325,2328.305,2331.065
2024-07-02T09:00:00,2331.025,2331.798,2323.995,2324.755
2024-07-02T10:00:00,2324.815,2326.425,2322.735,2324.398
2024-07-02T11:00:00,2324.375,2325.508,2319.895,2320.585
2024-07-02T12:00:00,2320.675,2328.588,2318.945,2327.368
2024-07-02T13:00:00,2327.338,2336.668,2325.985,2334.258
2024-07-02T14:00:00,2334.258,2335.458,2322.845,2326.535
2024-07-02T15:00:00,2326.535,2330.318,2324.018,2324.618
2024-07-02T16:00:00,2324.638,2324.888,2320.818,2322.745
2024-07-02T17:00:00,2322.745,2325.198,2321.955,2324.608
2024-07-02T18:00:00,2324.588,2328.858,2324.405,2328.318
2024-07-02T19:00:00,2328.318,2331.318,2328.045,2330.778
2024-07-02T20:00:00,2330.785,2330.968,2328.625,2329.335
2024-07-02T22:00:00,2329.098,2331.115,2329.098,2329.905
2024-07-02T23:00:00,2329.905,2331.308,2329.548,2330.138
2024-07-03T00:00:00,2330.115,2332.015,2330.085,2330.138
2024-07-03T01:00:00,2330.138,2331.468,2328.335,2328.948
2024-07-03T02:00:00,2328.968,2330.958,2326.685,2328.785
2024-07-03T03:00:00,2328.785,2332.378,2327.935,2331.598
2024-07-03T04:00:00,2331.598,2335.168,2331.598,2334.358
2024-07-03T05:00:00,2334.335,2335.655,2331.828,2333.228
2024-07-03T06:00:00,2333.174,2341.078,2332.808,2340.024
2024-07-03T07:00:00,2340.024,2347.074,2339.0,2345.275
2024-07-03T08:00:00,2345.225,2347.438,2342.975,2344.548
2024-07-03T09:00:00,2344.548,2346.398,2342.015,2346.165
2024-07-03T10:00:00,2346.165,2349.418,2344.435,2346.918
2024-07-03T11:00:00,2346.825,2346.835,2342.335,2345.308
2024-07-03T12:00:00,2345.305,2356.015,2344.815,2350.395
2024-07-03T13:00:00,2350.375,2358.555,2347.438,2355.105
2024-07-03T14:00:00,2355.105,2364.795,2354.814,2362.388
2024-07-03T15:00:00,2362.398,2363.895,2359.858,2362.945
2024-07-03T16:00:00,2362.945,2363.055,2355.008,2356.485
2024-07-03T17:00:00,2356.445,2360.728,2353.728,2356.545
2024-07-03T18:00:00,2356.545,2357.878,2355.095,2356.185
2024-07-03T19:00:00,2356.225,2356.588,2353.585,2354.218
2024-07-03T20:00:00,2354.218,2356.265,2354.115,2355.765
2024-07-03T22:00:00,2356.925,2359.105,2354.925,2358.675
2024-07-03T23:00:00,2358.728,2359.455,2357.508,2358.675
2024-07-04T00:00:00,2358.725,2359.204,2356.365,2358.438
2024-07-04T01:00:00,2358.428,2362.385,2358.195,2361.785
2024-07-04T02:00:00,2361.788,2362.088,2357.288,2359.138
2024-07-04T03:00:00,2359.115,2360.185,2357.045,2357.965
2024-07-04T04:00:00,2357.965,2359.485,2357.508,2358.415
2024-07-04T05:00:00,2358.415,2358.448,2355.405,2356.758
2024-07-04T06:00:00,2356.758,2357.078,2350.364,2356.215
2024-07-04T07:00:00,2356.215,2357.645,2353.475,2357.445
2024-07-04T08:00:00,2357.435,2359.525,2355.415,2358.755
2024-07-04T09:00:00,2358.755,2359.005,2355.575,2357.645
2024-07-04T10:00:00,2357.645,2359.045,2356.285,2357.905
2024-07-04T11:00:00,2357.918,2359.888,2357.458,2358.368
2024-07-04T12:00:00,2358.365,2360.308,2356.845,2357.648
2024-07-04T13:00:00,2357.688,2359.955,2357.138,2359.605
2024-07-04T14:00:00,2359.585,2361.758,2357.878,2358.828
2024-07-04T15:00:00,2358.818,2360.578,2355.355,2357.318
2024-07-04T16:00:00,2357.305,2359.028,2356.825,2357.685
2024-07-04T17:00:00,2357.605,2357.895,2356.055,2356.185
2024-07-04T18:00:00,2356.185,2357.195,2356.035,2356.555
2024-07-04T22:00:00,2356.615,2357.405,2354.115,2357.315
2024-07-04T23:00:00,2357.275,2357.605,2356.235,2356.655
2024-07-05T00:00:00,2356.655,2358.935,2355.908,2358.745
2024-07-05T01:00:00,2358.745,2360.175,2356.775,2358.268
2024-07-05T02:00:00,2358.295,2363.018,2357.975,2360.338
2024-07-05T03:00:00,2360.325,2362.205,2359.415,2361.655
2024-07-05T04:00:00,2361.655,2364.568,2361.238,2363.808
2024-07-05T05:00:00,2363.775,2364.915,2362.478,2364.575
2024-07-05T06:00:00,2364.575,2366.198,2363.465,2363.888
2024-07-05T07:00:00,2363.835,2367.345,2362.248,2365.115
2024-07-05T08:00:00,2365.115,2367.955,2364.515,2366.355
2024-07-05T09:00:00,2366.355,2366.755,2361.875,2362.328
2024-07-05T10:00:00,2362.275,2365.378,2361.715,2364.945
2024-07-05T11:00:00,2364.945,2365.875,2362.175,2365.725
2024-07-05T12:00:00,2365.725,2376.025,2347.515,2372.035
2024-07-05T13:00:00,2372.035,2385.025,2370.575,2383.065
2024-07-05T14:00:00,2383.015,2384.315,2374.275,2380.618
2024-07-05T15:00:00,2380.575,2388.308,2378.345,2384.595
2024-07-05T16:00:00,2384.615,2387.508,2383.845,2386.428
2024-07-05T17:00:00,2386.428,2389.748,2384.435,2385.718
2024-07-05T18:00:00,2385.748,2392.475,2385.015,2390.958
2024-07-05T19:00:00,2390.968,2392.815,2388.005,2388.668
2024-07-05T20:00:00,2388.668,2391.518,2388.125,2390.705
2024-07-07T22:00:00,2385.498,2390.008,2384.745,2385.135
2024-07-07T23:00:00,2385.125,2386.785,2384.625,2385.938
2024-07-08T00:00:00,2385.915,2387.668,2384.428,2386.578
2024-07-08T01:00:00,2386.515,2390.935,2384.118,2386.355
2024-07-08T02:00:00,2386.344,2387.085,2381.305,2382.815
2024-07-08T03:00:00,2382.785,2384.045,2380.535,2382.805
2024-07-08T04:00:00,2382.835,2384.928,2381.925,2384.848
2024-07-08T05:00:00,2384.848,2386.645,2381.434,2382.658
2024-07-08T06:00:00,2382.685,2384.098,2376.615,2376.848
2024-07-08T07:00:00,2376.815,2380.985,2376.538,2377.778
2024-07-08T08:00:00,2377.755,2378.695,2371.818,2372.715
2024-07-08T09:00:00,2372.695,2373.715,2368.175,2370.048
2024-07-08T10:00:00,2370.008,2374.245,2369.545,2374.035
2024-07-08T11:00:00,2374.035,2375.538,2372.378,2375.238
2024-07-08T12:00:00,2375.248,2377.338,2370.248,2372.685
2024-07-08T13:00:00,2372.628,2376.968,2370.208,2375.395
2024-07-08T14:00:00,2375.395,2379.405,2373.085,2373.125
2024-07-08T15:00:00,2373.125,2374.828,2350.945,2355.385
2024-07-08T16:00:00,2355.385,2358.668,2350.915,2358.565
2024-07-08T17:00:00,2358.615,2359.638,2355.425,2357.065
2024-07-08T18:00:00,2357.098,2358.108,2354.738,2356.518
2024-07-08T19:00:00,2356.495,2359.748,2356.078,2359.105
2024-07-08T20:00:00,2359.125,2359.728,2357.908,2358.625
2024-07-08T22:00:00,2358.338,2359.665,2358.338,2359.624
2024-07-08T23:00:00,2359.634,2361.955,2359.634,2361.655
2024-07-09T00:00:00,2361.645,2363.514,2360.645,2361.745
2024-07-09T01:00:00,2361.845,2365.168,2361.268,2363.275
2024-07-09T02:00:00,2363.255,2366.575,2360.378,2363.898
2024-07-09T03:00:00,2363.888,2367.825,2363.218,2367.548
2024-07-09T04:00:00,2367.568,2368.658,2366.258,2367.255
2024-07-09T05:00:00,2367.255,2368.225,2364.058,2364.445
2024-07-09T06:00:00,2364.455,2365.435,2362.618,2364.055
2024-07-09T07:00:00,2364.045,2364.425,2358.265,2358.875
2024-07-09T08:00:00,2358.875,2361.875,2358.125,2361.488
2024-07-09T09:00:00,2361.494,2365.268,2361.428,2364.218
2024-07-09T10:00:00,2364.145,2365.515,2361.988,2362.965
2024-07-09T11:00:00,2363.018,2363.078,2357.455,2360.498
2024-07-09T12:00:00,2360.498,2361.208,2355.965,2359.988
2024-07-09T13:00:00,2359.985,2368.345,2359.415,2367.615
2024-07-09T14:00:00,2367.486,2371.358,2353.975,2354.848
2024-07-09T15:00:00,2354.848,2362.118,2349.455,2361.958
2024-07-09T16:00:00,2361.958,2362.984,2356.425,2357.358
2024-07-09T17:00:00,2357.338,2362.408,2357.338,2361.755
2024-07-09T18:00:00,2361.755,2365.208,2360.935,2364.428
2024-07-09T19:00:00,2364.428,2365.535,2362.805,2363.448
2024-07-09T20:00:00,2363.408,2364.868,2363.408,2363.745
2024-07-09T22:00:00,2363.085,2364.265,2362.091,2364.215
2024-07-09T23:00:00,2364.238,2365.955,2364.238,2364.918
2024-07-10T00:00:00,2364.828,2366.435,2364.335,2364.588
2024-07-10T01:00:00,2364.618,2369.745,2363.168,2368.118
2024-07-10T02:00:00,2368.175,2370.165,2366.755,2369.225
2024-07-10T03:00:00,2369.238,2369.705,2366.295,2368.065
2024-07-10T04:00:00,2368.068,2368.805,2366.505,2367.638
2024-07-10T05:00:00,2367.628,2370.225,2367.215,2368.268
2024-07-10T06:00:00,2368.278,2372.685,2367.055,2371.838
2024-07-10T07:00:00,2371.805,2374.885,2371.295,2372.525
2024-07-10T08:00:00,2372.528,2374.098,2371.358,2372.708
2024-07-10T09:00:00,2372.685,2374.065,2371.585,2371.798
2024-07-10T10:00:00,2371.735,2375.218,2371.645,2372.365
2024-07-10T11:00:00,2372.385,2378.238,2372.308,2378.218
2024-07-10T12:00:00,2378.235,2381.698,2377.125,2377.698
2024-07-10T13:00:00,2377.685,2386.548,2376.068,2383.095
2024-07-10T14:00:00,2383.195,2385.025,2373.848,2374.838
2024-07-10T15:00:00,2374.745,2380.688,2373.938,2378.728
2024-07-10T16:00:00,2378.728,2381.238,2376.495,2377.748
2024-07-10T17:00:00,2377.735,2378.468,2370.305,2372.955
2024-07-10T18:00:00,2372.955,2373.495,2369.785,2372.538
2024-07-10T19:00:00,2372.558,2372.558,2370.428,2371.708
2024-07-10T20:00:00,2371.678,2372.388,2370.788,2370.995
2024-07-10T22:00:00,2371.035,2372.765,2370.235,2372.698
2024-07-10T23:00:00,2372.698,2372.775,2372.135,2372.694
2024-07-11T00:00:00,2372.708,2374.265,2371.375,2374.085
2024-07-11T01:00:00,2374.085,2376.178,2372.928,2375.798
2024-07-11T02:00:00,2375.765,2377.695,2374.215,2377.285
2024-07-11T03:00:00,2377.265,2380.108,2376.745,2378.648
2024-07-11T04:00:00,2378.638,2382.338,2378.515,2381.828
2024-07-11T05:00:00,2381.838,2382.858,2381.058,2382.428
2024-07-11T06:00:00,2382.428,2383.125,2378.375,2381.725
2024-07-11T07:00:00,2381.645,2381.895,2378.665,2379.828
2024-07-11T08:00:00,2379.795,2383.985,2379.435,2381.305
2024-07-11T09:00:00,2381.295,2384.465,2381.225,2383.908
2024-07-11T10:00:00,2383.935,2383.935,2380.365,2382.125
2024-07-11T11:00:00,2382.145,2383.315,2378.945,2380.705
2024-07-11T12:00:00,2380.695,2409.588,2377.668,2406.238
2024-07-11T13:00:00,2406.188,2412.878,2395.695,2406.508
2024-07-11T14:00:00,2406.515,2417.848,2404.258,2417.615
2024-07-11T15:00:00,2417.665,2424.395,2412.388,2417.268
2024-07-11T16:00:00,2417.278,2419.128,2411.535,2411.558
2024-07-11T17:00:00,2411.505,2416.515,2409.865,2413.575
2024-07-11T18:00:00,2413.545,2416.528,2412.765,2416.345
2024-07-11T19:00:00,2416.308,2418.568,2413.915,2414.018
2024-07-11T20:00:00,2413.975,2415.705,2413.058,2414.654
2024-07-11T22:00:00,2415.298,2415.815,2410.995,2413.825
2024-07-11T23:00:00,2413.815,2415.995,2411.895,2415.875
2024-07-12T00:00:00,2415.875,2416.165,2410.938,2411.915
2024-07-12T01:00:00,2411.915,2414.135,2406.945,2407.828
2024-07-12T02:00:00,2407.928,2410.925,2406.558,2409.448
2024-07-12T03:00:00,2409.374,2410.075,2408.428,2408.658
2024-07-12T04:00:00,2408.638,2409.818,2408.035,2408.455
2024-07-12T05:00:00,2408.445,2409.965,2405.315,2407.915
2024-07-12T06:00:00,2407.915,2408.155,2402.035,2404.035
2024-07-12T07:00:00,2404.015,2405.435,2400.165,2404.055
2024-07-12T08:00:00,2404.045,2408.095,2403.685,2407.325
2024-07-12T09:00:00,2407.325,2408.148,2403.045,2404.805
2024-07-12T10:00:00,2404.755,2405.365,2399.705,2400.058
2024-07-12T11:00:00,2400.165,2402.628,2398.195,2401.645
2024-07-12T12:00:00,2401.675,2404.205,2391.325,2397.825
2024-07-12T13:00:00,2397.835,2405.535,2396.685,2403.325
2024-07-12T14:00:00,2403.325,2410.788,2403.325,2408.855
2024-07-12T15:00:00,2408.865,2413.635,2407.975,2411.618
2024-07-12T16:00:00,2411.595,2416.848,2411.595,2415.818
2024-07-12T17:00:00,2415.815,2418.128,2414.364,2417.725
2024-07-12T18:00:00,2417.735,2417.895,2413.765,2414.098
2024-07-12T19:00:00,2414.078,2414.648,2412.095,2412.738
2024-07-12T20:00:00,2412.695,2412.695,2410.534,2410.534
2024-07-14T22:00:00,2412.455,2414.855,2406.784,2407.345
2024-07-14T23:00:00,2407.355,2408.635,2405.525,2408.545
2024-07-15T00:00:00,2408.575,2408.735,2406.154,2408.345
2024-07-15T01:00:00,2408.395,2410.205,2404.815,2409.905
2024-07-15T02:00:00,2409.905,2410.785,2408.025,2409.015
2024-07-15T03:00:00,2408.974,2411.848,2408.485,2411.508
2024-07-15T04:00:00,2411.465,2413.248,2410.525,2411.375
2024-07-15T05:00:00,2411.375,2413.815,2407.855,2407.998
2024-07-15T06:00:00,2408.005,2408.138,2401.915,2403.115
2024-07-15T07:00:00,2403.115,2407.845,2401.225,2407.825
2024-07-15T08:00:00,2407.805,2411.985,2406.835,2411.875
2024-07-15T09:00:00,2411.915,2412.488,2407.585,2410.625
2024-07-15T10:00:00,2410.615,2415.705,2410.605,2414.685
2024-07-15T11:00:00,2414.664,2420.178,2414.438,2418.115
2024-07-15T12:00:00,2418.155,2420.725,2413.415,2414.718
2024-07-15T13:00:00,2414.685,2419.195,2411.385,2418.975
2024-07-15T14:00:00,2418.495,2431.908,2418.005,2431.475
2024-07-15T15:00:00,2431.424,2437.355,2431.285,2433.198
2024-07-15T16:00:00,2433.164,2439.628,2429.445,2430.085
2024-07-15T17:00:00,2430.135,2430.175,2420.335,2421.455
2024-07-15T18:00:00,2421.405,2424.728,2419.665,2422.378
2024-07-15T19:00:00,2422.368,2423.188,2420.158,2421.008
2024-07-15T20:00:00,2420.985,2422.455,2420.575,2422.165
2024-07-15T22:00:00,2421.518,2422.475,2420.815,2420.845
2024-07-15T23:00:00,2420.845,2422.618,2420.805,2422.435
2024-07-16T00:00:00,2422.435,2422.718,2419.835,2421.125
2024-07-16T01:00:00,2421.165,2427.595,2421.154,2427.085
2024-07-16T02:00:00,2427.155,2430.158,2425.938,2430.018
2024-07-16T03:00:00,2429.985,2431.368,2426.528,2428.518
2024-07-16T04:00:00,2428.495,2429.368,2424.955,2429.145
2024-07-16T05:00:00,2429.145,2432.648,2428.055,2431.815
2024-07-16T06:00:00,2431.805,2433.698,2427.995,2433.685
2024-07-16T07:00:00,2433.745,2439.205,2432.445,2436.845
2024-07-16T08:00:00,2436.875,2438.408,2433.488,2436.475
2024-07-16T09:00:00,2436.465,2443.258,2435.015,2442.345
2024-07-16T10:00:00,2442.415,2443.345,2439.585,2439.995
2024-07-16T11:00:00,2440.095,2442.325,2438.044,2439.445
2024-07-16T12:00:00,2439.425,2443.915,2429.285,2432.485
2024-07-16T13:00:00,2432.435,2447.865,2430.855,2442.615
2024-07-16T14:00:00,2442.605,2453.935,2440.435,2451.955
2024-07-16T15:00:00,2452.008,2465.128,2451.845,2463.048
2024-07-16T16:00:00,2463.048,2463.605,2457.754,2459.038
2024-07-16T17:00:00,2458.998,2466.185,2458.574,2464.598
2024-07-16T18:00:00,2464.618,2466.468,2462.385,2465.308
2024-07-16T19:00:00,2465.308,2468.588,2463.088,2468.488
2024-07-16T20:00:00,2468.505,2469.575,2466.788,2468.355
2024-07-16T22:00:00,2467.945,2469.865,2466.135,2468.828
2024-07-16T23:00:00,2468.855,2469.635,2467.335,2468.175
2024-07-17T00:00:00,2468.148,2473.115,2466.058,2468.628
2024-07-17T01:00:00,2468.594,2481.125,2468.368,2479.328
2024-07-17T02:00:00,2479.365,2482.325,2469.558,2474.485
2024-07-17T03:00:00,2474.445,2474.465,2463.878,2471.615
2024-07-17T04:00:00,2471.645,2472.565,2467.558,2467.698
2024-07-17T05:00:00,2467.655,2470.865,2465.358,2465.358
2024-07-17T06:00:00,2465.304,2467.455,2461.718,2466.305
2024-07-17T07:00:00,2466.305,2474.275,2464.035,2474.115
2024-07-17T08:00:00,2474.095,2478.755,2471.385,2474.868
2024-07-17T09:00:00,2474.865,2475.345,2469.695,2475.005
2024-07-17T10:00:00,2475.005,2476.215,2466.578,2467.725
2024-07-17T11:00:00,2467.655,2473.185,2467.165,2469.988
2024-07-17T12:00:00,2469.988,2475.235,2468.605,2473.265
2024-07-17T13:00:00,2473.265,2483.305,2471.175,2482.845
2024-07-17T14:00:00,2482.845,2483.548,2461.028,2463.598
2024-07-17T15:00:00,2463.588,2465.858,2457.925,2463.375
2024-07-17T16:00:00,2463.385,2464.918,2452.705,2455.568
2024-07-17T17:00:00,2455.485,2459.175,2451.808,2452.498
2024-07-17T18:00:00,2452.495,2458.055,2451.425,2457.865
2024-07-17T19:00:00,2457.865,2460.298,2456.935,2457.928
2024-07-17T20:00:00,2457.928,2459.358,2457.178,2458.645
2024-07-17T22:00:00,2458.155,2459.445,2457.705,2459.075
2024-07-17T23:00:00,2459.045,2461.728,2458.955,2461.215
2024-07-18T00:00:00,2461.215,2461.365,2457.225,2458.715
2024-07-18T01:00:00,2458.695,2464.015,2457.488,2462.288
2024-07-18T02:00:00,2462.275,2465.868,2460.205,2465.495
2024-07-18T03:00:00,2465.485,2468.775,2465.105,2467.928
2024-07-18T04:00:00,2467.928,2468.058,2464.895,2465.138
2024-07-18T05:00:00,2465.145,2469.828,2464.795,2466.828
2024-07-18T06:00:00,2466.828,2472.095,2464.475,2471.325
2024-07-18T07:00:00,2471.325,2474.805,2470.668,2471.825
2024-07-18T08:00:00,2471.815,2473.595,2465.455,2465.838
2024-07-18T09:00:00,2465.828,2467.568,2464.525,2465.558
2024-07-18T10:00:00,2465.505,2466.245,2461.415,2464.098
2024-07-18T11:00:00,2464.065,2466.228,2461.995,2464.388
2024-07-18T12:00:00,2464.365,2468.765,2462.485,2463.865
2024-07-18T13:00:00,2463.905,2466.138,2457.495,2464.905
2024-07-18T14:00:00,2464.905,2469.775,2460.025,2468.315
2024-07-18T15:00:00,2468.315,2468.985,2461.125,2461.208
2024-07-18T16:00:00,2461.208,2461.948,2455.728,2456.108
2024-07-18T17:00:00,2456.108,2457.405,2451.971,2456.128
2024-07-18T18:00:00,2456.128,2456.365,2450.745,2451.408
2024-07-18T19:00:00,2451.408,2451.698,2440.195,2442.865
2024-07-18T20:00:00,2442.935,2445.408,2441.165,2444.915
2024-07-18T22:00:00,2444.635,2445.705,2443.485,2444.215
2024-07-18T23:00:00,2444.208,2445.095,2441.148,2441.148
2024-07-19T00:00:00,2441.148,2441.218,2426.074,2434.228
2024-07-19T01:00:00,2434.228,2434.458,2420.315,2425.985
2024-07-19T02:00:00,2425.978,2428.525,2422.445,2428.215
2024-07-19T03:00:00,2428.215,2429.385,2424.835,2428.578
2024-07-19T04:00:00,2428.585,2429.175,2423.835,2425.298
2024-07-19T05:00:00,2425.328,2425.948,2420.955,2423.165
2024-07-19T06:00:00,2423.175,2423.885,2414.215,2419.815
2024-07-19T07:00:00,2419.845,2422.095,2412.748,2418.065
2024-07-19T08:00:00,2418.065,2421.525,2416.215,2420.315
2024-07-19T09:00:00,2420.305,2420.985,2414.638,2416.005
2024-07-19T10:00:00,2416.185,2416.235,2410.428,2412.325
2024-07-19T11:00:00,2412.365,2414.225,2408.375,2409.905
2024-07-19T12:00:00,2409.925,2410.095,2401.435,2403.605
2024-07-19T13:00:00,2403.615,2406.555,2393.675,2403.735
2024-07-19T14:00:00,2403.748,2404.625,2395.928,2397.885
2024-07-19T15:00:00,2397.885,2408.275,2397.695,2405.275
2024-07-19T16:00:00,2405.275,2405.865,2399.305,2399.568
2024-07-19T17:00:00,2399.628,2400.695,2395.515,2399.088
2024-07-19T18:00:00,2399.065,2400.175,2397.065,2398.485
2024-07-19T19:00:00,2398.505,2400.058,2396.985,2398.548
2024-07-19T20:00:00,2398.625,2401.365,2397.655,2400.485
2024-07-21T22:00:00,2401.298,2411.505,2400.875,2411.165
2024-07-21T23:00:00,2411.114,2411.815,2409.075,2411.435
2024-07-22T00:00:00,2411.435,2411.525,2406.765,2407.738
2024-07-22T01:00:00,2407.695,2412.035,2405.608,2406.278
2024-07-22T02:00:00,2406.245,2408.055,2403.145,2406.418
2024-07-22T03:00:00,2406.345,2409.365,2405.755,2406.628
2024-07-22T04:00:00,2406.625,2407.005,2403.055,2405.445
2024-07-22T05:00:00,2405.435,2407.175,2402.788,2402.788
2024-07-22T06:00:00,2402.788,2405.135,2398.825,2402.338
2024-07-22T07:00:00,2402.375,2404.435,2399.565,2402.408
2024-07-22T08:00:00,2402.455,2404.515,2399.745,2400.735
2024-07-22T09:00:00,2400.735,2405.615,2399.745,2404.308
2024-07-22T10:00:00,2404.308,2408.268,2403.545,2406.728
2024-07-22T11:00:00,2406.715,2407.495,2397.938,2397.958
2024-07-22T12:00:00,2397.935,2399.428,2388.708,2394.185
2024-07-22T13:00:00,2394.165,2400.005,2391.295,2392.615
2024-07-22T14:00:00,2392.588,2394.705,2383.715,2387.168
2024-07-22T15:00:00,2387.158,2390.345,2384.145,2386.168
2024-07-22T16:00:00,2386.145,2393.195,2385.975,2392.928
2024-07-22T17:00:00,2392.985,2396.278,2391.665,2393.928
2024-07-22T18:00:00,2393.895,2396.368,2392.368,2395.648
2024-07-22T19:00:00,2395.625,2399.998,2395.088,2398.978
2024-07-22T20:00:00,2398.885,2399.388,2395.655,2396.045
2024-07-22T22:00:00,2395.658,2397.855,2394.925,2394.925
2024-07-22T23:00:00,2394.928,2396.075,2394.675,2395.565
2024-07-23T00:00:00,2395.555,2400.128,2395.385,2399.795
2024-07-23T01:00:00,2399.795,2403.875,2397.758,2400.905
2024-07-23T02:00:00,2400.865,2402.295,2397.425,2399.498
2024-07-23T03:00:00,2399.485,2400.615,2396.068,2398.185
2024-07-23T04:00:00,2398.185,2399.465,2395.625,2396.378
2024-07-23T05:00:00,2396.365,2396.725,2390.615,2392.435
2024-07-23T06:00:00,2392.445,2393.645,2388.135,2390.235
2024-07-23T07:00:00,2390.235,2399.035,2389.855,2397.745
2024-07-23T08:00:00,2397.775,2407.005,2396.215,2403.928
2024-07-23T09:00:00,2403.958,2407.965,2403.045,2406.708
2024-07-23T10:00:00,2406.708,2408.128,2405.435,2407.515
2024-07-23T11:00:00,2407.515,2411.908,2405.895,2407.458
2024-07-23T12:00:00,2407.455,2409.135,2403.545,2405.338
2024-07-23T13:00:00,2405.274,2407.555,2399.425,2401.845
2024-07-23T14:00:00,2401.818,2407.315,2399.508,2402.858
2024-07-23T15:00:00,2402.795,2407.078,2401.955,2405.338
2024-07-23T16:00:00,2405.308,2406.668,2402.865,2405.165
2024-07-23T17:00:00,2405.165,2408.098,2402.518,2404.848
2024-07-23T18:00:00,2404.848,2406.195,2403.648,2405.628
2024-07-23T19:00:00,2405.575,2408.945,2405.258,2407.498
2024-07-23T20:00:00,2407.498,2409.885,2405.268,2409.085
2024-07-23T22:00:00,2408.648,2409.515,2407.865,2409.175
2024-07-23T23:00:00,2409.165,2409.304,2407.695,2408.408
2024-07-24T00:00:00,2408.408,2410.085,2407.888,2408.198
2024-07-24T01:00:00,2408.164,2412.045,2404.795,2408.078
2024-07-24T02:00:00,2408.078,2415.755,2407.078,2414.014
2024-07-24T03:00:00,2414.008,2418.228,2413.515,2416.375
2024-07-24T04:00:00,2416.375,2417.808,2414.648,2417.715
2024-07-24T05:00:00,2417.705,2417.845,2412.915,2415.985
2024-07-24T06:00:00,2415.985,2419.105,2414.065,2417.405
2024-07-24T07:00:00,2417.405,2417.758,2411.505,2414.475
2024-07-24T08:00:00,2414.454,2414.988,2410.605,2411.688
2024-07-24T09:00:00,2411.688,2414.745,2409.665,2413.338
2024-07-24T10:00:00,2413.295,2416.325,2412.065,2413.465
2024-07-24T11:00:00,2413.445,2417.658,2410.425,2417.345
2024-07-24T12:00:00,2417.378,2421.895,2416.095,2421.295
2024-07-24T13:00:00,2421.355,2426.555,2413.555,2421.595
2024-07-24T14:00:00,2421.595,2431.945,2419.105,2430.268
2024-07-24T15:00:00,2430.214,2431.208,2422.255,2424.668
2024-07-24T16:00:00,2424.655,2424.798,2418.475,2418.938
2024-07-24T17:00:00,2418.888,2419.458,2407.895,2409.098
2024-07-24T18:00:00,2409.055,2409.345,2405.505,2408.125
2024-07-24T19:00:00,2408.108,2408.595,2398.268,2398.348
2024-07-24T20:00:00,2398.405,2400.455,2396.585,2397.015
2024-07-24T22:00:00,2397.005,2398.414,2392.895,2397.585
2024-07-24T23:00:00,2397.678,2401.045,2396.865,2398.595
2024-07-25T00:00:00,2398.645,2399.155,2395.895,2396.958
2024-07-25T01:00:00,2396.955,2399.935,2370.534,2376.285
2024-07-25T02:00:00,2376.025,2380.605,2369.775,2372.528
2024-07-25T03:00:00,2372.528,2375.458,2366.625,2374.598
2024-07-25T04:00:00,2374.598,2377.855,2373.068,2377.475
2024-07-25T05:00:00,2377.485,2377.765,2368.935,2376.135
2024-07-25T06:00:00,2376.145,2378.605,2369.745,2371.945
2024-07-25T07:00:00,2371.965,2377.345,2365.725,2373.898
2024-07-25T08:00:00,2373.865,2377.465,2371.915,2374.558
2024-07-25T09:00:00,2374.538,2376.065,2370.355,2373.565
2024-07-25T10:00:00,2373.615,2382.485,2371.815,2381.145
2024-07-25T11:00:00,2381.155,2381.655,2367.935,2368.415
2024-07-25T12:00:00,2368.435,2376.925,2362.708,2371.005
2024-07-25T13:00:00,2371.015,2376.255,2361.965,2364.795
2024-07-25T14:00:00,2364.765,2368.405,2357.918,2366.565
2024-07-25T15:00:00,2366.578,2368.315,2362.025,2362.998
2024-07-25T16:00:00,2362.985,2364.495,2357.385,2362.518
2024-07-25T17:00:00,2362.508,2365.425,2353.005,2356.025
2024-07-25T18:00:00,2356.025,2360.165,2354.135,2357.078
2024-07-25T19:00:00,2356.994,2363.735,2356.015,2362.438
2024-07-25T20:00:00,2362.415,2365.225,2359.255,2364.175
2024-07-25T22:00:00,2363.568,2365.295,2362.745,2363.145
2024-07-25T23:00:00,2363.108,2364.655,2361.905,2363.635
2024-07-26T00:00:00,2363.685,2365.245,2362.065,2362.585
2024-07-26T01:00:00,2362.564,2373.795,2355.728,2373.425
2024-07-26T02:00:00,2373.425,2379.265,2370.415,2374.108
2024-07-26T03:00:00,2374.095,2378.195,2371.405,2371.605
2024-07-26T04:00:00,2371.625,2372.718,2369.645,2369.668
2024-07-26T05:00:00,2369.655,2375.145,2368.045,2374.165
2024-07-26T06:00:00,2374.155,2374.295,2365.098,2369.495
2024-07-26T07:00:00,2369.495,2371.865,2367.488,2371.375
2024-07-26T08:00:00,2371.485,2374.055,2369.235,2372.845
2024-07-26T09:00:00,2372.845,2374.385,2371.558,2373.648
2024-07-26T10:00:00,2373.604,2375.138,2372.548,2372.678
2024-07-26T11:00:00,2372.678,2375.635,2370.175,2373.105
2024-07-26T12:00:00,2373.105,2378.895,2370.898,2377.405
2024-07-26T13:00:00,2377.415,2383.075,2373.865,2381.635
2024-07-26T14:00:00,2381.514,2390.655,2380.005,2381.768
2024-07-26T15:00:00,2381.758,2386.805,2379.878,2385.048
2024-07-26T16:00:00,2385.098,2390.228,2384.465,2389.045
2024-07-26T17:00:00,2389.065,2389.078,2381.015,2383.308
2024-07-26T18:00:00,2383.338,2386.135,2382.648,2384.278
2024-07-26T19:00:00,2384.278,2386.985,2382.575,2386.205
2024-07-26T20:00:00,2386.345,2388.658,2385.315,2386.765
2024-07-28T22:00:00,2387.645,2402.995,2387.115,2395.615
2024-07-28T23:00:00,2395.635,2398.865,2394.505,2396.875
2024-07-29T00:00:00,2396.935,2401.525,2396.935,2399.848
2024-07-29T01:00:00,2399.835,2402.395,2388.528,2392.655
2024-07-29T02:00:00,2392.625,2394.565,2390.835,2393.055
2024-07-29T03:00:00,2393.005,2395.085,2391.805,2394.445
2024-07-29T04:00:00,2394.445,2395.925,2393.248,2394.715
2024-07-29T05:00:00,2394.715,2396.108,2390.065,2392.578
2024-07-29T06:00:00,2392.575,2395.415,2390.605,2391.658
2024-07-29T07:00:00,2391.585,2394.235,2389.355,2391.468
2024-07-29T08:00:00,2391.468,2392.635,2386.805,2390.235
2024-07-29T09:00:00,2390.265,2393.355,2389.745,2392.635
2024-07-29T10:00:00,2392.635,2395.275,2391.895,2392.458
2024-07-29T11:00:00,2392.445,2392.955,2386.738,2387.645
2024-07-29T12:00:00,2387.655,2394.055,2385.345,2393.725
2024-07-29T13:00:00,2393.725,2396.585,2389.755,2391.705
2024-07-29T14:00:00,2391.955,2393.925,2379.965,2381.105
2024-07-29T15:00:00,2381.135,2382.895,2369.518,2376.698
2024-07-29T16:00:00,2376.815,2378.885,2374.405,2378.025
2024-07-29T17:00:00,2378.025,2383.318,2377.305,2378.168
2024-07-29T18:00:00,2378.145,2380.648,2376.808,2379.498
2024-07-29T19:00:00,2379.488,2385.305,2378.205,2382.998
2024-07-29T20:00:00,2382.924,2384.515,2381.128,2383.504
2024-07-29T22:00:00,2383.198,2384.825,2382.075,2383.885
2024-07-29T23:00:00,2383.925,2384.128,2380.775,2380.988
2024-07-30T00:00:00,2381.095,2383.688,2380.124,2381.678
2024-07-30T01:00:00,2381.698,2382.295,2376.358,2379.608
2024-07-30T02:00:00,2379.564,2383.115,2378.385,2381.725
2024-07-30T03:00:00,2381.745,2385.878,2381.298,2385.638
2024-07-30T04:00:00,2385.668,2388.205,2385.565,2386.265
2024-07-30T05:00:00,2386.245,2389.698,2385.925,2388.645
2024-07-30T06:00:00,2388.645,2390.885,2387.615,2390.185
2024-07-30T07:00:00,2390.375,2391.915,2388.715,2390.218
2024-07-30T08:00:00,2390.168,2391.395,2388.425,2389.295
2024-07-30T09:00:00,2389.295,2389.965,2387.675,2389.025
2024-07-30T10:00:00,2389.025,2392.295,2387.705,2391.535
2024-07-30T11:00:00,2391.555,2392.048,2386.835,2386.938
2024-07-30T12:00:00,2387.035,2388.255,2385.605,2386.365
2024-07-30T13:00:00,2386.425,2397.648,2385.645,2394.045
2024-07-30T14:00:00,2393.935,2395.865,2387.498,2391.568
2024-07-30T15:00:00,2391.568,2392.335,2383.265,2385.205
2024-07-30T16:00:00,2385.235,2400.155,2384.915,2399.745
2024-07-30T17:00:00,2399.825,2410.798,2399.735,2405.635
2024-07-30T18:00:00,2405.635,2407.265,2403.545,2404.788
2024-07-30T19:00:00,2404.765,2408.285,2403.635,2406.978
2024-07-30T20:00:00,2406.905,2412.705,2406.884,2410.375
2024-07-30T22:00:00,2409.898,2410.815,2407.965,2408.995
2024-07-30T23:00:00,2409.145,2410.065,2408.365,2409.675
2024-07-31T00:00:00,2409.715,2409.935,2407.765,2408.878
2024-07-31T01:00:00,2408.835,2412.078,2403.765,2408.928
2024-07-31T02:00:00,2408.888,2409.265,2403.948,2407.335
2024-07-31T03:00:00,2407.235,2418.895,2407.125,2416.325
2024-07-31T04:00:00,2416.305,2421.148,2414.285,2420.965
2024-07-31T05:00:00,2420.978,2422.005,2417.165,2417.645
2024-07-31T06:00:00,2417.655,2425.355,2416.375,2421.205
2024-07-31T07:00:00,2421.205,2421.795,2415.845,2417.015
2024-07-31T08:00:00,2417.015,2421.675,2415.315,2421.325
2024-07-31T09:00:00,2421.295,2422.175,2417.775,2420.928
2024-07-31T10:00:00,2420.875,2422.758,2417.515,2418.365
2024-07-31T11:00:00,2418.365,2423.118,2418.015,2419.445
2024-07-31T12:00:00,2419.465,2422.771,2417.225,2420.315
2024-07-31T13:00:00,2420.325,2427.455,2417.695,2426.085
2024-07-31T14:00:00,2426.075,2428.918,2419.065,2422.355
2024-07-31T15:00:00,2422.355,2424.085,2419.915,2423.008
2024-07-31T16:00:00,2422.945,2427.578,2422.308,2426.885
2024-07-31T17:00:00,2426.885,2428.898,2425.515,2425.555
2024-07-31T18:00:00,2425.865,2435.255,2421.394,2433.735
2024-07-31T19:00:00,2433.575,2450.745,2430.985,2449.748
2024-07-31T20:00:00,2449.714,2450.848,2446.085,2447.095
2024-07-31T22:00:00,2448.498,2449.515,2446.728,2447.424
2024-07-31T23:00:00,2447.425,2447.764,2444.128,2445.638
2024-08-01T00:00:00,2445.615,2449.328,2445.115,2447.488
2024-08-01T01:00:00,2447.415,2458.295,2445.928,2451.238
2024-08-01T02:00:00,2451.255,2451.295,2437.218,2441.175
2024-08-01T03:00:00,2441.225,2444.495,2439.185,2442.598
2024-08-01T04:00:00,2442.585,2446.725,2442.328,2444.108
2024-08-01T05:00:00,2444.045,2447.825,2443.445,2446.825
2024-08-01T06:00:00,2446.825,2448.748,2443.904,2444.628
2024-08-01T07:00:00,2444.628,2444.735,2439.828,2440.185
2024-08-01T08:00:00,2440.118,2442.245,2433.118,2433.738
2024-08-01T09:00:00,2433.714,2434.918,2430.075,2432.915
2024-08-01T10:00:00,2432.935,2436.705,2431.895,2435.035
2024-08-01T11:00:00,2434.995,2442.875,2434.225,2440.658
2024-08-01T12:00:00,2440.675,2454.715,2440.175,2450.605
2024-08-01T13:00:00,2450.605,2457.225,2448.405,2453.325
2024-08-01T14:00:00,2453.255,2462.125,2443.128,2448.455
2024-08-01T15:00:00,2448.405,2451.615,2441.998,2445.095
2024-08-01T16:00:00,2445.075,2448.635,2443.298,2444.335
2024-08-01T17:00:00,2444.385,2444.585,2435.698,2439.215
2024-08-01T18:00:00,2439.215,2440.865,2434.828,2439.478
2024-08-01T19:00:00,2439.485,2444.028,2438.198,2443.035
2024-08-01T20:00:00,2443.075,2447.468,2441.738,2446.065
2024-08-01T22:00:00,2445.668,2447.208,2443.585,2445.045
2024-08-01T23:00:00,2445.045,2446.395,2443.975,2445.705
2024-08-02T00:00:00,2445.705,2452.215,2443.745,2448.908
2024-08-02T01:00:00,2448.895,2450.785,2434.815,2446.995
2024-08-02T02:00:00,2446.995,2455.558,2446.555,2455.458
2024-08-02T03:00:00,2455.324,2459.335,2451.555,2454.375
2024-08-02T04:00:00,2454.375,2460.155,2454.108,2457.705
2024-08-02T05:00:00,2457.715,2466.785,2457.525,2466.665
2024-08-02T06:00:00,2466.675,2468.285,2462.288,2465.468
2024-08-02T07:00:00,2465.435,2466.615,2460.085,2461.485
2024-08-02T08:00:00,2461.505,2465.225,2460.815,2461.918
2024-08-02T09:00:00,2461.918,2464.135,2460.805,2463.785
2024-08-02T10:00:00,2463.785,2465.215,2460.745,2463.458
2024-08-02T11:00:00,2463.475,2464.585,2457.485,2459.095
2024-08-02T12:00:00,2459.068,2477.494,2455.775,2472.708
2024-08-02T13:00:00,2472.755,2474.195,2455.635,2469.695
2024-08-02T14:00:00,2469.664,2474.265,2428.195,2431.395
2024-08-02T15:00:00,2431.408,2435.615,2410.664,2433.075
2024-08-02T16:00:00,2433.075,2439.124,2426.225,2430.335
2024-08-02T17:00:00,2430.278,2431.465,2422.898,2427.675
2024-08-02T18:00:00,2427.675,2433.535,2426.544,2428.885
2024-08-02T19:00:00,2428.905,2438.095,2425.505,2437.448
2024-08-02T20:00:00,2437.448,2443.815,2435.488,2443.055
2024-08-04T22:00:00,2443.975,2447.345,2437.574,2441.215
2024-08-04T23:00:00,2441.225,2445.565,2438.995,2440.865
2024-08-05T00:00:00,2440.865,2440.955,2413.908,2421.995
2024-08-05T01:00:00,2421.878,2441.805,2420.068,2439.295
2024-08-05T02:00:00,2439.305,2445.955,2432.965,2442.598
2024-08-05T03:00:00,2442.634,2452.395,2442.505,2450.835
2024-08-05T04:00:00,2450.835,2458.655,2450.748,2452.515
2024-08-05T05:00:00,2452.525,2452.525,2432.268,2437.865
2024-08-05T06:00:00,2437.875,2438.595,2422.025,2428.425
2024-08-05T07:00:00,2428.384,2445.375,2424.515,2431.794
2024-08-05T08:00:00,2431.815,2434.335,2423.235,2424.865
2024-08-05T09:00:00,2424.925,2428.635,2419.048,2424.078
2024-08-05T10:00:00,2424.078,2425.455,2407.998,2408.418
2024-08-05T11:00:00,2408.438,2408.438,2383.105,2386.675
2024-08-05T12:00:00,2386.625,2392.185,2364.164,2374.365
2024-08-05T13:00:00,2374.385,2396.848,2374.385,2393.028
2024-08-05T14:00:00,2393.028,2397.295,2386.815,2396.424
2024-08-05T15:00:00,2396.424,2412.074,2396.324,2402.678
2024-08-05T16:00:00,2402.655,2408.594,2398.928,2402.998
2024-08-05T17:00:00,2402.955,2406.485,2400.058,2404.938
2024-08-05T18:00:00,2404.864,2408.785,2403.645,2404.815
2024-08-05T19:00:00,2404.815,2412.995,2404.515,2407.598
2024-08-05T20:00:00,2407.625,2411.495,2405.378,2410.005
2024-08-05T22:00:00,2409.295,2412.405,2407.815,2408.785
2024-08-05T23:00:00,2408.825,2409.885,2404.285,2404.675
2024-08-06T00:00:00,2404.695,2418.215,2404.455,2415.725
2024-08-06T01:00:00,2415.744,2417.595,2410.595,2412.265
2024-08-06T02:00:00,2412.335,2413.165,2405.755,2407.355
2024-08-06T03:00:00,2407.395,2410.935,2406.385,2408.895
2024-08-06T04:00:00,2408.895,2412.535,2406.315,2407.875
2024-08-06T05:00:00,2407.895,2411.735,2398.038,2398.678
2024-08-06T06:00:00,2398.678,2408.215,2394.728,2401.518
2024-08-06T07:00:00,2401.485,2410.515,2401.374,2409.688
2024-08-06T08:00:00,2409.645,2415.285,2408.025,2411.018
2024-08-06T09:00:00,2411.018,2415.385,2410.175,2413.285
2024-08-06T10:00:00,2413.265,2416.195,2411.495,2412.275
2024-08-06T11:00:00,2412.295,2415.205,2410.075,2410.805
2024-08-06T12:00:00,2410.815,2412.095,2391.685,2392.898
2024-08-06T13:00:00,2392.878,2399.345,2388.725,2395.585
2024-08-06T14:00:00,2395.534,2403.005,2386.195,2388.275
2024-08-06T15:00:00,2388.275,2390.945,2381.515,2387.455
2024-08-06T16:00:00,2387.545,2391.248,2385.525,2389.868
2024-08-06T17:00:00,2389.774,2393.375,2387.458,2391.815
2024-08-06T18:00:00,2391.815,2395.885,2391.205,2392.755
2024-08-06T19:00:00,2392.755,2392.965,2386.365,2387.578
2024-08-06T20:00:00,2387.605,2390.455,2386.778,2389.854
2024-08-06T22:00:00,2390.575,2391.675,2387.805,2388.455
2024-08-06T23:00:00,2388.425,2389.565,2382.665,2383.748
2024-08-07T00:00:00,2383.735,2387.295,2380.988,2386.405
2024-08-07T01:00:00,2386.405,2387.435,2378.868,2383.915
2024-08-07T02:00:00,2383.925,2388.295,2380.775,2384.035
2024-08-07T03:00:00,2384.035,2387.325,2383.065,2385.785
2024-08-07T04:00:00,2385.785,2394.528,2385.548,2392.668
2024-08-07T05:00:00,2392.668,2396.038,2388.495,2391.345
2024-08-07T06:00:00,2391.355,2397.445,2389.475,2394.645
2024-08-07T07:00:00,2394.655,2394.785,2388.038,2389.195
2024-08-07T08:00:00,2389.178,2393.565,2388.195,2393.175
2024-08-07T09:00:00,2393.175,2396.305,2392.345,2394.155
2024-08-07T10:00:00,2394.165,2397.998,2393.018,2397.308
2024-08-07T11:00:00,2397.275,2402.185,2394.115,2400.958
2024-08-07T12:00:00,2400.915,2406.858,2398.825,2403.655
2024-08-07T13:00:00,2403.775,2404.675,2396.915,2399.925
2024-08-07T14:00:00,2399.854,2403.305,2397.805,2398.998
2024-08-07T15:00:00,2398.998,2401.715,2391.845,2394.448
2024-08-07T16:00:00,2394.395,2399.635,2392.645,2399.535
2024-08-07T17:00:00,2399.555,2399.555,2389.345,2389.778
2024-08-07T18:00:00,2389.748,2391.565,2383.715,2386.125
2024-08-07T19:00:00,2386.125,2390.335,2385.235,2385.608
2024-08-07T20:00:00,2385.525,2387.218,2381.728,2382.495
2024-08-07T22:00:00,2383.524,2384.265,2380.855,2383.495
2024-08-07T23:00:00,2383.565,2385.775,2382.635,2384.685
2024-08-08T00:00:00,2384.715,2388.725,2383.085,2385.435
2024-08-08T01:00:00,2385.435,2391.235,2384.915,2386.718
2024-08-08T02:00:00,2386.678,2390.725,2386.155,2390.345
2024-08-08T03:00:00,2390.325,2394.588,2388.495,2394.175
2024-08-08T04:00:00,2394.175,2396.265,2392.595,2394.218
2024-08-08T05:00:00,2394.218,2395.338,2392.345,2395.095
2024-08-08T06:00:00,2395.115,2400.645,2392.515,2397.655
2024-08-08T07:00:00,2397.595,2400.195,2394.615,2396.715
2024-08-08T08:00:00,2396.715,2398.015,2392.745,2394.425
2024-08-08T09:00:00,2394.455,2398.865,2393.735,2396.125
2024-08-08T10:00:00,2396.125,2406.305,2396.125,2405.115
2024-08-08T11:00:00,2405.055,2413.475,2404.845,2412.135
2024-08-08T12:00:00,2412.105,2415.385,2407.005,2407.945
2024-08-08T13:00:00,2407.925,2415.355,2402.205,2413.995
2024-08-08T14:00:00,2414.005,2424.195,2409.128,2413.625
2024-08-08T15:00:00,2413.705,2420.215,2411.798,2418.578
2024-08-08T16:00:00,2418.534,2423.665,2416.608,2417.988
2024-08-08T17:00:00,2417.985,2424.744,2415.665,2423.415
2024-08-08T18:00:00,2423.395,2426.178,2422.198,2423.858
2024-08-08T19:00:00,2423.785,2424.708,2421.434,2423.448
2024-08-08T20:00:00,2423.485,2427.548,2422.898,2427.065
2024-08-08T22:00:00,2426.845,2427.848,2424.424,2425.645
2024-08-08T23:00:00,2425.595,2426.248,2422.785,2424.445
2024-08-09T00:00:00,2424.485,2425.205,2422.438,2423.805
2024-08-09T01:00:00,2423.875,2427.435,2419.965,2427.155
2024-08-09T02:00:00,2427.105,2428.845,2422.265,2422.348
2024-08-09T03:00:00,2422.315,2423.255,2419.198,2420.908
2024-08-09T04:00:00,2420.825,2424.395,2420.098,2423.755
2024-08-09T05:00:00,2423.745,2423.828,2416.988,2417.028
2024-08-09T06:00:00,2417.005,2421.655,2416.815,2420.615
2024-08-09T07:00:00,2420.555,2426.915,2420.195,2423.028
2024-08-09T08:00:00,2423.028,2426.615,2422.115,2424.345
2024-08-09T09:00:00,2424.345,2425.465,2422.548,2423.418
2024-08-09T10:00:00,2423.415,2431.438,2422.955,2430.358
2024-08-09T11:00:00,2430.355,2432.505,2425.055,2426.565
2024-08-09T12:00:00,2426.575,2429.765,2423.695,2429.575
2024-08-09T13:00:00,2429.498,2433.008,2420.965,2426.545
2024-08-09T14:00:00,2426.508,2435.798,2425.294,2428.625
2024-08-09T15:00:00,2428.595,2432.438,2426.424,2431.358
2024-08-09T16:00:00,2431.348,2434.555,2427.434,2434.265
2024-08-09T17:00:00,2434.258,2436.884,2430.345,2430.498
2024-08-09T18:00:00,2430.545,2430.818,2427.118,2429.698
2024-08-09T19:00:00,2429.695,2429.978,2427.308,2429.005
2024-08-09T20:00:00,2429.035,2431.115,2429.035,2430.925
2024-08-11T22:00:00,2430.298,2433.305,2426.835,2430.305
2024-08-11T23:00:00,2430.265,2430.485,2427.215,2427.765
2024-08-12T00:00:00,2427.835,2428.954,2426.615,2428.398
2024-08-12T01:00:00,2428.298,2430.115,2424.508,2425.915
2024-08-12T02:00:00,2425.915,2427.335,2423.695,2426.105
2024-08-12T03:00:00,2426.065,2429.235,2425.635,2428.445
2024-08-12T04:00:00,2428.415,2433.378,2428.095,2433.275
2024-08-12T05:00:00,2433.265,2434.985,2428.975,2434.515
2024-08-12T06:00:00,2434.525,2437.055,2433.528,2436.675
2024-08-12T07:00:00,2436.695,2442.745,2435.445,2441.515
2024-08-12T08:00:00,2441.525,2443.708,2439.518,2441.855
2024-08-12T09:00:00,2441.855,2445.015,2440.518,2442.545
2024-08-12T10:00:00,2442.615,2444.578,2441.278,2443.705
2024-08-12T11:00:00,2443.725,2444.085,2439.545,2441.495
2024-08-12T12:00:00,2441.485,2445.325,2441.345,2444.295
2024-08-12T13:00:00,2444.295,2457.364,2441.985,2454.048
2024-08-12T14:00:00,2454.048,2455.365,2444.395,2453.185
2024-08-12T15:00:00,2453.205,2460.358,2452.758,2459.705
2024-08-12T16:00:00,2459.705,2465.955,2458.894,2463.038
2024-08-12T17:00:00,2463.018,2468.505,2461.648,2467.085
2024-08-12T18:00:00,2467.035,2470.898,2466.265,2470.175
2024-08-12T19:00:00,2470.175,2472.065,2469.598,2470.418
2024-08-12T20:00:00,2470.408,2473.095,2470.314,2472.385
2024-08-12T22:00:00,2470.414,2473.985,2469.825,2473.595
2024-08-12T23:00:00,2473.595,2475.855,2472.595,2475.425
2024-08-13T00:00:00,2475.445,2476.845,2468.355,2472.025
2024-08-13T01:00:00,2472.015,2473.535,2460.764,2466.325
2024-08-13T02:00:00,2466.258,2467.525,2461.368,2461.368
2024-08-13T03:00:00,2461.328,2464.558,2461.178,2463.318
2024-08-13T04:00:00,2463.325,2464.935,2460.055,2461.895
2024-08-13T05:00:00,2461.895,2464.195,2458.365,2462.595
2024-08-13T06:00:00,2462.595,2464.495,2461.015,2463.165
2024-08-13T07:00:00,2463.155,2466.065,2460.718,2464.085
2024-08-13T08:00:00,2464.125,2464.195,2458.825,2460.518
2024-08-13T09:00:00,2460.518,2461.985,2458.775,2460.598
2024-08-13T10:00:00,2460.568,2463.375,2459.305,2462.078
2024-08-13T11:00:00,2462.025,2466.498,2461.375,2465.648
2024-08-13T12:00:00,2465.648,2472.344,2464.185,2467.475
2024-08-13T13:00:00,2467.485,2475.505,2458.818,2472.818
2024-08-13T14:00:00,2472.714,2473.145,2464.105,2471.255
2024-08-13T15:00:00,2471.305,2472.888,2465.915,2468.498
2024-08-13T16:00:00,2468.454,2470.925,2466.195,2469.385
2024-08-13T17:00:00,2469.395,2470.135,2465.845,2467.568
2024-08-13T18:00:00,2467.558,2468.845,2466.245,2467.645
2024-08-13T19:00:00,2467.645,2468.685,2462.105,2466.965
2024-08-13T20:00:00,2466.888,2467.728,2464.505,2464.855
2024-08-13T22:00:00,2466.498,2466.898,2463.705,2465.448
2024-08-13T23:00:00,2465.448,2465.448,2462.808,2463.975
2024-08-14T00:00:00,2463.985,2467.268,2463.865,2465.528
2024-08-14T01:00:00,2465.518,2472.415,2464.435,2465.325
2024-08-14T02:00:00,2465.325,2465.545,2455.225,2459.805
2024-08-14T03:00:00,2459.775,2461.435,2458.625,2460.765
2024-08-14T04:00:00,2460.745,2462.804,2459.945,2461.675
2024-08-14T05:00:00,2461.675,2462.425,2459.098,2461.985
2024-08-14T06:00:00,2461.995,2467.628,2460.205,2467.355
2024-08-14T07:00:00,2467.278,2471.815,2466.245,2470.828
2024-08-14T08:00:00,2470.825,2478.615,2468.605,2474.308
2024-08-14T09:00:00,2474.265,2475.195,2470.955,2472.755
2024-08-14T10:00:00,2472.755,2475.998,2470.385,2474.815
2024-08-14T11:00:00,2474.835,2475.125,2471.615,2474.638
2024-08-14T12:00:00,2474.668,2479.715,2462.205,2468.668
2024-08-14T13:00:00,2468.668,2469.358,2449.228,2457.388
2024-08-14T14:00:00,2457.358,2458.128,2446.865,2450.115
2024-08-14T15:00:00,2450.095,2452.045,2441.948,2443.935
2024-08-14T16:00:00,2443.955,2445.395,2438.0,2444.095
2024-08-14T17:00:00,2444.065,2444.995,2440.205,2441.435
2024-08-14T18:00:00,2441.404,2447.905,2440.535,2447.645
2024-08-14T19:00:00,2447.645,2448.275,2444.268,2447.115
2024-08-14T20:00:00,2447.075,2448.305,2446.475,2447.625
2024-08-14T22:00:00,2446.958,2448.584,2446.355,2447.705
2024-08-14T23:00:00,2447.745,2449.348,2447.038,2449.295
2024-08-15T00:00:00,2449.315,2454.175,2448.405,2450.015
2024-08-15T01:00:00,2450.055,2453.435,2448.075,2450.605
2024-08-15T02:00:00,2450.595,2452.435,2449.725,2451.335
2024-08-15T03:00:00,2451.318,2454.195,2451.185,2453.565
2024-08-15T04:00:00,2453.565,2455.308,2452.615,2453.265
2024-08-15T05:00:00,2453.265,2454.928,2450.205,2453.725
2024-08-15T06:00:00,2453.725,2458.665,2452.585,2455.935
2024-08-15T07:00:00,2455.875,2456.515,2454.295,2455.665
2024-08-15T08:00:00,2455.665,2457.095,2453.485,2455.358
2024-08-15T09:00:00,2455.358,2457.155,2455.175,2456.725
2024-08-15T10:00:00,2456.785,2460.185,2456.695,2458.055
2024-08-15T11:00:00,2458.055,2464.065,2457.765,2463.418
2024-08-15T12:00:00,2463.418,2469.945,2440.908,2441.025
2024-08-15T13:00:00,2441.075,2451.328,2432.015,2444.305
2024-08-15T14:00:00,2444.325,2458.445,2444.325,2452.118
2024-08-15T15:00:00,2452.148,2459.475,2450.448,2458.255
2024-08-15T16:00:00,2458.328,2459.755,2454.955,2455.628
2024-08-15T17:00:00,2455.655,2456.315,2453.338,2455.308
2024-08-15T18:00:00,2455.308,2458.185,2454.698,2458.155
2024-08-15T19:00:00,2458.165,2461.558,2454.015,2455.414
2024-08-15T20:00:00,2455.415,2457.435,2454.668,2456.545
2024-08-15T22:00:00,2456.385,2456.395,2454.435,2454.685
2024-08-15T23:00:00,2454.675,2458.098,2454.225,2457.195
2024-08-16T00:00:00,2457.225,2459.648,2456.798,2458.238
2024-08-16T01:00:00,2458.365,2459.908,2455.625,2457.155
2024-08-16T02:00:00,2457.155,2457.538,2453.465,2454.828
2024-08-16T03:00:00,2454.805,2455.505,2450.565,2452.308
2024-08-16T04:00:00,2452.285,2453.565,2451.855,2452.605
2024-08-16T05:00:00,2452.605,2456.174,2452.515,2455.588
2024-08-16T06:00:00,2455.588,2457.685,2454.475,2454.885
2024-08-16T07:00:00,2454.935,2464.405,2451.025,2461.885
2024-08-16T08:00:00,2461.925,2463.915,2458.954,2462.265
2024-08-16T09:00:00,2462.265,2464.215,2461.065,2463.225
2024-08-16T10:00:00,2463.225,2468.078,2462.755,2464.498
2024-08-16T11:00:00,2464.495,2472.195,2464.495,2472.015
2024-08-16T12:00:00,2472.015,2492.265,2471.148,2491.525
2024-08-16T13:00:00,2491.555,2500.045,2483.505,2494.428
2024-08-16T14:00:00,2494.438,2494.805,2477.315,2487.025
2024-08-16T15:00:00,2487.025,2492.135,2485.548,2491.635
2024-08-16T16:00:00,2491.645,2497.675,2491.565,2495.848
2024-08-16T17:00:00,2495.828,2499.985,2493.005,2499.655
2024-08-16T18:00:00,2499.615,2505.458,2498.325,2503.168
2024-08-16T19:00:00,2503.164,2508.875,2501.594,2507.824
2024-08-16T20:00:00,2507.765,2509.638,2505.405,2506.844
2024-08-18T22:00:00,2508.298,2509.998,2502.148,2504.725
2024-08-18T23:00:00,2504.785,2506.705,2503.325,2506.305
2024-08-19T00:00:00,2506.325,2506.645,2500.208,2501.928
2024-08-19T01:00:00,2501.945,2505.924,2494.845,2498.065
2024-08-19T02:00:00,2498.105,2503.818,2496.055,2503.368
2024-08-19T03:00:00,2503.365,2505.735,2500.425,2503.155
2024-08-19T04:00:00,2503.155,2504.595,2498.695,2500.535
2024-08-19T05:00:00,2500.575,2502.285,2498.985,2500.945
2024-08-19T06:00:00,2500.965,2505.098,2499.515,2502.005
2024-08-19T07:00:00,2502.025,2504.825,2499.625,2502.925
2024-08-19T08:00:00,2502.865,2507.065,2502.185,2502.995
2024-08-19T09:00:00,2502.995,2503.855,2499.705,2499.828
2024-08-19T10:00:00,2499.805,2499.975,2489.405,2489.708
2024-08-19T11:00:00,2489.735,2495.068,2486.415,2494.365
2024-08-19T12:00:00,2494.365,2495.385,2488.658,2491.095
2024-08-19T13:00:00,2491.115,2495.705,2485.515,2494.565
2024-08-19T14:00:00,2494.518,2504.695,2493.835,2501.198
2024-08-19T15:00:00,2501.218,2505.865,2499.818,2503.848
2024-08-19T16:00:00,2503.848,2507.345,2501.815,2505.418
2024-08-19T17:00:00,2505.378,2505.658,2500.605,2503.058
2024-08-19T18:00:00,2502.978,2504.715,2502.315,2504.178
2024-08-19T19:00:00,2504.155,2505.748,2502.945,2505.345
2024-08-19T20:00:00,2505.515,2505.538,2503.285,2503.885
2024-08-19T22:00:00,2503.275,2504.475,2501.928,2504.145
2024-08-19T23:00:00,2504.145,2504.155,2502.385,2503.515
2024-08-20T00:00:00,2503.615,2506.728,2503.285,2504.835
2024-08-20T01:00:00,2504.865,2508.065,2501.125,2501.835
2024-08-20T02:00:00,2501.805,2502.165,2498.558,2499.485
2024-08-20T03:00:00,2499.475,2502.278,2498.928,2501.665
2024-08-20T04:00:00,2501.685,2502.665,2499.375,2500.664
2024-08-20T05:00:00,2500.664,2503.555,2499.315,2499.344
2024-08-20T06:00:00,2499.344,2505.665,2497.235,2502.245
2024-08-20T07:00:00,2502.235,2515.005,2501.075,2514.825
2024-08-20T08:00:00,2514.825,2522.945,2514.275,2519.715
2024-08-20T09:00:00,2519.715,2525.078,2519.715,2521.565
2024-08-20T10:00:00,2521.565,2524.445,2521.078,2522.735
2024-08-20T11:00:00,2522.735,2526.978,2522.105,2526.178
2024-08-20T12:00:00,2526.205,2529.085,2521.568,2526.608
2024-08-20T13:00:00,2526.565,2531.558,2519.744,2529.808
2024-08-20T14:00:00,2529.808,2530.058,2520.245,2523.748
2024-08-20T15:00:00,2523.738,2523.794,2505.654,2508.398
2024-08-20T16:00:00,2508.368,2510.435,2500.685,2508.934
2024-08-20T17:00:00,2508.958,2512.964,2506.588,2510.458
2024-08-20T18:00:00,2510.458,2515.304,2509.238,2513.175
2024-08-20T19:00:00,2513.175,2515.165,2510.815,2514.878
2024-08-20T20:00:00,2514.938,2516.828,2513.285,2513.615
2024-08-20T22:00:00,2512.968,2515.594,2512.638,2514.608
2024-08-20T23:00:00,2514.595,2515.945,2512.655,2512.795
2024-08-21T00:00:00,2512.795,2515.828,2512.328,2513.405
2024-08-21T01:00:00,2513.485,2516.968,2510.725,2516.738
2024-08-21T02:00:00,2516.678,2519.795,2515.775,2519.265
2024-08-21T03:00:00,2519.244,2519.285,2512.975,2517.275
2024-08-21T04:00:00,2517.325,2517.515,2513.665,2515.995
2024-08-21T05:00:00,2516.005,2518.255,2514.855,2515.068
2024-08-21T06:00:00,2515.085,2519.428,2511.725,2514.325
2024-08-21T07:00:00,2514.305,2516.915,2508.005,2509.635
2024-08-21T08:00:00,2509.595,2512.305,2506.795,2507.148
2024-08-21T09:00:00,2507.145,2509.135,2504.405,2505.548
2024-08-21T10:00:00,2505.514,2509.575,2504.345,2509.255
2024-08-21T11:00:00,2509.315,2513.115,2506.785,2511.698
2024-08-21T12:00:00,2511.698,2513.585,2506.975,2510.408
2024-08-21T13:00:00,2510.495,2512.745,2497.815,2502.885
2024-08-21T14:00:00,2502.864,2506.515,2493.698,2501.428
2024-08-21T15:00:00,2501.428,2510.935,2501.225,2508.194
2024-08-21T16:00:00,2508.278,2508.755,2503.065,2506.985
2024-08-21T17:00:00,2506.985,2511.205,2506.805,2509.245
2024-08-21T18:00:00,2509.235,2518.995,2508.955,2515.885
2024-08-21T19:00:00,2516.025,2516.275,2510.818,2511.418
2024-08-21T20:00:00,2511.325,2512.298,2509.668,2512.055
2024-08-21T22:00:00,2511.698,2513.845,2510.895,2513.775
2024-08-21T23:00:00,2513.775,2514.235,2512.145,2512.585
2024-08-22T00:00:00,2512.635,2514.545,2511.018,2513.585
2024-08-22T01:00:00,2513.548,2513.918,2506.915,2507.475
2024-08-22T02:00:00,2507.465,2508.515,2499.815,2502.158
2024-08-22T03:00:00,2502.158,2504.605,2500.994,2502.268
2024-08-22T04:00:00,2502.205,2502.288,2499.204,2501.795
2024-08-22T05:00:00,2501.795,2506.185,2500.555,2505.405
2024-08-22T06:00:00,2505.405,2510.485,2503.415,2507.358
2024-08-22T07:00:00,2507.355,2509.658,2504.325,2506.948
2024-08-22T08:00:00,2506.935,2507.365,2502.355,2503.555
2024-08-22T09:00:00,2503.555,2507.965,2501.015,2507.165
2024-08-22T10:00:00,2507.218,2509.008,2505.114,2505.208
2024-08-22T11:00:00,2505.164,2505.885,2497.895,2499.395
2024-08-22T12:00:00,2499.465,2504.045,2495.015,2500.555
2024-08-22T13:00:00,2500.585,2501.405,2482.898,2487.478
2024-08-22T14:00:00,2487.385,2487.385,2470.705,2479.928
2024-08-22T15:00:00,2479.844,2483.985,2474.865,2481.768
2024-08-22T16:00:00,2481.798,2485.885,2481.225,2484.208
2024-08-22T17:00:00,2484.145,2484.315,2479.585,2482.185
2024-08-22T18:00:00,2482.185,2484.685,2480.255,2482.178
2024-08-22T19:00:00,2482.095,2483.368,2478.425,2482.795
2024-08-22T20:00:00,2482.868,2484.745,2482.348,2484.465
2024-08-22T22:00:00,2484.185,2485.455,2484.185,2484.975
2024-08-22T23:00:00,2484.978,2487.525,2484.824,2487.475
2024-08-23T00:00:00,2487.475,2492.155,2486.355,2489.825
2024-08-23T01:00:00,2489.875,2491.295,2487.755,2490.675
2024-08-23T02:00:00,2490.715,2491.448,2486.565,2489.815
2024-08-23T03:00:00,2489.815,2493.618,2489.315,2493.075
2024-08-23T04:00:00,2493.095,2494.385,2492.415,2493.245
2024-08-23T05:00:00,2493.245,2495.665,2490.985,2491.768
2024-08-23T06:00:00,2491.785,2494.485,2490.465,2492.805
2024-08-23T07:00:00,2492.865,2493.995,2491.555,2493.335
2024-08-23T08:00:00,2493.275,2499.855,2492.935,2498.845
2024-08-23T09:00:00,2498.865,2501.725,2496.855,2498.785
2024-08-23T10:00:00,2498.785,2499.128,2495.515,2498.885
2024-08-23T11:00:00,2498.915,2502.355,2497.285,2501.495
2024-08-23T12:00:00,2501.495,2502.228,2498.275,2501.198
2024-08-23T13:00:00,2501.145,2503.765,2494.315,2498.325
2024-08-23T14:00:00,2497.878,2517.735,2497.364,2509.055
2024-08-23T15:00:00,2509.115,2518.195,2507.854,2509.678
2024-08-23T16:00:00,2509.678,2510.368,2501.668,2510.195
2024-08-23T17:00:00,2510.195,2513.105,2509.445,2510.758
2024-08-23T18:00:00,2510.785,2511.718,2508.908,2509.678
2024-08-23T19:00:00,2509.605,2512.638,2507.795,2510.698
2024-08-23T20:00:00,2510.708,2512.575,2509.448,2512.235
2024-08-25T22:00:00,2511.275,2514.365,2510.105,2512.725
2024-08-25T23:00:00,2512.745,2516.585,2512.685,2515.785
2024-08-26T00:00:00,2515.795,2516.845,2512.285,2513.585
2024-08-26T01:00:00,2513.525,2515.324,2510.445,2513.185
2024-08-26T02:00:00,2513.185,2515.178,2511.625,2511.825
2024-08-26T03:00:00,2511.805,2512.805,2509.205,2509.745
2024-08-26T04:00:00,2509.725,2510.725,2508.775,2509.518
2024-08-26T05:00:00,2509.465,2511.145,2508.585,2510.358
2024-08-26T06:00:00,2510.335,2515.265,2509.705,2514.965
2024-08-26T07:00:00,2514.955,2521.715,2514.098,2521.305
2024-08-26T08:00:00,2521.305,2525.658,2520.585,2524.135
2024-08-26T09:00:00,2524.195,2525.525,2523.265,2524.895
2024-08-26T10:00:00,2524.915,2526.555,2522.425,2524.818
2024-08-26T11:00:00,2524.795,2526.708,2520.795,2526.425
2024-08-26T12:00:00,2526.425,2526.648,2522.298,2523.758
2024-08-26T13:00:00,2523.758,2526.305,2515.325,2515.775
2024-08-26T14:00:00,2515.775,2518.868,2510.548,2516.835
2024-08-26T15:00:00,2516.805,2517.288,2511.265,2515.748
2024-08-26T16:00:00,2515.705,2520.295,2513.465,2520.155
2024-08-26T17:00:00,2520.155,2523.255,2516.395,2517.965
2024-08-26T18:00:00,2517.985,2519.445,2515.465,2516.775
2024-08-26T19:00:00,2516.795,2520.855,2516.735,2518.048
2024-08-26T20:00:00,2518.078,2518.958,2517.348,2517.835
2024-08-26T22:00:00,2517.438,2518.395,2516.895,2517.155
2024-08-26T23:00:00,2517.155,2517.555,2515.335,2515.335
2024-08-27T00:00:00,2515.355,2516.625,2512.835,2513.065
2024-08-27T01:00:00,2513.125,2514.005,2508.125,2509.618
2024-08-27T02:00:00,2509.598,2510.248,2505.698,2508.625
2024-08-27T03:00:00,2508.575,2509.065,2505.728,2508.955
2024-08-27T04:00:00,2508.955,2509.355,2506.145,2507.175
2024-08-27T05:00:00,2507.155,2513.645,2506.508,2513.425
2024-08-27T06:00:00,2513.485,2517.365,2512.624,2514.785
2024-08-27T07:00:00,2514.815,2517.395,2504.458,2504.858
2024-08-27T08:00:00,2504.858,2512.395,2503.415,2510.955
2024-08-27T09:00:00,2510.955,2513.605,2507.975,2508.805
2024-08-27T10:00:00,2508.835,2510.358,2506.785,2508.858
2024-08-27T11:00:00,2508.865,2512.315,2508.515,2511.355
2024-08-27T12:00:00,2511.355,2514.204,2507.615,2509.694
2024-08-27T13:00:00,2509.694,2514.975,2503.325,2512.488
2024-08-27T14:00:00,2512.438,2518.035,2507.648,2514.668
2024-08-27T15:00:00,2514.625,2520.205,2511.405,2512.045
2024-08-27T16:00:00,2511.985,2514.275,2509.758,2514.275
2024-08-27T17:00:00,2514.275,2521.535,2513.965,2519.945
2024-08-27T18:00:00,2519.945,2525.818,2519.775,2524.388
2024-08-27T19:00:00,2524.348,2525.638,2522.915,2524.975
2024-08-27T20:00:00,2524.965,2525.795,2523.675,2524.355
2024-08-27T22:00:00,2524.605,2525.908,2524.305,2525.438
2024-08-27T23:00:00,2525.425,2528.888,2524.025,2525.178
2024-08-28T00:00:00,2525.155,2525.725,2523.755,2524.275
2024-08-28T01:00:00,2524.275,2524.275,2516.754,2516.988
2024-08-28T02:00:00,2516.955,2518.385,2513.215,2516.235
2024-08-28T03:00:00,2516.235,2516.955,2513.115,2515.755
2024-08-28T04:00:00,2515.745,2516.035,2510.095,2511.385
2024-08-28T05:00:00,2511.365,2511.555,2505.335,2505.698
2024-08-28T06:00:00,2505.698,2508.875,2503.338,2508.435
2024-08-28T07:00:00,2508.435,2511.225,2507.415,2509.865
2024-08-28T08:00:00,2509.865,2509.865,2505.825,2508.055
2024-08-28T09:00:00,2508.075,2511.275,2507.645,2510.015
2024-08-28T10:00:00,2510.045,2510.295,2502.465,2505.215
2024-08-28T11:00:00,2505.185,2505.335,2500.615,2501.338
2024-08-28T12:00:00,2501.305,2501.525,2493.515,2500.535
2024-08-28T13:00:00,2500.495,2510.505,2499.335,2506.458
2024-08-28T14:00:00,2506.445,2509.018,2503.895,2507.485
2024-08-28T15:00:00,2507.455,2510.138,2505.0,2506.058
2024-08-28T16:00:00,2506.018,2506.355,2496.295,2501.828
2024-08-28T17:00:00,2501.795,2506.225,2500.445,2505.298
2024-08-28T18:00:00,2505.248,2508.088,2503.525,2507.878
2024-08-28T19:00:00,2507.898,2509.465,2506.698,2507.528
2024-08-28T20:00:00,2507.585,2508.485,2502.675,2504.315
2024-08-28T22:00:00,2503.858,2508.685,2503.811,2506.995
2024-08-28T23:00:00,2506.988,2508.204,2506.265,2508.094
2024-08-29T00:00:00,2508.094,2515.155,2507.964,2512.225
2024-08-29T01:00:00,2512.235,2514.595,2511.598,2513.045
2024-08-29T02:00:00,2512.955,2514.975,2511.495,2512.745
2024-08-29T03:00:00,2512.735,2516.695,2512.315,2516.475
2024-08-29T04:00:00,2516.495,2518.065,2515.385,2515.728
2024-08-29T05:00:00,2515.725,2519.798,2513.635,2518.655
2024-08-29T06:00:00,2518.655,2521.065,2516.155,2516.788
2024-08-29T07:00:00,2516.774,2519.025,2515.085,2519.025
2024-08-29T08:00:00,2519.055,2520.025,2514.954,2516.994
2024-08-29T09:00:00,2516.994,2524.295,2515.768,2522.795
2024-08-29T10:00:00,2522.855,2524.275,2520.675,2522.968
2024-08-29T11:00:00,2522.965,2523.285,2518.945,2519.785
2024-08-29T12:00:00,2519.758,2519.808,2503.515,2509.035
2024-08-29T13:00:00,2509.185,2519.095,2508.045,2516.605
2024-08-29T14:00:00,2516.558,2522.195,2514.305,2522.025
2024-08-29T15:00:00,2522.095,2525.498,2518.435,2522.438
2024-08-29T16:00:00,2522.455,2526.575,2517.305,2525.128
2024-08-29T17:00:00,2525.135,2528.558,2523.384,2525.768
2024-08-29T18:00:00,2525.778,2526.258,2520.875,2522.968
2024-08-29T19:00:00,2522.925,2524.715,2520.765,2521.045
2024-08-29T20:00:00,2521.068,2522.218,2520.618,2521.085
2024-08-29T22:00:00,2520.425,2521.715,2520.225,2520.798
2024-08-29T23:00:00,2520.785,2520.798,2518.725,2519.435
2024-08-30T00:00:00,2519.455,2519.508,2516.548,2517.605
2024-08-30T01:00:00,2517.655,2519.968,2514.305,2515.925
2024-08-30T02:00:00,2515.925,2517.745,2514.075,2515.878
2024-08-30T03:00:00,2515.868,2516.905,2512.175,2513.425
2024-08-30T04:00:00,2513.365,2514.445,2512.035,2513.235
2024-08-30T05:00:00,2513.235,2516.188,2512.395,2513.665
2024-08-30T06:00:00,2513.678,2523.848,2513.005,2517.665
2024-08-30T07:00:00,2517.665,2521.305,2517.405,2519.215
2024-08-30T08:00:00,2519.198,2526.585,2518.755,2522.828
2024-08-30T09:00:00,2522.805,2526.725,2522.495,2524.085
2024-08-30T10:00:00,2524.085,2524.648,2514.965,2515.228
2024-08-30T11:00:00,2515.228,2521.515,2514.885,2519.378
2024-08-30T12:00:00,2519.275,2524.575,2516.178,2519.515
2024-08-30T13:00:00,2519.615,2519.715,2512.735,2515.128
2024-08-30T14:00:00,2515.128,2518.248,2506.335,2509.028
2024-08-30T15:00:00,2509.028,2509.445,2500.135,2502.365
2024-08-30T16:00:00,2502.365,2505.955,2496.485,2497.618
2024-08-30T17:00:00,2497.595,2500.355,2494.048,2499.448
2024-08-30T18:00:00,2499.455,2504.638,2499.315,2502.318
2024-08-30T19:00:00,2502.318,2503.948,2498.228,2502.208
2024-08-30T20:00:00,2502.185,2503.398,2501.775,2502.925
2024-09-01T22:00:00,2502.435,2504.545,2501.195,2503.298
2024-09-01T23:00:00,2503.294,2503.595,2501.815,2502.885
2024-09-02T00:00:00,2502.875,2504.825,2501.078,2501.385
2024-09-02T01:00:00,2501.398,2504.505,2496.505,2497.835
2024-09-02T02:00:00,2497.835,2498.175,2489.915,2491.825
2024-09-02T03:00:00,2491.815,2496.275,2491.245,2496.165
2024-09-02T04:00:00,2496.175,2499.258,2496.075,2496.785
2024-09-02T05:00:00,2496.805,2498.375,2495.145,2496.395
2024-09-02T06:00:00,2496.395,2501.285,2495.775,2497.455
2024-09-02T07:00:00,2497.485,2499.425,2496.065,2498.105
2024-09-02T08:00:00,2498.075,2507.125,2497.155,2506.178
2024-09-02T09:00:00,2506.178,2506.455,2498.055,2498.805
2024-09-02T10:00:00,2498.805,2501.915,2497.995,2499.058
2024-09-02T11:00:00,2499.135,2500.155,2496.995,2499.678
2024-09-02T12:00:00,2499.645,2503.075,2498.675,2501.178
2024-09-02T13:00:00,2501.168,2502.145,2498.475,2499.808
2024-09-02T14:00:00,2499.775,2502.365,2497.565,2501.925
2024-09-02T15:00:00,2501.935,2502.315,2499.815,2501.495
2024-09-02T16:00:00,2501.505,2501.805,2498.515,2500.435
2024-09-02T17:00:00,2500.385,2501.225,2498.668,2499.324
2024-09-02T18:00:00,2499.324,2500.025,2498.655,2499.228
2024-09-02T22:00:00,2499.098,2499.855,2497.425,2497.525
2024-09-02T23:00:00,2497.525,2498.335,2496.305,2497.175
2024-09-03T00:00:00,2497.155,2497.548,2494.878,2495.695
2024-09-03T01:00:00,2495.665,2495.755,2489.534,2493.635
2024-09-03T02:00:00,2493.635,2496.268,2492.255,2495.195
2024-09-03T03:00:00,2495.085,2495.765,2492.975,2494.665
2024-09-03T04:00:00,2494.655,2496.848,2493.815,2495.798
2024-09-03T05:00:00,2495.785,2495.818,2492.635,2494.885
2024-09-03T06:00:00,2494.905,2498.718,2492.675,2497.735
2024-09-03T07:00:00,2497.705,2501.938,2496.475,2500.725
2024-09-03T08:00:00,2500.725,2506.165,2500.455,2503.835
2024-09-03T09:00:00,2503.865,2504.865,2500.788,2500.838
2024-09-03T10:00:00,2500.868,2500.868,2492.545,2497.215
2024-09-03T11:00:00,2497.215,2501.485,2484.575,2489.558
2024-09-03T12:00:00,2489.558,2502.034,2486.998,2493.105
2024-09-03T13:00:00,2493.035,2497.515,2475.375,2479.608
2024-09-03T14:00:00,2479.618,2485.485,2473.245,2478.218
2024-09-03T15:00:00,2478.218,2489.405,2477.095,2488.285
2024-09-03T16:00:00,2488.285,2488.885,2483.808,2486.008
2024-09-03T17:00:00,2485.825,2491.955,2485.388,2489.388
2024-09-03T18:00:00,2489.365,2489.868,2486.938,2489.268
2024-09-03T19:00:00,2489.175,2494.295,2488.885,2491.978
2024-09-03T20:00:00,2491.978,2493.055,2491.248,2492.665
2024-09-03T22:00:00,2492.495,2494.275,2491.885,2492.964
2024-09-03T23:00:00,2492.964,2494.524,2492.135,2493.155
2024-09-04T00:00:00,2493.115,2494.915,2492.055,2492.238
2024-09-04T01:00:00,2492.165,2494.335,2491.155,2493.285
2024-09-04T02:00:00,2493.275,2496.835,2492.268,2495.165
2024-09-04T03:00:00,2495.165,2496.405,2493.375,2494.945
2024-09-04T04:00:00,2494.955,2496.625,2494.345,2495.785
2024-09-04T05:00:00,2495.785,2496.495,2492.625,2493.008
2024-09-04T06:00:00,2493.008,2493.265,2483.555,2484.145
2024-09-04T07:00:00,2484.145,2488.115,2481.885,2482.045
2024-09-04T08:00:00,2482.045,2483.195,2472.438,2473.175
2024-09-04T09:00:00,2473.185,2483.175,2471.718,2481.505
2024-09-04T10:00:00,2481.505,2489.834,2480.975,2488.875
2024-09-04T11:00:00,2488.865,2491.085,2486.615,2489.085
2024-09-04T12:00:00,2489.085,2491.025,2485.375,2486.445
2024-09-04T13:00:00,2486.445,2489.965,2481.915,2485.075
2024-09-04T14:00:00,2485.115,2500.145,2484.455,2496.118
2024-09-04T15:00:00,2496.118,2498.255,2492.678,2493.938
2024-09-04T16:00:00,2493.915,2497.848,2493.015,2496.604
2024-09-04T17:00:00,2496.635,2497.195,2493.388,2493.848
2024-09-04T18:00:00,2493.848,2495.475,2492.315,2494.585
2024-09-04T19:00:00,2494.585,2494.695,2491.415,2493.275
2024-09-04T20:00:00,2493.275,2496.825,2492.835,2495.285
2024-09-04T22:00:00,2494.725,2495.985,2494.398,2495.185
2024-09-04T23:00:00,2495.188,2496.785,2494.925,2495.695
2024-09-05T00:00:00,2495.768,2496.425,2494.355,2495.055
2024-09-05T01:00:00,2495.075,2499.174,2494.385,2496.305
2024-09-05T02:00:00,2496.265,2498.834,2496.115,2497.968
2024-09-05T03:00:00,2497.948,2498.468,2494.508,2494.718
2024-09-05T04:00:00,2494.708,2494.965,2493.665,2494.145
2024-09-05T05:00:00,2494.095,2502.165,2493.855,2501.795
2024-09-05T06:00:00,2501.815,2506.815,2500.705,2504.308
2024-09-05T07:00:00,2504.185,2507.445,2502.875,2506.325
2024-09-05T08:00:00,2506.385,2516.535,2505.875,2514.555
2024-09-05T09:00:00,2514.655,2517.155,2514.605,2515.418
2024-09-05T10:00:00,2515.395,2516.815,2513.214,2516.235
2024-09-05T11:00:00,2516.215,2518.258,2513.535,2515.075
2024-09-05T12:00:00,2515.085,2523.448,2513.895,2517.605
2024-09-05T13:00:00,2517.605,2519.255,2512.325,2514.565
2024-09-05T14:00:00,2514.905,2520.448,2507.535,2508.648
2024-09-05T15:00:00,2508.638,2510.875,2503.805,2507.018
2024-09-05T16:00:00,2507.015,2511.455,2505.955,2510.308
2024-09-05T17:00:00,2510.255,2515.265,2509.168,2514.998
2024-09-05T18:00:00,2515.005,2516.778,2514.688,2515.528
2024-09-05T19:00:00,2515.518,2516.018,2513.505,2514.778
2024-09-05T20:00:00,2514.865,2516.788,2514.765,2516.475
2024-09-05T22:00:00,2516.048,2516.705,2515.595,2515.978
2024-09-05T23:00:00,2515.945,2517.828,2515.935,2517.125
2024-09-06T00:00:00,2517.155,2517.545,2515.448,2515.788
2024-09-06T01:00:00,2515.785,2516.538,2513.365,2513.708
2024-09-06T02:00:00,2513.685,2517.925,2512.895,2517.635
2024-09-06T03:00:00,2517.635,2518.258,2516.815,2518.155
2024-09-06T04:00:00,2518.155,2519.388,2517.675,2518.304
2024-09-06T05:00:00,2518.295,2521.668,2518.285,2519.914
2024-09-06T06:00:00,2519.914,2521.278,2516.515,2519.075
2024-09-06T07:00:00,2519.035,2519.755,2516.175,2516.408
2024-09-06T08:00:00,2516.355,2518.155,2515.358,2517.738
2024-09-06T09:00:00,2517.745,2519.808,2516.265,2519.115
2024-09-06T10:00:00,2519.095,2519.705,2517.095,2518.835
2024-09-06T11:00:00,2518.835,2520.205,2514.595,2516.165
2024-09-06T12:00:00,2516.135,2529.125,2506.855,2522.138
2024-09-06T13:00:00,2522.175,2522.875,2501.905,2509.268
2024-09-06T14:00:00,2509.288,2515.478,2500.375,2506.605
2024-09-06T15:00:00,2506.685,2518.355,2503.535,2505.318
2024-09-06T16:00:00,2505.295,2505.645,2485.015,2488.935
2024-09-06T17:00:00,2488.855,2496.895,2485.758,2495.485
2024-09-06T18:00:00,2495.475,2496.785,2491.938,2494.498
2024-09-06T19:00:00,2494.585,2496.735,2490.618,2495.868
2024-09-06T20:00:00,2495.838,2497.758,2494.668,2497.035
2024-09-08T22:00:00,2497.098,2497.865,2496.045,2497.695
2024-09-08T23:00:00,2497.745,2498.124,2495.415,2496.745
2024-09-09T00:00:00,2496.775,2498.165,2495.528,2495.858
2024-09-09T01:00:00,2495.824,2498.574,2494.625,2497.575
2024-09-09T02:00:00,2497.634,2499.005,2496.835,2497.035
2024-09-09T03:00:00,2497.005,2500.365,2496.618,2499.128
2024-09-09T04:00:00,2499.128,2499.345,2497.345,2498.085
2024-09-09T05:00:00,2498.035,2498.155,2487.305,2487.748
2024-09-09T06:00:00,2487.745,2493.475,2485.405,2489.615
2024-09-09T07:00:00,2489.645,2496.625,2488.725,2494.125
2024-09-09T08:00:00,2494.195,2495.525,2489.945,2492.105
2024-09-09T09:00:00,2492.105,2497.478,2491.985,2496.275
2024-09-09T10:00:00,2496.305,2499.035,2492.995,2494.325
2024-09-09T11:00:00,2494.345,2498.778,2493.295,2497.128
2024-09-09T12:00:00,2497.105,2503.978,2496.185,2500.768
2024-09-09T13:00:00,2500.748,2505.098,2499.154,2499.624
2024-09-09T14:00:00,2499.624,2501.075,2493.115,2496.728
2024-09-09T15:00:00,2496.715,2499.555,2493.458,2499.005
2024-09-09T16:00:00,2498.995,2505.158,2498.995,2504.248
2024-09-09T17:00:00,2504.205,2506.405,2499.375,2499.895
2024-09-09T18:00:00,2499.935,2505.198,2499.365,2504.658
2024-09-09T19:00:00,2504.625,2506.038,2502.665,2505.875
2024-09-09T20:00:00,2505.865,2507.088,2505.185,2506.115
2024-09-09T22:00:00,2505.898,2506.995,2505.675,2506.855
2024-09-09T23:00:00,2506.785,2507.515,2505.595,2506.625
2024-09-10T00:00:00,2506.665,2507.358,2504.645,2505.255
2024-09-10T01:00:00,2505.335,2506.685,2502.655,2503.698
2024-09-10T02:00:00,2503.714,2503.865,2501.635,2502.895
2024-09-10T03:00:00,2502.845,2504.235,2501.314,2502.395
2024-09-10T04:00:00,2502.395,2502.725,2500.865,2501.618
2024-09-10T05:00:00,2501.605,2504.808,2500.618,2503.695
2024-09-10T06:00:00,2503.685,2506.475,2503.255,2504.998
2024-09-10T07:00:00,2504.995,2507.595,2502.005,2502.595
2024-09-10T08:00:00,2502.565,2503.018,2500.024,2502.165
2024-09-10T09:00:00,2502.165,2506.005,2500.045,2505.965
2024-09-10T10:00:00,2505.965,2509.555,2505.028,2505.555
2024-09-10T11:00:00,2505.514,2507.055,2504.058,2504.498
2024-09-10T12:00:00,2504.415,2513.928,2504.355,2513.725
2024-09-10T13:00:00,2513.755,2515.268,2506.128,2506.718
2024-09-10T14:00:00,2506.718,2509.155,2500.984,2508.955
2024-09-10T15:00:00,2509.015,2518.304,2508.145,2512.618
2024-09-10T16:00:00,2512.685,2515.385,2510.585,2514.318
2024-09-10T17:00:00,2514.275,2515.545,2512.768,2513.058
2024-09-10T18:00:00,2513.015,2516.528,2511.975,2516.235
2024-09-10T19:00:00,2516.205,2517.355,2514.025,2517.155
2024-09-10T20:00:00,2517.155,2517.358,2515.658,2516.415
2024-09-10T22:00:00,2515.978,2516.924,2515.978,2516.325
2024-09-10T23:00:00,2516.358,2518.688,2516.215,2518.555
2024-09-11T00:00:00,2518.498,2519.015,2516.078,2516.458
2024-09-11T01:00:00,2516.415,2522.415,2514.845,2518.578
2024-09-11T02:00:00,2518.455,2520.225,2517.445,2518.655
2024-09-11T03:00:00,2518.655,2519.845,2516.695,2519.288
2024-09-11T04:00:00,2519.285,2520.055,2518.455,2519.448
2024-09-11T05:00:00,2519.428,2522.335,2519.175,2521.148
2024-09-11T06:00:00,2521.155,2528.885,2520.765,2526.485
2024-09-11T07:00:00,2526.485,2527.675,2520.615,2521.338
2024-09-11T08:00:00,2521.325,2527.085,2520.585,2524.165
2024-09-11T09:00:00,2524.175,2524.565,2521.915,2523.125
2024-09-11T10:00:00,2523.095,2523.185,2519.635,2521.645
2024-09-11T11:00:00,2521.645,2524.068,2520.605,2522.105
2024-09-11T12:00:00,2522.065,2523.368,2502.028,2508.034
2024-09-11T13:00:00,2508.034,2512.745,2503.055,2509.515
2024-09-11T14:00:00,2509.515,2510.315,2500.825,2509.335
2024-09-11T15:00:00,2509.388,2514.825,2508.585,2514.675
2024-09-11T16:00:00,2514.675,2519.944,2513.568,2515.148
2024-09-11T17:00:00,2515.084,2516.755,2512.275,2514.455
2024-09-11T18:00:00,2514.455,2516.225,2511.138,2511.408
2024-09-11T19:00:00,2511.345,2513.085,2509.675,2512.824
2024-09-11T20:00:00,2512.795,2513.748,2511.165,2511.555
2024-09-11T22:00:00,2511.015,2513.744,2511.015,2512.715
2024-09-11T23:00:00,2512.715,2512.908,2511.645,2511.778
2024-09-12T00:00:00,2511.775,2512.305,2510.935,2512.095
2024-09-12T01:00:00,2512.075,2515.064,2511.555,2513.015
2024-09-12T02:00:00,2513.015,2513.964,2510.885,2512.065
2024-09-12T03:00:00,2512.095,2515.965,2512.035,2515.715
2024-09-12T04:00:00,2515.715,2517.675,2515.485,2516.888
2024-09-12T05:00:00,2516.868,2519.715,2516.868,2519.355
2024-09-12T06:00:00,2519.365,2522.195,2516.625,2516.765
2024-09-12T07:00:00,2516.795,2517.605,2514.385,2515.785
2024-09-12T08:00:00,2515.775,2519.178,2514.985,2517.245
2024-09-12T09:00:00,2517.245,2519.058,2516.255,2518.705
2024-09-12T10:00:00,2518.685,2520.905,2513.068,2513.118
2024-09-12T11:00:00,2513.095,2520.235,2512.905,2519.425
2024-09-12T12:00:00,2519.435,2535.198,2518.775,2528.375
2024-09-12T13:00:00,2528.395,2551.534,2521.965,2545.348
2024-09-12T14:00:00,2545.288,2554.648,2541.695,2553.205
2024-09-12T15:00:00,2553.228,2555.035,2548.738,2553.154
2024-09-12T16:00:00,2553.165,2553.568,2544.698,2550.548
2024-09-12T17:00:00,2550.564,2554.678,2550.015,2553.875
2024-09-12T18:00:00,2553.864,2558.634,2551.918,2555.838
2024-09-12T19:00:00,2555.838,2558.985,2554.434,2557.748
2024-09-12T20:00:00,2557.704,2559.978,2556.625,2558.485
2024-09-12T22:00:00,2557.698,2559.348,2557.045,2557.264
2024-09-12T23:00:00,2557.314,2558.435,2556.538,2558.344
2024-09-13T00:00:00,2558.334,2562.575,2556.625,2561.475
2024-09-13T01:00:00,2561.485,2567.935,2559.815,2563.135
2024-09-13T02:00:00,2563.135,2565.485,2561.485,2565.285
2024-09-13T03:00:00,2565.285,2569.925,2564.565,2567.805
2024-09-13T04:00:00,2567.795,2569.965,2566.505,2568.765
2024-09-13T05:00:00,2568.745,2570.135,2565.805,2566.418
2024-09-13T06:00:00,2566.418,2568.675,2563.035,2567.005
2024-09-13T07:00:00,2567.025,2570.888,2563.775,2569.668
2024-09-13T08:00:00,2569.695,2570.858,2565.794,2569.845
2024-09-13T09:00:00,2569.808,2572.825,2566.898,2568.425
2024-09-13T10:00:00,2568.425,2569.215,2565.495,2566.868
2024-09-13T11:00:00,2566.944,2568.185,2563.584,2567.165
2024-09-13T12:00:00,2567.265,2575.795,2565.935,2575.704
2024-09-13T13:00:00,2575.685,2583.258,2573.375,2577.455
2024-09-13T14:00:00,2577.445,2580.025,2572.978,2578.215
2024-09-13T15:00:00,2578.298,2582.285,2573.555,2582.048
2024-09-13T16:00:00,2582.095,2584.994,2579.945,2584.178
2024-09-13T17:00:00,2584.175,2585.965,2581.385,2582.625
2024-09-13T18:00:00,2582.625,2583.825,2580.605,2582.178
2024-09-13T19:00:00,2582.165,2582.825,2578.515,2582.518
2024-09-13T20:00:00,2582.515,2582.798,2577.575,2577.615
2024-09-15T22:00:00,2578.725,2580.464,2577.384,2579.884
2024-09-15T23:00:00,2579.978,2580.235,2578.145,2579.025
2024-09-16T00:00:00,2579.015,2582.228,2578.715,2581.265
2024-09-16T01:00:00,2581.265,2582.748,2579.765,2581.598
2024-09-16T02:00:00,2581.574,2585.795,2581.384,2585.255
2024-09-16T03:00:00,2585.245,2588.865,2583.645,2586.225
2024-09-16T04:00:00,2586.205,2586.595,2584.825,2585.675
2024-09-16T05:00:00,2585.615,2589.295,2585.355,2588.628
2024-09-16T06:00:00,2588.634,2589.515,2585.045,2585.198
2024-09-16T07:00:00,2585.165,2585.465,2579.325,2581.985
2024-09-16T08:00:00,2581.965,2588.375,2581.268,2586.705
2024-09-16T09:00:00,2586.705,2588.164,2584.095,2585.435
2024-09-16T10:00:00,2585.435,2586.235,2575.115,2579.658
2024-09-16T11:00:00,2579.658,2583.075,2578.575,2582.905
2024-09-16T12:00:00,2582.925,2583.385,2578.405,2583.278
2024-09-16T13:00:00,2583.248,2589.205,2581.115,2588.115
2024-09-16T14:00:00,2588.155,2588.445,2575.945,2580.125
2024-09-16T15:00:00,2580.125,2581.805,2577.555,2579.735
2024-09-16T16:00:00,2579.768,2583.945,2579.455,2583.555
2024-09-16T17:00:00,2583.545,2583.995,2579.735,2582.465
2024-09-16T18:00:00,2582.555,2582.748,2580.075,2580.885
2024-09-16T19:00:00,2580.885,2583.225,2579.535,2582.438
2024-09-16T20:00:00,2582.438,2583.318,2581.735,2582.235
2024-09-16T22:00:00,2581.745,2583.454,2581.428,2582.755
2024-09-16T23:00:00,2582.834,2583.805,2582.045,2583.545
2024-09-17T00:00:00,2583.535,2584.265,2580.118,2580.118
2024-09-17T01:00:00,2580.095,2582.585,2578.228,2582.444
2024-09-17T02:00:00,2582.444,2586.165,2580.895,2581.455
2024-09-17T03:00:00,2581.415,2581.415,2576.645,2577.058
2024-09-17T04:00:00,2577.004,2579.035,2574.755,2576.728
2024-09-17T05:00:00,2576.744,2579.498,2574.395,2579.205
2024-09-17T06:00:00,2579.225,2586.835,2579.205,2584.274
2024-09-17T07:00:00,2584.264,2585.594,2582.624,2583.714
2024-09-17T08:00:00,2583.714,2584.084,2577.525,2580.025
2024-09-17T09:00:00,2579.985,2580.025,2571.615,2573.465
2024-09-17T10:00:00,2573.435,2575.995,2569.645,2572.905
2024-09-17T11:00:00,2572.995,2581.605,2572.115,2579.745
2024-09-17T12:00:00,2579.775,2581.505,2568.194,2577.685
2024-09-17T13:00:00,2577.655,2579.415,2572.955,2573.625
2024-09-17T14:00:00,2573.575,2582.115,2571.614,2576.348
2024-09-17T15:00:00,2576.348,2576.948,2561.625,2565.475
2024-09-17T16:00:00,2565.458,2566.485,2561.298,2562.955
2024-09-17T17:00:00,2562.955,2570.385,2560.984,2569.825
2024-09-17T18:00:00,2569.825,2571.558,2568.514,2570.058
2024-09-17T19:00:00,2570.055,2571.068,2566.888,2568.568
2024-09-17T20:00:00,2568.578,2570.158,2568.178,2569.155
2024-09-17T22:00:00,2568.698,2571.234,2568.698,2570.584
2024-09-17T23:00:00,2570.564,2574.244,2570.534,2573.885
2024-09-18T00:00:00,2573.875,2574.705,2571.324,2572.884
2024-09-18T01:00:00,2572.884,2576.314,2571.438,2572.085
2024-09-18T02:00:00,2572.144,2574.008,2569.855,2573.645
2024-09-18T03:00:00,2573.645,2576.285,2572.615,2575.785
2024-09-18T04:00:00,2575.785,2576.295,2567.925,2568.585
2024-09-18T05:00:00,2568.545,2569.205,2565.715,2567.605
2024-09-18T06:00:00,2567.605,2569.895,2566.545,2568.985
2024-09-18T07:00:00,2568.995,2571.865,2568.585,2571.505
2024-09-18T08:00:00,2571.515,2571.855,2568.165,2569.648
2024-09-18T09:00:00,2569.624,2571.815,2567.825,2571.815
2024-09-18T10:00:00,2571.815,2577.995,2570.895,2576.055
2024-09-18T11:00:00,2576.065,2580.575,2574.935,2577.285
2024-09-18T12:00:00,2577.295,2578.708,2573.364,2576.135
2024-09-18T13:00:00,2576.115,2578.455,2568.475,2571.698
2024-09-18T14:00:00,2571.645,2574.705,2567.895,2571.565
2024-09-18T15:00:00,2571.575,2574.365,2567.985,2569.565
2024-09-18T16:00:00,2569.615,2575.145,2568.765,2574.775
2024-09-18T17:00:00,2574.785,2574.785,2566.915,2567.308
2024-09-18T18:00:00,2567.318,2599.995,2566.585,2575.574
2024-09-18T19:00:00,2575.655,2575.935,2546.645,2548.834
2024-09-18T20:00:00,2548.754,2560.735,2548.098,2558.664
2024-09-18T22:00:00,2558.645,2561.395,2555.545,2559.115
2024-09-18T23:00:00,2559.125,2559.535,2556.155,2559.175
2024-09-19T00:00:00,2559.185,2559.445,2556.805,2558.715
2024-09-19T01:00:00,2558.685,2558.685,2551.005,2555.095
2024-09-19T02:00:00,2555.105,2566.558,2555.105,2563.955
2024-09-19T03:00:00,2563.905,2565.165,2561.195,2563.978
2024-09-19T04:00:00,2563.905,2564.015,2559.435,2563.975
2024-09-19T05:00:00,2563.975,2574.425,2563.895,2574.405
2024-09-19T06:00:00,2574.425,2578.665,2573.785,2575.704
2024-09-19T07:00:00,2575.708,2584.574,2574.915,2584.324
2024-09-19T08:00:00,2584.324,2586.445,2581.268,2584.815
2024-09-19T09:00:00,2584.815,2594.775,2583.895,2591.685
2024-09-19T10:00:00,2591.675,2591.718,2585.795,2588.505
2024-09-19T11:00:00,2588.505,2589.585,2584.245,2589.315
2024-09-19T12:00:00,2589.265,2591.105,2573.074,2576.554
2024-09-19T13:00:00,2576.554,2582.425,2569.625,2574.745
2024-09-19T14:00:00,2574.725,2584.515,2571.595,2581.115
2024-09-19T15:00:00,2581.128,2589.235,2580.318,2588.935
2024-09-19T16:00:00,2589.025,2592.455,2587.614,2591.608
2024-09-19T17:00:00,2591.605,2592.535,2587.815,2590.424
2024-09-19T18:00:00,2590.478,2590.688,2586.475,2588.158
2024-09-19T19:00:00,2588.115,2588.748,2585.798,2588.265
2024-09-19T20:00:00,2588.245,2589.648,2585.835,2586.645
2024-09-19T22:00:00,2585.848,2587.765,2585.848,2587.585
2024-09-19T23:00:00,2587.548,2587.625,2586.295,2587.135
2024-09-20T00:00:00,2587.125,2588.405,2585.965,2588.005
2024-09-20T01:00:00,2588.005,2589.345,2584.654,2588.108
2024-09-20T02:00:00,2588.085,2592.415,2587.274,2591.425
2024-09-20T03:00:00,2591.445,2593.475,2590.795,2591.305
2024-09-20T04:00:00,2591.295,2594.215,2591.185,2593.625
2024-09-20T05:00:00,2593.705,2595.025,2592.325,2594.405
2024-09-20T06:00:00,2594.354,2606.978,2594.175,2605.324
2024-09-20T07:00:00,2605.364,2609.615,2604.625,2607.015
2024-09-20T08:00:00,2607.014,2612.605,2605.365,2609.645
2024-09-20T09:00:00,2609.675,2610.395,2602.385,2606.185
2024-09-20T10:00:00,2606.185,2614.048,2606.095,2613.105
2024-09-20T11:00:00,2613.085,2615.318,2610.125,2613.608
2024-09-20T12:00:00,2613.608,2619.165,2613.278,2615.435
2024-09-20T13:00:00,2615.438,2616.445,2602.445,2606.545
2024-09-20T14:00:00,2606.535,2617.015,2604.625,2613.908
2024-09-20T15:00:00,2613.925,2622.835,2611.065,2622.678
2024-09-20T16:00:00,2622.728,2625.574,2619.595,2624.748
2024-09-20T17:00:00,2624.724,2625.278,2619.058,2619.458
2024-09-20T18:00:00,2619.458,2622.058,2617.785,2621.575
2024-09-20T19:00:00,2621.594,2623.288,2620.545,2620.958
2024-09-20T20:00:00,2621.008,2622.375,2618.938,2621.504
2024-09-22T22:00:00,2620.915,2622.615,2617.984,2620.415
2024-09-22T23:00:00,2620.465,2621.475,2619.595,2620.165
2024-09-23T00:00:00,2620.155,2620.335,2618.118,2618.235
2024-09-23T01:00:00,2618.235,2621.405,2615.945,2620.025
2024-09-23T02:00:00,2619.954,2626.275,2618.704,2625.245
2024-09-23T03:00:00,2625.234,2631.035,2624.735,2628.358
2024-09-23T04:00:00,2628.355,2630.895,2627.855,2629.315
2024-09-23T05:00:00,2629.225,2631.205,2626.695,2629.915
2024-09-23T06:00:00,2629.925,2630.045,2624.368,2624.368
2024-09-23T07:00:00,2624.304,2624.885,2613.685,2615.018
2024-09-23T08:00:00,2615.018,2619.545,2614.498,2616.705
2024-09-23T09:00:00,2616.705,2621.915,2615.278,2621.498
2024-09-23T10:00:00,2621.498,2623.488,2620.645,2621.428
2024-09-23T11:00:00,2621.388,2625.688,2620.775,2623.955
2024-09-23T12:00:00,2623.995,2627.968,2619.894,2626.908
2024-09-23T13:00:00,2626.908,2634.108,2625.494,2631.785
2024-09-23T14:00:00,2631.765,2634.715,2627.925,2630.328
2024-09-23T15:00:00,2630.298,2631.805,2625.665,2629.168
2024-09-23T16:00:00,2629.168,2630.758,2626.435,2628.048
2024-09-23T17:00:00,2628.068,2628.998,2626.324,2627.875
2024-09-23T18:00:00,2627.875,2628.708,2625.844,2627.315
2024-09-23T19:00:00,2627.315,2627.798,2625.575,2626.188
2024-09-23T20:00:00,2626.138,2628.595,2626.098,2628.405
2024-09-23T22:00:00,2628.045,2628.305,2626.358,2627.284
2024-09-23T23:00:00,2627.288,2627.304,2625.684,2626.205
2024-09-24T00:00:00,2626.235,2626.428,2623.685,2625.045
2024-09-24T01:00:00,2625.045,2630.075,2624.784,2628.958
2024-09-24T02:00:00,2628.945,2629.195,2626.615,2628.795
2024-09-24T03:00:00,2628.795,2635.995,2628.675,2633.965
2024-09-24T04:00:00,2633.965,2638.125,2631.865,2637.935
2024-09-24T05:00:00,2637.955,2639.945,2625.068,2625.288
2024-09-24T06:00:00,2625.285,2629.795,2624.348,2628.615
2024-09-24T07:00:00,2628.725,2630.135,2622.475,2628.795
2024-09-24T08:00:00,2628.785,2629.385,2625.794,2628.865
2024-09-24T09:00:00,2628.865,2630.725,2626.995,2630.605
2024-09-24T10:00:00,2630.614,2636.045,2630.438,2633.235
2024-09-24T11:00:00,2633.185,2633.275,2623.245,2626.275
2024-09-24T12:00:00,2626.295,2633.084,2623.345,2632.984
2024-09-24T13:00:00,2632.984,2637.168,2630.835,2635.108
2024-09-24T14:00:00,2635.075,2647.055,2634.388,2643.434
2024-09-24T15:00:00,2643.448,2648.285,2639.695,2643.025
2024-09-24T16:00:00,2643.025,2655.055,2642.298,2653.415
2024-09-24T17:00:00,2653.415,2654.355,2649.745,2653.908
2024-09-24T18:00:00,2653.898,2657.618,2653.265,2657.208
2024-09-24T19:00:00,2657.168,2664.204,2656.265,2662.548
2024-09-24T20:00:00,2662.524,2663.588,2656.334,2656.804
2024-09-24T22:00:00,2657.105,2659.685,2657.105,2658.964
2024-09-24T23:00:00,2658.985,2659.055,2656.565,2658.035
2024-09-25T00:00:00,2658.035,2660.878,2656.495,2660.665
2024-09-25T01:00:00,2660.685,2662.735,2655.345,2659.875
2024-09-25T02:00:00,2659.915,2670.348,2659.525,2669.955
2024-09-25T03:00:00,2669.955,2670.088,2659.704,2661.385
2024-09-25T04:00:00,2661.415,2661.545,2657.535,2658.798
2024-09-25T05:00:00,2658.765,2659.725,2654.355,2657.138
2024-09-25T06:00:00,2657.125,2659.685,2653.455,2654.548
2024-09-25T07:00:00,2654.544,2657.535,2651.215,2656.788
2024-09-25T08:00:00,2656.845,2658.435,2654.455,2655.735
2024-09-25T09:00:00,2655.755,2657.595,2652.615,2656.825
2024-09-25T10:00:00,2656.825,2658.088,2654.255,2655.485
2024-09-25T11:00:00,2655.525,2657.905,2653.808,2657.258
2024-09-25T12:00:00,2657.258,2660.685,2656.825,2659.345
2024-09-25T13:00:00,2659.345,2666.055,2658.215,2664.168
2024-09-25T14:00:00,2664.168,2667.345,2654.178,2658.815
2024-09-25T15:00:00,2658.848,2660.685,2655.168,2657.574
2024-09-25T16:00:00,2657.574,2658.774,2649.715,2653.645
2024-09-25T17:00:00,2653.615,2662.855,2653.075,2660.558
2024-09-25T18:00:00,2660.558,2661.638,2658.964,2660.254
2024-09-25T19:00:00,2660.254,2661.498,2659.325,2659.638
2024-09-25T20:00:00,2659.638,2660.178,2656.114,2656.954
2024-09-25T22:00:00,2656.474,2659.505,2656.298,2658.145
2024-09-25T23:00:00,2658.145,2659.345,2656.084,2656.188
2024-09-26T00:00:00,2656.184,2660.245,2655.268,2658.908
2024-09-26T01:00:00,2658.935,2661.304,2657.575,2660.715
2024-09-26T02:00:00,2660.775,2661.425,2656.885,2657.955
2024-09-26T03:00:00,2657.915,2662.398,2657.558,2662.398
2024-09-26T04:00:00,2662.415,2662.804,2660.055,2660.514
2024-09-26T05:00:00,2660.485,2663.355,2659.645,2661.288
2024-09-26T06:00:00,2661.288,2662.565,2657.855,2661.578
2024-09-26T07:00:00,2661.575,2666.795,2659.338,2664.535
2024-09-26T08:00:00,2664.535,2670.378,2664.485,2668.955
2024-09-26T09:00:00,2668.955,2669.705,2666.835,2668.765
2024-09-26T10:00:00,2668.745,2675.555,2667.348,2672.544
2024-09-26T11:00:00,2672.534,2685.405,2672.135,2682.665
2024-09-26T12:00:00,2682.655,2684.105,2668.555,2677.125
2024-09-26T13:00:00,2677.135,2679.555,2654.685,2660.538
2024-09-26T14:00:00,2660.505,2669.408,2659.375,2665.735
2024-09-26T15:00:00,2665.664,2672.995,2662.308,2671.214
2024-09-26T16:00:00,2671.254,2672.328,2662.744,2668.088
2024-09-26T17:00:00,2668.075,2672.094,2667.478,2670.808
2024-09-26T18:00:00,2670.755,2676.985,2669.934,2675.744
2024-09-26T19:00:00,2675.744,2677.708,2672.114,2673.548
2024-09-26T20:00:00,2673.598,2673.958,2670.708,2671.964
2024-09-26T22:00:00,2671.268,2672.988,2671.268,2672.155
2024-09-26T23:00:00,2672.188,2673.035,2671.805,2672.495
2024-09-27T00:00:00,2672.495,2672.558,2669.145,2669.638
2024-09-27T01:00:00,2669.595,2672.664,2666.075,2669.385
2024-09-27T02:00:00,2669.385,2670.908,2667.078,2668.824
2024-09-27T03:00:00,2668.815,2673.855,2668.505,2673.555
2024-09-27T04:00:00,2673.555,2673.785,2669.185,2670.375
2024-09-27T05:00:00,2670.375,2671.195,2662.195,2664.735
2024-09-27T06:00:00,2664.745,2669.395,2663.915,2665.645
2024-09-27T07:00:00,2665.665,2668.165,2660.825,2664.568
2024-09-27T08:00:00,2664.588,2665.265,2661.684,2662.478
2024-09-27T09:00:00,2662.468,2664.795,2658.198,2663.568
2024-09-27T10:00:00,2663.544,2665.488,2661.858,2664.198
2024-09-27T11:00:00,2664.185,2669.038,2664.148,2665.955
2024-09-27T12:00:00,2665.975,2674.134,2662.195,2669.938
2024-09-27T13:00:00,2669.938,2670.945,2663.905,2666.034
2024-09-27T14:00:00,2666.038,2666.665,2649.265,2649.358
2024-09-27T15:00:00,2649.348,2654.555,2644.665,2649.635
2024-09-27T16:00:00,2649.635,2656.145,2645.888,2651.698
2024-09-27T17:00:00,2651.675,2652.195,2643.111,2645.048
2024-09-27T18:00:00,2645.078,2648.775,2643.348,2647.875
2024-09-27T19:00:00,2647.875,2652.748,2645.495,2651.915
2024-09-27T20:00:00,2651.888,2659.905,2651.038,2657.955
2024-09-29T22:00:00,2657.935,2663.388,2657.025,2662.595
2024-09-29T23:00:00,2662.545,2664.905,2661.565,2663.418
2024-09-30T00:00:00,2663.418,2665.858,2661.138,2661.485
2024-09-30T01:00:00,2661.485,2664.235,2647.285,2652.565
2024-09-30T02:00:00,2652.565,2656.225,2650.145,2652.405
2024-09-30T03:00:00,2652.394,2655.445,2652.045,2653.388
2024-09-30T04:00:00,2653.408,2655.805,2651.945,2655.755
2024-09-30T05:00:00,2655.755,2659.175,2654.265,2657.715
2024-09-30T06:00:00,2657.735,2659.995,2655.515,2657.695
2024-09-30T07:00:00,2657.765,2660.495,2650.588,2650.818
2024-09-30T08:00:00,2650.788,2656.485,2650.485,2653.395
2024-09-30T09:00:00,2653.475,2653.585,2648.215,2649.595
2024-09-30T10:00:00,2649.595,2649.965,2635.645,2636.838
2024-09-30T11:00:00,2636.755,2642.695,2634.305,2641.475
2024-09-30T12:00:00,2641.485,2644.065,2634.738,2638.855
2024-09-30T13:00:00,2638.905,2641.935,2630.314,2635.598
2024-09-30T14:00:00,2635.618,2636.018,2628.614,2633.198
2024-09-30T15:00:00,2633.178,2636.278,2630.094,2633.734
2024-09-30T16:00:00,2633.808,2639.264,2633.248,2638.944
2024-09-30T17:00:00,2638.945,2641.678,2636.274,2637.765
2024-09-30T18:00:00,2637.795,2638.245,2624.538,2631.375
2024-09-30T19:00:00,2631.405,2631.678,2626.278,2630.835
2024-09-30T20:00:00,2630.898,2635.018,2630.615,2634.204
2024-09-30T22:00:00,2633.898,2634.835,2632.184,2634.835
2024-09-30T23:00:00,2634.955,2636.035,2634.454,2635.595
2024-10-01T00:00:00,2635.595,2637.025,2633.815,2636.255
2024-10-01T01:00:00,2636.258,2639.675,2635.345,2639.675
2024-10-01T02:00:00,2639.675,2639.905,2634.865,2636.318
2024-10-01T03:00:00,2636.285,2638.508,2634.415,2637.845
2024-10-01T04:00:00,2637.845,2640.285,2637.335,2639.464
2024-10-01T05:00:00,2639.458,2644.185,2639.408,2642.955
2024-10-01T06:00:00,2642.975,2645.428,2642.505,2645.165
2024-10-01T07:00:00,2645.205,2647.318,2641.605,2645.485
2024-10-01T08:00:00,2645.505,2646.655,2642.295,2646.425
2024-10-01T09:00:00,2646.445,2649.145,2645.258,2648.565
2024-10-01T10:00:00,2648.565,2650.385,2648.155,2650.225
2024-10-01T11:00:00,2650.245,2651.955,2646.785,2650.178
2024-10-01T12:00:00,2650.115,2656.555,2650.048,2651.435
2024-10-01T13:00:00,2651.435,2671.735,2647.865,2667.528
2024-10-01T14:00:00,2667.615,2669.755,2657.248,2658.895
2024-10-01T15:00:00,2658.925,2665.284,2653.778,2663.315
2024-10-01T16:00:00,2663.275,2672.908,2661.135,2666.315
2024-10-01T17:00:00,2666.315,2671.574,2661.144,2662.298
2024-10-01T18:00:00,2662.224,2664.865,2657.425,2660.945
2024-10-01T19:00:00,2660.924,2664.185,2658.068,2658.588
2024-10-01T20:00:00,2658.565,2663.855,2657.755,2663.005
2024-10-01T22:00:00,2662.438,2662.885,2660.985,2661.895
2024-10-01T23:00:00,2661.925,2662.055,2659.975,2660.218
2024-10-02T00:00:00,2660.195,2660.518,2656.825,2657.325
2024-10-02T01:00:00,2657.385,2661.878,2656.155,2660.495
2024-10-02T02:00:00,2660.508,2661.045,2658.715,2659.998
2024-10-02T03:00:00,2659.975,2661.418,2654.955,2655.238
2024-10-02T04:00:00,2655.205,2656.355,2652.548,2653.958
2024-10-02T05:00:00,2653.965,2656.068,2644.395,2647.875
2024-10-02T06:00:00,2647.895,2650.705,2647.085,2649.615
2024-10-02T07:00:00,2649.555,2655.435,2649.355,2655.315
2024-10-02T08:00:00,2655.315,2655.715,2648.495,2652.335
2024-10-02T09:00:00,2652.335,2655.415,2651.425,2652.815
2024-10-02T10:00:00,2652.835,2654.255,2648.665,2649.015
2024-10-02T11:00:00,2649.015,2652.455,2647.845,2649.448
2024-10-02T12:00:00,2649.465,2652.805,2643.648,2649.488
2024-10-02T13:00:00,2649.495,2660.684,2649.135,2659.344
2024-10-02T14:00:00,2659.465,2663.194,2647.275,2647.945
2024-10-02T15:00:00,2647.945,2650.508,2640.954,2649.835
2024-10-02T16:00:00,2649.835,2652.148,2647.928,2649.638
2024-10-02T17:00:00,2649.534,2652.688,2647.095,2652.025
2024-10-02T18:00:00,2652.048,2655.848,2650.985,2653.998
2024-10-02T19:00:00,2653.978,2658.838,2653.578,2658.498
2024-10-02T20:00:00,2658.504,2659.774,2658.165,2658.345
2024-10-02T22:00:00,2658.035,2660.195,2657.725,2659.334
2024-10-02T23:00:00,2659.334,2661.064,2659.228,2660.135
2024-10-03T00:00:00,2660.135,2662.775,2657.295,2657.675
2024-10-03T01:00:00,2657.675,2658.775,2654.845,2658.105
2024-10-03T02:00:00,2658.115,2658.535,2655.245,2655.665
2024-10-03T03:00:00,2655.645,2657.878,2653.175,2655.878
2024-10-03T04:00:00,2655.908,2656.385,2654.465,2654.845
2024-10-03T05:00:00,2654.825,2656.535,2651.765,2653.198
2024-10-03T06:00:00,2653.138,2657.315,2651.165,2655.714
2024-10-03T07:00:00,2655.745,2656.055,2643.304,2645.145
2024-10-03T08:00:00,2645.068,2647.315,2641.675,2644.985
2024-10-03T09:00:00,2644.955,2647.465,2640.895,2644.685
2024-10-03T10:00:00,2644.685,2647.998,2643.915,2646.675
2024-10-03T11:00:00,2646.725,2648.935,2643.525,2647.935
2024-10-03T12:00:00,2647.948,2653.815,2641.968,2642.235
2024-10-03T13:00:00,2642.225,2651.235,2641.475,2646.925
2024-10-03T14:00:00,2646.868,2654.348,2636.255,2650.068
2024-10-03T15:00:00,2650.045,2654.435,2647.835,2648.735
2024-10-03T16:00:00,2648.805,2661.048,2648.455,2659.925
2024-10-03T17:00:00,2659.985,2662.008,2655.025,2656.595
2024-10-03T18:00:00,2656.645,2659.565,2655.265,2657.398
2024-10-03T19:00:00,2657.398,2659.325,2656.828,2657.815
2024-10-03T20:00:00,2657.815,2657.815,2655.645,2655.715
2024-10-03T22:00:00,2654.878,2656.998,2654.245,2655.844
2024-10-03T23:00:00,2655.764,2656.468,2654.178,2655.615
2024-10-04T00:00:00,2655.655,2657.415,2655.315,2657.098
2024-10-04T01:00:00,2657.108,2659.048,2656.645,2658.115
2024-10-04T02:00:00,2658.124,2663.405,2657.898,2661.908
2024-10-04T03:00:00,2661.918,2663.474,2660.665,2660.985
2024-10-04T04:00:00,2660.965,2665.705,2660.525,2663.915
2024-10-04T05:00:00,2663.914,2667.675,2663.914,2667.278
2024-10-04T06:00:00,2667.295,2667.515,2659.598,2660.148
2024-10-04T07:00:00,2660.045,2663.035,2658.605,2660.888
2024-10-04T08:00:00,2660.865,2661.405,2658.715,2658.894
2024-10-04T09:00:00,2658.894,2660.075,2656.755,2657.365
2024-10-04T10:00:00,2657.335,2660.595,2657.085,2658.145
2024-10-04T11:00:00,2658.065,2662.455,2657.265,2661.205
2024-10-04T12:00:00,2661.185,2661.345,2632.068,2638.695
2024-10-04T13:00:00,2638.785,2655.014,2637.314,2651.778
2024-10-04T14:00:00,2651.778,2661.045,2646.378,2658.255
2024-10-04T15:00:00,2658.285,2670.065,2647.635,2653.045
2024-10-04T16:00:00,2653.045,2653.685,2641.755,2645.168
2024-10-04T17:00:00,2645.185,2650.308,2643.785,2649.914
2024-10-04T18:00:00,2649.914,2650.605,2644.225,2645.518
2024-10-04T19:00:00,2645.518,2651.985,2642.605,2651.458
2024-10-04T20:00:00,2651.495,2653.835,2649.705,2653.545
2024-10-06T22:00:00,2650.375,2652.615,2648.875,2650.594
2024-10-06T23:00:00,2650.584,2652.248,2649.528,2650.055
2024-10-07T00:00:00,2650.125,2650.965,2647.675,2649.194
2024-10-07T01:00:00,2649.255,2651.778,2643.708,2646.085
2024-10-07T02:00:00,2646.055,2648.495,2645.138,2645.158
2024-10-07T03:00:00,2645.115,2647.308,2643.735,2647.255
2024-10-07T04:00:00,2647.255,2648.485,2646.235,2646.605
2024-10-07T05:00:00,2646.548,2646.575,2639.855,2640.545
2024-10-07T06:00:00,2640.635,2643.775,2639.605,2643.085
2024-10-07T07:00:00,2643.045,2652.695,2641.925,2651.925
2024-10-07T08:00:00,2651.975,2656.208,2651.515,2652.195
2024-10-07T09:00:00,2652.215,2657.115,2650.565,2656.454
2024-10-07T10:00:00,2656.444,2658.375,2655.085,2655.265
2024-10-07T11:00:00,2655.245,2659.465,2654.975,2656.835
2024-10-07T12:00:00,2656.868,2659.155,2637.688,2639.925
2024-10-07T13:00:00,2639.905,2653.675,2639.585,2642.605
2024-10-07T14:00:00,2642.625,2647.655,2640.275,2640.728
2024-10-07T15:00:00,2640.705,2650.015,2638.995,2645.608
2024-10-07T16:00:00,2645.608,2646.805,2642.505,2646.735
2024-10-07T17:00:00,2646.585,2648.635,2644.045,2647.835
2024-10-07T18:00:00,2647.835,2647.965,2639.505,2640.735
2024-10-07T19:00:00,2640.735,2644.608,2640.345,2643.148
2024-10-07T20:00:00,2643.058,2643.588,2641.668,2642.625
2024-10-07T22:00:00,2641.965,2648.975,2641.595,2644.048
2024-10-07T23:00:00,2644.085,2644.748,2642.295,2642.855
2024-10-08T00:00:00,2642.895,2644.965,2642.185,2643.475
2024-10-08T01:00:00,2643.395,2647.785,2637.758,2647.115
2024-10-08T02:00:00,2647.115,2648.095,2633.665,2635.555
2024-10-08T03:00:00,2635.464,2645.615,2635.105,2642.805
2024-10-08T04:00:00,2642.805,2643.605,2641.205,2642.945
2024-10-08T05:00:00,2642.925,2646.215,2641.435,2644.885
2024-10-08T06:00:00,2644.885,2646.335,2635.585,2636.255
2024-10-08T07:00:00,2636.235,2638.345,2631.025,2633.815
2024-10-08T08:00:00,2633.845,2640.185,2628.425,2637.765
2024-10-08T09:00:00,2637.805,2641.875,2635.618,2641.355
2024-10-08T10:00:00,2641.355,2647.345,2639.685,2646.185
2024-10-08T11:00:00,2646.185,2651.835,2646.135,2650.615
2024-10-08T12:00:00,2650.695,2652.885,2639.505,2645.735
2024-10-08T13:00:00,2645.725,2647.475,2636.545,2639.555
2024-10-08T14:00:00,2639.555,2640.285,2619.708,2620.828
2024-10-08T15:00:00,2620.925,2620.935,2604.575,2612.825
2024-10-08T16:00:00,2612.805,2616.065,2606.595,2608.885
2024-10-08T17:00:00,2608.915,2617.975,2605.325,2614.418
2024-10-08T18:00:00,2614.418,2616.875,2613.715,2615.638
2024-10-08T19:00:00,2615.585,2623.485,2614.798,2622.815
2024-10-08T20:00:00,2622.905,2623.018,2618.785,2621.385
2024-10-08T22:00:00,2620.638,2622.205,2620.444,2621.835
2024-10-08T23:00:00,2621.855,2623.665,2621.005,2621.865
2024-10-09T00:00:00,2621.835,2623.095,2620.838,2621.048
2024-10-09T01:00:00,2621.035,2624.085,2618.225,2619.858
2024-10-09T02:00:00,2619.805,2620.225,2616.665,2618.278
2024-10-09T03:00:00,2618.265,2618.805,2614.735,2617.085
2024-10-09T04:00:00,2617.085,2618.495,2615.355,2615.855
2024-10-09T05:00:00,2615.855,2624.165,2615.585,2619.575
2024-10-09T06:00:00,2619.585,2619.585,2610.474,2612.564
2024-10-09T07:00:00,2612.595,2615.505,2608.974,2611.515
2024-10-09T08:00:00,2611.538,2617.225,2610.345,2616.175
2024-10-09T09:00:00,2616.165,2618.505,2614.538,2617.905
2024-10-09T10:00:00,2617.905,2621.365,2615.915,2620.985
2024-10-09T11:00:00,2620.945,2622.258,2616.845,2618.885
2024-10-09T12:00:00,2618.908,2622.225,2615.248,2618.765
2024-10-09T13:00:00,2618.765,2620.578,2606.815,2609.535
2024-10-09T14:00:00,2609.485,2611.785,2605.185,2609.725
2024-10-09T15:00:00,2609.675,2617.755,2609.385,2614.705
2024-10-09T16:00:00,2614.715,2615.645,2607.665,2608.585
2024-10-09T17:00:00,2608.585,2609.815,2606.385,2609.578
2024-10-09T18:00:00,2609.664,2610.918,2605.045,2606.265
2024-10-09T19:00:00,2606.305,2610.095,2606.195,2609.038
2024-10-09T20:00:00,2609.055,2609.298,2606.788,2607.465
2024-10-09T22:00:00,2606.828,2608.825,2606.828,2608.745
2024-10-09T23:00:00,2608.775,2608.775,2608.155,2608.645
2024-10-10T00:00:00,2606.925,2610.085,2605.785,2609.208
2024-10-10T01:00:00,2609.188,2612.345,2606.655,2608.945
2024-10-10T02:00:00,2608.915,2615.465,2607.865,2615.095
2024-10-10T03:00:00,2615.095,2616.785,2611.305,2611.615
2024-10-10T04:00:00,2611.545,2614.585,2611.398,2613.725
2024-10-10T05:00:00,2613.785,2615.395,2612.318,2613.168
2024-10-10T06:00:00,2613.124,2616.255,2610.465,2612.335
2024-10-10T07:00:00,2612.345,2616.915,2610.125,2616.605
2024-10-10T08:00:00,2616.635,2617.195,2613.415,2615.328
2024-10-10T09:00:00,2615.395,2618.415,2614.165,2617.095
2024-10-10T10:00:00,2617.095,2618.365,2615.717,2617.835
2024-10-10T11:00:00,2617.885,2618.778,2611.135,2612.915
2024-10-10T12:00:00,2612.915,2627.148,2601.734,2624.898
2024-10-10T13:00:00,2624.924,2627.828,2615.628,2626.568
2024-10-10T14:00:00,2626.575,2629.564,2622.724,2625.325
2024-10-10T15:00:00,2625.314,2626.038,2618.665,2623.475
2024-10-10T16:00:00,2623.505,2629.015,2618.638,2619.158
2024-10-10T17:00:00,2619.105,2626.145,2616.365,2623.688
2024-10-10T18:00:00,2623.675,2629.018,2623.195,2626.358
2024-10-10T19:00:00,2626.308,2631.308,2625.848,2629.048
2024-10-10T20:00:00,2629.078,2631.435,2628.725,2629.595
2024-10-10T22:00:00,2629.098,2629.675,2627.995,2628.065
2024-10-10T23:00:00,2628.105,2635.855,2628.075,2633.005
2024-10-11T00:00:00,2633.065,2634.265,2631.975,2633.715
2024-10-11T01:00:00,2633.735,2637.835,2632.755,2637.685
2024-10-11T02:00:00,2637.615,2643.965,2635.095,2642.275
2024-10-11T03:00:00,2642.215,2645.958,2640.508,2645.364
2024-10-11T04:00:00,2645.355,2645.925,2643.798,2645.515
2024-10-11T05:00:00,2645.405,2645.815,2643.055,2644.635
2024-10-11T06:00:00,2644.635,2647.075,2637.868,2639.365
2024-10-11T07:00:00,2639.325,2645.445,2638.195,2645.245
2024-10-11T08:00:00,2645.265,2646.065,2638.975,2639.128
2024-10-11T09:00:00,2639.108,2641.518,2636.025,2637.765
2024-10-11T10:00:00,2637.725,2642.135,2636.945,2641.465
2024-10-11T11:00:00,2641.485,2644.715,2638.565,2644.585
2024-10-11T12:00:00,2644.535,2649.998,2640.465,2642.955
2024-10-11T13:00:00,2642.955,2653.215,2642.495,2649.228
2024-10-11T14:00:00,2649.275,2655.188,2646.284,2652.975
2024-10-11T15:00:00,2652.945,2659.098,2652.945,2658.655
2024-10-11T16:00:00,2658.635,2661.258,2657.728,2660.338
2024-10-11T17:00:00,2660.348,2661.108,2656.135,2659.374
2024-10-11T18:00:00,2659.418,2659.418,2655.965,2658.525
2024-10-11T19:00:00,2658.488,2658.705,2655.148,2656.028
2024-10-11T20:00:00,2656.015,2657.175,2654.598,2656.835
2024-10-13T22:00:00,2656.298,2656.775,2644.985,2650.065
2024-10-13T23:00:00,2650.145,2650.485,2647.445,2647.865
2024-10-14T00:00:00,2647.935,2648.225,2644.975,2646.574
2024-10-14T01:00:00,2646.574,2648.375,2643.375,2646.015
2024-10-14T02:00:00,2645.955,2655.355,2643.058,2655.045
2024-10-14T03:00:00,2655.025,2657.285,2653.564,2655.445
2024-10-14T04:00:00,2655.435,2660.305,2655.145,2659.085
2024-10-14T05:00:00,2659.035,2660.575,2656.945,2658.875
2024-10-14T06:00:00,2658.885,2666.705,2657.295,2663.884
2024-10-14T07:00:00,2663.975,2665.055,2659.005,2660.298
2024-10-14T08:00:00,2660.295,2661.764,2658.235,2659.305
2024-10-14T09:00:00,2659.315,2662.885,2656.625,2658.385
2024-10-14T10:00:00,2658.365,2660.778,2655.725,2655.725
2024-10-14T11:00:00,2655.715,2656.685,2650.935,2651.995
2024-10-14T12:00:00,2651.995,2654.445,2649.095,2651.255
2024-10-14T13:00:00,2651.255,2661.065,2647.584,2655.335
2024-10-14T14:00:00,2655.335,2656.908,2644.585,2645.495
2024-10-14T15:00:00,2645.585,2648.985,2643.835,2646.625
2024-10-14T16:00:00,2646.645,2649.615,2645.735,2648.435
2024-10-14T17:00:00,2648.435,2649.765,2647.125,2648.495
2024-10-14T18:00:00,2648.495,2650.805,2648.335,2649.125
2024-10-14T19:00:00,2649.125,2652.498,2646.865,2652.348
2024-10-14T20:00:00,2652.385,2653.198,2646.025,2648.424
2024-10-14T22:00:00,2646.905,2650.134,2646.805,2649.835
2024-10-14T23:00:00,2649.885,2650.835,2648.815,2649.255
2024-10-15T00:00:00,2649.255,2650.085,2647.665,2648.055
2024-10-15T01:00:00,2648.055,2651.075,2647.125,2648.235
2024-10-15T02:00:00,2648.215,2652.608,2647.925,2651.485
2024-10-15T03:00:00,2651.525,2651.535,2644.265,2645.555
2024-10-15T04:00:00,2645.555,2645.555,2642.815,2644.248
2024-10-15T05:00:00,2644.248,2644.248,2637.955,2641.795
2024-10-15T06:00:00,2641.805,2649.048,2641.245,2648.535
2024-10-15T07:00:00,2648.495,2653.765,2647.755,2650.615
2024-10-15T08:00:00,2650.555,2655.585,2649.635,2653.815
2024-10-15T09:00:00,2653.805,2655.425,2650.984,2653.365
2024-10-15T10:00:00,2653.375,2656.645,2652.545,2652.875
2024-10-15T11:00:00,2652.905,2654.435,2645.505,2647.595
2024-10-15T12:00:00,2647.595,2657.265,2647.015,2648.115
2024-10-15T13:00:00,2648.115,2653.195,2645.905,2648.514
2024-10-15T14:00:00,2648.515,2664.035,2647.675,2659.698
2024-10-15T15:00:00,2659.655,2665.005,2657.125,2664.515
2024-10-15T16:00:00,2664.525,2668.805,2660.995,2661.778
2024-10-15T17:00:00,2661.735,2664.085,2658.875,2663.508
2024-10-15T18:00:00,2663.475,2665.748,2663.255,2664.998
2024-10-15T19:00:00,2664.994,2666.358,2659.335,2661.598
2024-10-15T20:00:00,2661.554,2663.005,2660.138,2662.345
2024-10-15T22:00:00,2662.098,2662.665,2661.335,2661.984
2024-10-15T23:00:00,2661.988,2662.425,2660.288,2660.345
2024-10-16T00:00:00,2660.275,2660.385,2658.558,2660.105
2024-10-16T01:00:00,2660.095,2667.855,2660.095,2667.838
2024-10-16T02:00:00,2667.795,2669.935,2665.395,2667.945
2024-10-16T03:00:00,2667.945,2669.035,2665.145,2667.025
2024-10-16T04:00:00,2667.165,2668.105,2665.475,2666.595
2024-10-16T05:00:00,2666.545,2670.425,2666.005,2669.315
2024-10-16T06:00:00,2669.335,2677.545,2666.908,2677.155
2024-10-16T07:00:00,2677.155,2677.425,2673.205,2676.005
2024-10-16T08:00:00,2675.844,2680.005,2674.425,2679.375
2024-10-16T09:00:00,2679.445,2682.648,2678.035,2680.105
2024-10-16T10:00:00,2680.105,2680.875,2673.054,2674.134
2024-10-16T11:00:00,2674.175,2680.485,2673.0,2678.245
2024-10-16T12:00:00,2678.345,2681.845,2676.328,2681.645
2024-10-16T13:00:00,2681.585,2685.298,2672.314,2674.905
2024-10-16T14:00:00,2674.958,2681.345,2669.894,2672.055
2024-10-16T15:00:00,2672.055,2675.598,2667.448,2669.878
2024-10-16T16:00:00,2669.878,2674.095,2666.645,2673.948
2024-10-16T17:00:00,2674.095,2676.158,2672.958,2675.218
2024-10-16T18:00:00,2675.168,2676.524,2674.458,2674.898
2024-10-16T19:00:00,2674.898,2674.938,2672.618,2674.698
2024-10-16T20:00:00,2674.605,2674.868,2673.058,2673.435
2024-10-16T22:00:00,2673.015,2674.848,2673.015,2673.635
2024-10-16T23:00:00,2673.595,2674.575,2673.324,2673.998
2024-10-17T00:00:00,2674.035,2677.865,2673.955,2677.805
2024-10-17T01:00:00,2677.805,2682.915,2676.365,2682.905
2024-10-17T02:00:00,2682.915,2684.755,2678.698,2681.835
2024-10-17T03:00:00,2681.735,2682.085,2674.415,2676.614
2024-10-17T04:00:00,2676.615,2679.605,2676.385,2678.965
2024-10-17T05:00:00,2678.995,2684.195,2677.975,2683.375
2024-10-17T06:00:00,2683.405,2685.645,2679.905,2681.015
2024-10-17T07:00:00,2681.045,2683.548,2678.815,2681.865
2024-10-17T08:00:00,2681.865,2683.735,2679.828,2681.654
2024-10-17T09:00:00,2681.658,2681.935,2676.794,2679.345
2024-10-17T10:00:00,2679.315,2688.668,2679.045,2687.275
2024-10-17T11:00:00,2687.295,2688.315,2680.654,2681.198
2024-10-17T12:00:00,2681.165,2682.135,2672.914,2680.535
2024-10-17T13:00:00,2680.535,2689.925,2677.685,2688.655
2024-10-17T14:00:00,2688.725,2696.348,2684.635,2695.525
2024-10-17T15:00:00,2695.525,2696.605,2687.435,2693.158
2024-10-17T16:00:00,2693.145,2693.268,2683.795,2692.105
2024-10-17T17:00:00,2692.115,2694.055,2690.345,2691.888
2024-10-17T18:00:00,2691.795,2692.118,2689.085,2689.438
2024-10-17T19:00:00,2689.415,2692.585,2688.805,2691.975
2024-10-17T20:00:00,2691.975,2692.848,2690.828,2692.675
2024-10-17T22:00:00,2691.998,2693.198,2691.665,2692.455
2024-10-17T23:00:00,2692.504,2694.295,2692.155,2693.635
2024-10-18T00:00:00,2693.665,2695.665,2692.745,2692.955
2024-10-18T01:00:00,2692.955,2706.705,2692.755,2704.475
2024-10-18T02:00:00,2704.475,2711.815,2703.905,2707.984
2024-10-18T03:00:00,2707.994,2710.685,2706.915,2709.885
2024-10-18T04:00:00,2709.885,2711.208,2708.665,2710.085
2024-10-18T05:00:00,2710.185,2713.888,2709.925,2711.278
2024-10-18T06:00:00,2711.278,2711.525,2702.565,2707.265
2024-10-18T07:00:00,2707.315,2709.045,2702.158,2702.188
2024-10-18T08:00:00,2702.188,2706.195,2701.615,2706.175
2024-10-18T09:00:00,2706.175,2713.018,2706.085,2711.225
2024-10-18T10:00:00,2711.258,2713.085,2707.838,2712.405
2024-10-18T11:00:00,2712.434,2712.975,2708.0,2709.705
2024-10-18T12:00:00,2709.705,2716.945,2709.185,2709.478
2024-10-18T13:00:00,2709.414,2715.565,2704.815,2713.568
2024-10-18T14:00:00,2713.535,2720.005,2712.014,2717.244
2024-10-18T15:00:00,2717.264,2719.075,2713.535,2714.708
2024-10-18T16:00:00,2714.705,2718.888,2714.585,2717.495
2024-10-18T17:00:00,2717.508,2719.855,2713.418,2715.728
2024-10-18T18:00:00,2715.808,2721.178,2715.395,2720.128
2024-10-18T19:00:00,2720.195,2720.405,2717.945,2719.548
2024-10-18T20:00:00,2719.564,2722.405,2719.075,2721.105
2024-10-20T22:00:00,2720.098,2723.655,2719.448,2723.425
2024-10-20T23:00:00,2723.448,2724.915,2722.218,2723.315
2024-10-21T00:00:00,2723.395,2725.735,2721.315,2721.518
2024-10-21T01:00:00,2721.545,2729.075,2720.908,2726.228
2024-10-21T02:00:00,2726.218,2731.255,2724.634,2730.575
2024-10-21T03:00:00,2730.575,2732.675,2729.168,2731.425
2024-10-21T04:00:00,2731.385,2731.825,2729.415,2730.244
2024-10-21T05:00:00,2730.235,2730.265,2724.345,2724.768
2024-10-21T06:00:00,2724.738,2730.498,2723.465,2730.185
2024-10-21T07:00:00,2730.185,2732.348,2725.205,2730.258
2024-10-21T08:00:00,2730.275,2732.998,2729.315,2731.295
2024-10-21T09:00:00,2731.295,2736.775,2730.625,2734.405
2024-10-21T10:00:00,2734.445,2734.825,2727.628,2733.215
2024-10-21T11:00:00,2733.215,2737.938,2732.985,2734.368
2024-10-21T12:00:00,2734.335,2739.625,2732.625,2738.475
2024-10-21T13:00:00,2738.485,2740.418,2733.575,2738.894
2024-10-21T14:00:00,2738.908,2739.305,2722.165,2725.168
2024-10-21T15:00:00,2725.155,2727.035,2716.775,2720.018
2024-10-21T16:00:00,2720.018,2723.925,2717.985,2723.385
2024-10-21T17:00:00,2723.405,2725.465,2721.464,2722.695
2024-10-21T18:00:00,2722.705,2723.005,2715.195,2716.255
2024-10-21T19:00:00,2716.155,2720.928,2714.165,2719.764
2024-10-21T20:00:00,2719.775,2720.855,2718.695,2719.124
2024-10-21T22:00:00,2720.054,2721.535,2718.798,2720.508
2024-10-21T23:00:00,2720.455,2722.485,2720.188,2721.325
2024-10-22T00:00:00,2721.325,2725.015,2720.505,2724.605
2024-10-22T01:00:00,2724.645,2730.175,2723.928,2728.015
2024-10-22T02:00:00,2727.925,2730.535,2727.585,2728.675
2024-10-22T03:00:00,2728.665,2732.985,2728.535,2730.868
2024-10-22T04:00:00,2730.795,2735.818,2730.785,2734.595
2024-10-22T05:00:00,2734.595,2734.985,2728.875,2730.295
2024-10-22T06:00:00,2730.264,2737.025,2729.465,2734.955
2024-10-22T07:00:00,2734.925,2736.155,2732.395,2733.545
2024-10-22T08:00:00,2733.494,2738.264,2731.405,2734.778
2024-10-22T09:00:00,2734.768,2735.995,2729.675,2731.375
2024-10-22T10:00:00,2731.365,2739.238,2730.425,2738.805
2024-10-22T11:00:00,2738.855,2739.135,2729.438,2731.885
2024-10-22T12:00:00,2731.905,2737.915,2731.465,2736.075
2024-10-22T13:00:00,2736.105,2741.958,2735.285,2735.775
2024-10-22T14:00:00,2735.665,2743.055,2733.585,2741.755
2024-10-22T15:00:00,2741.755,2744.085,2736.715,2737.455
2024-10-22T16:00:00,2737.435,2745.418,2737.058,2745.205
2024-10-22T17:00:00,2745.225,2748.258,2743.385,2746.598
2024-10-22T18:00:00,2746.625,2747.208,2743.914,2744.548
2024-10-22T19:00:00,2744.498,2748.748,2743.685,2748.245
2024-10-22T20:00:00,2748.245,2748.775,2746.648,2748.525
2024-10-22T22:00:00,2748.155,2748.485,2746.698,2747.215
2024-10-22T23:00:00,2747.265,2747.895,2745.755,2746.408
2024-10-23T00:00:00,2746.385,2746.888,2744.705,2745.195
2024-10-23T01:00:00,2745.195,2747.065,2737.835,2738.395
2024-10-23T02:00:00,2738.355,2740.995,2737.765,2738.795
2024-10-23T03:00:00,2738.745,2746.865,2738.145,2745.955
2024-10-23T04:00:00,2745.955,2750.505,2745.215,2749.835
2024-10-23T05:00:00,2749.795,2753.018,2748.665,2751.415
2024-10-23T06:00:00,2751.415,2753.085,2747.955,2750.415
2024-10-23T07:00:00,2750.395,2755.485,2749.165,2754.855
2024-10-23T08:00:00,2754.815,2758.338,2754.535,2756.875
2024-10-23T09:00:00,2756.955,2757.515,2749.705,2750.545
2024-10-23T10:00:00,2750.555,2752.425,2749.644,2750.625
2024-10-23T11:00:00,2750.625,2752.808,2749.015,2749.785
2024-10-23T12:00:00,2749.785,2750.355,2740.695,2743.225
2024-10-23T13:00:00,2743.225,2744.025,2731.448,2737.295
2024-10-23T14:00:00,2737.245,2738.525,2716.325,2717.658
2024-10-23T15:00:00,2717.635,2722.435,2708.635,2721.625
2024-10-23T16:00:00,2721.635,2723.135,2718.335,2719.288
2024-10-23T17:00:00,2719.225,2720.478,2713.585,2716.578
2024-10-23T18:00:00,2716.498,2716.505,2712.0,2713.998
2024-10-23T19:00:00,2713.955,2718.105,2713.075,2716.095
2024-10-23T20:00:00,2716.095,2716.535,2714.095,2715.014
2024-10-23T22:00:00,2715.044,2718.155,2714.764,2717.834
2024-10-23T23:00:00,2717.848,2721.755,2717.848,2721.178
2024-10-24T00:00:00,2721.165,2721.314,2717.704,2721.125
2024-10-24T01:00:00,2721.125,2726.695,2720.224,2723.595
2024-10-24T02:00:00,2723.605,2724.375,2720.135,2723.215
2024-10-24T03:00:00,2723.205,2723.945,2721.285,2722.805
2024-10-24T04:00:00,2722.805,2726.908,2722.695,2726.405
2024-10-24T05:00:00,2726.405,2729.615,2725.745,2728.825
2024-10-24T06:00:00,2728.835,2736.295,2728.225,2735.045
2024-10-24T07:00:00,2735.025,2736.948,2732.065,2733.475
2024-10-24T08:00:00,2733.475,2737.705,2732.355,2736.675
2024-10-24T09:00:00,2736.675,2738.948,2735.705,2736.405
2024-10-24T10:00:00,2736.405,2739.018,2736.165,2736.675
2024-10-24T11:00:00,2736.668,2739.475,2735.025,2738.475
2024-10-24T12:00:00,2738.455,2741.455,2734.328,2738.895
2024-10-24T13:00:00,2738.948,2743.175,2729.505,2733.545
2024-10-24T14:00:00,2733.485,2736.075,2722.385,2732.235
2024-10-24T15:00:00,2732.304,2734.255,2726.725,2730.965
2024-10-24T16:00:00,2730.965,2735.415,2725.628,2733.538
2024-10-24T17:00:00,2733.538,2736.905,2732.805,2735.285
2024-10-24T18:00:00,2735.285,2737.638,2734.358,2735.488
2024-10-24T19:00:00,2735.488,2736.898,2733.345,2736.898
2024-10-24T20:00:00,2736.998,2736.998,2734.898,2735.875
2024-10-24T22:00:00,2735.318,2735.925,2734.378,2734.455
2024-10-24T23:00:00,2734.465,2735.328,2733.495,2733.688
2024-10-25T00:00:00,2733.658,2734.805,2731.165,2732.375
2024-10-25T01:00:00,2732.375,2735.008,2729.665,2729.895
2024-10-25T02:00:00,2729.895,2730.095,2726.005,2728.245
2024-10-25T03:00:00,2728.215,2728.245,2724.295,2725.885
2024-10-25T04:00:00,2725.875,2727.655,2723.805,2725.785
2024-10-25T05:00:00,2725.805,2729.635,2725.805,2728.435
2024-10-25T06:00:00,2728.445,2732.425,2724.825,2732.085
2024-10-25T07:00:00,2732.095,2732.095,2725.788,2726.325
2024-10-25T08:00:00,2726.375,2726.905,2718.725,2719.255
2024-10-25T09:00:00,2719.275,2721.235,2716.885,2721.098
2024-10-25T10:00:00,2721.045,2722.578,2717.075,2722.145
2024-10-25T11:00:00,2722.145,2729.245,2721.095,2724.068
2024-10-25T12:00:00,2724.065,2732.358,2723.125,2731.375
2024-10-25T13:00:00,2731.415,2732.005,2725.115,2727.555
2024-10-25T14:00:00,2727.505,2740.455,2727.505,2738.365
2024-10-25T15:00:00,2738.375,2741.968,2736.385,2737.038
2024-10-25T16:00:00,2736.965,2739.238,2733.825,2739.095
2024-10-25T17:00:00,2739.095,2744.905,2738.725,2744.195
2024-10-25T18:00:00,2744.195,2744.578,2741.118,2742.028
2024-10-25T19:00:00,2742.028,2744.328,2740.225,2742.428
2024-10-25T20:00:00,2742.388,2747.635,2742.335,2746.625
2024-10-27T22:00:00,2735.698,2736.805,2730.115,2734.405
2024-10-27T23:00:00,2734.425,2740.095,2734.425,2735.655
2024-10-28T00:00:00,2735.695,2736.185,2732.005,2732.315
2024-10-28T01:00:00,2732.295,2732.865,2724.545,2732.185
2024-10-28T02:00:00,2732.165,2735.475,2730.565,2734.075
2024-10-28T03:00:00,2734.075,2734.525,2729.545,2729.555
2024-10-28T04:00:00,2729.525,2733.205,2729.048,2732.795
2024-10-28T05:00:00,2732.905,2738.655,2731.075,2738.305
2024-10-28T06:00:00,2738.305,2744.445,2737.405,2740.425
2024-10-28T07:00:00,2740.435,2743.465,2735.775,2738.745
2024-10-28T08:00:00,2738.745,2740.705,2731.288,2731.845
2024-10-28T09:00:00,2731.965,2733.915,2728.255,2729.165
2024-10-28T10:00:00,2729.165,2733.205,2727.715,2732.055
2024-10-28T11:00:00,2732.085,2732.765,2729.585,2732.165
2024-10-28T12:00:00,2732.135,2734.725,2731.248,2734.175
2024-10-28T13:00:00,2734.175,2743.315,2732.695,2740.825
2024-10-28T14:00:00,2740.785,2745.788,2738.775,2744.108
2024-10-28T15:00:00,2744.125,2744.515,2739.555,2740.688
2024-10-28T16:00:00,2740.658,2744.825,2739.935,2742.575
2024-10-28T17:00:00,2742.555,2744.865,2740.188,2743.268
2024-10-28T18:00:00,2743.258,2743.275,2740.035,2741.818
2024-10-28T19:00:00,2741.838,2743.408,2740.185,2742.388
2024-10-28T20:00:00,2742.378,2742.978,2741.265,2742.055
2024-10-28T22:00:00,2741.678,2742.185,2739.605,2741.885
2024-10-28T23:00:00,2741.905,2744.335,2741.045,2744.285
2024-10-29T00:00:00,2744.315,2746.725,2743.115,2745.648
2024-10-29T01:00:00,2745.598,2752.264,2745.468,2751.975
2024-10-29T02:00:00,2752.024,2757.615,2750.345,2752.808
2024-10-29T03:00:00,2752.844,2753.178,2748.465,2751.625
2024-10-29T04:00:00,2751.585,2755.105,2751.224,2754.635
2024-10-29T05:00:00,2754.755,2756.718,2749.598,2749.838
2024-10-29T06:00:00,2749.745,2756.445,2748.845,2755.705
2024-10-29T07:00:00,2755.705,2756.225,2751.835,2752.348
2024-10-29T08:00:00,2752.324,2754.955,2746.225,2754.575
2024-10-29T09:00:00,2754.575,2756.465,2749.895,2752.305
2024-10-29T10:00:00,2752.325,2753.055,2747.275,2749.838
2024-10-29T11:00:00,2749.795,2753.205,2746.445,2751.738
2024-10-29T12:00:00,2751.738,2753.715,2748.778,2748.998
2024-10-29T13:00:00,2748.654,2763.874,2748.045,2760.428
2024-10-29T14:00:00,2760.438,2771.605,2760.438,2769.428
2024-10-29T15:00:00,2769.428,2770.395,2760.745,2764.165
2024-10-29T16:00:00,2764.165,2770.135,2764.105,2769.275
2024-10-29T17:00:00,2769.275,2772.455,2766.205,2769.698
2024-10-29T18:00:00,2769.758,2773.408,2768.104,2772.865
2024-10-29T19:00:00,2772.865,2774.695,2770.875,2772.098
2024-10-29T20:00:00,2772.118,2774.715,2771.735,2774.425
2024-10-29T22:00:00,2773.898,2775.265,2772.735,2774.454
2024-10-29T23:00:00,2774.478,2775.065,2773.305,2774.885
2024-10-30T00:00:00,2774.925,2779.015,2774.735,2778.005
2024-10-30T01:00:00,2778.045,2781.995,2776.815,2781.555
2024-10-30T02:00:00,2781.555,2781.725,2775.915,2780.365
2024-10-30T03:00:00,2780.355,2781.125,2777.065,2778.845
2024-10-30T04:00:00,2778.845,2780.815,2777.245,2780.015
2024-10-30T05:00:00,2780.015,2784.748,2777.965,2782.965
2024-10-30T06:00:00,2782.995,2789.668,2781.075,2786.988
2024-10-30T07:00:00,2787.015,2787.975,2780.355,2782.155
2024-10-30T08:00:00,2782.135,2784.485,2779.475,2781.815
2024-10-30T09:00:00,2781.815,2784.565,2780.165,2784.495
2024-10-30T10:00:00,2784.495,2786.388,2780.035,2780.065
2024-10-30T11:00:00,2780.065,2781.885,2778.128,2778.508
2024-10-30T12:00:00,2778.455,2783.275,2773.125,2782.415
2024-10-30T13:00:00,2782.395,2787.365,2770.795,2777.228
2024-10-30T14:00:00,2777.074,2781.635,2775.035,2780.215
2024-10-30T15:00:00,2780.215,2785.825,2771.825,2784.535
2024-10-30T16:00:00,2784.565,2787.318,2782.898,2785.318
2024-10-30T17:00:00,2785.318,2789.485,2783.825,2788.468
2024-10-30T18:00:00,2788.445,2789.925,2787.185,2787.678
2024-10-30T19:00:00,2787.698,2788.058,2784.348,2787.195
2024-10-30T20:00:00,2787.258,2787.908,2784.675,2787.205
2024-10-30T22:00:00,2788.014,2788.014,2786.098,2787.325
2024-10-30T23:00:00,2787.314,2787.964,2785.028,2785.258
2024-10-31T00:00:00,2785.274,2788.065,2784.585,2787.485
2024-10-31T01:00:00,2787.505,2790.005,2783.495,2784.595
2024-10-31T02:00:00,2784.565,2788.864,2784.225,2786.995
2024-10-31T03:00:00,2786.975,2788.245,2784.228,2784.428
2024-10-31T04:00:00,2784.475,2785.305,2781.955,2784.315
2024-10-31T05:00:00,2784.315,2786.455,2782.465,2784.985
2024-10-31T06:00:00,2784.995,2785.885,2779.605,2779.715
2024-10-31T07:00:00,2779.715,2783.955,2777.955,2781.895
2024-10-31T08:00:00,2781.925,2782.938,2776.875,2778.995
2024-10-31T09:00:00,2778.985,2780.065,2777.018,2778.025
2024-10-31T10:00:00,2777.984,2781.105,2773.198,2780.765
2024-10-31T11:00:00,2780.795,2782.465,2776.578,2779.375
2024-10-31T12:00:00,2779.365,2781.865,2771.935,2773.565
2024-10-31T13:00:00,2773.555,2773.845,2754.545,2755.345
2024-10-31T14:00:00,2755.325,2756.725,2734.575,2734.678
2024-10-31T15:00:00,2734.585,2740.865,2731.415,2740.505
2024-10-31T16:00:00,2740.505,2743.595,2737.858,2740.615
2024-10-31T17:00:00,2740.585,2743.748,2738.115,2739.455
2024-10-31T18:00:00,2739.455,2747.858,2739.395,2746.825
2024-10-31T19:00:00,2746.765,2749.608,2745.605,2746.348
2024-10-31T20:00:00,2746.348,2748.085,2743.185,2743.765
2024-10-31T22:00:00,2743.945,2747.465,2743.265,2745.985
2024-10-31T23:00:00,2745.995,2747.785,2745.325,2746.545
2024-11-01T00:00:00,2746.545,2747.175,2744.695,2744.888
2024-11-01T01:00:00,2744.865,2749.895,2744.705,2749.645
2024-11-01T02:00:00,2749.635,2750.875,2745.625,2748.595
2024-11-01T03:00:00,2748.615,2751.805,2747.255,2751.625
2024-11-01T04:00:00,2751.625,2752.815,2750.615,2752.095
2024-11-01T05:00:00,2752.095,2755.045,2751.485,2754.825
2024-11-01T06:00:00,2754.855,2757.535,2751.145,2751.858
2024-11-01T07:00:00,2751.855,2753.025,2747.055,2749.555
2024-11-01T08:00:00,2749.535,2754.948,2748.455,2753.335
2024-11-01T09:00:00,2753.335,2755.345,2747.854,2751.255
2024-11-01T10:00:00,2751.255,2751.735,2744.685,2749.515
2024-11-01T11:00:00,2749.535,2753.985,2749.535,2752.795
2024-11-01T12:00:00,2752.815,2759.725,2747.985,2753.688
2024-11-01T13:00:00,2753.635,2762.048,2751.995,2755.458
2024-11-01T14:00:00,2755.778,2758.728,2739.575,2747.105
2024-11-01T15:00:00,2747.215,2750.155,2742.448,2744.635
2024-11-01T16:00:00,2744.625,2746.005,2740.335,2743.005
2024-11-01T17:00:00,2743.005,2743.785,2734.985,2736.215
2024-11-01T18:00:00,2736.178,2737.915,2733.405,2736.085
2024-11-01T19:00:00,2736.115,2736.935,2733.095,2734.035
2024-11-01T20:00:00,2734.025,2736.675,2733.168,2735.895
2024-11-03T23:00:00,2733.298,2740.215,2730.0,2738.235
2024-11-04T00:00:00,2738.205,2740.814,2736.835,2740.235
2024-11-04T01:00:00,2740.215,2741.198,2735.185,2739.775
2024-11-04T02:00:00,2739.775,2740.885,2736.845,2739.778
2024-11-04T03:00:00,2739.765,2742.315,2739.195,2740.845
2024-11-04T04:00:00,2740.825,2742.085,2739.585,2740.905
2024-11-04T05:00:00,2740.905,2743.585,2737.554,2741.415
2024-11-04T06:00:00,2741.444,2741.465,2735.634,2741.265
2024-11-04T07:00:00,2741.265,2744.675,2735.008,2735.695
2024-11-04T08:00:00,2735.685,2738.388,2731.765,2733.225
2024-11-04T09:00:00,2733.215,2743.935,2732.435,2743.195
2024-11-04T10:00:00,2743.215,2745.105,2737.098,2738.425
2024-11-04T11:00:00,2738.415,2740.865,2736.344,2740.515
2024-11-04T12:00:00,2740.515,2743.935,2739.405,2743.265
2024-11-04T13:00:00,2743.265,2746.675,2738.615,2746.625
2024-11-04T14:00:00,2746.625,2748.015,2737.765,2743.055
2024-11-04T15:00:00,2743.055,2745.445,2737.565,2738.385
2024-11-04T16:00:00,2738.385,2738.815,2732.195,2734.085
2024-11-04T17:00:00,2734.095,2738.325,2731.638,2738.275
2024-11-04T18:00:00,2738.275,2739.115,2735.475,2738.105
2024-11-04T19:00:00,2738.135,2739.558,2737.115,2738.178
2024-11-04T20:00:00,2738.154,2738.495,2736.225,2737.288
2024-11-04T21:00:00,2737.268,2737.535,2735.805,2736.225
2024-11-04T23:00:00,2735.698,2737.755,2735.698,2735.855
2024-11-05T00:00:00,2735.895,2736.515,2733.908,2734.955
2024-11-05T01:00:00,2734.935,2736.025,2732.815,2734.045
2024-11-05T02:00:00,2734.035,2735.185,2724.695,2728.345
2024-11-05T03:00:00,2728.345,2735.855,2727.615,2735.165
2024-11-05T04:00:00,2735.165,2736.225,2733.025,2734.315
2024-11-05T05:00:00,2734.295,2737.095,2731.785,2732.435
2024-11-05T06:00:00,2732.425,2738.705,2731.605,2737.675
2024-11-05T07:00:00,2737.685,2741.235,2735.065,2736.305
2024-11-05T08:00:00,2736.335,2743.135,2731.958,2742.415
2024-11-05T09:00:00,2742.415,2744.935,2738.735,2739.825
2024-11-05T10:00:00,2739.805,2740.115,2735.495,2737.725
2024-11-05T11:00:00,2737.715,2742.825,2737.715,2741.595
2024-11-05T12:00:00,2741.585,2742.985,2737.448,2737.774
2024-11-05T13:00:00,2737.785,2746.568,2736.248,2744.605
2024-11-05T14:00:00,2744.605,2749.875,2741.295,2746.588
2024-11-05T15:00:00,2746.205,2746.424,2732.908,2741.925
2024-11-05T16:00:00,2741.925,2744.425,2736.235,2738.865
2024-11-05T17:00:00,2738.895,2743.585,2738.155,2741.875
2024-11-05T18:00:00,2741.905,2743.785,2739.295,2741.135
2024-11-05T19:00:00,2741.135,2742.145,2739.375,2740.345
2024-11-05T20:00:00,2740.345,2743.375,2739.495,2742.885
2024-11-05T21:00:00,2742.895,2744.725,2742.425,2743.694
2024-11-05T23:00:00,2742.898,2746.215,2741.848,2745.495
2024-11-06T00:00:00,2745.485,2745.498,2735.185,2737.845
2024-11-06T01:00:00,2737.875,2749.605,2732.615,2746.894
2024-11-06T02:00:00,2746.924,2748.205,2736.614,2737.284
2024-11-06T03:00:00,2737.275,2743.368,2730.425,2734.115
2024-11-06T04:00:00,2734.105,2742.895,2733.204,2741.615
2024-11-06T05:00:00,2741.645,2743.438,2736.255,2738.915
2024-11-06T06:00:00,2738.935,2739.205,2701.245,2706.925
2024-11-06T07:00:00,2706.885,2733.055,2703.975,2725.634
2024-11-06T08:00:00,2725.505,2733.598,2722.655,2724.325
2024-11-06T09:00:00,2724.315,2728.445,2716.315,2724.555
2024-11-06T10:00:00,2724.525,2727.105,2718.488,2720.024
2024-11-06T11:00:00,2720.014,2722.575,2695.935,2699.205
2024-11-06T12:00:00,2699.015,2707.885,2693.265,2695.065
2024-11-06T13:00:00,2694.995,2694.995,2658.985,2664.075
2024-11-06T14:00:00,2664.045,2670.244,2652.295,2659.715
2024-11-06T15:00:00,2659.765,2675.825,2657.365,2675.675
2024-11-06T16:00:00,2675.675,2678.095,2662.755,2666.045
2024-11-06T17:00:00,2666.075,2669.185,2661.515,2663.205
2024-11-06T18:00:00,2663.205,2669.385,2662.765,2665.525
2024-11-06T19:00:00,2665.525,2668.425,2664.875,2666.934
2024-11-06T20:00:00,2666.934,2667.635,2659.245,2660.615
2024-11-06T21:00:00,2660.615,2662.365,2658.755,2658.895
2024-11-06T23:00:00,2658.695,2664.155,2658.375,2663.875
2024-11-07T00:00:00,2663.885,2664.075,2660.805,2661.405
2024-11-07T01:00:00,2661.365,2663.885,2643.134,2649.315
2024-11-07T02:00:00,2649.355,2657.418,2649.355,2657.238
2024-11-07T03:00:00,2657.268,2661.105,2655.534,2659.095
2024-11-07T04:00:00,2659.095,2659.475,2653.995,2654.455
2024-11-07T05:00:00,2654.625,2660.545,2654.575,2659.045
2024-11-07T06:00:00,2659.035,2659.325,2652.635,2656.975
2024-11-07T07:00:00,2656.985,2667.505,2656.045,2663.145
2024-11-07T08:00:00,2663.204,2666.585,2657.265,2657.475
2024-11-07T09:00:00,2657.475,2665.945,2657.335,2661.505
2024-11-07T10:00:00,2661.515,2668.255,2659.715,2666.415
2024-11-07T11:00:00,2666.395,2667.964,2663.735,2666.174
2024-11-07T12:00:00,2666.174,2674.015,2664.174,2673.515
2024-11-07T13:00:00,2673.515,2685.035,2672.295,2684.475
2024-11-07T14:00:00,2684.475,2694.885,2682.205,2691.685
2024-11-07T15:00:00,2691.655,2700.038,2690.015,2698.725
2024-11-07T16:00:00,2698.695,2699.355,2690.595,2695.635
2024-11-07T17:00:00,2695.645,2700.225,2694.135,2699.235
2024-11-07T18:00:00,2699.235,2699.298,2693.835,2694.958
2024-11-07T19:00:00,2694.958,2697.748,2687.405,2694.175
2024-11-07T20:00:00,2694.195,2710.244,2692.715,2704.284
2024-11-07T21:00:00,2704.284,2708.405,2703.515,2705.995
2024-11-07T23:00:00,2705.788,2707.855,2703.865,2706.785
2024-11-08T00:00:00,2706.735,2710.235,2705.435,2706.185
2024-11-08T01:00:00,2706.185,2707.465,2699.015,2699.675
2024-11-08T02:00:00,2699.685,2700.895,2694.945,2697.375
2024-11-08T03:00:00,2697.375,2700.338,2693.928,2695.035
2024-11-08T04:00:00,2695.004,2695.958,2693.125,2693.424
2024-11-08T05:00:00,2693.415,2696.165,2693.415,2695.055
2024-11-08T06:00:00,2695.055,2695.658,2685.845,2686.275
2024-11-08T07:00:00,2686.265,2687.745,2680.215,2687.295
2024-11-08T08:00:00,2687.315,2691.705,2681.865,2688.585
2024-11-08T09:00:00,2688.585,2690.905,2686.935,2689.185
2024-11-08T10:00:00,2689.225,2689.245,2682.0,2688.475
2024-11-08T11:00:00,2688.485,2694.815,2686.595,2691.795
2024-11-08T12:00:00,2691.765,2692.978,2686.085,2691.795
2024-11-08T13:00:00,2691.775,2700.965,2687.775,2697.425
2024-11-08T14:00:00,2697.445,2703.935,2687.645,2691.328
2024-11-08T15:00:00,2691.235,2692.705,2683.275,2687.355
2024-11-08T16:00:00,2687.355,2689.165,2682.785,2683.155
2024-11-08T17:00:00,2683.155,2688.428,2683.155,2687.778
2024-11-08T18:00:00,2687.778,2688.658,2683.745,2684.815
2024-11-08T19:00:00,2684.865,2687.375,2683.165,2686.925
2024-11-08T20:00:00,2686.884,2688.425,2684.845,2684.955
2024-11-08T21:00:00,2684.915,2685.725,2682.695,2684.035
2024-11-10T23:00:00,2683.898,2685.515,2678.898,2685.465
2024-11-11T00:00:00,2685.495,2686.025,2682.525,2683.915
2024-11-11T01:00:00,2683.875,2684.735,2671.715,2672.815
2024-11-11T02:00:00,2672.855,2675.095,2666.375,2671.845
2024-11-11T03:00:00,2671.845,2671.865,2667.845,2670.105
2024-11-11T04:00:00,2670.085,2672.295,2668.695,2671.985
2024-11-11T05:00:00,2671.985,2674.115,2666.875,2669.095
2024-11-11T06:00:00,2669.105,2673.945,2668.305,2673.085
2024-11-11T07:00:00,2673.095,2673.915,2668.685,2669.455
2024-11-11T08:00:00,2669.465,2671.595,2667.465,2669.525
2024-11-11T09:00:00,2669.435,2670.715,2663.765,2666.715
2024-11-11T10:00:00,2666.705,2675.225,2660.915,2661.805
2024-11-11T11:00:00,2661.805,2666.875,2658.875,2662.445
2024-11-11T12:00:00,2662.455,2662.995,2656.565,2657.125
2024-11-11T13:00:00,2657.125,2657.475,2634.165,2635.385
2024-11-11T14:00:00,2635.375,2635.545,2617.625,2622.325
2024-11-11T15:00:00,2622.328,2626.185,2613.325,2614.395
2024-11-11T16:00:00,2614.395,2618.015,2612.615,2615.045
2024-11-11T17:00:00,2615.015,2616.775,2611.325,2612.425
2024-11-11T18:00:00,2612.415,2619.148,2610.515,2618.848
2024-11-11T19:00:00,2618.848,2620.525,2617.765,2619.115
2024-11-11T20:00:00,2619.165,2626.075,2619.165,2621.955
2024-11-11T21:00:00,2621.865,2622.955,2618.725,2619.375
2024-11-11T23:00:00,2618.618,2623.975,2618.598,2623.855
2024-11-12T00:00:00,2623.855,2625.078,2622.085,2623.828
2024-11-12T01:00:00,2623.795,2627.015,2619.008,2624.045
2024-11-12T02:00:00,2624.015,2625.335,2620.345,2621.825
2024-11-12T03:00:00,2621.838,2623.585,2618.645,2618.805
2024-11-12T04:00:00,2618.795,2618.998,2615.515,2617.625
2024-11-12T05:00:00,2617.635,2618.035,2605.318,2606.725
2024-11-12T06:00:00,2606.745,2610.045,2603.295,2607.795
2024-11-12T07:00:00,2607.805,2608.895,2595.074,2598.125
2024-11-12T08:00:00,2598.125,2606.345,2598.085,2600.495
2024-11-12T09:00:00,2600.485,2600.625,2590.675,2593.145
2024-11-12T10:00:00,2593.125,2598.485,2589.508,2596.525
2024-11-12T11:00:00,2596.525,2598.988,2592.455,2597.695
2024-11-12T12:00:00,2597.725,2606.958,2597.725,2605.125
2024-11-12T13:00:00,2605.145,2616.225,2604.405,2611.455
2024-11-12T14:00:00,2611.535,2616.885,2608.815,2610.198
2024-11-12T15:00:00,2610.198,2611.568,2597.245,2598.365
2024-11-12T16:00:00,2598.385,2603.988,2597.755,2600.675
2024-11-12T17:00:00,2600.645,2601.035,2592.305,2597.368
2024-11-12T18:00:00,2597.345,2601.975,2596.295,2599.075
2024-11-12T19:00:00,2599.075,2601.315,2597.855,2598.035
2024-11-12T20:00:00,2598.025,2601.235,2594.998,2599.588
2024-11-12T21:00:00,2599.578,2600.604,2597.025,2597.895
2024-11-12T23:00:00,2597.628,2599.675,2597.398,2598.775
2024-11-13T00:00:00,2598.805,2599.758,2597.915,2599.335
2024-11-13T01:00:00,2599.325,2611.005,2599.325,2607.995
2024-11-13T02:00:00,2607.995,2612.455,2605.025,2611.985
2024-11-13T03:00:00,2612.025,2613.118,2606.385,2611.485
2024-11-13T04:00:00,2611.475,2612.235,2605.945,2606.065
2024-11-13T05:00:00,2606.135,2607.728,2603.408,2605.605
2024-11-13T06:00:00,2605.614,2607.325,2604.028,2605.285
2024-11-13T07:00:00,2605.295,2607.315,2604.165,2606.058
2024-11-13T08:00:00,2606.108,2610.645,2600.894,2607.505
2024-11-13T09:00:00,2607.495,2611.515,2607.165,2608.455
2024-11-13T10:00:00,2608.465,2610.305,2606.885,2608.925
2024-11-13T11:00:00,2608.925,2611.505,2605.705,2610.715
2024-11-13T12:00:00,2610.715,2612.585,2608.745,2609.505
2024-11-13T13:00:00,2609.525,2618.628,2607.035,2612.245
2024-11-13T14:00:00,2612.235,2616.255,2600.935,2601.985
2024-11-13T15:00:00,2601.925,2606.658,2593.565,2605.325
2024-11-13T16:00:00,2605.325,2605.865,2584.635,2585.755
2024-11-13T17:00:00,2585.735,2586.755,2577.545,2583.205
2024-11-13T18:00:00,2583.185,2585.365,2579.475,2582.635
2024-11-13T19:00:00,2582.665,2584.735,2580.425,2580.785
2024-11-13T20:00:00,2580.795,2580.964,2572.875,2573.665
2024-11-13T21:00:00,2573.695,2577.015,2572.125,2572.195
2024-11-13T23:00:00,2572.245,2581.198,2569.175,2570.694
2024-11-14T00:00:00,2570.698,2574.515,2569.455,2572.258
2024-11-14T01:00:00,2572.278,2572.728,2561.405,2562.455
2024-11-14T02:00:00,2562.435,2564.428,2558.785,2560.455
2024-11-14T03:00:00,2560.405,2564.985,2559.805,2560.555
2024-11-14T04:00:00,2560.535,2565.115,2559.125,2565.025
2024-11-14T05:00:00,2565.025,2565.035,2555.185,2558.468
2024-11-14T06:00:00,2558.468,2560.375,2551.765,2554.885
2024-11-14T07:00:00,2554.905,2558.795,2550.255,2556.824
2024-11-14T08:00:00,2556.804,2559.664,2554.388,2556.045
2024-11-14T09:00:00,2556.035,2558.248,2536.664,2543.328
2024-11-14T10:00:00,2543.328,2547.925,2538.915,2546.935
2024-11-14T11:00:00,2546.935,2554.935,2545.045,2553.515
2024-11-14T12:00:00,2553.495,2556.745,2549.955,2552.085
2024-11-14T13:00:00,2552.075,2560.095,2551.125,2557.035
2024-11-14T14:00:00,2556.945,2565.835,2554.145,2559.575
2024-11-14T15:00:00,2559.505,2572.905,2558.425,2570.115
2024-11-14T16:00:00,2570.155,2577.315,2569.115,2573.885
2024-11-14T17:00:00,2573.885,2575.735,2567.308,2572.855
2024-11-14T18:00:00,2572.888,2573.395,2567.025,2569.755
2024-11-14T19:00:00,2569.755,2576.795,2569.735,2575.885
2024-11-14T20:00:00,2575.915,2576.325,2563.738,2567.115
2024-11-14T21:00:00,2567.125,2569.425,2564.015,2564.145
2024-11-14T23:00:00,2563.898,2567.135,2563.898,2566.775
2024-11-15T00:00:00,2566.745,2567.445,2565.788,2566.735
2024-11-15T01:00:00,2566.735,2571.585,2562.914,2564.865
2024-11-15T02:00:00,2564.845,2570.975,2564.785,2570.024
2024-11-15T03:00:00,2570.004,2571.055,2567.535,2567.574
2024-11-15T04:00:00,2567.574,2569.405,2566.865,2566.925
2024-11-15T05:00:00,2566.965,2567.115,2559.595,2559.805
2024-11-15T06:00:00,2559.765,2563.405,2554.335,2561.285
2024-11-15T07:00:00,2561.295,2564.775,2559.235,2563.625
2024-11-15T08:00:00,2563.625,2568.828,2560.715,2566.745
2024-11-15T09:00:00,2566.695,2568.835,2563.775,2563.815
2024-11-15T10:00:00,2563.785,2570.335,2562.905,2567.735
2024-11-15T11:00:00,2567.715,2573.158,2566.465,2570.594
2024-11-15T12:00:00,2570.594,2570.884,2565.298,2568.955
2024-11-15T13:00:00,2568.978,2575.595,2561.005,2565.125
2024-11-15T14:00:00,2565.114,2575.475,2564.084,2572.644
2024-11-15T15:00:00,2572.655,2575.908,2564.928,2570.675
2024-11-15T16:00:00,2570.685,2573.165,2561.945,2562.035
2024-11-15T17:00:00,2562.035,2564.705,2560.035,2562.835
2024-11-15T18:00:00,2562.905,2567.655,2559.408,2567.385
2024-11-15T19:00:00,2567.355,2567.905,2562.645,2563.705
2024-11-15T20:00:00,2563.725,2563.765,2559.595,2562.095
2024-11-15T21:00:00,2562.095,2563.535,2560.975,2562.715
2024-11-17T23:00:00,2564.258,2575.338,2563.835,2571.255
2024-11-18T00:00:00,2571.245,2577.165,2569.735,2576.535
2024-11-18T01:00:00,2576.535,2597.155,2576.438,2586.885
2024-11-18T02:00:00,2586.845,2594.868,2586.735,2591.005
2024-11-18T03:00:00,2591.005,2592.395,2587.705,2589.825
2024-11-18T04:00:00,2589.825,2593.035,2589.215,2592.115
2024-11-18T05:00:00,2592.075,2592.195,2584.935,2585.395
2024-11-18T06:00:00,2585.385,2587.575,2580.284,2585.865
2024-11-18T07:00:00,2585.875,2586.975,2581.545,2582.695
2024-11-18T08:00:00,2582.625,2589.878,2581.925,2585.515
2024-11-18T09:00:00,2585.505,2597.185,2583.655,2595.605
2024-11-18T10:00:00,2595.585,2596.555,2589.428,2593.945
2024-11-18T11:00:00,2593.945,2595.285,2590.385,2594.215
2024-11-18T12:00:00,2594.155,2597.015,2590.195,2594.985
2024-11-18T13:00:00,2594.965,2604.995,2592.765,2603.835
2024-11-18T14:00:00,2603.815,2610.105,2602.625,2607.975
2024-11-18T15:00:00,2608.005,2613.218,2605.755,2612.835
2024-11-18T16:00:00,2612.885,2614.955,2609.265,2611.435
2024-11-18T17:00:00,2611.435,2611.835,2607.215,2610.245
2024-11-18T18:00:00,2610.278,2611.925,2607.565,2611.005
2024-11-18T19:00:00,2611.015,2612.475,2608.215,2609.695
2024-11-18T20:00:00,2609.695,2611.405,2608.095,2610.198
2024-11-18T21:00:00,2610.205,2612.215,2609.748,2611.605
2024-11-18T23:00:00,2611.498,2612.925,2610.205,2612.435
2024-11-19T00:00:00,2612.495,2613.565,2610.905,2613.185
2024-11-19T01:00:00,2613.235,2617.765,2611.545,2615.575
2024-11-19T02:00:00,2615.535,2624.045,2615.535,2622.365
2024-11-19T03:00:00,2622.365,2625.408,2621.265,2624.298
2024-11-19T04:00:00,2624.308,2625.065,2621.385,2622.805
2024-11-19T05:00:00,2622.768,2623.305,2620.715,2622.435
2024-11-19T06:00:00,2622.435,2626.515,2621.205,2624.985
2024-11-19T07:00:00,2625.025,2625.165,2617.625,2618.965
2024-11-19T08:00:00,2618.915,2626.908,2618.564,2626.255
2024-11-19T09:00:00,2626.225,2634.335,2625.185,2630.105
2024-11-19T10:00:00,2630.058,2636.375,2629.795,2634.985
2024-11-19T11:00:00,2634.985,2635.905,2628.848,2629.435
2024-11-19T12:00:00,2629.465,2639.205,2628.608,2639.105
2024-11-19T13:00:00,2639.135,2639.325,2629.115,2635.125
2024-11-19T14:00:00,2635.125,2636.835,2622.655,2623.325
2024-11-19T15:00:00,2623.285,2628.595,2620.935,2624.315
2024-11-19T16:00:00,2624.405,2628.405,2622.195,2626.308
2024-11-19T17:00:00,2626.275,2632.998,2625.478,2627.965
2024-11-19T18:00:00,2627.985,2630.315,2626.175,2630.065
2024-11-19T19:00:00,2630.095,2631.495,2628.775,2630.605
2024-11-19T20:00:00,2630.595,2634.505,2630.315,2633.598
2024-11-19T21:00:00,2633.595,2633.848,2630.445,2632.105
2024-11-19T23:00:00,2631.975,2635.355,2631.725,2635.015
2024-11-20T00:00:00,2635.015,2639.025,2634.555,2637.715
2024-11-20T01:00:00,2637.735,2641.365,2635.625,2639.455
2024-11-20T02:00:00,2639.458,2641.665,2638.255,2640.048
2024-11-20T03:00:00,2640.048,2641.145,2637.485,2637.805
2024-11-20T04:00:00,2637.895,2638.655,2636.015,2636.515
2024-11-20T05:00:00,2636.495,2638.355,2634.755,2636.765
2024-11-20T06:00:00,2636.745,2636.965,2628.465,2629.315
2024-11-20T07:00:00,2629.315,2630.075,2621.115,2621.425
2024-11-20T08:00:00,2621.425,2624.395,2618.705,2624.095
2024-11-20T09:00:00,2624.075,2625.555,2620.905,2621.815
2024-11-20T10:00:00,2621.735,2626.085,2620.774,2624.965
2024-11-20T11:00:00,2624.985,2628.035,2621.325,2627.945
2024-11-20T12:00:00,2627.945,2632.325,2626.905,2631.685
2024-11-20T13:00:00,2631.645,2640.415,2631.018,2635.914
2024-11-20T14:00:00,2635.924,2646.265,2633.958,2643.045
2024-11-20T15:00:00,2643.015,2648.765,2640.715,2648.708
2024-11-20T16:00:00,2648.684,2650.715,2645.985,2650.505
2024-11-20T17:00:00,2650.505,2655.275,2649.148,2651.725
2024-11-20T18:00:00,2651.745,2651.955,2645.295,2648.465
2024-11-20T19:00:00,2648.465,2653.024,2648.305,2650.754
2024-11-20T20:00:00,2650.725,2651.115,2647.215,2648.855
2024-11-20T21:00:00,2648.855,2650.435,2648.015,2650.145
2024-11-20T23:00:00,2649.515,2652.765,2648.765,2652.025
2024-11-21T00:00:00,2652.055,2658.695,2651.645,2658.385
2024-11-21T01:00:00,2658.375,2660.285,2651.705,2653.235
2024-11-21T02:00:00,2653.235,2658.024,2652.435,2653.564
2024-11-21T03:00:00,2653.484,2657.115,2650.284,2656.735
2024-11-21T04:00:00,2656.715,2658.785,2656.685,2656.908
2024-11-21T05:00:00,2656.835,2657.954,2654.435,2656.795
2024-11-21T06:00:00,2656.795,2662.085,2656.405,2661.215
2024-11-21T07:00:00,2661.215,2664.535,2659.905,2662.985
2024-11-21T08:00:00,2662.985,2670.118,2661.885,2668.705
2024-11-21T09:00:00,2668.715,2671.575,2663.324,2668.684
2024-11-21T10:00:00,2668.705,2670.205,2664.955,2669.815
2024-11-21T11:00:00,2669.845,2673.385,2668.195,2671.335
2024-11-21T12:00:00,2671.308,2671.595,2662.855,2663.165
2024-11-21T13:00:00,2663.145,2667.555,2660.315,2665.325
2024-11-21T14:00:00,2665.345,2671.465,2661.258,2664.654
2024-11-21T15:00:00,2664.654,2670.405,2664.285,2667.505
2024-11-21T16:00:00,2667.544,2669.595,2661.158,2664.545
2024-11-21T17:00:00,2664.555,2672.645,2662.425,2671.678
2024-11-21T18:00:00,2671.675,2672.955,2668.955,2672.245
2024-11-21T19:00:00,2672.275,2673.308,2667.675,2669.535
2024-11-21T20:00:00,2669.555,2671.705,2668.415,2671.375
2024-11-21T21:00:00,2671.375,2671.755,2667.995,2669.535
2024-11-21T23:00:00,2668.698,2669.925,2667.915,2669.018
2024-11-22T00:00:00,2669.008,2673.395,2668.718,2673.025
2024-11-22T01:00:00,2673.035,2679.315,2672.995,2677.715
2024-11-22T02:00:00,2677.705,2686.345,2677.164,2685.945
2024-11-22T03:00:00,2685.975,2690.375,2681.334,2686.065
2024-11-22T04:00:00,2686.065,2692.275,2682.835,2688.625
2024-11-22T05:00:00,2688.665,2688.985,2682.935,2686.495
2024-11-22T06:00:00,2686.515,2693.115,2685.685,2692.845
2024-11-22T07:00:00,2692.865,2698.875,2690.364,2696.345
2024-11-22T08:00:00,2696.375,2700.315,2694.604,2697.225
2024-11-22T09:00:00,2697.225,2707.315,2693.375,2703.245
2024-11-22T10:00:00,2703.265,2708.405,2702.575,2707.555
2024-11-22T11:00:00,2707.565,2710.035,2696.945,2698.705
2024-11-22T12:00:00,2698.685,2704.805,2696.925,2702.835
2024-11-22T13:00:00,2702.835,2704.005,2689.195,2692.784
2024-11-22T14:00:00,2692.764,2696.115,2684.325,2694.324
2024-11-22T15:00:00,2694.474,2704.955,2694.185,2703.545
2024-11-22T16:00:00,2703.545,2706.498,2700.745,2705.025
2024-11-22T17:00:00,2705.015,2707.148,2703.465,2706.705
2024-11-22T18:00:00,2706.725,2711.305,2706.605,2710.815
2024-11-22T19:00:00,2710.815,2711.365,2706.945,2708.085
2024-11-22T20:00:00,2708.075,2708.765,2704.975,2705.695
2024-11-22T21:00:00,2705.695,2716.165,2705.664,2715.805
2024-11-24T23:00:00,2713.375,2721.185,2691.251,2719.725
2024-11-25T00:00:00,2719.705,2719.975,2709.655,2710.475
2024-11-25T01:00:00,2710.505,2710.975,2694.865,2701.065
2024-11-25T02:00:00,2701.075,2704.275,2692.244,2695.085
2024-11-25T03:00:00,2695.065,2697.255,2658.824,2672.095
2024-11-25T04:00:00,2672.064,2676.185,2663.705,2672.305
2024-11-25T05:00:00,2672.305,2673.845,2658.064,2664.625
2024-11-25T06:00:00,2664.655,2669.905,2661.505,2666.755
2024-11-25T07:00:00,2666.765,2672.405,2663.665,2667.675
2024-11-25T08:00:00,2667.705,2673.425,2667.015,2671.895
2024-11-25T09:00:00,2671.885,2675.095,2669.745,2673.775
2024-11-25T10:00:00,2673.745,2677.928,2668.658,2677.515
2024-11-25T11:00:00,2677.515,2688.595,2677.484,2686.685
2024-11-25T12:00:00,2686.725,2686.884,2679.778,2680.815
2024-11-25T13:00:00,2680.805,2687.785,2676.595,2678.135
2024-11-25T14:00:00,2678.175,2678.585,2633.485,2641.165
2024-11-25T15:00:00,2641.195,2641.505,2626.135,2628.205
2024-11-25T16:00:00,2628.205,2639.265,2628.165,2631.925
2024-11-25T17:00:00,2631.905,2634.095,2624.324,2627.675
2024-11-25T18:00:00,2627.705,2628.385,2615.455,2618.715
2024-11-25T19:00:00,2618.695,2626.045,2618.258,2625.635
2024-11-25T20:00:00,2625.634,2628.625,2622.515,2625.995
2024-11-25T21:00:00,2625.975,2628.185,2624.565,2624.645
2024-11-25T23:00:00,2624.218,2628.478,2605.085,2610.355
2024-11-26T00:00:00,2610.365,2624.498,2608.498,2619.695
2024-11-26T01:00:00,2619.675,2632.085,2617.928,2628.095
2024-11-26T02:00:00,2628.095,2630.405,2624.785,2625.205
2024-11-26T03:00:00,2625.195,2630.895,2622.815,2630.225
2024-11-26T04:00:00,2630.245,2631.298,2624.935,2626.275
2024-11-26T05:00:00,2626.275,2626.365,2617.755,2624.225
2024-11-26T06:00:00,2624.235,2625.898,2621.035,2621.924
2024-11-26T07:00:00,2621.905,2622.685,2610.668,2613.905
2024-11-26T08:00:00,2613.905,2618.215,2612.375,2613.225
2024-11-26T09:00:00,2613.228,2627.025,2612.705,2625.835
2024-11-26T10:00:00,2625.864,2633.075,2625.014,2631.295
2024-11-26T11:00:00,2631.285,2633.105,2627.525,2633.105
2024-11-26T12:00:00,2633.135,2634.625,2629.155,2630.895
2024-11-26T13:00:00,2630.865,2641.774,2623.834,2629.678
2024-11-26T14:00:00,2629.625,2633.635,2616.568,2622.228
2024-11-26T15:00:00,2622.218,2632.745,2620.095,2629.415
2024-11-26T16:00:00,2629.485,2631.345,2626.305,2628.525
2024-11-26T17:00:00,2628.485,2628.485,2624.784,2624.784
2024-11-26T18:00:00,2624.784,2624.784,2619.414,2623.198
2024-11-26T19:00:00,2622.724,2628.895,2622.158,2627.985
2024-11-26T20:00:00,2628.004,2632.665,2627.405,2631.525
2024-11-26T21:00:00,2631.555,2633.395,2630.595,2632.785
2024-11-26T23:00:00,2631.858,2633.995,2629.975,2632.105
2024-11-27T00:00:00,2632.145,2632.975,2627.074,2627.625
2024-11-27T01:00:00,2627.705,2632.595,2626.935,2631.265
2024-11-27T02:00:00,2631.225,2640.475,2630.985,2637.445
2024-11-27T03:00:00,2637.445,2639.278,2635.755,2637.655
2024-11-27T04:00:00,2637.675,2640.575,2636.555,2638.895
2024-11-27T05:00:00,2638.895,2645.588,2638.075,2641.864
2024-11-27T06:00:00,2641.854,2647.865,2638.828,2647.685
2024-11-27T07:00:00,2647.645,2648.275,2645.775,2646.464
2024-11-27T08:00:00,2646.435,2653.495,2645.0,2653.315
2024-11-27T09:00:00,2653.365,2653.715,2647.678,2648.215
2024-11-27T10:00:00,2648.215,2649.825,2647.595,2648.388
2024-11-27T11:00:00,2648.394,2652.178,2643.074,2650.984
2024-11-27T12:00:00,2650.984,2654.875,2649.364,2651.125
2024-11-27T13:00:00,2651.135,2658.098,2646.0,2656.155
2024-11-27T14:00:00,2656.155,2656.735,2648.938,2651.008
2024-11-27T15:00:00,2651.008,2651.295,2635.364,2642.508
2024-11-27T16:00:00,2642.504,2644.178,2637.935,2638.804
2024-11-27T17:00:00,2638.794,2642.648,2635.155,2637.104
2024-11-27T18:00:00,2637.104,2640.645,2636.374,2638.785
2024-11-27T19:00:00,2638.785,2639.285,2633.898,2634.665
2024-11-27T20:00:00,2634.615,2638.905,2634.235,2636.895
2024-11-27T21:00:00,2636.895,2637.405,2634.745,2635.785
2024-11-27T23:00:00,2636.298,2637.855,2636.098,2636.935
2024-11-28T00:00:00,2637.005,2638.315,2635.025,2635.525
2024-11-28T01:00:00,2635.505,2636.185,2620.815,2628.705
2024-11-28T02:00:00,2628.725,2629.985,2625.455,2628.014
2024-11-28T03:00:00,2628.014,2631.965,2625.524,2630.134
2024-11-28T04:00:00,2630.125,2633.905,2629.165,2631.104
2024-11-28T05:00:00,2631.105,2633.915,2629.975,2633.305
2024-11-28T06:00:00,2633.315,2639.458,2631.755,2636.655
2024-11-28T07:00:00,2636.665,2639.198,2634.405,2637.215
2024-11-28T08:00:00,2637.155,2646.255,2635.585,2643.935
2024-11-28T09:00:00,2643.935,2647.915,2642.645,2646.035
2024-11-28T10:00:00,2646.045,2649.518,2644.705,2647.358
2024-11-28T11:00:00,2647.378,2649.395,2644.765,2646.785
2024-11-28T12:00:00,2646.795,2647.115,2643.798,2645.935
2024-11-28T13:00:00,2645.905,2647.685,2642.625,2646.875
2024-11-28T14:00:00,2646.925,2647.805,2640.695,2641.155
2024-11-28T15:00:00,2641.135,2642.995,2636.165,2638.025
2024-11-28T16:00:00,2638.015,2642.345,2637.355,2641.935
2024-11-28T17:00:00,2641.915,2642.225,2639.495,2640.835
2024-11-28T18:00:00,2640.795,2641.305,2639.435,2639.855
2024-11-28T19:00:00,2639.745,2639.905,2637.175,2637.215
2024-11-28T23:00:00,2637.505,2639.105,2637.075,2638.615
2024-11-29T00:00:00,2638.615,2639.075,2635.575,2635.965
2024-11-29T01:00:00,2635.965,2647.115,2633.925,2644.875
2024-11-29T02:00:00,2644.775,2662.605,2644.675,2657.295
2024-11-29T03:00:00,2657.325,2660.438,2654.695,2659.908
2024-11-29T04:00:00,2659.864,2664.118,2658.245,2659.785
2024-11-29T05:00:00,2659.785,2663.905,2659.315,2662.205
2024-11-29T06:00:00,2662.185,2666.195,2661.575,2665.075
2024-11-29T07:00:00,2665.075,2665.365,2658.965,2660.435
2024-11-29T08:00:00,2660.445,2662.455,2654.378,2657.155
2024-11-29T09:00:00,2657.135,2664.645,2655.725,2664.055
2024-11-29T10:00:00,2664.075,2665.775,2661.125,2662.608
2024-11-29T11:00:00,2662.604,2664.225,2659.355,2659.495
2024-11-29T12:00:00,2659.495,2664.875,2658.865,2659.805
2024-11-29T13:00:00,2659.895,2663.165,2656.158,2657.845
2024-11-29T14:00:00,2657.845,2662.645,2651.835,2653.385
2024-11-29T15:00:00,2653.415,2658.745,2650.495,2658.745
2024-11-29T16:00:00,2658.735,2662.114,2657.895,2662.105
2024-11-29T17:00:00,2662.055,2662.145,2657.445,2660.465
2024-11-29T18:00:00,2660.465,2660.554,2651.535,2652.548
2024-11-29T19:00:00,2652.464,2652.945,2648.525,2649.945
2024-12-01T23:00:00,2653.075,2653.115,2642.975,2645.595
2024-12-02T00:00:00,2645.748,2647.545,2629.845,2637.325
2024-12-02T01:00:00,2637.305,2639.115,2622.765,2635.785
2024-12-02T02:00:00,2635.765,2637.908,2625.428,2626.585
2024-12-02T03:00:00,2626.518,2630.915,2623.935,2629.205
2024-12-02T04:00:00,2629.205,2630.385,2626.065,2628.445
2024-12-02T05:00:00,2628.435,2628.615,2622.0,2623.035
2024-12-02T06:00:00,2623.005,2627.595,2622.0,2625.785
2024-12-02T07:00:00,2625.775,2633.495,2625.135,2629.735
2024-12-02T08:00:00,2629.735,2632.685,2626.458,2629.395
2024-12-02T09:00:00,2629.295,2636.785,2628.424,2633.465
2024-12-02T10:00:00,2633.464,2637.565,2633.135,2635.725
2024-12-02T11:00:00,2635.725,2646.205,2635.605,2641.674
2024-12-02T12:00:00,2641.674,2645.025,2639.015,2640.905
2024-12-02T13:00:00,2640.925,2648.655,2636.878,2646.834
2024-12-02T14:00:00,2646.824,2651.648,2642.395,2645.575
2024-12-02T15:00:00,2645.141,2649.225,2640.175,2642.185
2024-12-02T16:00:00,2642.185,2644.265,2638.485,2641.225
2024-12-02T17:00:00,2641.255,2641.855,2637.235,2638.705
2024-12-02T18:00:00,2638.635,2638.785,2633.425,2636.935
2024-12-02T19:00:00,2636.935,2640.105,2636.505,2637.505
2024-12-02T20:00:00,2637.475,2644.115,2635.175,2636.985
2024-12-02T21:00:00,2636.975,2639.035,2636.425,2638.555
2024-12-02T23:00:00,2638.698,2642.795,2638.105,2642.095
2024-12-03T00:00:00,2642.145,2644.175,2640.405,2640.975
2024-12-03T01:00:00,2640.985,2645.125,2633.965,2636.435
2024-12-03T02:00:00,2636.405,2638.945,2634.315,2636.955
2024-12-03T03:00:00,2636.955,2640.505,2636.145,2640.375
2024-12-03T04:00:00,2640.375,2642.855,2638.215,2639.695
2024-12-03T05:00:00,2639.674,2641.838,2636.985,2641.048
2024-12-03T06:00:00,2641.058,2649.924,2641.058,2646.725
2024-12-03T07:00:00,2646.745,2647.545,2644.318,2644.565
2024-12-03T08:00:00,2644.525,2645.285,2639.115,2645.015
2024-12-03T09:00:00,2645.015,2647.955,2643.795,2643.825
2024-12-03T10:00:00,2643.915,2645.455,2642.425,2642.665
2024-12-03T11:00:00,2642.655,2645.525,2642.585,2643.535
2024-12-03T12:00:00,2643.525,2644.115,2638.085,2639.725
2024-12-03T13:00:00,2639.745,2653.608,2637.615,2652.758
2024-12-03T14:00:00,2652.758,2655.528,2645.518,2646.278
2024-12-03T15:00:00,2646.368,2646.878,2635.115,2640.335
2024-12-03T16:00:00,2640.305,2648.515,2638.825,2648.245
2024-12-03T17:00:00,2648.245,2648.685,2643.315,2646.885
2024-12-03T18:00:00,2646.905,2649.005,2643.045,2645.625
2024-12-03T19:00:00,2645.625,2646.145,2640.135,2640.875
2024-12-03T20:00:00,2640.875,2644.155,2640.545,2642.015
2024-12-03T21:00:00,2642.025,2643.865,2641.805,2643.225
2024-12-03T23:00:00,2642.618,2643.225,2640.934,2642.595
2024-12-04T00:00:00,2642.605,2643.5,2639.545,2640.395
2024-12-04T01:00:00,2640.385,2643.185,2637.575,2642.105
2024-12-04T02:00:00,2642.098,2648.075,2641.798,2645.748
2024-12-04T03:00:00,2645.748,2647.785,2643.015,2644.355
2024-12-04T04:00:00,2644.335,2648.485,2643.645,2648.295
2024-12-04T05:00:00,2648.265,2651.025,2647.388,2649.598
2024-12-04T06:00:00,2649.605,2651.285,2647.295,2649.125
2024-12-04T07:00:00,2649.135,2649.235,2640.185,2641.335
2024-12-04T08:00:00,2641.335,2642.075,2636.515,2641.178
2024-12-04T09:00:00,2641.148,2642.655,2638.465,2640.775
2024-12-04T10:00:00,2640.765,2644.425,2640.065,2644.285
2024-12-04T11:00:00,2644.265,2647.585,2643.295,2646.075
2024-12-04T12:00:00,2646.085,2646.445,2636.115,2636.945
2024-12-04T13:00:00,2636.885,2649.025,2632.315,2648.365
2024-12-04T14:00:00,2648.345,2653.375,2645.068,2648.928
2024-12-04T15:00:00,2649.068,2656.998,2648.574,2654.885
2024-12-04T16:00:00,2654.865,2655.445,2646.885,2649.555
2024-12-04T17:00:00,2649.565,2652.895,2648.325,2651.265
2024-12-04T18:00:00,2651.265,2652.845,2648.675,2648.948
2024-12-04T19:00:00,2648.924,2655.314,2646.695,2651.505
2024-12-04T20:00:00,2651.525,2651.755,2647.985,2649.935
2024-12-04T21:00:00,2649.884,2651.055,2648.725,2649.325
2024-12-04T23:00:00,2649.118,2651.408,2648.388,2650.178
2024-12-05T00:00:00,2650.208,2650.238,2647.615,2648.235
2024-12-05T01:00:00,2648.235,2650.625,2646.095,2646.905
2024-12-05T02:00:00,2646.925,2649.605,2645.125,2646.405
2024-12-05T03:00:00,2646.395,2649.198,2644.595,2648.755
2024-12-05T04:00:00,2648.735,2649.485,2645.615,2646.154
2024-12-05T05:00:00,2646.154,2655.445,2645.375,2653.005
2024-12-05T06:00:00,2652.975,2653.995,2646.485,2646.785
2024-12-05T07:00:00,2646.784,2650.758,2645.224,2648.605
2024-12-05T08:00:00,2648.595,2650.075,2641.895,2643.035
2024-12-05T09:00:00,2643.015,2646.035,2641.755,2644.565
2024-12-05T10:00:00,2644.538,2650.215,2644.455,2648.645
2024-12-05T11:00:00,2648.635,2652.535,2648.055,2651.245
2024-12-05T12:00:00,2651.265,2653.255,2647.405,2653.165
2024-12-05T13:00:00,2653.185,2654.418,2644.215,2648.815
2024-12-05T14:00:00,2648.825,2650.105,2639.485,2640.265
2024-12-05T15:00:00,2640.285,2641.855,2631.885,2640.145
2024-12-05T16:00:00,2640.125,2643.255,2632.805,2635.065
2024-12-05T17:00:00,2635.105,2635.775,2623.614,2627.895
2024-12-05T18:00:00,2627.915,2629.525,2623.385,2629.455
2024-12-05T19:00:00,2629.455,2631.625,2628.565,2629.755
2024-12-05T20:00:00,2629.725,2631.745,2627.935,2631.175
2024-12-05T21:00:00,2631.248,2632.375,2630.885,2631.665
2024-12-05T23:00:00,2631.498,2633.725,2631.328,2633.635
2024-12-06T00:00:00,2633.625,2633.655,2628.015,2628.325
2024-12-06T01:00:00,2628.345,2630.455,2612.585,2617.434
2024-12-06T02:00:00,2617.425,2625.335,2616.825,2625.155
2024-12-06T03:00:00,2625.165,2642.405,2624.795,2640.655
2024-12-06T04:00:00,2640.655,2644.405,2640.075,2642.095
2024-12-06T05:00:00,2642.075,2642.465,2635.165,2637.775
2024-12-06T06:00:00,2637.755,2642.098,2636.145,2639.255
2024-12-06T07:00:00,2639.265,2640.055,2635.895,2639.615
2024-12-06T08:00:00,2639.615,2645.065,2637.625,2644.034
2024-12-06T09:00:00,2644.045,2645.535,2639.605,2640.615
2024-12-06T10:00:00,2640.635,2640.748,2633.395,2633.974
2024-12-06T11:00:00,2633.974,2639.165,2632.295,2638.295
2024-12-06T12:00:00,2638.295,2641.378,2635.605,2638.415
2024-12-06T13:00:00,2638.405,2643.185,2630.948,2635.615
2024-12-06T14:00:00,2635.605,2638.748,2623.864,2635.405
2024-12-06T15:00:00,2635.405,2640.405,2632.355,2637.455
2024-12-06T16:00:00,2637.475,2641.495,2635.385,2640.295
2024-12-06T17:00:00,2640.355,2640.535,2634.025,2634.785
2024-12-06T18:00:00,2634.765,2638.835,2633.975,2637.085
2024-12-06T19:00:00,2637.134,2637.295,2632.885,2634.695
2024-12-06T20:00:00,2634.715,2636.245,2631.365,2631.758
2024-12-06T21:00:00,2631.725,2633.675,2630.955,2632.664
2024-12-08T23:00:00,2646.52,2648.105,2636.148,2639.935
2024-12-09T00:00:00,2639.925,2639.925,2627.455,2630.865
2024-12-09T01:00:00,2630.875,2650.515,2630.795,2646.645
2024-12-09T02:00:00,2646.645,2648.595,2640.825,2645.925
2024-12-09T03:00:00,2645.924,2646.505,2638.128,2638.694
2024-12-09T04:00:00,2638.695,2639.175,2634.505,2635.845
2024-12-09T05:00:00,2635.855,2640.255,2635.748,2638.195
2024-12-09T06:00:00,2638.195,2644.348,2638.015,2643.675
2024-12-09T07:00:00,2643.685,2651.125,2642.905,2650.445
2024-12-09T08:00:00,2650.465,2651.005,2645.915,2649.265
2024-12-09T09:00:00,2649.255,2657.325,2648.635,2655.465
2024-12-09T10:00:00,2655.495,2658.275,2653.344,2657.405
2024-12-09T11:00:00,2657.465,2660.345,2653.304,2656.145
2024-12-09T12:00:00,2656.115,2658.208,2653.175,2656.095
2024-12-09T13:00:00,2656.095,2666.215,2654.545,2665.365
2024-12-09T14:00:00,2665.415,2675.155,2662.455,2674.055
2024-12-09T15:00:00,2674.025,2676.255,2666.525,2668.165
2024-12-09T16:00:00,2668.165,2670.445,2665.475,2667.515
2024-12-09T17:00:00,2667.535,2669.255,2663.545,2664.395
2024-12-09T18:00:00,2664.425,2664.575,2661.555,2662.905
2024-12-09T19:00:00,2662.905,2663.135,2658.755,2660.075
2024-12-09T20:00:00,2660.075,2660.155,2656.675,2657.745
2024-12-09T21:00:00,2657.745,2660.865,2657.715,2659.354
2024-12-09T23:00:00,2660.498,2661.475,2659.405,2660.435
2024-12-10T00:00:00,2660.415,2665.398,2657.805,2664.865
2024-12-10T01:00:00,2664.865,2668.525,2660.445,2667.305
2024-12-10T02:00:00,2667.305,2671.305,2665.964,2668.865
2024-12-10T03:00:00,2668.845,2671.575,2665.304,2669.805
2024-12-10T04:00:00,2669.855,2673.625,2669.515,2670.165
2024-12-10T05:00:00,2670.214,2671.495,2668.098,2668.648
2024-12-10T06:00:00,2668.625,2670.735,2665.625,2669.855
2024-12-10T07:00:00,2669.865,2670.698,2663.525,2664.468
2024-12-10T08:00:00,2664.465,2665.475,2661.064,2663.075
2024-12-10T09:00:00,2663.095,2666.885,2661.515,2664.895
2024-12-10T10:00:00,2664.915,2676.675,2664.298,2675.435
2024-12-10T11:00:00,2675.435,2675.435,2669.635,2674.425
2024-12-10T12:00:00,2674.465,2679.355,2672.848,2677.604
2024-12-10T13:00:00,2677.675,2681.848,2672.205,2680.248
2024-12-10T14:00:00,2680.265,2691.634,2679.348,2688.618
2024-12-10T15:00:00,2688.524,2690.248,2684.385,2687.205
2024-12-10T16:00:00,2687.184,2692.425,2684.525,2692.215
2024-12-10T17:00:00,2692.215,2695.378,2690.364,2694.194
2024-12-10T18:00:00,2694.194,2695.075,2691.785,2692.255
2024-12-10T19:00:00,2692.315,2694.395,2690.955,2691.798
2024-12-10T20:00:00,2691.798,2693.005,2690.755,2691.655
2024-12-10T21:00:00,2691.655,2694.298,2691.498,2693.514
2024-12-10T23:00:00,2693.698,2698.195,2692.964,2695.798
2024-12-11T00:00:00,2695.835,2701.785,2693.275,2700.905
2024-12-11T01:00:00,2700.895,2703.475,2696.515,2699.824
2024-12-11T02:00:00,2699.815,2704.098,2698.045,2698.994
2024-12-11T03:00:00,2698.994,2702.015,2691.684,2695.435
2024-12-11T04:00:00,2695.344,2695.894,2680.948,2684.435
2024-12-11T05:00:00,2684.278,2691.605,2674.345,2686.775
2024-12-11T06:00:00,2686.775,2697.538,2685.148,2696.028
2024-12-11T07:00:00,2696.168,2696.254,2687.208,2689.534
2024-12-11T08:00:00,2689.534,2695.854,2687.325,2690.814
2024-12-11T09:00:00,2690.814,2695.678,2685.724,2695.458
2024-12-11T10:00:00,2695.334,2699.585,2692.084,2694.264
2024-12-11T11:00:00,2694.204,2697.304,2692.434,2696.364
2024-12-11T12:00:00,2696.374,2697.304,2693.554,2695.554
2024-12-11T13:00:00,2695.554,2701.948,2690.334,2700.945
2024-12-11T14:00:00,2700.955,2706.784,2696.384,2706.094
2024-12-11T15:00:00,2706.144,2715.855,2705.334,2712.994
2024-12-11T16:00:00,2713.034,2718.384,2710.904,2715.134
2024-12-11T17:00:00,2715.114,2719.874,2713.935,2717.965
2024-12-11T18:00:00,2717.895,2721.005,2713.635,2714.038
2024-12-11T19:00:00,2713.965,2719.595,2713.125,2717.945
2024-12-11T20:00:00,2717.935,2720.005,2715.955,2717.065
2024-12-11T21:00:00,2717.035,2718.665,2715.885,2717.395
2024-12-11T23:00:00,2717.135,2720.185,2716.535,2719.865
2024-12-12T00:00:00,2719.835,2724.395,2718.685,2724.075
2024-12-12T01:00:00,2724.075,2726.105,2697.885,2710.855
2024-12-12T02:00:00,2710.855,2711.375,2703.424,2705.705
2024-12-12T03:00:00,2705.705,2711.305,2704.985,2710.465
2024-12-12T04:00:00,2710.445,2715.078,2709.565,2712.485
2024-12-12T05:00:00,2712.525,2716.455,2711.305,2713.074
2024-12-12T06:00:00,2713.074,2718.388,2709.588,2718.278
2024-12-12T07:00:00,2718.278,2720.315,2714.778,2715.944
2024-12-12T08:00:00,2715.914,2719.325,2714.734,2717.695
2024-12-12T09:00:00,2717.775,2718.555,2713.725,2714.315
2024-12-12T10:00:00,2714.285,2715.458,2709.328,2711.275
2024-12-12T11:00:00,2711.275,2713.285,2707.165,2710.685
2024-12-12T12:00:00,2710.685,2712.205,2705.805,2706.465
2024-12-12T13:00:00,2706.465,2710.684,2697.084,2697.344
2024-12-12T14:00:00,2697.328,2699.464,2680.725,2686.334
2024-12-12T15:00:00,2686.294,2688.074,2675.055,2679.584
2024-12-12T16:00:00,2679.535,2683.684,2677.124,2683.394
2024-12-12T17:00:00,2683.355,2686.384,2681.165,2686.054
2024-12-12T18:00:00,2686.074,2686.855,2682.695,2684.024
2024-12-12T19:00:00,2684.024,2686.774,2682.364,2682.864
2024-12-12T20:00:00,2682.764,2683.425,2679.235,2679.595
2024-12-12T21:00:00,2679.555,2682.875,2679.505,2680.595
2024-12-12T23:00:00,2679.778,2681.525,2679.345,2680.565
2024-12-13T00:00:00,2680.534,2685.555,2678.675,2685.305
2024-12-13T01:00:00,2685.334,2692.595,2685.185,2689.775
2024-12-13T02:00:00,2689.775,2691.085,2684.054,2686.475
2024-12-13T03:00:00,2686.435,2691.105,2685.845,2687.885
2024-12-13T04:00:00,2687.834,2688.335,2685.435,2687.275
2024-12-13T05:00:00,2687.355,2689.305,2685.105,2688.175
2024-12-13T06:00:00,2688.205,2690.324,2683.195,2689.364
2024-12-13T07:00:00,2689.364,2690.035,2680.845,2682.965
2024-12-13T08:00:00,2682.945,2684.615,2674.495,2674.865
2024-12-13T09:00:00,2674.765,2676.845,2667.278,2668.775
2024-12-13T10:00:00,2668.775,2669.975,2664.924,2666.448
2024-12-13T11:00:00,2666.518,2669.278,2664.118,2664.705
2024-12-13T12:00:00,2664.655,2672.548,2662.805,2672.325
2024-12-13T13:00:00,2672.335,2672.805,2659.414,2661.898
2024-12-13T14:00:00,2661.784,2663.848,2657.185,2660.015
2024-12-13T15:00:00,2660.004,2662.505,2654.525,2659.755
2024-12-13T16:00:00,2659.674,2664.415,2658.654,2661.894
2024-12-13T17:00:00,2661.898,2662.144,2655.435,2656.065
2024-12-13T18:00:00,2656.095,2656.825,2651.905,2654.105
2024-12-13T19:00:00,2654.185,2655.195,2652.195,2652.765
2024-12-13T20:00:00,2652.765,2653.345,2646.265,2647.745
2024-12-13T21:00:00,2647.795,2649.805,2645.945,2647.385
2024-12-15T23:00:00,2649.098,2652.845,2648.548,2651.345
2024-12-16T00:00:00,2651.285,2651.565,2643.374,2647.055
2024-12-16T01:00:00,2647.045,2655.448,2646.595,2653.315
2024-12-16T02:00:00,2653.315,2654.595,2650.364,2651.765
2024-12-16T03:00:00,2651.724,2655.448,2651.475,2653.618
2024-12-16T04:00:00,2653.618,2654.344,2651.725,2652.618
2024-12-16T05:00:00,2652.618,2653.344,2649.374,2652.705
2024-12-16T06:00:00,2652.675,2654.655,2651.925,2653.505
2024-12-16T07:00:00,2653.515,2655.765,2651.525,2653.598
2024-12-16T08:00:00,2653.635,2661.838,2652.028,2657.805
2024-12-16T09:00:00,2657.765,2659.898,2655.598,2657.925
2024-12-16T10:00:00,2657.895,2661.005,2657.818,2658.648
2024-12-16T11:00:00,2658.635,2663.975,2657.544,2663.385
2024-12-16T12:00:00,2663.405,2664.248,2657.134,2659.845
2024-12-16T13:00:00,2659.844,2664.118,2658.664,2661.755
2024-12-16T14:00:00,2661.705,2662.865,2653.608,2654.685
2024-12-16T15:00:00,2654.645,2656.815,2650.695,2654.214
2024-12-16T16:00:00,2654.255,2655.618,2648.475,2652.005
2024-12-16T17:00:00,2651.915,2655.205,2651.665,2651.874
2024-12-16T18:00:00,2651.874,2655.448,2651.135,2655.164
2024-12-16T19:00:00,2655.164,2655.594,2651.945,2653.125
2024-12-16T20:00:00,2653.125,2653.435,2651.765,2652.585
2024-12-16T21:00:00,2652.665,2652.995,2651.345,2652.595
2024-12-16T23:00:00,2651.898,2652.748,2651.448,2651.565
2024-12-17T00:00:00,2651.565,2655.325,2651.015,2655.145
2024-12-17T01:00:00,2655.145,2658.465,2654.255,2657.948
2024-12-17T02:00:00,2657.725,2658.445,2653.758,2654.804
2024-12-17T03:00:00,2654.795,2656.065,2651.104,2653.435
2024-12-17T04:00:00,2653.465,2655.185,2650.728,2651.565
2024-12-17T05:00:00,2651.645,2654.665,2649.035,2653.555
2024-12-17T06:00:00,2653.605,2654.455,2646.294,2648.735
2024-12-17T07:00:00,2648.745,2656.948,2648.035,2653.565
2024-12-17T08:00:00,2653.565,2653.565,2641.365,2644.085
2024-12-17T09:00:00,2644.065,2645.955,2637.955,2639.435
2024-12-17T10:00:00,2639.385,2643.104,2637.944,2638.084
2024-12-17T11:00:00,2638.084,2642.375,2635.994,2642.085
2024-12-17T12:00:00,2642.085,2645.365,2640.498,2642.685
2024-12-17T13:00:00,2642.675,2646.748,2634.498,2636.848
2024-12-17T14:00:00,2636.845,2641.885,2632.795,2636.498
2024-12-17T15:00:00,2636.498,2638.348,2635.784,2638.264
2024-12-17T16:00:00,2639.675,2639.764,2638.695,2638.714
2024-12-17T17:00:00,2638.714,2646.908,2637.648,2645.764
2024-12-17T18:00:00,2645.764,2648.865,2644.814,2647.148
2024-12-17T19:00:00,2647.144,2648.098,2644.994,2645.195
2024-12-17T20:00:00,2645.248,2646.724,2642.874,2643.364
2024-12-17T21:00:00,2643.605,2646.255,2643.274,2645.575
2024-12-17T23:00:00,2645.355,2647.498,2644.634,2647.198
2024-12-18T00:00:00,2647.165,2650.255,2646.355,2649.975
2024-12-18T01:00:00,2649.885,2651.525,2647.905,2650.745
2024-12-18T02:00:00,2650.735,2650.905,2646.745,2647.294
2024-12-18T03:00:00,2647.294,2648.775,2645.018,2645.555
2024-12-18T04:00:00,2645.554,2645.754,2642.555,2644.925
2024-12-18T05:00:00,2644.915,2649.348,2643.735,2647.314
2024-12-18T06:00:00,2647.354,2647.804,2644.348,2646.498
2024-12-18T07:00:00,2646.454,2647.245,2643.205,2644.545
2024-12-18T08:00:00,2644.495,2649.535,2641.945,2647.835
2024-12-18T09:00:00,2647.765,2649.098,2645.325,2646.598
2024-12-18T10:00:00,2646.575,2649.325,2645.998,2648.255
2024-12-18T11:00:00,2648.195,2649.348,2645.588,2645.995
2024-12-18T12:00:00,2645.985,2647.705,2643.325,2643.795
2024-12-18T13:00:00,2643.785,2647.435,2640.975,2643.765
2024-12-18T14:00:00,2643.785,2644.748,2636.845,2637.875
2024-12-18T15:00:00,2637.865,2638.265,2634.0,2638.075
2024-12-18T16:00:00,2638.085,2639.455,2633.025,2634.665
2024-12-18T17:00:00,2634.615,2639.895,2634.535,2635.895
2024-12-18T18:00:00,2635.898,2638.845,2635.125,2635.768
2024-12-18T19:00:00,2635.778,2635.778,2603.975,2604.435
2024-12-18T20:00:00,2604.465,2609.235,2586.998,2592.355
2024-12-18T21:00:00,2592.535,2595.205,2583.498,2584.574
2024-12-18T23:00:00,2583.745,2592.115,2582.264,2587.948
2024-12-19T00:00:00,2587.948,2596.985,2587.784,2595.011
2024-12-19T01:00:00,2595.055,2617.948,2593.148,2611.668
2024-12-19T02:00:00,2611.595,2613.815,2606.055,2611.985
2024-12-19T03:00:00,2611.965,2613.228,2607.475,2610.285
2024-12-19T04:00:00,2610.285,2611.365,2606.748,2609.075
2024-12-19T05:00:00,2609.075,2610.355,2606.385,2607.048
2024-12-19T06:00:00,2607.048,2614.075,2603.195,2612.795
2024-12-19T07:00:00,2612.804,2622.435,2611.705,2616.355
2024-12-19T08:00:00,2616.355,2618.998,2613.035,2618.264
2024-12-19T09:00:00,2618.264,2622.725,2618.255,2620.215
2024-12-19T10:00:00,2620.234,2626.325,2617.148,2619.245
2024-12-19T11:00:00,2619.235,2621.755,2615.955,2616.584
2024-12-19T12:00:00,2616.554,2616.554,2604.145,2606.024
2024-12-19T13:00:00,2606.098,2606.098,2595.135,2596.195
2024-12-19T14:00:00,2596.175,2600.705,2591.898,2591.985
2024-12-19T15:00:00,2591.995,2595.805,2586.815,2588.315
2024-12-19T16:00:00,2588.244,2596.598,2587.055,2591.695
2024-12-19T17:00:00,2591.675,2594.115,2590.675,2592.545
2024-12-19T18:00:00,2592.615,2599.795,2591.765,2599.655
2024-12-19T19:00:00,2599.615,2600.925,2596.584,2596.645
2024-12-19T20:00:00,2596.635,2600.225,2596.335,2596.705
2024-12-19T21:00:00,2596.725,2596.835,2592.998,2593.585
2024-12-19T23:00:00,2593.498,2595.698,2592.168,2593.385
2024-12-20T00:00:00,2593.365,2595.155,2590.375,2590.675
2024-12-20T01:00:00,2590.655,2603.725,2589.475,2603.655
2024-12-20T02:00:00,2603.655,2603.825,2595.435,2596.945
2024-12-20T03:00:00,2596.935,2598.935,2595.575,2598.345
2024-12-20T04:00:00,2598.355,2600.848,2597.294,2597.804
2024-12-20T05:00:00,2597.804,2601.125,2596.335,2600.005
2024-12-20T06:00:00,2600.018,2605.198,2598.845,2604.615
2024-12-20T07:00:00,2604.615,2607.365,2602.154,2606.175
2024-12-20T08:00:00,2606.155,2607.598,2604.195,2605.334
2024-12-20T09:00:00,2605.354,2606.478,2602.944,2604.808
2024-12-20T10:00:00,2604.848,2606.875,2603.754,2603.955
2024-12-20T11:00:00,2603.955,2604.628,2599.904,2603.545
2024-12-20T12:00:00,2603.485,2606.055,2602.055,2603.385
2024-12-20T13:00:00,2603.365,2613.958,2599.715,2609.435
2024-12-20T14:00:00,2609.425,2618.185,2608.425,2616.005
2024-12-20T15:00:00,2616.145,2631.004,2616.145,2630.164
2024-12-20T16:00:00,2630.185,2631.698,2622.098,2624.968
2024-12-20T17:00:00,2624.968,2627.305,2622.035,2625.415
2024-12-20T18:00:00,2625.405,2627.198,2623.248,2625.855
2024-12-20T19:00:00,2625.845,2629.175,2624.645,2627.775
2024-12-20T20:00:00,2627.745,2627.905,2621.995,2622.575
2024-12-20T21:00:00,2622.615,2623.925,2619.065,2622.435
2024-12-22T23:00:00,2623.698,2624.545,2621.224,2624.098
2024-12-23T00:00:00,2624.245,2625.128,2617.285,2621.405
2024-12-23T01:00:00,2621.405,2624.005,2618.348,2620.805
2024-12-23T02:00:00,2620.755,2627.255,2620.505,2625.795
2024-12-23T03:00:00,2625.795,2626.765,2622.175,2623.855
2024-12-23T04:00:00,2623.704,2626.235,2623.645,2625.335
2024-12-23T05:00:00,2625.465,2629.105,2624.798,2626.475
2024-12-23T06:00:00,2626.465,2632.795,2624.325,2631.348
2024-12-23T07:00:00,2631.304,2633.135,2629.335,2630.145
2024-12-23T08:00:00,2630.055,2631.955,2625.905,2629.785
2024-12-23T09:00:00,2629.795,2630.575,2625.915,2626.325
2024-12-23T10:00:00,2626.325,2626.815,2618.775,2619.315
2024-12-23T11:00:00,2619.265,2619.925,2612.908,2616.125
2024-12-23T12:00:00,2616.085,2618.565,2613.948,2614.884
2024-12-23T13:00:00,2614.884,2619.745,2613.865,2617.225
2024-12-23T14:00:00,2617.134,2619.795,2613.605,2615.165
2024-12-23T15:00:00,2615.175,2616.235,2609.195,2609.605
2024-12-23T16:00:00,2609.625,2615.914,2608.055,2615.694
2024-12-23T17:00:00,2615.648,2616.394,2610.545,2611.105
2024-12-23T18:00:00,2611.085,2612.665,2609.845,2610.315
2024-12-23T19:00:00,2610.385,2612.455,2609.398,2610.848
2024-12-23T20:00:00,2610.824,2612.448,2608.955,2610.755
2024-12-23T21:00:00,2610.785,2613.615,2610.105,2611.635
2024-12-23T23:00:00,2613.1,2616.975,2612.753,2615.348
2024-12-24T00:00:00,2615.348,2617.155,2613.365,2616.475
2024-12-24T01:00:00,2616.555,2617.928,2614.364,2617.428
2024-12-24T02:00:00,2617.415,2619.755,2616.498,2616.705
2024-12-24T03:00:00,2616.705,2618.685,2615.545,2618.685
2024-12-24T04:00:00,2618.695,2620.348,2618.045,2619.938
2024-12-24T05:00:00,2619.948,2621.195,2618.214,2619.194
2024-12-24T06:00:00,2619.175,2619.735,2616.275,2618.885
2024-12-24T07:00:00,2618.885,2621.205,2617.805,2618.298
2024-12-24T08:00:00,2618.298,2619.655,2616.698,2617.205
2024-12-24T09:00:00,2617.205,2618.248,2613.148,2613.395
2024-12-24T10:00:00,2613.395,2617.755,2612.995,2615.385
2024-12-24T11:00:00,2615.324,2616.035,2612.155,2614.875
2024-12-24T12:00:00,2614.948,2616.048,2612.355,2613.635
2024-12-24T13:00:00,2613.555,2614.665,2611.145,2614.085
2024-12-24T14:00:00,2614.085,2617.065,2609.975,2610.705
2024-12-24T15:00:00,2610.715,2613.345,2609.935,2611.625
2024-12-24T16:00:00,2611.625,2617.695,2611.425,2615.875
2024-12-24T17:00:00,2615.855,2619.245,2615.175,2616.845
2024-12-24T18:00:00,2616.855,2617.608,2614.565,2616.348
2024-12-25T23:00:00,2619.205,2619.825,2614.248,2618.205
2024-12-26T00:00:00,2618.274,2622.545,2618.205,2621.455
2024-12-26T01:00:00,2621.448,2628.0,2620.645,2626.385
2024-12-26T02:00:00,2626.385,2627.725,2625.635,2627.445
2024-12-26T03:00:00,2627.445,2628.915,2625.565,2626.658
2024-12-26T04:00:00,2626.648,2629.065,2626.048,2627.098
2024-12-26T05:00:00,2627.074,2628.205,2625.808,2626.345
2024-12-26T06:00:00,2626.325,2627.145,2624.515,2625.935
2024-12-26T07:00:00,2625.915,2629.498,2623.435,2625.198
2024-12-26T08:00:00,2625.298,2628.895,2624.934,2627.335
2024-12-26T09:00:00,2627.344,2628.065,2625.905,2627.184
2024-12-26T10:00:00,2627.184,2629.198,2626.625,2628.515
2024-12-26T11:00:00,2628.505,2629.808,2627.585,2627.738
2024-12-26T12:00:00,2627.738,2628.398,2624.455,2626.515
2024-12-26T13:00:00,2626.498,2630.948,2621.598,2622.904
2024-12-26T14:00:00,2622.904,2630.098,2622.334,2629.898
2024-12-26T15:00:00,2629.898,2638.975,2628.955,2636.304
2024-12-26T16:00:00,2636.358,2636.585,2631.294,2631.954
2024-12-26T17:00:00,2631.954,2631.995,2627.818,2629.205
2024-12-26T18:00:00,2629.205,2635.855,2629.105,2634.645
2024-12-26T19:00:00,2634.645,2635.765,2632.484,2634.765
2024-12-26T20:00:00,2634.775,2636.205,2633.585,2634.115
2024-12-26T21:00:00,2634.128,2634.375,2632.625,2632.705
2024-12-26T23:00:00,2632.448,2634.305,2630.425,2632.478
2024-12-27T00:00:00,2632.348,2633.848,2631.255,2631.305
2024-12-27T01:00:00,2631.295,2633.815,2630.615,2632.165
2024-12-27T02:00:00,2632.165,2633.515,2628.765,2632.685
2024-12-27T03:00:00,2632.715,2635.348,2631.448,2633.685
2024-12-27T04:00:00,2633.675,2633.925,2631.748,2633.455
2024-12-27T05:00:00,2633.455,2634.105,2631.165,2631.215
2024-12-27T06:00:00,2631.235,2636.825,2631.148,2634.448
2024-12-27T07:00:00,2634.424,2638.105,2632.905,2633.435
2024-12-27T08:00:00,2633.384,2633.384,2626.0,2626.048
2024-12-27T09:00:00,2626.048,2627.505,2623.575,2623.895
2024-12-27T10:00:00,2623.895,2627.885,2623.248,2626.495
2024-12-27T11:00:00,2626.565,2628.705,2625.0,2628.495
2024-12-27T12:00:00,2628.585,2631.395,2625.415,2625.998
2024-12-27T13:00:00,2625.998,2627.165,2617.955,2618.655
2024-12-27T14:00:00,2618.625,2619.198,2611.285,2615.475
2024-12-27T15:00:00,2615.475,2619.355,2612.748,2617.945
2024-12-27T16:00:00,2617.944,2619.648,2615.185,2617.815
2024-12-27T17:00:00,2617.825,2618.195,2613.854,2615.648
2024-12-27T18:00:00,2615.494,2619.998,2614.924,2618.448
2024-12-27T19:00:00,2618.448,2621.234,2617.298,2620.554
2024-12-27T20:00:00,2620.604,2620.675,2612.448,2615.315
2024-12-27T21:00:00,2615.265,2621.598,2615.175,2621.348
2024-12-29T23:00:00,2620.154,2625.998,2618.914,2623.748
2024-12-30T00:00:00,2623.904,2625.198,2621.225,2622.385
2024-12-30T01:00:00,2622.305,2626.648,2621.994,2624.065
2024-12-30T02:00:00,2624.055,2625.255,2622.074,2623.648
2024-12-30T03:00:00,2623.648,2627.985,2622.948,2626.358
2024-12-30T04:00:00,2626.358,2626.358,2621.285,2621.975
2024-12-30T05:00:00,2621.948,2624.025,2620.348,2623.538
2024-12-30T06:00:00,2623.494,2624.515,2618.108,2618.948
2024-12-30T07:00:00,2618.925,2619.765,2615.605,2616.535
2024-12-30T08:00:00,2616.535,2617.225,2609.125,2611.775
2024-12-30T09:00:00,2611.765,2617.348,2611.125,2612.508
2024-12-30T10:00:00,2612.495,2615.048,2610.365,2610.365
2024-12-30T11:00:00,2610.365,2618.425,2608.975,2616.125
2024-12-30T12:00:00,2616.055,2622.325,2615.335,2621.355
2024-12-30T13:00:00,2621.335,2622.425,2606.465,2606.555
2024-12-30T14:00:00,2606.518,2613.745,2605.325,2611.144
2024-12-30T15:00:00,2611.144,2611.404,2599.365,2601.375
2024-12-30T16:00:00,2601.335,2602.645,2595.905,2599.575
2024-12-30T17:00:00,2599.645,2605.348,2599.645,2605.075
2024-12-30T18:00:00,2605.025,2606.655,2603.275,2606.025
2024-12-30T19:00:00,2606.025,2608.225,2603.495,2607.085
2024-12-30T20:00:00,2607.085,2609.365,2606.305,2607.585
2024-12-30T21:00:00,2607.595,2607.865,2605.095,2605.705
2024-12-30T23:00:00,2605.455,2607.098,2603.548,2606.548
2024-12-31T00:00:00,2606.504,2608.505,2604.855,2607.585
2024-12-31T01:00:00,2607.585,2611.375,2606.505,2608.745
2024-12-31T02:00:00,2608.745,2609.525,2606.665,2606.985
2024-12-31T03:00:00,2606.965,2607.365,2603.305,2604.418
2024-12-31T04:00:00,2604.418,2606.985,2604.044,2606.455
2024-12-31T05:00:00,2606.475,2607.898,2602.475,2604.235
2024-12-31T06:00:00,2604.165,2608.415,2603.405,2607.625
2024-12-31T07:00:00,2607.615,2613.965,2607.128,2613.555
2024-12-31T08:00:00,2613.615,2617.595,2612.635,2616.415
2024-12-31T09:00:00,2616.354,2616.648,2612.875,2615.125
2024-12-31T10:00:00,2615.125,2615.565,2610.705,2611.525
2024-12-31T11:00:00,2611.525,2614.045,2609.615,2610.825
2024-12-31T12:00:00,2610.795,2612.548,2609.075,2610.905
2024-12-31T13:00:00,2610.905,2615.995,2605.195,2613.055
2024-12-31T14:00:00,2613.098,2617.785,2611.095,2613.665
2024-12-31T15:00:00,2613.675,2626.475,2612.325,2625.614
2024-12-31T16:00:00,2625.614,2627.015,2622.064,2625.165
2024-12-31T17:00:00,2625.164,2627.364,2623.105,2624.155
2024-12-31T18:00:00,2624.135,2627.065,2622.545,2624.725
2024-12-31T19:00:00,2624.805,2627.125,2622.725,2623.665
2024-12-31T20:00:00,2623.605,2624.835,2621.924,2623.064
2024-12-31T21:00:00,2622.964,2624.675,2622.715,2624.255
2025-01-01T23:00:00,2625.098,2626.005,2621.475,2623.555
2025-01-02T00:00:00,2623.655,2627.765,2622.448,2625.185
2025-01-02T01:00:00,2625.185,2634.148,2623.645,2632.735
2025-01-02T02:00:00,2632.735,2636.298,2632.148,2634.498
2025-01-02T03:00:00,2634.404,2635.198,2632.065,2633.448
2025-01-02T04:00:00,2633.468,2634.048,2630.858,2633.754
2025-01-02T05:00:00,2633.754,2636.284,2632.864,2633.874
2025-01-02T06:00:00,2633.748,2635.244,2630.998,2633.974
2025-01-02T07:00:00,2633.954,2635.898,2632.798,2635.848
2025-01-02T08:00:00,2635.704,2637.558,2630.985,2636.348
2025-01-02T09:00:00,2636.365,2639.785,2635.858,2635.915
2025-01-02T10:00:00,2635.915,2646.098,2632.535,2642.488
2025-01-02T11:00:00,2642.518,2644.468,2640.064,2641.665
2025-01-02T12:00:00,2641.704,2646.265,2640.148,2643.165
2025-01-02T13:00:00,2643.155,2647.135,2635.865,2642.764
2025-01-02T14:00:00,2642.754,2650.975,2640.135,2647.485
2025-01-02T15:00:00,2647.304,2655.715,2644.985,2653.948
2025-01-02T16:00:00,2653.904,2660.348,2649.794,2659.148
2025-01-02T17:00:00,2659.144,2660.374,2652.348,2656.394
2025-01-02T18:00:00,2656.375,2658.658,2653.725,2655.245
2025-01-02T19:00:00,2655.245,2657.048,2653.648,2654.635
2025-01-02T20:00:00,2654.564,2660.375,2653.985,2659.598
2025-01-02T21:00:00,2659.455,2660.148,2656.415,2657.195
2025-01-02T23:00:00,2657.248,2659.398,2656.748,2658.295
2025-01-03T00:00:00,2658.275,2660.985,2658.265,2660.655
2025-01-03T01:00:00,2660.655,2662.315,2656.598,2659.325
2025-01-03T02:00:00,2659.325,2663.875,2656.025,2662.335
2025-01-03T03:00:00,2662.335,2665.185,2661.105,2662.155
2025-01-03T04:00:00,2662.125,2664.195,2661.585,2662.735
2025-01-03T05:00:00,2662.745,2662.775,2655.815,2658.405
2025-01-03T06:00:00,2658.398,2660.165,2656.485,2659.415
2025-01-03T07:00:00,2659.405,2659.405,2651.708,2654.045
2025-01-03T08:00:00,2654.045,2655.568,2649.795,2652.805
2025-01-03T09:00:00,2652.805,2655.795,2652.695,2653.525
2025-01-03T10:00:00,2653.395,2657.955,2652.928,2657.595
2025-01-03T11:00:00,2657.545,2659.155,2656.115,2657.425
2025-01-03T12:00:00,2657.415,2658.225,2654.635,2655.085
2025-01-03T13:00:00,2655.095,2656.175,2643.355,2649.685
2025-01-03T14:00:00,2649.685,2652.505,2644.995,2647.135
2025-01-03T15:00:00,2646.184,2648.068,2640.835,2643.755
2025-01-03T16:00:00,2643.635,2647.085,2639.0,2639.805
2025-01-03T17:00:00,2639.805,2642.525,2639.0,2641.648
2025-01-03T18:00:00,2641.674,2642.185,2639.598,2641.785
2025-01-03T19:00:00,2641.765,2642.844,2639.0,2639.248
2025-01-03T20:00:00,2639.248,2640.004,2636.725,2638.115
2025-01-03T21:00:00,2638.115,2640.555,2636.625,2639.898
2025-01-05T23:00:00,2639.298,2642.235,2638.815,2640.848
2025-01-06T00:00:00,2640.835,2643.165,2638.425,2643.065
2025-01-06T01:00:00,2643.035,2647.275,2640.615,2641.185
2025-01-06T02:00:00,2641.195,2645.175,2639.585,2644.365
2025-01-06T03:00:00,2644.355,2645.185,2639.015,2640.065
2025-01-06T04:00:00,2640.055,2640.605,2634.185,2635.295
2025-01-06T05:00:00,2635.285,2636.065,2631.51,2633.775
2025-01-06T06:00:00,2633.755,2635.148,2630.025,2631.375
2025-01-06T07:00:00,2631.335,2633.615,2625.035,2626.705
2025-01-06T08:00:00,2626.705,2632.435,2625.575,2631.385
2025-01-06T09:00:00,2631.295,2635.525,2631.035,2632.585
2025-01-06T10:00:00,2632.585,2634.875,2630.775,2633.595
2025-01-06T11:00:00,2633.595,2649.305,2632.335,2645.425
2025-01-06T12:00:00,2645.425,2647.674,2641.844,2645.198
2025-01-06T13:00:00,2645.065,2648.668,2621.665,2624.048
2025-01-06T14:00:00,2624.048,2634.884,2614.365,2631.298
2025-01-06T15:00:00,2631.304,2639.535,2629.335,2634.195
2025-01-06T16:00:00,2634.275,2641.148,2632.385,2640.598
2025-01-06T17:00:00,2640.665,2640.898,2634.115,2636.595
2025-01-06T18:00:00,2636.625,2638.485,2633.645,2634.475
2025-01-06T19:00:00,2634.515,2635.315,2632.785,2634.168
2025-01-06T20:00:00,2634.165,2635.285,2632.985,2634.485
2025-01-06T21:00:00,2634.444,2636.935,2634.444,2635.995
2025-01-06T23:00:00,2635.618,2635.965,2633.395,2634.465
2025-01-07T00:00:00,2634.548,2635.048,2632.775,2634.895
2025-01-07T01:00:00,2634.875,2641.105,2634.704,2638.855
2025-01-07T02:00:00,2638.845,2640.045,2636.725,2638.498
2025-01-07T03:00:00,2638.498,2640.125,2637.355,2639.378
2025-01-07T04:00:00,2639.378,2639.695,2637.144,2638.055
2025-01-07T05:00:00,2638.055,2645.655,2636.855,2644.405
2025-01-07T06:00:00,2644.405,2646.515,2639.648,2640.155
2025-01-07T07:00:00,2640.148,2641.998,2637.945,2640.348
2025-01-07T08:00:00,2640.348,2644.625,2639.885,2642.485
2025-01-07T09:00:00,2642.425,2644.025,2640.025,2641.175
2025-01-07T10:00:00,2641.155,2644.565,2641.148,2643.725
2025-01-07T11:00:00,2643.715,2648.478,2641.885,2648.255
2025-01-07T12:00:00,2648.198,2652.575,2647.234,2651.395
2025-01-07T13:00:00,2651.375,2664.098,2649.835,2662.288
2025-01-07T14:00:00,2662.298,2662.898,2655.564,2658.405
2025-01-07T15:00:00,2658.395,2658.395,2642.035,2647.585
2025-01-07T16:00:00,2647.545,2655.448,2646.225,2651.615
2025-01-07T17:00:00,2651.594,2655.848,2650.105,2652.385
2025-01-07T18:00:00,2652.345,2652.495,2647.195,2649.035
2025-01-07T19:00:00,2649.055,2650.245,2646.808,2649.055
2025-01-07T20:00:00,2649.054,2651.285,2646.965,2650.198
2025-01-07T21:00:00,2650.185,2650.304,2647.505,2648.185
2025-01-07T23:00:00,2647.965,2650.045,2647.725,2649.555
2025-01-08T00:00:00,2649.465,2651.375,2648.435,2650.435
2025-01-08T01:00:00,2650.445,2650.755,2646.975,2648.615
2025-01-08T02:00:00,2648.555,2650.155,2645.795,2648.705
2025-01-08T03:00:00,2648.664,2648.664,2645.395,2646.615
2025-01-08T04:00:00,2646.575,2648.535,2645.095,2646.848
2025-01-08T05:00:00,2646.848,2650.578,2646.515,2649.885
2025-01-08T06:00:00,2649.848,2652.845,2648.818,2652.028
2025-01-08T07:00:00,2652.035,2654.255,2651.555,2652.448
2025-01-08T08:00:00,2652.448,2653.705,2649.445,2651.848
2025-01-08T09:00:00,2651.744,2654.874,2651.594,2653.345
2025-01-08T10:00:00,2653.345,2654.995,2652.598,2653.138
2025-01-08T11:00:00,2652.944,2653.098,2647.454,2650.595
2025-01-08T12:00:00,2650.605,2652.308,2645.674,2651.848
2025-01-08T13:00:00,2651.748,2660.085,2650.005,2660.035
2025-01-08T14:00:00,2660.025,2667.525,2659.845,2661.084
2025-01-08T15:00:00,2661.084,2667.648,2659.114,2665.698
2025-01-08T16:00:00,2665.698,2669.844,2662.415,2669.498
2025-01-08T17:00:00,2669.498,2669.654,2649.114,2655.445
2025-01-08T18:00:00,2655.424,2659.005,2651.338,2652.555
2025-01-08T19:00:00,2652.568,2660.434,2652.185,2658.174
2025-01-08T20:00:00,2658.145,2663.884,2658.145,2663.348
2025-01-08T21:00:00,2663.235,2663.945,2660.758,2661.105
2025-01-08T23:00:00,2660.865,2663.098,2660.638,2662.475
2025-01-09T00:00:00,2662.475,2662.698,2659.305,2659.775
2025-01-09T01:00:00,2659.785,2661.285,2657.145,2658.458
2025-01-09T02:00:00,2658.458,2659.975,2656.155,2658.535
2025-01-09T03:00:00,2658.535,2661.945,2658.245,2659.235
2025-01-09T04:00:00,2659.235,2659.585,2655.305,2658.845
2025-01-09T05:00:00,2658.815,2660.845,2657.535,2658.295
2025-01-09T06:00:00,2658.285,2666.775,2658.248,2666.575
2025-01-09T07:00:00,2666.595,2666.645,2662.074,2662.218
2025-01-09T08:00:00,2662.164,2666.714,2660.268,2664.124
2025-01-09T09:00:00,2664.234,2666.444,2662.068,2664.744
2025-01-09T10:00:00,2664.744,2668.374,2664.208,2667.294
2025-01-09T11:00:00,2667.274,2673.165,2665.064,2669.954
2025-01-09T12:00:00,2669.954,2675.048,2669.214,2673.884
2025-01-09T13:00:00,2673.824,2678.395,2671.754,2672.514
2025-01-09T14:00:00,2672.414,2675.475,2667.004,2672.204
2025-01-09T15:00:00,2672.214,2675.175,2667.874,2668.058
2025-01-09T16:00:00,2668.058,2670.825,2666.038,2667.445
2025-01-09T17:00:00,2667.445,2668.498,2662.548,2665.775
2025-01-09T18:00:00,2665.744,2672.324,2664.835,2671.185
2025-01-09T19:00:00,2671.185,2671.635,2668.474,2670.034
2025-01-09T20:00:00,2669.994,2670.704,2669.095,2669.605
2025-01-09T21:00:00,2669.555,2671.275,2668.848,2669.525
2025-01-09T23:00:00,2670.255,2671.148,2668.325,2669.795
2025-01-10T00:00:00,2669.865,2671.195,2668.728,2670.395
2025-01-10T01:00:00,2670.435,2671.745,2669.065,2670.895
2025-01-10T02:00:00,2670.895,2674.575,2670.345,2673.255
2025-01-10T03:00:00,2673.255,2674.585,2672.345,2673.565
2025-01-10T04:00:00,2673.568,2673.895,2671.625,2671.705
2025-01-10T05:00:00,2671.615,2675.785,2671.385,2674.845
2025-01-10T06:00:00,2674.845,2678.285,2674.095,2677.975
2025-01-10T07:00:00,2678.025,2678.575,2673.285,2676.025
2025-01-10T08:00:00,2676.025,2680.355,2675.585,2679.705
2025-01-10T09:00:00,2679.765,2682.155,2677.505,2678.244
2025-01-10T10:00:00,2678.244,2682.475,2678.048,2680.845
2025-01-10T11:00:00,2680.835,2682.938,2680.064,2681.178
2025-01-10T12:00:00,2681.034,2681.208,2674.578,2678.084
2025-01-10T13:00:00,2678.085,2683.384,2663.205,2682.248
2025-01-10T14:00:00,2682.095,2693.185,2680.355,2686.344
2025-01-10T15:00:00,2685.164,2697.654,2681.595,2692.434
2025-01-10T16:00:00,2692.404,2696.845,2686.454,2695.984
2025-01-10T17:00:00,2696.004,2697.709,2692.065,2695.839
2025-01-10T18:00:00,2695.839,2696.969,2684.879,2687.148
2025-01-10T19:00:00,2687.148,2687.555,2684.348,2685.635
2025-01-10T20:00:00,2685.635,2690.765,2683.948,2690.455
2025-01-10T21:00:00,2690.495,2693.648,2687.545,2689.755
2025-01-12T23:00:00,2690.155,2690.868,2687.189,2690.868
2025-01-13T00:00:00,2690.819,2693.245,2687.955,2689.395
2025-01-13T01:00:00,2689.395,2689.725,2679.145,2685.495
2025-01-13T02:00:00,2685.515,2690.358,2684.795,2688.465
2025-01-13T03:00:00,2688.465,2688.495,2685.148,2687.865
2025-01-13T04:00:00,2687.875,2690.725,2684.155,2685.745
2025-01-13T05:00:00,2685.825,2686.825,2683.085,2686.765
2025-01-13T06:00:00,2686.815,2691.235,2686.765,2689.729
2025-01-13T07:00:00,2689.729,2690.298,2684.235,2684.929
2025-01-13T08:00:00,2684.929,2689.459,2683.719,2686.929
2025-01-13T09:00:00,2686.929,2688.315,2682.875,2684.558
2025-01-13T10:00:00,2684.499,2684.828,2677.125,2679.325
2025-01-13T11:00:00,2679.295,2680.505,2675.205,2675.648
2025-01-13T12:00:00,2675.599,2676.868,2664.098,2670.899
2025-01-13T13:00:00,2670.899,2672.148,2663.625,2669.075
2025-01-13T14:00:00,2669.085,2674.135,2663.899,2671.635
2025-01-13T15:00:00,2671.579,2672.695,2660.849,2661.478
2025-01-13T16:00:00,2661.439,2667.875,2660.498,2661.049
2025-01-13T17:00:00,2661.049,2663.898,2659.075,2660.755
2025-01-13T18:00:00,2660.765,2662.325,2657.498,2658.858
2025-01-13T19:00:00,2659.008,2660.495,2656.615,2658.795
2025-01-13T20:00:00,2658.785,2662.795,2658.715,2662.245
2025-01-13T21:00:00,2662.185,2664.035,2660.745,2662.475
2025-01-13T23:00:00,2662.633,2669.215,2662.248,2667.675
2025-01-14T00:00:00,2667.675,2670.945,2666.059,2670.255
2025-01-14T01:00:00,2670.245,2672.055,2667.675,2670.575
2025-01-14T02:00:00,2670.605,2672.035,2668.375,2670.305
2025-01-14T03:00:00,2670.295,2672.105,2668.638,2669.625
2025-01-14T04:00:00,2669.595,2673.885,2668.285,2673.405
2025-01-14T05:00:00,2673.455,2675.155,2667.155,2668.275
2025-01-14T06:00:00,2668.295,2669.455,2667.235,2668.895
2025-01-14T07:00:00,2668.935,2670.735,2666.985,2669.005
2025-01-14T08:00:00,2669.175,2674.255,2667.155,2670.815
2025-01-14T09:00:00,2670.755,2671.405,2664.699,2667.125
2025-01-14T10:00:00,2667.115,2668.635,2664.479,2666.495
2025-01-14T11:00:00,2666.525,2669.645,2664.439,2669.025
2025-01-14T12:00:00,2669.025,2671.485,2666.265,2668.165
2025-01-14T13:00:00,2668.165,2674.148,2660.815,2662.709
2025-01-14T14:00:00,2662.649,2665.835,2659.645,2664.975
2025-01-14T15:00:00,2665.015,2672.595,2664.945,2671.478
2025-01-14T16:00:00,2671.499,2673.895,2669.585,2671.418
2025-01-14T17:00:00,2671.375,2671.675,2667.825,2668.875
2025-01-14T18:00:00,2668.885,2672.495,2666.495,2672.275
2025-01-14T19:00:00,2672.245,2676.075,2671.669,2674.088
2025-01-14T20:00:00,2674.009,2676.348,2671.675,2676.348
2025-01-14T21:00:00,2676.299,2677.985,2675.648,2676.875
2025-01-14T23:00:00,2677.475,2679.198,2673.815,2675.415
2025-01-15T00:00:00,2675.455,2675.945,2672.535,2672.645
2025-01-15T01:00:00,2672.685,2674.235,2669.805,2669.905
2025-01-15T02:00:00,2669.935,2674.875,2669.315,2673.225
2025-01-15T03:00:00,2673.205,2676.075,2672.108,2675.935
2025-01-15T04:00:00,2675.915,2676.575,2673.945,2675.375
2025-01-15T05:00:00,2675.415,2679.145,2674.385,2679.095
2025-01-15T06:00:00,2679.095,2683.125,2678.975,2680.805
2025-01-15T07:00:00,2680.759,2684.005,2679.865,2681.175
2025-01-15T08:00:00,2681.175,2685.225,2681.045,2683.805
2025-01-15T09:00:00,2683.805,2688.398,2682.745,2685.699
2025-01-15T10:00:00,2685.735,2688.925,2684.638,2688.215
2025-01-15T11:00:00,2688.365,2688.785,2685.108,2686.725
2025-01-15T12:00:00,2686.705,2687.275,2683.915,2684.465
2025-01-15T13:00:00,2684.445,2694.018,2682.025,2693.565
2025-01-15T14:00:00,2693.565,2695.925,2678.005,2681.845
2025-01-15T15:00:00,2681.825,2682.935,2676.439,2678.255
2025-01-15T16:00:00,2678.255,2689.848,2676.765,2689.098
2025-01-15T17:00:00,2689.245,2692.948,2688.249,2692.595
2025-01-15T18:00:00,2692.595,2694.798,2690.839,2693.848
2025-01-15T19:00:00,2693.848,2695.048,2692.319,2693.998
2025-01-15T20:00:00,2693.899,2696.359,2693.129,2696.245
2025-01-15T21:00:00,2696.255,2697.335,2693.768,2695.719
2025-01-15T23:00:00,2697.348,2697.448,2693.999,2694.625
2025-01-16T00:00:00,2694.625,2698.005,2692.648,2695.045
2025-01-16T01:00:00,2695.125,2702.008,2694.245,2695.919
2025-01-16T02:00:00,2695.919,2697.975,2695.005,2697.365
2025-01-16T03:00:00,2697.365,2698.208,2695.545,2696.955
2025-01-16T04:00:00,2696.929,2697.858,2696.535,2697.148
2025-01-16T05:00:00,2697.148,2697.235,2693.665,2694.605
2025-01-16T06:00:00,2694.635,2695.445,2689.725,2693.808
2025-01-16T07:00:00,2693.808,2699.815,2693.458,2698.028
2025-01-16T08:00:00,2698.178,2703.195,2696.895,2698.819
2025-01-16T09:00:00,2698.819,2706.075,2697.318,2705.215
2025-01-16T10:00:00,2705.255,2708.305,2704.549,2707.645
2025-01-16T11:00:00,2707.665,2711.045,2705.848,2706.195
2025-01-16T12:00:00,2706.129,2707.065,2699.969,2703.565
2025-01-16T13:00:00,2703.565,2718.248,2701.099,2715.195
2025-01-16T14:00:00,2715.195,2719.089,2712.695,2718.329
2025-01-16T15:00:00,2718.329,2719.445,2712.349,2716.719
2025-01-16T16:00:00,2716.738,2722.235,2716.429,2720.185
2025-01-16T17:00:00,2720.165,2724.565,2719.189,2721.569
2025-01-16T18:00:00,2721.648,2723.148,2714.605,2715.065
2025-01-16T19:00:00,2715.075,2717.055,2714.498,2715.115
2025-01-16T20:00:00,2715.105,2716.965,2714.305,2715.685
2025-01-16T21:00:00,2715.645,2715.725,2712.195,2713.745
2025-01-16T23:00:00,2714.065,2714.835,2712.195,2714.448
2025-01-17T00:00:00,2714.355,2716.005,2713.695,2714.509
2025-01-17T01:00:00,2714.549,2714.629,2709.725,2714.575
2025-01-17T02:00:00,2714.575,2716.945,2713.675,2715.775
2025-01-17T03:00:00,2715.705,2717.375,2714.389,2715.275
2025-01-17T04:00:00,2715.275,2716.385,2714.125,2714.615
2025-01-17T05:00:00,2714.615,2715.375,2710.988,2711.355
2025-01-17T06:00:00,2711.378,2713.075,2710.349,2712.495
2025-01-17T07:00:00,2712.515,2714.573,2708.525,2710.395
2025-01-17T08:00:00,2710.465,2712.725,2709.235,2711.555
2025-01-17T09:00:00,2711.555,2711.809,2703.759,2704.975
2025-01-17T10:00:00,2704.945,2706.148,2702.669,2703.845
2025-01-17T11:00:00,2703.818,2708.489,2703.545,2707.889
2025-01-17T12:00:00,2707.885,2711.635,2706.748,2710.755
2025-01-17T13:00:00,2710.785,2711.995,2704.269,2704.849
2025-01-17T14:00:00,2704.849,2712.385,2702.555,2711.675
2025-01-17T15:00:00,2711.615,2715.005,2709.975,2714.155
2025-01-17T16:00:00,2714.275,2717.185,2713.445,2715.935
2025-01-17T17:00:00,2715.935,2716.355,2710.425,2712.425
2025-01-17T18:00:00,2712.465,2713.185,2705.265,2705.485
2025-01-17T19:00:00,2705.445,2707.065,2702.685,2703.035
2025-01-17T20:00:00,2703.015,2704.035,2699.785,2700.705
2025-01-17T21:00:00,2700.705,2702.905,2698.445,2702.645
2025-01-19T23:00:00,2701.105,2702.765,2690.875,2696.245
2025-01-20T00:00:00,2696.185,2696.265,2692.355,2694.345
2025-01-20T01:00:00,2694.355,2695.695,2689.308,2693.605
2025-01-20T02:00:00,2693.605,2697.825,2693.505,2697.315
2025-01-20T03:00:00,2697.325,2703.835,2697.285,2703.345
2025-01-20T04:00:00,2703.345,2706.295,2702.025,2705.775
2025-01-20T05:00:00,2705.745,2707.435,2703.425,2707.075
2025-01-20T06:00:00,2707.075,2713.655,2706.415,2711.415
2025-01-20T07:00:00,2711.405,2711.755,2702.625,2703.435
2025-01-20T08:00:00,2703.435,2707.865,2702.739,2706.835
2025-01-20T09:00:00,2706.775,2708.765,2702.845,2705.995
2025-01-20T10:00:00,2705.945,2709.665,2705.089,2708.095
2025-01-20T11:00:00,2708.085,2712.445,2705.0,2708.165
2025-01-20T12:00:00,2708.145,2709.895,2705.829,2707.985
2025-01-20T13:00:00,2707.975,2710.328,2701.498,2705.045
2025-01-20T14:00:00,2704.955,2711.835,2704.705,2710.255
2025-01-20T15:00:00,2710.255,2710.515,2704.815,2706.795
2025-01-20T16:00:00,2706.705,2708.845,2703.185,2707.205
2025-01-20T17:00:00,2707.185,2710.848,2704.065,2706.995
2025-01-20T18:00:00,2707.055,2710.765,2704.915,2710.555
2025-01-20T19:00:00,2710.555,2710.955,2706.268,2707.248
2025-01-20T23:00:00,2706.055,2711.065,2705.855,2710.205
2025-01-21T00:00:00,2710.179,2711.258,2702.745,2705.285
2025-01-21T01:00:00,2705.325,2719.175,2703.025,2717.915
2025-01-21T02:00:00,2717.889,2725.555,2717.675,2724.645
2025-01-21T03:00:00,2724.685,2726.785,2720.948,2724.265
2025-01-21T04:00:00,2724.275,2727.715,2722.808,2727.245
2025-01-21T05:00:00,2727.285,2728.985,2725.115,2725.975
2025-01-21T06:00:00,2725.945,2729.405,2723.585,2724.105
2025-01-21T07:00:00,2724.095,2732.725,2722.465,2729.575
2025-01-21T08:00:00,2729.535,2729.535,2721.208,2723.165
2025-01-21T09:00:00,2723.135,2723.825,2717.555,2720.985
2025-01-21T10:00:00,2720.985,2723.735,2718.715,2719.635
2025-01-21T11:00:00,2719.565,2724.435,2716.345,2723.885
2025-01-21T12:00:00,2723.865,2727.125,2721.665,2726.595
2025-01-21T13:00:00,2726.405,2729.865,2724.435,2726.105
2025-01-21T14:00:00,2726.165,2738.475,2725.205,2737.945
2025-01-21T15:00:00,2737.945,2740.285,2734.365,2738.645
2025-01-21T16:00:00,2738.615,2744.825,2737.595,2743.005
2025-01-21T17:00:00,2743.005,2745.648,2739.725,2739.915
2025-01-21T18:00:00,2739.828,2745.848,2739.555,2744.365
2025-01-21T19:00:00,2744.405,2745.275,2741.195,2742.605
2025-01-21T20:00:00,2742.565,2743.148,2739.875,2742.305
2025-01-21T21:00:00,2742.285,2745.725,2741.845,2744.005
2025-01-21T23:00:00,2743.808,2744.848,2741.705,2744.058
2025-01-22T00:00:00,2744.058,2748.995,2742.455,2748.045
2025-01-22T01:00:00,2748.045,2749.994,2746.665,2747.885
2025-01-22T02:00:00,2747.815,2749.578,2746.078,2748.815
2025-01-22T03:00:00,2748.785,2750.865,2747.785,2750.188
2025-01-22T04:00:00,2750.188,2752.775,2749.108,2751.908
2025-01-22T05:00:00,2751.908,2758.475,2750.195,2757.905
2025-01-22T06:00:00,2757.895,2758.005,2745.425,2746.675
2025-01-22T07:00:00,2746.705,2753.835,2746.365,2748.265
2025-01-22T08:00:00,2748.265,2753.765,2746.635,2753.045
2025-01-22T09:00:00,2753.025,2762.195,2752.695,2758.135
2025-01-22T10:00:00,2758.125,2763.205,2758.088,2759.718
2025-01-22T11:00:00,2759.728,2760.118,2756.128,2756.208
2025-01-22T12:00:00,2756.208,2758.518,2751.385,2758.278
2025-01-22T13:00:00,2758.278,2761.648,2750.795,2757.565
2025-01-22T14:00:00,2757.555,2758.145,2750.148,2753.625
2025-01-22T15:00:00,2753.699,2760.245,2750.228,2759.235
2025-01-22T16:00:00,2759.265,2760.175,2755.705,2758.115
2025-01-22T17:00:00,2758.175,2758.365,2755.725,2756.395
2025-01-22T18:00:00,2756.395,2759.265,2754.765,2757.625
2025-01-22T19:00:00,2757.715,2757.715,2754.835,2755.165
2025-01-22T20:00:00,2755.135,2756.935,2754.725,2756.565
2025-01-22T21:00:00,2756.565,2756.935,2754.625,2755.755
2025-01-22T23:00:00,2755.495,2756.398,2753.548,2755.188
2025-01-23T00:00:00,2755.098,2755.788,2753.015,2755.178
2025-01-23T01:00:00,2755.178,2756.088,2750.408,2752.605
2025-01-23T02:00:00,2752.598,2754.795,2751.865,2752.405
2025-01-23T03:00:00,2752.455,2752.875,2749.385,2749.875
2025-01-23T04:00:00,2749.845,2753.418,2749.675,2751.425
2025-01-23T05:00:00,2751.498,2753.335,2751.185,2751.808
2025-01-23T06:00:00,2751.818,2755.398,2751.018,2753.018
2025-01-23T07:00:00,2753.048,2754.515,2751.635,2752.645
2025-01-23T08:00:00,2752.705,2754.685,2751.855,2752.605
2025-01-23T09:00:00,2752.665,2753.625,2740.898,2745.725
2025-01-23T10:00:00,2745.765,2752.395,2745.105,2751.155
2025-01-23T11:00:00,2751.245,2754.245,2750.675,2751.668
2025-01-23T12:00:00,2751.678,2753.205,2741.855,2744.655
2025-01-23T13:00:00,2744.645,2745.735,2735.665,2741.468
2025-01-23T14:00:00,2741.545,2747.305,2740.215,2745.955
2025-01-23T15:00:00,2745.925,2749.365,2741.875,2746.225
2025-01-23T16:00:00,2746.218,2757.128,2744.015,2753.708
2025-01-23T17:00:00,2753.598,2758.655,2752.058,2757.565
2025-01-23T18:00:00,2757.585,2758.135,2755.005,2755.685
2025-01-23T19:00:00,2755.685,2757.898,2753.648,2753.945
2025-01-23T20:00:00,2753.975,2754.615,2751.078,2753.768
2025-01-23T21:00:00,2753.728,2754.498,2751.868,2754.145
2025-01-23T23:00:00,2753.945,2755.395,2753.185,2754.365
2025-01-24T00:00:00,2754.375,2760.925,2754.075,2759.585
2025-01-24T01:00:00,2759.585,2762.445,2758.398,2762.175
2025-01-24T02:00:00,2762.195,2775.195,2762.175,2774.045
2025-01-24T03:00:00,2774.025,2777.215,2770.708,2772.245
2025-01-24T04:00:00,2772.238,2774.815,2770.365,2771.825
2025-01-24T05:00:00,2771.805,2776.485,2771.805,2775.045
2025-01-24T06:00:00,2775.005,2778.115,2773.105,2773.665
2025-01-24T07:00:00,2773.695,2775.325,2771.848,2772.425
2025-01-24T08:00:00,2772.465,2775.155,2769.885,2773.995
2025-01-24T09:00:00,2773.975,2777.665,2770.768,2772.675
2025-01-24T10:00:00,2772.645,2775.998,2771.415,2775.598
2025-01-24T11:00:00,2775.498,2779.955,2773.975,2776.495
2025-01-24T12:00:00,2776.515,2778.935,2776.028,2778.415
2025-01-24T13:00:00,2778.398,2784.505,2777.728,2782.118
2025-01-24T14:00:00,2782.115,2784.195,2773.595,2777.638
2025-01-24T15:00:00,2777.708,2785.825,2775.355,2775.715
2025-01-24T16:00:00,2775.708,2777.405,2769.708,2771.825
2025-01-24T17:00:00,2771.725,2775.985,2770.435,2773.118
2025-01-24T18:00:00,2773.118,2773.985,2771.145,2773.315
2025-01-24T19:00:00,2773.335,2775.115,2771.145,2774.525
2025-01-24T20:00:00,2774.555,2774.685,2770.595,2770.905
2025-01-24T21:00:00,2770.875,2772.005,2769.805,2769.805
2025-01-26T23:00:00,2770.305,2770.405,2764.455,2767.285
2025-01-27T00:00:00,2767.278,2770.815,2765.835,2769.455
2025-01-27T01:00:00,2769.575,2772.415,2762.665,2762.825
2025-01-27T02:00:00,2762.818,2763.385,2753.618,2756.055
2025-01-27T03:00:00,2756.035,2762.425,2754.925,2760.905
2025-01-27T04:00:00,2760.915,2760.915,2755.475,2757.935
2025-01-27T05:00:00,2757.805,2757.845,2752.655,2753.025
2025-01-27T06:00:00,2752.985,2754.955,2750.565,2754.395
2025-01-27T07:00:00,2754.425,2755.015,2747.065,2749.285
2025-01-27T08:00:00,2749.235,2759.695,2749.155,2757.055
2025-01-27T09:00:00,2757.055,2764.825,2755.455,2763.235
2025-01-27T10:00:00,2763.215,2770.865,2762.615,2767.825
2025-01-27T11:00:00,2767.765,2771.855,2764.845,2771.205
2025-01-27T12:00:00,2771.225,2771.575,2760.265,2761.155
2025-01-27T13:00:00,2761.155,2762.245,2752.175,2757.095
2025-01-27T14:00:00,2757.098,2757.705,2744.915,2750.995
2025-01-27T15:00:00,2751.015,2751.015,2739.285,2741.925
2025-01-27T16:00:00,2741.875,2743.045,2733.075,2734.275
2025-01-27T17:00:00,2734.285,2736.835,2730.529,2733.585
2025-01-27T18:00:00,2733.565,2737.725,2732.925,2736.825
2025-01-27T19:00:00,2736.785,2740.365,2736.585,2739.185
2025-01-27T20:00:00,2739.205,2742.365,2737.935,2741.338
2025-01-27T21:00:00,2741.368,2743.855,2739.755,2739.755
2025-01-27T23:00:00,2739.765,2745.048,2738.913,2741.615
2025-01-28T00:00:00,2741.615,2744.255,2739.675,2740.455
2025-01-28T01:00:00,2740.598,2745.065,2739.335,2741.335
2025-01-28T02:00:00,2741.305,2741.455,2738.275,2739.255
2025-01-28T03:00:00,2739.255,2741.635,2737.675,2738.615
2025-01-28T04:00:00,2738.608,2742.455,2738.268,2742.135
2025-01-28T05:00:00,2742.435,2744.755,2741.025,2741.555
2025-01-28T06:00:00,2741.515,2742.815,2738.908,2739.355
2025-01-28T07:00:00,2739.468,2742.845,2738.155,2738.785
2025-01-28T08:00:00,2738.865,2741.665,2734.738,2741.045
2025-01-28T09:00:00,2741.115,2744.918,2740.295,2743.225
2025-01-28T10:00:00,2743.205,2744.975,2740.805,2742.995
2025-01-28T11:00:00,2742.995,2744.435,2741.405,2742.585
2025-01-28T12:00:00,2742.555,2745.405,2740.995,2745.395
2025-01-28T13:00:00,2745.415,2749.395,2744.985,2748.578
2025-01-28T14:00:00,2748.648,2756.205,2748.648,2753.295
2025-01-28T15:00:00,2753.288,2757.125,2750.925,2755.148
2025-01-28T16:00:00,2755.148,2759.308,2755.045,2758.425
2025-01-28T17:00:00,2758.425,2759.915,2757.285,2759.545
2025-01-28T18:00:00,2759.585,2763.318,2758.985,2761.948
2025-01-28T19:00:00,2761.918,2764.875,2761.065,2764.735
2025-01-28T20:00:00,2764.635,2764.875,2762.205,2763.998
2025-01-28T21:00:00,2763.948,2764.155,2762.715,2763.005
2025-01-28T23:00:00,2762.448,2764.025,2761.855,2762.545
2025-01-29T00:00:00,2762.575,2764.595,2762.105,2763.755
2025-01-29T01:00:00,2763.708,2765.985,2763.475,2763.605
2025-01-29T02:00:00,2763.605,2765.525,2763.305,2764.075
2025-01-29T03:00:00,2764.095,2764.355,2762.135,2762.545
2025-01-29T04:00:00,2762.538,2764.205,2761.385,2762.295
2025-01-29T05:00:00,2762.245,2762.915,2759.965,2760.565
2025-01-29T06:00:00,2760.705,2761.955,2759.025,2759.025
2025-01-29T07:00:00,2759.055,2760.475,2757.275,2759.025
2025-01-29T08:00:00,2759.015,2765.928,2759.015,2763.885
2025-01-29T09:00:00,2763.945,2764.265,2760.295,2762.538
2025-01-29T10:00:00,2762.535,2763.135,2756.848,2757.985
2025-01-29T11:00:00,2758.005,2759.715,2757.248,2758.935
2025-01-29T12:00:00,2758.925,2758.995,2755.385,2756.365
2025-01-29T13:00:00,2756.395,2759.375,2752.095,2758.495
2025-01-29T14:00:00,2758.525,2760.925,2756.375,2759.175
2025-01-29T15:00:00,2759.295,2759.615,2748.0,2754.015
2025-01-29T16:00:00,2754.025,2756.145,2748.265,2751.415
2025-01-29T17:00:00,2751.445,2754.275,2750.805,2752.795
2025-01-29T18:00:00,2752.775,2753.765,2748.625,2751.0
2025-01-29T19:00:00,2751.0,2757.488,2745.0,2754.945
2025-01-29T20:00:00,2754.905,2758.965,2752.425,2754.808
2025-01-29T21:00:00,2754.758,2759.425,2753.895,2758.615
2025-01-29T23:00:00,2758.595,2760.415,2757.348,2760.035
2025-01-30T00:00:00,2760.035,2762.405,2758.785,2761.828
2025-01-30T01:00:00,2761.925,2761.925,2758.785,2760.015
2025-01-30T02:00:00,2760.015,2761.348,2758.915,2760.205
2025-01-30T03:00:00,2760.145,2762.305,2758.995,2761.565
2025-01-30T04:00:00,2761.585,2763.165,2759.625,2760.185
2025-01-30T05:00:00,2760.185,2761.035,2758.475,2760.455
2025-01-30T06:00:00,2760.445,2766.248,2760.045,2765.248
2025-01-30T07:00:00,2765.248,2769.308,2764.658,2768.925
2025-01-30T08:00:00,2768.955,2776.435,2768.265,2776.055
2025-01-30T09:00:00,2776.075,2776.195,2771.215,2774.105
2025-01-30T10:00:00,2773.985,2779.125,2773.595,2778.225
2025-01-30T11:00:00,2778.235,2779.415,2777.055,2777.625
2025-01-30T12:00:00,2777.625,2781.115,2776.025,2780.115
2025-01-30T13:00:00,2779.985,2785.808,2776.955,2785.498
2025-01-30T14:00:00,2785.525,2789.055,2779.945,2786.708
2025-01-30T15:00:00,2786.708,2796.685,2786.235,2795.335
2025-01-30T16:00:00,2795.355,2798.305,2790.015,2790.545
2025-01-30T17:00:00,2790.535,2795.665,2788.435,2795.385
2025-01-30T18:00:00,2795.378,2796.965,2791.895,2794.805
2025-01-30T19:00:00,2794.715,2795.068,2790.578,2793.265
2025-01-30T20:00:00,2793.265,2798.075,2792.165,2795.465
2025-01-30T21:00:00,2795.465,2798.135,2789.405,2793.465
2025-01-30T23:00:00,2793.148,2796.578,2791.048,2795.965
2025-01-31T00:00:00,2795.948,2799.375,2794.265,2795.705
2025-01-31T01:00:00,2795.685,2796.495,2794.525,2796.185
2025-01-31T02:00:00,2796.185,2798.005,2794.665,2796.015
2025-01-31T03:00:00,2796.005,2798.065,2795.505,2796.195
2025-01-31T04:00:00,2796.185,2796.245,2794.345,2795.835
2025-01-31T05:00:00,2795.835,2796.295,2793.735,2795.445
2025-01-31T06:00:00,2795.435,2795.645,2791.905,2792.645
2025-01-31T07:00:00,2792.685,2800.645,2791.915,2798.075
2025-01-31T08:00:00,2798.055,2799.275,2791.385,2793.135
2025-01-31T09:00:00,2793.185,2796.315,2792.455,2793.395
2025-01-31T10:00:00,2793.395,2795.095,2790.895,2794.095
2025-01-31T11:00:00,2793.905,2800.535,2792.225,2799.985
2025-01-31T12:00:00,2799.905,2807.565,2799.485,2805.265
2025-01-31T13:00:00,2805.125,2808.315,2802.818,2806.155
2025-01-31T14:00:00,2806.148,2812.475,2804.418,2812.195
2025-01-31T15:00:00,2812.235,2816.935,2808.115,2808.935
2025-01-31T16:00:00,2809.085,2810.115,2804.835,2807.295
2025-01-31T17:00:00,2807.315,2816.088,2802.895,2808.475
2025-01-31T18:00:00,2808.468,2808.875,2795.075,2798.685
2025-01-31T19:00:00,2798.725,2802.595,2794.818,2795.905
2025-01-31T20:00:00,2795.955,2801.988,2793.965,2800.698
2025-01-31T21:00:00,2800.738,2802.295,2796.605,2798.085
2025-02-02T23:00:00,2793.987,2803.148,2782.548,2792.545
2025-02-03T00:00:00,2792.108,2795.598,2789.575,2792.005
2025-02-03T01:00:00,2791.975,2792.035,2777.845,2782.095
2025-02-03T02:00:00,2782.075,2782.595,2773.345,2777.925
2025-02-03T03:00:00,2777.935,2778.315,2771.885,2774.225
2025-02-03T04:00:00,2774.195,2782.865,2773.935,2780.595
2025-02-03T05:00:00,2780.575,2784.925,2779.775,2782.905
2025-02-03T06:00:00,2782.865,2787.948,2782.738,2786.515
2025-02-03T07:00:00,2786.545,2789.645,2785.095,2789.155
2025-02-03T08:00:00,2789.155,2800.305,2786.755,2796.565
2025-02-03T09:00:00,2796.585,2800.678,2794.485,2796.188
2025-02-03T10:00:00,2796.198,2799.945,2792.765,2797.858
2025-02-03T11:00:00,2797.858,2804.135,2797.705,2801.048
2025-02-03T12:00:00,2801.048,2810.505,2800.208,2810.188
2025-02-03T13:00:00,2810.188,2811.725,2807.208,2810.875
2025-02-03T14:00:00,2810.975,2830.305,2809.945,2829.538
2025-02-03T15:00:00,2829.265,2829.865,2813.035,2817.215
2025-02-03T16:00:00,2817.215,2824.985,2812.828,2813.965
2025-02-03T17:00:00,2813.955,2822.065,2813.525,2816.985
2025-02-03T18:00:00,2816.955,2821.655,2815.595,2820.915
2025-02-03T19:00:00,2820.935,2822.765,2817.805,2818.078
2025-02-03T20:00:00,2818.095,2819.295,2815.445,2816.485
2025-02-03T21:00:00,2816.485,2817.348,2812.275,2813.935
2025-02-03T23:00:00,2812.248,2814.805,2810.978,2813.548
2025-02-04T00:00:00,2813.525,2817.265,2812.305,2816.855
2025-02-04T01:00:00,2817.215,2824.175,2815.685,2823.265
2025-02-04T02:00:00,2823.265,2824.445,2816.555,2820.975
2025-02-04T03:00:00,2820.935,2824.018,2817.205,2821.225
2025-02-04T04:00:00,2821.235,2821.315,2817.638,2818.815
2025-02-04T05:00:00,2818.825,2819.105,2813.125,2815.468
2025-02-04T06:00:00,2815.465,2815.848,2810.648,2813.355
2025-02-04T07:00:00,2813.385,2814.265,2806.925,2812.535
2025-02-04T08:00:00,2812.595,2819.028,2809.918,2814.965
2025-02-04T09:00:00,2814.945,2821.675,2813.895,2820.265
2025-02-04T10:00:00,2820.255,2820.255,2812.385,2814.655
2025-02-04T11:00:00,2814.655,2816.625,2813.125,2815.275
2025-02-04T12:00:00,2815.295,2822.875,2814.275,2821.615
2025-02-04T13:00:00,2821.635,2837.045,2821.205,2831.545
2025-02-04T14:00:00,2831.555,2841.145,2828.885,2837.995
2025-02-04T15:00:00,2837.995,2845.335,2833.575,2835.705
2025-02-04T16:00:00,2835.685,2842.295,2832.405,2840.305
2025-02-04T17:00:00,2840.325,2844.505,2839.295,2843.845
2025-02-04T18:00:00,2843.785,2844.875,2842.248,2842.558
2025-02-04T19:00:00,2842.558,2844.035,2841.665,2842.915
2025-02-04T20:00:00,2842.915,2844.645,2840.695,2844.135
2025-02-04T21:00:00,2844.155,2844.648,2840.698,2841.235
2025-02-04T23:00:00,2840.755,2842.445,2840.148,2841.035
2025-02-05T00:00:00,2841.095,2847.995,2840.515,2845.085
2025-02-05T01:00:00,2845.105,2848.685,2839.335,2844.265
2025-02-05T02:00:00,2844.285,2853.665,2843.755,2850.815
2025-02-05T03:00:00,2850.815,2854.205,2849.595,2852.135
2025-02-05T04:00:00,2852.085,2857.984,2851.655,2854.975
2025-02-05T05:00:00,2854.995,2860.415,2853.445,2858.945
2025-02-05T06:00:00,2858.935,2861.685,2856.765,2859.065
2025-02-05T07:00:00,2859.015,2864.075,2854.705,2863.985
2025-02-05T08:00:00,2863.945,2869.485,2863.405,2867.345
2025-02-05T09:00:00,2867.315,2872.055,2865.265,2870.075
2025-02-05T10:00:00,2870.115,2876.905,2865.875,2867.635
2025-02-05T11:00:00,2867.665,2870.335,2864.595,2868.335
2025-02-05T12:00:00,2868.355,2870.715,2866.835,2870.195
2025-02-05T13:00:00,2870.135,2870.535,2858.315,2861.505
2025-02-05T14:00:00,2861.525,2872.465,2860.475,2870.008
2025-02-05T15:00:00,2869.895,2882.215,2869.895,2879.975
2025-02-05T16:00:00,2879.958,2880.985,2862.855,2874.795
2025-02-05T17:00:00,2874.775,2876.548,2871.195,2872.785
2025-02-05T18:00:00,2872.805,2873.325,2863.665,2865.475
2025-02-05T19:00:00,2865.455,2868.855,2862.565,2863.345
2025-02-05T20:00:00,2863.375,2865.985,2859.805,2862.485
2025-02-05T21:00:00,2862.365,2867.195,2860.935,2866.235
2025-02-05T23:00:00,2865.995,2870.775,2864.785,2868.985
2025-02-06T00:00:00,2868.985,2869.665,2867.048,2869.535
2025-02-06T01:00:00,2869.565,2871.735,2863.448,2871.425
2025-02-06T02:00:00,2871.575,2873.085,2868.138,2870.298
2025-02-06T03:00:00,2870.318,2870.318,2864.118,2869.165
2025-02-06T04:00:00,2869.185,2872.145,2868.048,2868.218
2025-02-06T05:00:00,2868.135,2869.695,2865.235,2868.185
2025-02-06T06:00:00,2868.175,2871.235,2858.358,2859.005
2025-02-06T07:00:00,2859.025,2861.625,2854.745,2855.465
2025-02-06T08:00:00,2855.465,2858.285,2848.535,2855.978
2025-02-06T09:00:00,2855.978,2859.945,2855.585,2859.205
2025-02-06T10:00:00,2859.205,2861.738,2855.445,2859.035
2025-02-06T11:00:00,2858.975,2867.265,2857.918,2865.785
2025-02-06T12:00:00,2865.805,2870.045,2863.435,2864.245
2025-02-06T13:00:00,2864.235,2864.775,2855.375,2856.565
2025-02-06T14:00:00,2856.555,2859.675,2840.915,2841.665
2025-02-06T15:00:00,2841.665,2853.085,2833.955,2850.465
2025-02-06T16:00:00,2850.475,2854.655,2848.695,2848.715
2025-02-06T17:00:00,2848.705,2852.525,2847.985,2852.195
2025-02-06T18:00:00,2852.195,2853.565,2849.685,2852.485
2025-02-06T19:00:00,2852.525,2854.015,2850.155,2853.755
2025-02-06T20:00:00,2853.725,2857.195,2853.495,2856.348
2025-02-06T21:00:00,2856.475,2857.055,2854.665,2855.945
2025-02-06T23:00:00,2855.298,2858.555,2854.898,2857.835
2025-02-07T00:00:00,2857.845,2860.255,2857.815,2858.275
2025-02-07T01:00:00,2858.275,2868.075,2857.415,2866.035
2025-02-07T02:00:00,2866.015,2869.085,2865.295,2868.595
2025-02-07T03:00:00,2868.605,2870.395,2865.728,2867.025
2025-02-07T04:00:00,2867.025,2869.385,2865.848,2866.195
2025-02-07T05:00:00,2866.248,2866.945,2861.845,2861.925
2025-02-07T06:00:00,2861.865,2865.945,2858.845,2860.545
2025-02-07T07:00:00,2860.585,2865.545,2860.085,2864.015
2025-02-07T08:00:00,2864.075,2866.575,2863.035,2866.175
2025-02-07T09:00:00,2866.165,2870.505,2865.425,2868.795
2025-02-07T10:00:00,2868.855,2869.085,2863.255,2867.385
2025-02-07T11:00:00,2867.365,2868.095,2864.875,2867.525
2025-02-07T12:00:00,2867.535,2867.915,2863.235,2863.465
2025-02-07T13:00:00,2863.525,2870.498,2852.085,2862.418
2025-02-07T14:00:00,2862.418,2878.038,2855.975,2875.808
2025-02-07T15:00:00,2875.465,2886.605,2873.065,2880.135
2025-02-07T16:00:00,2880.235,2881.335,2860.335,2860.595
2025-02-07T17:00:00,2860.585,2862.515,2853.135,2859.895
2025-02-07T18:00:00,2859.895,2864.905,2859.585,2860.998
2025-02-07T19:00:00,2860.995,2863.155,2858.695,2859.865
2025-02-07T20:00:00,2859.925,2863.685,2859.185,2860.485
2025-02-07T21:00:00,2860.485,2863.115,2859.698,2860.135
2025-02-09T23:00:00,2858.065,2870.305,2854.448,2867.198
2025-02-10T00:00:00,2867.198,2868.855,2865.558,2867.825
2025-02-10T01:00:00,2867.855,2876.365,2865.855,2871.705
2025-02-10T02:00:00,2871.695,2874.765,2871.115,2873.735
2025-02-10T03:00:00,2873.735,2875.505,2871.235,2875.355
2025-02-10T04:00:00,2875.375,2879.365,2874.175,2879.065
2025-02-10T05:00:00,2879.045,2879.795,2875.915,2879.065
2025-02-10T06:00:00,2879.045,2892.125,2878.698,2888.055
2025-02-10T07:00:00,2888.015,2896.465,2886.645,2895.395
2025-02-10T08:00:00,2895.395,2898.829,2892.085,2896.425
2025-02-10T09:00:00,2896.395,2903.165,2896.025,2902.855
2025-02-10T10:00:00,2902.885,2906.135,2898.0,2902.255
2025-02-10T11:00:00,2902.265,2905.598,2898.095,2904.405
2025-02-10T12:00:00,2904.375,2906.905,2902.515,2902.725
2025-02-10T13:00:00,2902.675,2910.845,2899.535,2900.678
2025-02-10T14:00:00,2900.655,2909.095,2896.205,2908.565
2025-02-10T15:00:00,2908.565,2911.655,2904.235,2908.855
2025-02-10T16:00:00,2908.905,2910.095,2898.785,2900.885
2025-02-10T17:00:00,2900.875,2904.335,2896.315,2902.915
2025-02-10T18:00:00,2902.905,2906.875,2900.645,2904.925
2025-02-10T19:00:00,2904.955,2906.485,2902.325,2904.185
2025-02-10T20:00:00,2904.165,2907.605,2902.675,2907.148
2025-02-10T21:00:00,2907.109,2908.168,2905.085,2907.365
2025-02-10T23:00:00,2906.968,2921.455,2906.968,2917.655
2025-02-11T00:00:00,2917.685,2924.848,2916.135,2922.115
2025-02-11T01:00:00,2922.228,2936.035,2919.208,2933.748
2025-02-11T02:00:00,2933.748,2942.665,2905.015,2918.448
2025-02-11T03:00:00,2918.248,2925.565,2911.095,2919.318
2025-02-11T04:00:00,2919.325,2920.595,2914.645,2916.035
2025-02-11T05:00:00,2916.035,2923.545,2915.125,2922.585
2025-02-11T06:00:00,2922.585,2929.275,2915.165,2917.655
2025-02-11T07:00:00,2917.635,2918.115,2907.095,2913.275
2025-02-11T08:00:00,2913.245,2914.988,2906.845,2907.245
2025-02-11T09:00:00,2907.195,2912.035,2902.795,2903.005
2025-02-11T10:00:00,2902.968,2906.965,2901.715,2902.535
2025-02-11T11:00:00,2902.455,2906.605,2902.065,2903.775
2025-02-11T12:00:00,2903.765,2904.165,2886.365,2889.325
2025-02-11T13:00:00,2889.035,2898.095,2881.635,2896.205
2025-02-11T14:00:00,2896.255,2904.135,2894.575,2896.235
2025-02-11T15:00:00,2896.025,2906.435,2890.675,2904.595
2025-02-11T16:00:00,2904.605,2908.475,2902.125,2902.215
2025-02-11T17:00:00,2902.195,2907.155,2899.455,2905.365
2025-02-11T18:00:00,2905.365,2906.985,2903.075,2905.595
2025-02-11T19:00:00,2905.569,2906.325,2899.605,2900.125
2025-02-11T20:00:00,2900.125,2900.385,2893.855,2897.345
2025-02-11T21:00:00,2897.455,2899.705,2896.755,2897.325
2025-02-11T23:00:00,2896.578,2900.585,2895.848,2898.375
2025-02-12T00:00:00,2898.375,2898.765,2889.065,2892.135
2025-02-12T01:00:00,2892.085,2897.575,2883.345,2893.125
2025-02-12T02:00:00,2893.125,2897.745,2891.585,2892.265
2025-02-12T03:00:00,2892.245,2892.895,2886.615,2888.855
2025-02-12T04:00:00,2888.765,2890.355,2883.895,2885.005
2025-02-12T05:00:00,2885.215,2887.795,2883.505,2886.145
2025-02-12T06:00:00,2886.145,2894.395,2885.435,2892.435
2025-02-12T07:00:00,2892.425,2895.705,2890.615,2892.655
2025-02-12T08:00:00,2892.715,2893.915,2887.865,2891.545
2025-02-12T09:00:00,2891.555,2893.295,2886.148,2886.495
2025-02-12T10:00:00,2886.545,2889.805,2879.098,2882.545
2025-02-12T11:00:00,2882.485,2885.815,2879.159,2879.359
2025-02-12T12:00:00,2879.515,2885.779,2878.718,2884.849
2025-02-12T13:00:00,2884.889,2885.515,2863.685,2884.525
2025-02-12T14:00:00,2884.545,2897.805,2881.695,2894.155
2025-02-12T15:00:00,2894.185,2895.815,2886.585,2894.505
2025-02-12T16:00:00,2894.505,2904.295,2891.935,2902.285
2025-02-12T17:00:00,2902.295,2909.035,2901.735,2902.618
2025-02-12T18:00:00,2902.635,2903.615,2900.245,2900.768
2025-02-12T19:00:00,2900.808,2901.605,2893.385,2897.675
2025-02-12T20:00:00,2897.695,2901.255,2895.305,2900.815
2025-02-12T21:00:00,2900.809,2904.165,2899.915,2903.975
2025-02-12T23:00:00,2903.485,2906.398,2900.225,2905.498
2025-02-13T00:00:00,2905.498,2908.898,2904.228,2906.065
2025-02-13T01:00:00,2906.005,2907.195,2901.188,2905.915
2025-02-13T02:00:00,2905.875,2908.835,2905.108,2908.595
2025-02-13T03:00:00,2908.575,2917.855,2907.228,2916.285
2025-02-13T04:00:00,2916.275,2919.035,2916.045,2918.355
2025-02-13T05:00:00,2918.395,2922.575,2916.405,2917.845
2025-02-13T06:00:00,2917.835,2918.745,2912.348,2915.855
2025-02-13T07:00:00,2915.845,2920.275,2912.995,2914.385
2025-02-13T08:00:00,2914.315,2917.905,2909.305,2911.525
2025-02-13T09:00:00,2911.535,2918.225,2909.645,2915.135
2025-02-13T10:00:00,2915.035,2919.225,2913.725,2917.775
2025-02-13T11:00:00,2917.705,2918.305,2915.165,2917.725
2025-02-13T12:00:00,2917.785,2921.105,2915.345,2917.455
2025-02-13T13:00:00,2917.455,2917.705,2905.548,2908.405
2025-02-13T14:00:00,2908.375,2917.205,2906.395,2914.905
2025-02-13T15:00:00,2914.895,2920.815,2914.375,2920.105
2025-02-13T16:00:00,2920.095,2920.715,2912.885,2913.685
2025-02-13T17:00:00,2913.655,2918.935,2913.365,2918.745
2025-02-13T18:00:00,2918.785,2925.115,2913.985,2923.805
2025-02-13T19:00:00,2923.805,2927.305,2923.698,2926.745
2025-02-13T20:00:00,2926.715,2928.865,2924.665,2928.275
2025-02-13T21:00:00,2928.245,2929.395,2927.145,2927.305
2025-02-13T23:00:00,2926.735,2932.215,2926.675,2930.935
2025-02-14T00:00:00,2930.935,2931.235,2927.298,2927.645
2025-02-14T01:00:00,2927.745,2933.705,2927.675,2929.675
2025-02-14T02:00:00,2929.715,2930.325,2925.805,2927.125
2025-02-14T03:00:00,2927.125,2930.215,2922.915,2924.175
2025-02-14T04:00:00,2924.169,2928.985,2923.615,2928.235
2025-02-14T05:00:00,2928.265,2932.275,2926.525,2930.618
2025-02-14T06:00:00,2930.578,2936.635,2929.695,2934.215
2025-02-14T07:00:00,2934.195,2935.005,2930.335,2931.645
2025-02-14T08:00:00,2931.665,2938.385,2930.615,2934.985
2025-02-14T09:00:00,2934.925,2938.685,2933.895,2934.985
2025-02-14T10:00:00,2934.985,2939.935,2934.035,2935.685
2025-02-14T11:00:00,2935.715,2937.465,2929.125,2930.955
2025-02-14T12:00:00,2930.915,2932.975,2927.655,2930.615
2025-02-14T13:00:00,2930.585,2933.145,2917.415,2920.385
2025-02-14T14:00:00,2920.445,2928.345,2914.105,2920.945
2025-02-14T15:00:00,2920.945,2921.575,2892.795,2901.805
2025-02-14T16:00:00,2901.675,2903.645,2888.345,2895.655
2025-02-14T17:00:00,2895.645,2897.225,2885.165,2886.765
2025-02-14T18:00:00,2886.895,2887.785,2881.925,2883.575
2025-02-14T19:00:00,2883.585,2885.725,2878.595,2880.435
2025-02-14T20:00:00,2880.435,2886.125,2876.805,2885.248
2025-02-14T21:00:00,2885.248,2885.555,2881.635,2882.085
2025-02-16T23:00:00,2881.745,2893.405,2878.015,2879.075
2025-02-17T00:00:00,2879.095,2887.995,2879.095,2883.275
2025-02-17T01:00:00,2883.285,2896.385,2882.195,2895.355
2025-02-17T02:00:00,2895.385,2899.635,2893.585,2899.005
2025-02-17T03:00:00,2898.995,2904.465,2897.585,2903.275
2025-02-17T04:00:00,2903.265,2904.775,2898.295,2898.898
2025-02-17T05:00:00,2898.925,2905.075,2895.765,2895.915
2025-02-17T06:00:00,2895.895,2897.485,2888.155,2896.325
2025-02-17T07:00:00,2896.395,2903.475,2896.305,2902.315
2025-02-17T08:00:00,2902.405,2902.525,2894.985,2900.035
2025-02-17T09:00:00,2900.029,2906.215,2900.025,2902.375
2025-02-17T10:00:00,2902.305,2902.805,2895.375,2902.655
2025-02-17T11:00:00,2902.675,2903.695,2897.688,2900.825
2025-02-17T12:00:00,2900.795,2901.445,2895.328,2897.315
2025-02-17T13:00:00,2897.308,2898.955,2895.428,2896.625
2025-02-17T14:00:00,2896.615,2903.705,2896.245,2902.865
2025-02-17T15:00:00,2902.928,2903.945,2897.785,2899.105
2025-02-17T16:00:00,2899.085,2901.038,2896.355,2899.035
2025-02-17T17:00:00,2899.045,2899.625,2897.805,2898.385
2025-02-17T18:00:00,2898.335,2899.055,2896.878,2898.045
2025-02-17T19:00:00,2898.045,2898.395,2896.625,2898.275
2025-02-17T23:00:00,2898.545,2899.285,2896.895,2899.175
2025-02-18T00:00:00,2899.135,2900.185,2898.125,2899.135
2025-02-18T01:00:00,2899.145,2899.698,2891.775,2895.475
2025-02-18T02:00:00,2895.455,2905.005,2895.195,2902.915
2025-02-18T03:00:00,2902.935,2910.675,2902.605,2908.755
2025-02-18T04:00:00,2908.735,2910.785,2907.045,2910.555
2025-02-18T05:00:00,2910.875,2915.535,2909.625,2910.315
2025-02-18T06:00:00,2910.288,2914.245,2909.585,2913.585
2025-02-18T07:00:00,2913.575,2915.108,2908.335,2911.405
2025-02-18T08:00:00,2911.395,2913.165,2908.175,2912.165
2025-02-18T09:00:00,2912.155,2913.245,2909.845,2912.525
2025-02-18T10:00:00,2912.445,2913.385,2906.915,2911.145
2025-02-18T11:00:00,2911.185,2914.645,2909.525,2914.045
2025-02-18T12:00:00,2914.045,2918.755,2911.965,2917.985
2025-02-18T13:00:00,2917.985,2921.135,2913.115,2918.565
2025-02-18T14:00:00,2918.565,2928.495,2917.595,2927.635
2025-02-18T15:00:00,2927.715,2929.525,2923.409,2926.885
2025-02-18T16:00:00,2926.885,2933.495,2923.955,2932.595
2025-02-18T17:00:00,2932.595,2933.325,2929.278,2930.818
2025-02-18T18:00:00,2930.818,2933.565,2928.108,2933.065
2025-02-18T19:00:00,2933.035,2936.825,2931.698,2935.575
2025-02-18T20:00:00,2935.575,2936.575,2932.255,2933.215
2025-02-18T21:00:00,2933.305,2936.485,2933.055,2934.565
2025-02-18T23:00:00,2934.248,2935.148,2932.915,2933.778
2025-02-19T00:00:00,2933.778,2934.125,2928.255,2929.035
2025-02-19T01:00:00,2928.825,2939.415,2927.575,2938.255
2025-02-19T02:00:00,2938.265,2939.465,2924.0,2929.015
2025-02-19T03:00:00,2928.975,2930.285,2924.665,2928.685
2025-02-19T04:00:00,2928.645,2929.345,2926.305,2929.145
2025-02-19T05:00:00,2929.215,2934.305,2927.775,2932.685
2025-02-19T06:00:00,2932.545,2935.655,2930.525,2931.265
2025-02-19T07:00:00,2931.225,2935.655,2930.215,2934.045
2025-02-19T08:00:00,2933.995,2939.985,2933.515,2938.435
2025-02-19T09:00:00,2938.415,2946.395,2938.025,2945.265
2025-02-19T10:00:00,2945.305,2946.865,2942.475,2944.665
2025-02-19T11:00:00,2944.635,2945.955,2933.948,2934.785
2025-02-19T12:00:00,2934.779,2936.585,2931.075,2933.315
2025-02-19T13:00:00,2933.315,2941.515,2932.335,2936.185
2025-02-19T14:00:00,2936.155,2940.425,2929.975,2937.945
2025-02-19T15:00:00,2937.855,2939.175,2925.395,2925.615
2025-02-19T16:00:00,2925.555,2930.685,2922.855,2927.845
2025-02-19T17:00:00,2927.838,2929.665,2921.255,2923.565
2025-02-19T18:00:00,2923.555,2926.545,2918.365,2924.278
2025-02-19T19:00:00,2924.278,2932.175,2922.728,2931.675
2025-02-19T20:00:00,2931.695,2936.425,2931.165,2935.658
2025-02-19T21:00:00,2935.675,2937.268,2932.075,2932.985
2025-02-19T23:00:00,2932.538,2936.135,2932.538,2935.085
2025-02-20T00:00:00,2935.125,2941.195,2935.105,2940.685
2025-02-20T01:00:00,2940.695,2942.148,2934.295,2936.695
2025-02-20T02:00:00,2936.675,2941.365,2933.615,2940.715
2025-02-20T03:00:00,2940.538,2943.815,2940.365,2941.735
2025-02-20T04:00:00,2941.715,2942.425,2939.145,2939.645
2025-02-20T05:00:00,2939.735,2946.685,2939.125,2946.655
2025-02-20T06:00:00,2946.748,2948.845,2943.755,2947.535
2025-02-20T07:00:00,2947.565,2954.125,2946.225,2948.805
2025-02-20T08:00:00,2948.825,2954.645,2948.765,2954.315
2025-02-20T09:00:00,2954.335,2954.755,2949.615,2951.305
2025-02-20T10:00:00,2951.315,2954.695,2949.035,2952.135
2025-02-20T11:00:00,2952.145,2952.725,2947.015,2948.538
2025-02-20T12:00:00,2948.538,2950.635,2938.448,2945.485
2025-02-20T13:00:00,2945.385,2947.565,2933.808,2933.825
2025-02-20T14:00:00,2933.808,2939.805,2923.945,2934.848
2025-02-20T15:00:00,2934.948,2939.475,2931.475,2938.445
2025-02-20T16:00:00,2938.435,2945.475,2935.785,2942.875
2025-02-20T17:00:00,2942.845,2946.885,2939.855,2940.325
2025-02-20T18:00:00,2940.255,2942.315,2937.235,2941.655
2025-02-20T19:00:00,2941.725,2941.795,2933.165,2937.735
2025-02-20T20:00:00,2937.755,2938.565,2935.355,2937.775
2025-02-20T21:00:00,2937.665,2940.088,2937.205,2938.995
2025-02-20T23:00:00,2938.165,2943.235,2937.645,2941.205
2025-02-21T00:00:00,2941.255,2942.645,2936.898,2939.795
2025-02-21T01:00:00,2939.795,2949.545,2926.495,2928.575
2025-02-21T02:00:00,2928.495,2940.935,2926.238,2939.015
2025-02-21T03:00:00,2939.045,2939.545,2926.815,2930.965
2025-02-21T04:00:00,2930.925,2932.105,2926.358,2928.275
2025-02-21T05:00:00,2928.195,2933.815,2923.955,2930.005
2025-02-21T06:00:00,2929.955,2931.365,2925.398,2929.195
2025-02-21T07:00:00,2929.255,2932.965,2928.795,2929.885
2025-02-21T08:00:00,2929.885,2931.175,2916.615,2923.095
2025-02-21T09:00:00,2923.065,2929.545,2922.835,2929.175
2025-02-21T10:00:00,2929.205,2930.955,2928.745,2930.395
2025-02-21T11:00:00,2930.425,2935.935,2927.795,2928.195
2025-02-21T12:00:00,2928.185,2935.045,2927.348,2929.925
2025-02-21T13:00:00,2929.935,2934.475,2926.675,2930.785
2025-02-21T14:00:00,2930.755,2938.815,2927.955,2933.045
2025-02-21T15:00:00,2933.175,2935.565,2921.355,2928.485
2025-02-21T16:00:00,2928.485,2938.305,2927.165,2936.545
2025-02-21T17:00:00,2936.575,2941.515,2935.955,2939.585
2025-02-21T18:00:00,2939.685,2942.625,2937.525,2941.615
2025-02-21T19:00:00,2941.615,2942.505,2932.785,2933.205
2025-02-21T20:00:00,2933.185,2937.045,2932.285,2934.525
2025-02-21T21:00:00,2934.555,2938.025,2931.935,2934.955
2025-02-23T23:00:00,2934.815,2940.068,2933.198,2936.635
2025-02-24T00:00:00,2936.485,2937.748,2929.215,2930.055
2025-02-24T01:00:00,2930.035,2931.245,2921.055,2927.745
2025-02-24T02:00:00,2927.845,2940.775,2924.825,2940.635
2025-02-24T03:00:00,2940.645,2944.575,2939.635,2940.935
2025-02-24T04:00:00,2940.975,2942.775,2937.395,2940.485
2025-02-24T05:00:00,2940.505,2941.855,2935.385,2936.275
2025-02-24T06:00:00,2936.175,2941.655,2935.115,2938.495
2025-02-24T07:00:00,2938.495,2944.795,2938.205,2943.705
2025-02-24T08:00:00,2943.795,2948.665,2938.105,2946.185
2025-02-24T09:00:00,2946.085,2948.045,2942.665,2944.085
2025-02-24T10:00:00,2944.005,2944.525,2934.735,2938.125
2025-02-24T11:00:00,2938.185,2948.105,2937.525,2947.615
2025-02-24T12:00:00,2947.585,2951.015,2945.255,2946.385
2025-02-24T13:00:00,2946.355,2954.465,2946.125,2954.305
2025-02-24T14:00:00,2954.315,2956.035,2934.445,2938.595
2025-02-24T15:00:00,2938.515,2940.385,2930.585,2936.375
2025-02-24T16:00:00,2936.355,2943.445,2936.345,2943.225
2025-02-24T17:00:00,2943.225,2944.615,2940.845,2943.035
2025-02-24T18:00:00,2943.065,2947.855,2942.535,2947.185
2025-02-24T19:00:00,2947.235,2949.685,2946.625,2948.995
2025-02-24T20:00:00,2948.995,2951.405,2946.805,2950.395
2025-02-24T21:00:00,2950.365,2952.905,2950.125,2952.725
2025-02-24T23:00:00,2952.315,2953.348,2948.005,2949.795
2025-02-25T00:00:00,2949.745,2952.405,2947.955,2949.455
2025-02-25T01:00:00,2949.475,2952.245,2944.995,2949.445
2025-02-25T02:00:00,2949.465,2951.948,2946.885,2948.445
2025-02-25T03:00:00,2948.475,2949.335,2937.178,2939.315
2025-02-25T04:00:00,2939.295,2939.548,2935.0,2936.645
2025-02-25T05:00:00,2936.625,2940.855,2936.465,2937.708
2025-02-25T06:00:00,2937.538,2938.275,2933.305,2935.635
2025-02-25T07:00:00,2935.665,2940.205,2930.575,2931.555
2025-02-25T08:00:00,2931.585,2942.235,2929.365,2941.455
2025-02-25T09:00:00,2941.445,2942.285,2937.285,2938.648
2025-02-25T10:00:00,2938.638,2941.345,2937.195,2937.248
2025-02-25T11:00:00,2937.215,2940.355,2936.815,2938.475
2025-02-25T12:00:00,2938.535,2941.125,2923.805,2928.385
2025-02-25T13:00:00,2928.405,2937.785,2925.995,2937.035
2025-02-25T14:00:00,2937.025,2944.648,2931.598,2932.045
2025-02-25T15:00:00,2931.848,2934.705,2900.475,2905.775
2025-02-25T16:00:00,2905.725,2906.628,2888.085,2896.245
2025-02-25T17:00:00,2896.235,2908.805,2893.455,2907.435
2025-02-25T18:00:00,2907.435,2912.065,2905.235,2909.385
2025-02-25T19:00:00,2909.315,2913.665,2905.605,2911.915
2025-02-25T20:00:00,2911.895,2913.235,2910.655,2912.555
2025-02-25T21:00:00,2912.575,2917.155,2912.525,2914.348
2025-02-25T23:00:00,2913.965,2918.805,2913.325,2918.405
2025-02-26T00:00:00,2918.485,2925.945,2918.445,2923.335
2025-02-26T01:00:00,2923.335,2929.995,2915.015,2917.645
2025-02-26T02:00:00,2917.625,2922.945,2914.588,2920.808
2025-02-26T03:00:00,2920.808,2921.425,2916.345,2916.985
2025-02-26T04:00:00,2916.985,2918.755,2912.485,2914.875
2025-02-26T05:00:00,2914.905,2920.865,2914.625,2915.215
2025-02-26T06:00:00,2915.155,2916.035,2906.445,2906.445
2025-02-26T07:00:00,2906.575,2917.305,2905.595,2915.275
2025-02-26T08:00:00,2915.275,2918.265,2909.345,2917.835
2025-02-26T09:00:00,2917.795,2918.865,2912.008,2912.978
2025-02-26T10:00:00,2912.958,2916.695,2910.778,2912.495
2025-02-26T11:00:00,2912.505,2915.265,2911.945,2913.635
2025-02-26T12:00:00,2913.635,2915.375,2909.905,2913.615
2025-02-26T13:00:00,2913.655,2915.005,2905.325,2905.755
2025-02-26T14:00:00,2905.765,2906.065,2890.588,2900.575
2025-02-26T15:00:00,2900.778,2914.125,2898.388,2913.095
2025-02-26T16:00:00,2913.095,2916.605,2909.805,2912.935
2025-02-26T17:00:00,2912.935,2916.065,2910.135,2913.625
2025-02-26T18:00:00,2913.625,2916.095,2912.225,2914.705
2025-02-26T19:00:00,2914.725,2916.235,2913.095,2913.795
2025-02-26T20:00:00,2913.795,2916.565,2911.875,2916.125
2025-02-26T21:00:00,2916.075,2918.515,2915.685,2916.025
2025-02-26T23:00:00,2915.878,2920.615,2914.605,2918.995
2025-02-27T00:00:00,2918.975,2918.975,2915.575,2916.965
2025-02-27T01:00:00,2916.965,2918.215,2910.775,2912.465
2025-02-27T02:00:00,2912.445,2914.725,2904.125,2906.495
2025-02-27T03:00:00,2906.585,2908.965,2905.035,2905.455
2025-02-27T04:00:00,2905.545,2906.205,2895.975,2897.115
2025-02-27T05:00:00,2897.155,2898.335,2888.295,2890.625
2025-02-27T06:00:00,2890.665,2898.205,2890.335,2894.015
2025-02-27T07:00:00,2894.035,2896.595,2887.855,2891.865
2025-02-27T08:00:00,2891.725,2892.035,2880.135,2881.205
2025-02-27T09:00:00,2881.095,2893.315,2876.715,2887.215
2025-02-27T10:00:00,2887.215,2894.845,2886.375,2891.995
2025-02-27T11:00:00,2892.025,2894.715,2883.225,2883.935
2025-02-27T12:00:00,2883.875,2888.545,2882.915,2884.865
2025-02-27T13:00:00,2884.825,2891.955,2880.875,2888.668
2025-02-27T14:00:00,2888.425,2892.175,2867.565,2871.898
2025-02-27T15:00:00,2871.898,2882.395,2870.078,2872.088
2025-02-27T16:00:00,2871.928,2877.928,2871.478,2877.248
2025-02-27T17:00:00,2877.248,2883.588,2875.855,2882.988
2025-02-27T18:00:00,2882.935,2887.248,2882.548,2887.248
2025-02-27T19:00:00,2887.258,2887.508,2877.055,2879.025
2025-02-27T20:00:00,2879.035,2879.165,2872.538,2873.765
2025-02-27T21:00:00,2873.765,2877.775,2871.125,2876.485
2025-02-27T23:00:00,2876.298,2878.095,2874.475,2875.815
2025-02-28T00:00:00,2875.825,2880.125,2874.675,2876.755
2025-02-28T01:00:00,2876.858,2884.925,2873.625,2874.575
2025-02-28T02:00:00,2874.575,2877.648,2870.235,2873.275
2025-02-28T03:00:00,2873.275,2876.235,2863.428,2865.565
2025-02-28T04:00:00,2865.545,2865.865,2856.785,2863.278
2025-02-28T05:00:00,2863.268,2866.885,2861.608,2863.855
2025-02-28T06:00:00,2863.948,2866.495,2861.705,2863.375
2025-02-28T07:00:00,2863.395,2865.045,2857.175,2858.535
2025-02-28T08:00:00,2858.515,2860.145,2850.788,2855.865
2025-02-28T09:00:00,2855.845,2864.175,2855.665,2862.255
2025-02-28T10:00:00,2862.235,2864.745,2860.495,2862.545
2025-02-28T11:00:00,2862.525,2863.548,2858.805,2861.995
2025-02-28T12:00:00,2861.975,2864.725,2854.178,2856.148
2025-02-28T13:00:00,2856.145,2862.105,2848.068,2848.338
2025-02-28T14:00:00,2848.388,2851.455,2833.248,2833.675
2025-02-28T15:00:00,2833.665,2850.465,2832.455,2849.915
2025-02-28T16:00:00,2850.015,2853.795,2846.065,2848.485
2025-02-28T17:00:00,2848.475,2851.345,2844.325,2844.935
2025-02-28T18:00:00,2844.875,2847.458,2838.0,2844.998
2025-02-28T19:00:00,2845.065,2850.755,2843.765,2849.455
2025-02-28T20:00:00,2849.415,2854.935,2847.495,2854.475
2025-02-28T21:00:00,2854.495,2859.525,2853.145,2856.998
2025-03-02T23:00:00,2855.205,2876.905,2855.075,2870.608
2025-03-03T00:00:00,2870.608,2871.091,2864.895,2865.495
2025-03-03T01:00:00,2865.525,2871.848,2863.868,2870.765
2025-03-03T02:00:00,2870.735,2871.815,2867.848,2868.035
2025-03-03T03:00:00,2867.848,2867.848,2859.055,2864.655
2025-03-03T04:00:00,2864.648,2868.345,2862.875,2867.248
2025-03-03T05:00:00,2867.248,2867.325,2861.258,2863.695
2025-03-03T06:00:00,2863.675,2865.905,2861.575,2865.248
2025-03-03T07:00:00,2865.465,2866.205,2859.935,2863.165
2025-03-03T08:00:00,2863.205,2868.705,2858.735,2868.445
2025-03-03T09:00:00,2868.495,2871.435,2864.145,2867.195
2025-03-03T10:00:00,2867.225,2873.55,2866.945,2871.785
2025-03-03T11:00:00,2871.755,2875.275,2871.125,2874.225
2025-03-03T12:00:00,2874.175,2877.478,2873.825,2875.475
2025-03-03T13:00:00,2875.445,2876.075,2868.465,2872.475
2025-03-03T14:00:00,2872.485,2882.885,2871.085,2876.958
2025-03-03T15:00:00,2876.415,2890.215,2873.348,2887.675
2025-03-03T16:00:00,2887.785,2892.935,2885.855,2891.245
2025-03-03T17:00:00,2891.235,2892.815,2887.145,2890.675
2025-03-03T18:00:00,2890.695,2892.255,2886.335,2889.775
2025-03-03T19:00:00,2889.705,2891.125,2879.355,2881.365
2025-03-03T20:00:00,2881.355,2891.315,2878.115,2890.325
2025-03-03T21:00:00,2890.435,2894.985,2889.978,2892.148
2025-03-03T23:00:00,2891.785,2893.125,2890.335,2890.625
2025-03-04T00:00:00,2890.605,2893.625,2889.835,2891.625
2025-03-04T01:00:00,2891.625,2892.815,2881.648,2888.085
2025-03-04T02:00:00,2888.065,2889.165,2884.575,2885.315
2025-03-04T03:00:00,2885.285,2892.895,2884.775,2888.448
2025-03-04T04:00:00,2888.418,2892.518,2886.685,2891.048
2025-03-04T05:00:00,2891.048,2894.225,2888.175,2889.485
2025-03-04T06:00:00,2889.465,2889.695,2884.155,2887.145
2025-03-04T07:00:00,2887.175,2901.105,2886.795,2899.845
2025-03-04T08:00:00,2899.839,2918.458,2896.545,2913.875
2025-03-04T09:00:00,2913.955,2921.075,2912.385,2917.728
2025-03-04T10:00:00,2917.728,2917.995,2911.785,2914.375
2025-03-04T11:00:00,2914.335,2921.455,2912.545,2919.718
2025-03-04T12:00:00,2919.725,2925.325,2918.505,2924.725
2025-03-04T13:00:00,2924.695,2927.715,2919.685,2922.398
2025-03-04T14:00:00,2922.505,2922.865,2903.068,2903.318
2025-03-04T15:00:00,2903.318,2912.148,2899.835,2905.775
2025-03-04T16:00:00,2905.775,2915.848,2903.375,2914.848
2025-03-04T17:00:00,2914.848,2916.148,2910.805,2911.405
2025-03-04T18:00:00,2911.395,2914.945,2908.035,2911.155
2025-03-04T19:00:00,2911.135,2916.305,2910.985,2915.945
2025-03-04T20:00:00,2915.939,2920.285,2914.085,2917.205
2025-03-04T21:00:00,2917.135,2918.445,2913.135,2916.625
2025-03-04T23:00:00,2917.155,2917.768,2913.995,2914.075
2025-03-05T00:00:00,2913.945,2916.915,2911.985,2913.845
2025-03-05T01:00:00,2913.835,2914.835,2903.235,2907.025
2025-03-05T02:00:00,2907.015,2914.405,2901.758,2904.075
2025-03-05T03:00:00,2904.045,2913.255,2903.085,2908.415
2025-03-05T04:00:00,2908.385,2912.415,2908.245,2910.295
2025-03-05T05:00:00,2910.205,2918.655,2909.715,2918.585
2025-03-05T06:00:00,2918.525,2921.505,2913.348,2916.865
2025-03-05T07:00:00,2916.945,2919.705,2912.835,2917.848
2025-03-05T08:00:00,2917.855,2921.765,2916.575,2919.775
2025-03-05T09:00:00,2919.775,2922.355,2913.155,2918.855
2025-03-05T10:00:00,2918.855,2919.135,2908.675,2913.215
2025-03-05T11:00:00,2913.215,2917.025,2911.829,2912.939
2025-03-05T12:00:00,2913.145,2919.095,2912.139,2915.849
2025-03-05T13:00:00,2915.919,2916.075,2894.145,2899.725
2025-03-05T14:00:00,2899.735,2916.925,2897.468,2910.117
2025-03-05T15:00:00,2911.428,2923.699,2905.398,2917.055
2025-03-05T16:00:00,2916.969,2929.748,2914.995,2923.595
2025-03-05T17:00:00,2923.605,2925.045,2913.428,2915.848
2025-03-05T18:00:00,2915.848,2920.555,2911.125,2917.185
2025-03-05T19:00:00,2917.185,2921.205,2915.975,2920.355
2025-03-05T20:00:00,2920.355,2922.885,2919.415,2921.855
2025-03-05T21:00:00,2922.045,2922.205,2917.548,2918.735
2025-03-05T23:00:00,2918.258,2918.525,2916.138,2918.165
2025-03-06T00:00:00,2918.145,2920.175,2916.325,2916.505
2025-03-06T01:00:00,2916.498,2925.495,2915.695,2924.515
2025-03-06T02:00:00,2924.515,2926.425,2922.688,2925.308
2025-03-06T03:00:00,2925.348,2925.348,2919.888,2920.995
2025-03-06T04:00:00,2920.995,2921.355,2916.155,2917.148
2025-03-06T05:00:00,2917.148,2920.555,2914.385,2919.625
2025-03-06T06:00:00,2919.675,2922.895,2919.665,2920.435
2025-03-06T07:00:00,2920.465,2922.395,2909.645,2909.995
2025-03-06T08:00:00,2909.955,2911.355,2900.905,2904.625
2025-03-06T09:00:00,2904.575,2905.095,2890.815,2894.105
2025-03-06T10:00:00,2894.085,2905.048,2891.725,2898.975
2025-03-06T11:00:00,2898.955,2907.505,2898.395,2905.685
2025-03-06T12:00:00,2905.705,2907.125,2899.085,2903.035
2025-03-06T13:00:00,2903.025,2909.225,2900.515,2904.145
2025-03-06T14:00:00,2904.095,2916.458,2903.085,2914.965
2025-03-06T15:00:00,2915.115,2922.628,2908.875,2914.268
2025-03-06T16:00:00,2914.268,2918.255,2912.335,2916.955
2025-03-06T17:00:00,2916.955,2921.258,2914.115,2915.225
2025-03-06T18:00:00,2915.275,2920.535,2913.535,2915.925
2025-03-06T19:00:00,2915.925,2917.448,2911.955,2913.685
2025-03-06T20:00:00,2913.605,2916.345,2908.308,2908.555
2025-03-06T21:00:00,2908.525,2911.665,2908.105,2910.805
2025-03-06T23:00:00,2910.898,2913.465,2909.675,2910.058
2025-03-07T00:00:00,2910.058,2910.058,2895.698,2904.535
2025-03-07T01:00:00,2904.565,2909.985,2901.325,2906.565
2025-03-07T02:00:00,2906.548,2909.115,2900.985,2907.975
2025-03-07T03:00:00,2907.885,2908.825,2903.765,2905.165
2025-03-07T04:00:00,2905.149,2908.145,2904.509,2906.465
2025-03-07T05:00:00,2906.535,2912.375,2906.235,2909.305
2025-03-07T06:00:00,2909.275,2914.685,2907.575,2913.345
2025-03-07T07:00:00,2913.375,2917.155,2911.435,2916.985
2025-03-07T08:00:00,2916.965,2922.845,2915.055,2922.205
2025-03-07T09:00:00,2922.195,2922.875,2919.995,2921.335
2025-03-07T10:00:00,2921.325,2921.595,2916.788,2917.668
2025-03-07T11:00:00,2917.658,2921.825,2916.445,2918.548
2025-03-07T12:00:00,2918.548,2922.565,2917.765,2918.458
2025-03-07T13:00:00,2918.445,2926.085,2909.975,2913.548
2025-03-07T14:00:00,2913.468,2928.578,2903.229,2926.498
2025-03-07T15:00:00,2926.265,2930.185,2909.0,2915.605
2025-03-07T16:00:00,2915.545,2919.305,2911.425,2913.795
2025-03-07T17:00:00,2913.775,2915.955,2904.648,2908.085
2025-03-07T18:00:00,2907.945,2908.528,2901.825,2906.365
2025-03-07T19:00:00,2906.495,2909.385,2904.475,2905.015
2025-03-07T20:00:00,2904.985,2911.075,2904.675,2909.525
2025-03-07T21:00:00,2909.565,2912.448,2908.305,2909.355
2025-03-09T22:00:00,2910.905,2914.975,2909.475,2911.648
2025-03-09T23:00:00,2911.638,2916.678,2910.998,2915.908
2025-03-10T00:00:00,2915.908,2917.848,2912.819,2913.665
2025-03-10T01:00:00,2913.715,2918.125,2911.079,2912.089
2025-03-10T02:00:00,2912.089,2914.375,2909.159,2911.325
2025-03-10T03:00:00,2911.315,2913.475,2907.975,2910.695
2025-03-10T04:00:00,2910.615,2912.485,2910.019,2910.658
2025-03-10T05:00:00,2910.665,2911.745,2906.689,2909.745
2025-03-10T06:00:00,2909.745,2914.495,2909.175,2914.225
2025-03-10T07:00:00,2914.255,2915.255,2904.125,2908.125
2025-03-10T08:00:00,2908.135,2910.479,2897.409,2897.669
2025-03-10T09:00:00,2897.669,2915.275,2896.459,2910.985
2025-03-10T10:00:00,2910.975,2911.105,2898.148,2902.829
2025-03-10T11:00:00,2902.829,2904.555,2895.425,2903.859
2025-03-10T12:00:00,2903.895,2907.475,2900.225,2906.455
2025-03-10T13:00:00,2906.525,2908.358,2897.515,2903.595
2025-03-10T14:00:00,2903.575,2909.015,2900.695,2907.765
2025-03-10T15:00:00,2908.055,2910.288,2900.415,2904.295
2025-03-10T16:00:00,2904.318,2906.605,2895.685,2895.795
2025-03-10T17:00:00,2895.795,2895.868,2882.508,2885.795
2025-03-10T18:00:00,2885.805,2889.455,2879.935,2885.325
2025-03-10T19:00:00,2885.275,2890.855,2879.955,2885.395
2025-03-10T20:00:00,2885.395,2889.395,2884.125,2888.325
2025-03-10T22:00:00,2888.098,2889.935,2883.835,2884.378
2025-03-10T23:00:00,2884.378,2885.585,2882.048,2884.405
2025-03-11T00:00:00,2884.475,2888.455,2883.925,2886.998
2025-03-11T01:00:00,2887.145,2890.755,2879.938,2890.365
2025-03-11T02:00:00,2890.315,2900.315,2889.675,2898.895
2025-03-11T03:00:00,2898.895,2899.235,2894.828,2896.685
2025-03-11T04:00:00,2896.688,2898.505,2895.228,2897.485
2025-03-11T05:00:00,2897.445,2898.915,2892.405,2895.655
2025-03-11T06:00:00,2895.655,2902.605,2893.245,2902.235
2025-03-11T07:00:00,2902.245,2903.395,2897.395,2900.868
2025-03-11T08:00:00,2900.865,2910.235,2900.268,2909.905
2025-03-11T09:00:00,2909.905,2912.235,2908.595,2911.495
2025-03-11T10:00:00,2911.565,2914.355,2910.695,2911.795
2025-03-11T11:00:00,2911.825,2915.268,2910.515,2913.325
2025-03-11T12:00:00,2913.335,2915.835,2910.335,2912.925
2025-03-11T13:00:00,2912.935,2922.048,2906.665,2917.405
2025-03-11T14:00:00,2917.465,2920.725,2911.625,2913.725
2025-03-11T15:00:00,2913.719,2919.665,2913.609,2916.615
2025-03-11T16:00:00,2916.608,2917.925,2914.945,2916.965
2025-03-11T17:00:00,2916.965,2920.465,2913.895,2917.555
2025-03-11T18:00:00,2917.549,2919.355,2914.985,2918.015
2025-03-11T19:00:00,2918.015,2921.245,2917.245,2918.195
2025-03-11T20:00:00,2918.195,2918.835,2914.925,2915.625
2025-03-11T22:00:00,2914.998,2917.648,2914.155,2917.078
2025-03-11T23:00:00,2917.118,2919.455,2915.108,2915.148
2025-03-12T00:00:00,2915.148,2915.248,2911.875,2914.085
2025-03-12T01:00:00,2914.035,2917.185,2910.558,2914.715
2025-03-12T02:00:00,2914.565,2918.075,2913.755,2916.115
2025-03-12T03:00:00,2916.045,2919.795,2914.675,2914.755
2025-03-12T04:00:00,2914.765,2915.885,2912.345,2914.785
2025-03-12T05:00:00,2914.785,2916.288,2911.898,2915.758
2025-03-12T06:00:00,2915.795,2921.035,2911.105,2911.565
2025-03-12T07:00:00,2911.585,2915.525,2908.785,2914.335
2025-03-12T08:00:00,2914.315,2922.075,2913.795,2922.055
2025-03-12T09:00:00,2922.065,2925.135,2913.505,2914.578
2025-03-12T10:00:00,2914.568,2916.845,2912.605,2914.195
2025-03-12T11:00:00,2914.195,2916.525,2912.535,2915.115
2025-03-12T12:00:00,2915.105,2923.025,2911.935,2917.305
2025-03-12T13:00:00,2917.295,2918.675,2905.755,2915.465
2025-03-12T14:00:00,2915.465,2922.448,2914.095,2921.678
2025-03-12T15:00:00,2921.678,2929.145,2921.248,2928.148
2025-03-12T16:00:00,2928.505,2938.948,2927.665,2936.095
2025-03-12T17:00:00,2936.139,2940.348,2935.585,2935.965
2025-03-12T18:00:00,2935.925,2937.248,2933.465,2934.975
2025-03-12T19:00:00,2934.948,2935.505,2930.785,2931.115
2025-03-12T20:00:00,2931.099,2934.025,2930.655,2932.925
2025-03-12T22:00:00,2933.698,2938.795,2932.885,2937.985
2025-03-12T23:00:00,2937.985,2939.148,2934.435,2937.925
2025-03-13T00:00:00,2937.925,2939.195,2937.348,2938.425
2025-03-13T01:00:00,2938.475,2941.305,2936.248,2937.675
2025-03-13T02:00:00,2937.715,2945.845,2937.285,2944.055
2025-03-13T03:00:00,2944.055,2946.975,2942.725,2945.445
2025-03-13T04:00:00,2945.405,2946.035,2943.335,2944.455
2025-03-13T05:00:00,2944.495,2944.925,2938.005,2939.895
2025-03-13T06:00:00,2939.895,2940.135,2935.255,2936.645
2025-03-13T07:00:00,2936.705,2937.925,2932.768,2935.075
2025-03-13T08:00:00,2935.115,2944.775,2934.675,2941.345
2025-03-13T09:00:00,2941.365,2948.735,2940.875,2947.548
2025-03-13T10:00:00,2947.565,2948.445,2941.975,2943.925
2025-03-13T11:00:00,2943.925,2948.455,2943.925,2946.135
2025-03-13T12:00:00,2946.129,2949.055,2941.0,2942.205
2025-03-13T13:00:00,2942.245,2952.265,2938.738,2950.125
2025-03-13T14:00:00,2950.165,2971.048,2949.659,2969.735
2025-03-13T15:00:00,2969.778,2978.195,2966.198,2977.655
2025-03-13T16:00:00,2977.665,2985.075,2976.385,2979.935
2025-03-13T17:00:00,2979.945,2982.135,2976.165,2979.245
2025-03-13T18:00:00,2979.255,2984.148,2978.855,2983.148
2025-03-13T19:00:00,2983.048,2985.325,2980.355,2982.745
2025-03-13T20:00:00,2982.745,2989.165,2981.015,2988.075
2025-03-13T22:00:00,2988.698,2989.785,2982.748,2986.898
2025-03-13T23:00:00,2986.938,2989.055,2985.098,2986.195
2025-03-14T00:00:00,2986.175,2988.525,2984.408,2986.465
2025-03-14T01:00:00,2986.498,2990.015,2981.475,2987.715
2025-03-14T02:00:00,2987.685,2988.415,2983.545,2983.888
2025-03-14T03:00:00,2983.888,2992.875,2983.778,2992.375
2025-03-14T04:00:00,2992.375,2993.835,2984.158,2985.205
2025-03-14T05:00:00,2985.395,2986.455,2981.609,2986.135
2025-03-14T06:00:00,2986.135,2987.635,2981.0,2985.515
2025-03-14T07:00:00,2985.535,2986.915,2981.0,2986.748
2025-03-14T08:00:00,2986.775,2993.145,2985.025,2992.795
2025-03-14T09:00:00,2992.795,2999.295,2992.555,2998.595
2025-03-14T10:00:00,2998.635,3004.725,2986.385,2993.125
2025-03-14T11:00:00,2993.065,2998.955,2993.065,2993.305
2025-03-14T12:00:00,2993.305,2999.415,2993.205,2993.655
2025-03-14T13:00:00,2993.655,2995.848,2983.098,2984.895
2025-03-14T14:00:00,2984.268,2993.155,2981.839,2985.165
2025-03-14T15:00:00,2985.145,2986.185,2978.085,2984.348
2025-03-14T16:00:00,2984.259,2989.805,2982.755,2989.498
2025-03-14T17:00:00,2989.655,2990.285,2986.195,2986.355
2025-03-14T18:00:00,2986.455,2986.815,2982.949,2983.209
2025-03-14T19:00:00,2983.229,2985.805,2982.005,2983.775
2025-03-14T20:00:00,2983.845,2988.475,2981.625,2983.795
2025-03-16T22:00:00,2984.285,2990.545,2983.048,2988.855
2025-03-16T23:00:00,2988.925,2993.905,2988.125,2989.915
2025-03-17T00:00:00,2989.915,2990.965,2986.078,2990.765
2025-03-17T01:00:00,2990.745,2992.895,2988.435,2990.595
2025-03-17T02:00:00,2990.625,2991.785,2986.748,2987.918
2025-03-17T03:00:00,2987.945,2988.498,2985.075,2986.885
2025-03-17T04:00:00,2986.879,2987.835,2982.165,2982.375
2025-03-17T05:00:00,2982.565,2985.925,2981.975,2985.845
2025-03-17T06:00:00,2985.875,2990.545,2985.185,2989.675
2025-03-17T07:00:00,2989.675,2989.809,2983.835,2985.325
2025-03-17T08:00:00,2985.319,2988.285,2982.935,2988.285
2025-03-17T09:00:00,2988.285,2996.735,2987.425,2995.495
2025-03-17T10:00:00,2995.465,2999.295,2994.565,2998.705
2025-03-17T11:00:00,2998.715,3001.075,2996.285,2997.275
2025-03-17T12:00:00,2997.345,2997.725,2984.535,2986.945
2025-03-17T13:00:00,2986.975,2991.208,2985.805,2988.135
2025-03-17T14:00:00,2988.125,3000.355,2986.945,2998.485
2025-03-17T15:00:00,2998.485,2999.148,2992.678,2996.945
2025-03-17T16:00:00,2996.945,2997.468,2992.805,2994.285
2025-03-17T17:00:00,2994.295,2999.295,2994.225,2997.735
2025-03-17T18:00:00,2997.735,3000.195,2996.505,2999.148
2025-03-17T19:00:00,2999.135,3000.695,2997.508,3000.099
2025-03-17T20:00:00,3000.085,3001.755,2999.948,3000.425
2025-03-17T22:00:00,3000.098,3001.448,2999.685,2999.888
2025-03-17T23:00:00,2999.855,3002.665,2999.348,2999.518
2025-03-18T00:00:00,2999.508,3003.455,2999.258,3001.298
2025-03-18T01:00:00,3001.288,3008.188,2999.265,3005.535
2025-03-18T02:00:00,3005.535,3011.885,3002.615,3010.705
2025-03-18T03:00:00,3010.695,3014.855,3009.298,3011.235
2025-03-18T04:00:00,3011.265,3016.975,3011.055,3014.208
2025-03-18T05:00:00,3014.208,3014.518,3005.848,3011.748
2025-03-18T06:00:00,3011.755,3017.439,3010.348,3015.505
2025-03-18T07:00:00,3015.525,3018.695,3014.239,3016.309
2025-03-18T08:00:00,3016.309,3027.175,3016.269,3026.439
2025-03-18T09:00:00,3026.418,3028.355,3018.009,3019.979
2025-03-18T10:00:00,3019.879,3025.525,3019.405,3023.869
2025-03-18T11:00:00,3023.869,3029.319,3022.265,3026.649
2025-03-18T12:00:00,3026.649,3035.585,3026.565,3034.048
2025-03-18T13:00:00,3034.025,3038.058,3025.975,3033.085
2025-03-18T14:00:00,3033.048,3033.048,3024.438,3027.825
2025-03-18T15:00:00,3027.825,3032.345,3024.925,3031.565
2025-03-18T16:00:00,3031.545,3036.775,3030.275,3035.805
2025-03-18T17:00:00,3035.955,3036.105,3029.545,3032.385
2025-03-18T18:00:00,3032.425,3036.195,3032.195,3035.585
2025-03-18T19:00:00,3035.545,3037.855,3035.108,3035.375
2025-03-18T20:00:00,3035.395,3035.795,3033.125,3034.075
2025-03-18T22:00:00,3033.335,3034.605,3032.408,3034.188
2025-03-18T23:00:00,3034.238,3034.848,3031.268,3031.528
2025-03-19T00:00:00,3031.565,3033.785,3030.198,3031.195
2025-03-19T01:00:00,3031.195,3032.455,3027.175,3029.345
2025-03-19T02:00:00,3029.255,3033.605,3028.805,3033.215
2025-03-19T03:00:00,3033.215,3038.795,3032.068,3036.048
2025-03-19T04:00:00,3036.048,3037.485,3033.985,3036.275
2025-03-19T05:00:00,3036.385,3045.155,3036.295,3044.305
2025-03-19T06:00:00,3044.255,3044.555,3034.308,3041.965
2025-03-19T07:00:00,3041.995,3042.675,3035.245,3035.665
2025-03-19T08:00:00,3035.685,3036.848,3024.375,3024.848
2025-03-19T09:00:00,3024.848,3031.125,3022.315,3030.295
2025-03-19T10:00:00,3030.285,3037.605,3028.215,3034.285
2025-03-19T11:00:00,3034.285,3039.735,3033.475,3038.695
2025-03-19T12:00:00,3038.648,3040.898,3036.135,3036.948
2025-03-19T13:00:00,3036.948,3038.005,3027.388,3033.165
2025-03-19T14:00:00,3032.975,3032.975,3025.678,3027.445
2025-03-19T15:00:00,3027.405,3032.765,3026.625,3031.255
2025-03-19T16:00:00,3031.295,3038.195,3031.155,3032.895
2025-03-19T17:00:00,3032.935,3034.055,3029.245,3029.528
2025-03-19T18:00:00,3029.738,3048.485,3028.538,3046.625
2025-03-19T19:00:00,3046.705,3051.758,3040.738,3047.695
2025-03-19T20:00:00,3047.725,3047.848,3044.045,3045.955
2025-03-19T22:00:00,3047.648,3050.348,3046.685,3049.948
2025-03-19T23:00:00,3049.948,3051.105,3048.458,3049.875
2025-03-20T00:00:00,3049.895,3055.285,3049.895,3052.978
2025-03-20T01:00:00,3052.968,3056.155,3049.165,3049.448
2025-03-20T02:00:00,3049.448,3051.915,3044.768,3045.308
2025-03-20T03:00:00,3045.308,3050.295,3045.148,3049.745
2025-03-20T04:00:00,3049.728,3057.245,3047.915,3052.098
2025-03-20T05:00:00,3052.138,3053.368,3044.668,3046.585
2025-03-20T06:00:00,3046.575,3051.405,3045.435,3048.795
2025-03-20T07:00:00,3048.795,3048.845,3041.635,3042.105
2025-03-20T08:00:00,3042.105,3043.748,3038.475,3041.785
2025-03-20T09:00:00,3041.785,3046.065,3040.425,3041.305
2025-03-20T10:00:00,3041.305,3041.355,3025.428,3034.015
2025-03-20T11:00:00,3034.015,3035.065,3029.125,3034.265
2025-03-20T12:00:00,3034.325,3042.175,3033.145,3040.655
2025-03-20T13:00:00,3040.845,3040.865,3029.848,3032.168
2025-03-20T14:00:00,3032.165,3040.725,3030.408,3039.985
2025-03-20T15:00:00,3040.025,3041.725,3037.408,3040.478
2025-03-20T16:00:00,3040.455,3043.125,3033.718,3038.115
2025-03-20T17:00:00,3038.135,3041.725,3034.548,3041.535
2025-03-20T18:00:00,3041.535,3045.205,3040.618,3043.045
2025-03-20T19:00:00,3043.039,3045.925,3042.985,3044.448
2025-03-20T20:00:00,3044.475,3045.685,3044.075,3044.725
2025-03-20T22:00:00,3043.925,3045.848,3043.355,3045.548
2025-03-20T23:00:00,3045.548,3046.485,3044.275,3046.245
2025-03-21T00:00:00,3046.245,3047.265,3042.075,3042.625
2025-03-21T01:00:00,3042.655,3044.395,3035.675,3035.715
2025-03-21T02:00:00,3035.745,3036.785,3033.655,3034.405
2025-03-21T03:00:00,3034.405,3034.415,3029.795,3030.318
2025-03-21T04:00:00,3030.308,3031.848,3027.708,3029.675
2025-03-21T05:00:00,3029.725,3030.185,3021.305,3027.865
2025-03-21T06:00:00,3027.885,3033.785,3027.275,3029.625
2025-03-21T07:00:00,3029.625,3033.265,3027.895,3031.775
2025-03-21T08:00:00,3031.775,3034.525,3026.905,3032.745
2025-03-21T09:00:00,3032.625,3032.955,3027.555,3029.475
2025-03-21T10:00:00,3029.475,3033.265,3029.365,3030.588
2025-03-21T11:00:00,3030.558,3037.438,3028.658,3034.115
2025-03-21T12:00:00,3034.105,3037.975,3033.265,3033.808
2025-03-21T13:00:00,3033.798,3036.655,3004.075,3006.348
2025-03-21T14:00:00,3006.315,3016.748,2999.268,3015.455
2025-03-21T15:00:00,3015.475,3017.775,3009.795,3010.825
2025-03-21T16:00:00,3010.845,3016.895,3010.408,3014.945
2025-03-21T17:00:00,3015.035,3018.035,3012.548,3013.465
2025-03-21T18:00:00,3013.459,3021.445,3013.205,3017.225
2025-03-21T19:00:00,3017.215,3021.845,3015.808,3019.825
2025-03-21T20:00:00,3019.855,3024.125,3019.765,3022.705
2025-03-23T22:00:00,3020.155,3025.925,3020.155,3025.348
2025-03-23T23:00:00,3025.245,3026.045,3023.098,3024.515
2025-03-24T00:00:00,3024.448,3025.445,3016.895,3018.355
2025-03-24T01:00:00,3018.305,3025.495,3018.085,3020.685
2025-03-24T02:00:00,3020.748,3024.315,3013.475,3016.155
2025-03-24T03:00:00,3016.105,3019.608,3015.438,3016.745
2025-03-24T04:00:00,3016.705,3019.905,3016.248,3019.145
2025-03-24T05:00:00,3019.145,3023.005,3018.688,3021.855
2025-03-24T06:00:00,3021.855,3025.545,3017.125,3024.855
2025-03-24T07:00:00,3024.875,3028.725,3020.775,3022.165
2025-03-24T08:00:00,3022.165,3028.815,3021.665,3028.618
2025-03-24T09:00:00,3028.655,3030.935,3022.325,3023.348
2025-03-24T10:00:00,3023.348,3033.135,3023.205,3027.858
2025-03-24T11:00:00,3027.858,3029.055,3024.155,3024.448
2025-03-24T12:00:00,3024.448,3028.425,3022.225,3024.115
2025-03-24T13:00:00,3023.965,3028.055,3018.925,3022.355
2025-03-24T14:00:00,3022.278,3023.848,3007.748,3011.895
2025-03-24T15:00:00,3011.835,3015.145,3006.0,3013.845
2025-03-24T16:00:00,3013.845,3015.455,3007.785,3009.555
2025-03-24T17:00:00,3009.545,3009.795,3006.0,3006.835
2025-03-24T18:00:00,3006.815,3007.995,3002.145,3006.625
2025-03-24T19:00:00,3006.685,3008.105,3004.805,3005.975
2025-03-24T20:00:00,3005.969,3014.475,3005.465,3011.435
2025-03-24T22:00:00,3011.415,3012.315,3008.938,3011.168
2025-03-24T23:00:00,3011.205,3012.048,3009.205,3009.595
2025-03-25T00:00:00,3009.615,3014.715,3008.855,3013.905
2025-03-25T01:00:00,3013.968,3014.395,3010.428,3011.665
2025-03-25T02:00:00,3011.665,3012.165,3007.315,3008.925
2025-03-25T03:00:00,3008.975,3016.085,3008.375,3015.135
2025-03-25T04:00:00,3015.235,3016.215,3014.478,3014.995
2025-03-25T05:00:00,3014.978,3020.895,3014.075,3018.125
2025-03-25T06:00:00,3018.108,3018.485,3014.595,3017.515
2025-03-25T07:00:00,3017.525,3017.895,3010.218,3010.915
2025-03-25T08:00:00,3010.915,3021.695,3010.418,3021.175
2025-03-25T09:00:00,3021.055,3023.385,3018.835,3023.185
2025-03-25T10:00:00,3023.185,3024.685,3020.438,3023.355
2025-03-25T11:00:00,3023.378,3026.305,3020.128,3020.415
2025-03-25T12:00:00,3020.395,3023.015,3013.938,3021.568
2025-03-25T13:00:00,3020.995,3030.475,3020.635,3028.005
2025-03-25T14:00:00,3027.985,3035.905,3024.845,3024.865
2025-03-25T15:00:00,3024.875,3027.915,3017.768,3021.305
2025-03-25T16:00:00,3021.395,3025.445,3021.175,3023.005
2025-03-25T17:00:00,3023.065,3023.125,3019.565,3022.535
2025-03-25T18:00:00,3022.515,3022.735,3017.578,3018.355
2025-03-25T19:00:00,3018.349,3020.615,3017.575,3019.548
2025-03-25T20:00:00,3019.545,3020.585,3018.665,3019.675
2025-03-25T22:00:00,3018.745,3022.035,3018.698,3020.948
2025-03-25T23:00:00,3020.995,3021.665,3020.295,3020.775
2025-03-26T00:00:00,3020.765,3022.018,3017.625,3017.865
2025-03-26T01:00:00,3017.845,3025.245,3016.208,3024.595
2025-03-26T02:00:00,3024.635,3026.955,3022.645,3024.015
2025-03-26T03:00:00,3023.985,3023.985,3016.208,3017.385
2025-03-26T04:00:00,3017.358,3017.385,3014.015,3015.015
2025-03-26T05:00:00,3015.055,3023.885,3013.048,3022.655
2025-03-26T06:00:00,3022.625,3026.165,3021.878,3026.045
2025-03-26T07:00:00,3026.035,3030.628,3024.835,3030.365
2025-03-26T08:00:00,3030.345,3031.945,3023.435,3023.905
2025-03-26T09:00:00,3023.935,3024.065,3017.265,3018.505
2025-03-26T10:00:00,3018.368,3024.765,3016.855,3023.095
2025-03-26T11:00:00,3023.075,3030.285,3023.055,3027.295
2025-03-26T12:00:00,3027.335,3029.925,3025.045,3026.925
2025-03-26T13:00:00,3026.935,3027.275,3015.585,3016.458
2025-03-26T14:00:00,3016.448,3021.555,3014.675,3017.265
2025-03-26T15:00:00,3017.335,3018.725,3012.125,3015.775
2025-03-26T16:00:00,3015.775,3019.895,3015.025,3015.495
2025-03-26T17:00:00,3015.489,3018.898,3015.115,3018.555
2025-03-26T18:00:00,3018.605,3020.685,3017.935,3018.155
2025-03-26T19:00:00,3018.165,3018.875,3015.545,3017.105
2025-03-26T20:00:00,3017.145,3021.675,3017.035,3018.685
2025-03-26T22:00:00,3018.668,3020.748,3017.745,3019.225
2025-03-26T23:00:00,3019.205,3021.605,3017.298,3021.395
2025-03-27T00:00:00,3021.368,3025.595,3021.355,3025.125
2025-03-27T01:00:00,3025.145,3028.165,3022.698,3023.298
2025-03-27T02:00:00,3023.358,3032.685,3023.048,3031.445
2025-03-27T03:00:00,3031.475,3034.075,3029.435,3033.465
2025-03-27T04:00:00,3033.445,3038.495,3031.518,3033.915
2025-03-27T05:00:00,3033.965,3035.715,3029.098,3029.498
2025-03-27T06:00:00,3029.498,3033.165,3026.535,3029.898
2025-03-27T07:00:00,3029.815,3036.535,3029.095,3035.715
2025-03-27T08:00:00,3035.825,3037.848,3033.565,3035.905
2025-03-27T09:00:00,3035.915,3040.975,3034.458,3039.815
2025-03-27T10:00:00,3039.815,3055.665,3039.648,3051.158
2025-03-27T11:00:00,3051.228,3055.545,3048.648,3054.435
2025-03-27T12:00:00,3054.465,3055.805,3046.955,3049.875
2025-03-27T13:00:00,3049.845,3052.015,3033.295,3040.355
2025-03-27T14:00:00,3040.395,3059.518,3040.395,3057.358
2025-03-27T15:00:00,3057.468,3058.975,3051.018,3051.878
2025-03-27T16:00:00,3051.868,3054.048,3047.455,3048.205
2025-03-27T17:00:00,3048.225,3053.045,3047.575,3052.655
2025-03-27T18:00:00,3052.605,3057.295,3052.365,3055.725
2025-03-27T19:00:00,3055.705,3057.685,3054.765,3057.355
2025-03-27T20:00:00,3057.355,3057.475,3054.765,3055.515
2025-03-27T22:00:00,3055.498,3057.448,3054.248,3054.748
2025-03-27T23:00:00,3054.848,3055.875,3053.875,3055.275
2025-03-28T00:00:00,3055.185,3063.335,3054.685,3061.885
2025-03-28T01:00:00,3061.635,3073.815,3061.635,3073.665
2025-03-28T02:00:00,3073.685,3077.365,3069.845,3071.695
2025-03-28T03:00:00,3071.515,3076.455,3069.448,3075.065
2025-03-28T04:00:00,3075.075,3075.165,3072.305,3073.685
2025-03-28T05:00:00,3073.735,3081.805,3072.305,3077.648
2025-03-28T06:00:00,3077.648,3084.848,3076.485,3084.595
2025-03-28T07:00:00,3084.545,3085.845,3077.445,3078.865
2025-03-28T08:00:00,3078.865,3081.118,3065.798,3072.718
2025-03-28T09:00:00,3072.715,3075.985,3069.465,3072.735
2025-03-28T10:00:00,3072.735,3074.435,3067.155,3074.145
2025-03-28T11:00:00,3074.139,3079.695,3073.875,3076.135
2025-03-28T12:00:00,3076.185,3081.725,3072.245,3077.265
2025-03-28T13:00:00,3077.245,3084.005,3070.595,3082.915
2025-03-28T14:00:00,3083.045,3086.725,3067.835,3069.775
2025-03-28T15:00:00,3069.775,3085.575,3067.115,3083.545
2025-03-28T16:00:00,3083.545,3086.598,3080.198,3083.725
2025-03-28T17:00:00,3083.725,3085.698,3075.838,3077.255
2025-03-28T18:00:00,3077.348,3080.275,3073.365,3079.565
2025-03-28T19:00:00,3079.565,3081.685,3079.248,3080.625
2025-03-28T20:00:00,3080.595,3085.565,3080.595,3083.898
2025-03-30T22:00:00,3086.498,3097.715,3085.355,3089.795
2025-03-30T23:00:00,3089.755,3090.698,3087.645,3088.898
2025-03-31T00:00:00,3088.845,3089.598,3077.248,3078.748
2025-03-31T01:00:00,3078.748,3095.098,3076.485,3094.605
2025-03-31T02:00:00,3094.605,3107.065,3093.715,3106.475
2025-03-31T03:00:00,3106.348,3111.575,3104.898,3106.948
2025-03-31T04:00:00,3106.875,3115.685,3105.715,3113.055
2025-03-31T05:00:00,3113.035,3119.705,3107.198,3116.348
2025-03-31T06:00:00,3116.348,3127.825,3113.258,3119.005
2025-03-31T07:00:00,3119.035,3125.215,3118.328,3124.348
2025-03-31T08:00:00,3124.348,3126.985,3120.755,3121.988
2025-03-31T09:00:00,3121.988,3123.145,3111.735,3114.848
2025-03-31T10:00:00,3114.848,3123.545,3111.648,3118.205
2025-03-31T11:00:00,3118.225,3119.585,3113.098,3119.315
2025-03-31T12:00:00,3119.335,3126.558,3117.915,3124.375
2025-03-31T13:00:00,3124.375,3124.505,3099.685,3113.398
2025-03-31T14:00:00,3113.298,3123.448,3110.715,3123.085
2025-03-31T15:00:00,3123.095,3127.085,3112.675,3113.645
2025-03-31T16:00:00,3113.645,3120.548,3111.405,3117.405
2025-03-31T17:00:00,3117.395,3120.198,3115.685,3117.785
2025-03-31T18:00:00,3117.785,3123.248,3117.145,3121.325
2025-03-31T19:00:00,3121.325,3124.529,3120.825,3124.285
2025-03-31T20:00:00,3124.305,3124.645,3122.785,3122.905
2025-03-31T22:00:00,3122.298,3125.498,3121.498,3122.548
2025-03-31T23:00:00,3122.548,3126.398,3119.828,3120.348
2025-04-01T00:00:00,3120.265,3127.748,3120.065,3126.985
2025-04-01T01:00:00,3126.985,3137.945,3126.288,3135.255
2025-04-01T02:00:00,3135.235,3145.435,3132.758,3144.935
2025-04-01T03:00:00,3144.865,3147.195,3142.365,3145.815
2025-04-01T04:00:00,3145.815,3147.725,3142.445,3144.485
2025-04-01T05:00:00,3144.465,3148.835,3130.198,3131.848
2025-04-01T06:00:00,3131.848,3138.075,3126.309,3133.545
2025-04-01T07:00:00,3133.545,3137.575,3123.919,3127.348
2025-04-01T08:00:00,3127.348,3135.465,3126.158,3130.805
2025-04-01T09:00:00,3130.885,3133.975,3129.955,3132.125
2025-04-01T10:00:00,3132.139,3138.819,3130.589,3132.119
2025-04-01T11:00:00,3132.098,3135.705,3128.465,3130.148
2025-04-01T12:00:00,3130.165,3134.445,3127.565,3133.175
2025-04-01T13:00:00,3133.215,3136.925,3127.998,3133.275
2025-04-01T14:00:00,3133.475,3135.135,3123.505,3128.525
2025-04-01T15:00:00,3128.515,3132.875,3113.195,3113.505
2025-04-01T16:00:00,3113.499,3116.635,3100.665,3106.475
2025-04-01T17:00:00,3106.469,3114.475,3105.595,3113.515
2025-04-01T18:00:00,3113.495,3118.485,3113.125,3114.005
2025-04-01T19:00:00,3113.965,3118.998,3113.535,3118.698
2025-04-01T20:00:00,3118.598,3120.625,3112.885,3113.025
2025-04-01T22:00:00,3112.898,3114.545,3107.455,3111.048
2025-04-01T23:00:00,3111.148,3116.035,3111.015,3114.998
2025-04-02T00:00:00,3114.998,3123.648,3112.768,3122.715
2025-04-02T01:00:00,3122.715,3135.198,3121.095,3132.915
2025-04-02T02:00:00,3132.885,3135.525,3128.318,3128.398
2025-04-02T03:00:00,3128.375,3131.948,3124.358,3125.215
2025-04-02T04:00:00,3125.308,3126.508,3115.355,3115.898
2025-04-02T05:00:00,3116.098,3118.998,3108.005,3117.825
2025-04-02T06:00:00,3117.885,3119.648,3113.825,3116.345
2025-04-02T07:00:00,3116.305,3125.885,3112.015,3125.075
2025-04-02T08:00:00,3125.105,3133.745,3123.198,3131.105
2025-04-02T09:00:00,3131.125,3131.395,3126.778,3130.875
2025-04-02T10:00:00,3130.875,3131.185,3110.0,3114.105
2025-04-02T11:00:00,3114.105,3123.725,3114.105,3121.175
2025-04-02T12:00:00,3121.195,3127.135,3116.925,3122.198
2025-04-02T13:00:00,3122.198,3131.945,3116.425,3121.898
2025-04-02T14:00:00,3121.998,3129.205,3119.105,3124.685
2025-04-02T15:00:00,3124.685,3128.055,3120.745,3125.648
2025-04-02T16:00:00,3125.655,3134.085,3125.655,3131.235
2025-04-02T17:00:00,3131.229,3131.245,3120.525,3123.375
2025-04-02T18:00:00,3123.365,3126.015,3118.465,3121.448
2025-04-02T19:00:00,3121.548,3127.075,3121.485,3123.915
2025-04-02T20:00:00,3123.898,3141.283,3104.175,3130.748
2025-04-02T22:00:00,3142.048,3147.348,3120.848,3145.558
2025-04-02T23:00:00,3145.668,3167.548,3145.668,3162.475
2025-04-03T00:00:00,3162.455,3164.575,3140.358,3151.095
2025-04-03T01:00:00,3151.105,3162.785,3147.715,3153.255
2025-04-03T02:00:00,3153.055,3155.105,3141.985,3144.865
2025-04-03T03:00:00,3144.998,3152.098,3144.558,3147.865
2025-04-03T04:00:00,3147.715,3149.515,3138.845,3140.125
2025-04-03T05:00:00,3140.125,3140.735,3123.785,3131.445
2025-04-03T06:00:00,3131.435,3133.915,3116.175,3127.645
2025-04-03T07:00:00,3127.648,3130.065,3119.535,3128.855
2025-04-03T08:00:00,3128.955,3131.935,3125.875,3128.805
2025-04-03T09:00:00,3128.949,3129.405,3121.375,3121.415
2025-04-03T10:00:00,3121.398,3122.905,3088.075,3095.275
2025-04-03T11:00:00,3095.225,3099.848,3085.085,3092.955
2025-04-03T12:00:00,3092.935,3094.605,3061.845,3076.135
2025-04-03T13:00:00,3076.175,3093.248,3053.935,3085.455
2025-04-03T14:00:00,3089.108,3135.425,3087.295,3128.648
2025-04-03T15:00:00,3128.648,3129.248,3103.655,3110.385
2025-04-03T16:00:00,3110.365,3114.048,3101.558,3107.348
2025-04-03T17:00:00,3107.248,3109.698,3099.698,3109.398
2025-04-03T18:00:00,3109.398,3111.525,3101.918,3111.405
2025-04-03T19:00:00,3111.435,3113.105,3101.475,3107.405
2025-04-03T20:00:00,3107.495,3119.705,3107.145,3114.585
2025-04-03T22:00:00,3113.998,3116.455,3112.145,3115.158
2025-04-03T23:00:00,3115.015,3116.165,3109.548,3112.625
2025-04-04T00:00:00,3112.645,3114.948,3105.815,3110.335
2025-04-04T01:00:00,3110.335,3115.515,3108.845,3109.615
2025-04-04T02:00:00,3109.615,3112.765,3090.948,3096.555
2025-04-04T03:00:00,3096.555,3098.885,3086.838,3098.198
2025-04-04T04:00:00,3098.085,3104.765,3095.678,3099.798
2025-04-04T05:00:00,3099.798,3108.598,3098.545,3108.598
2025-04-04T06:00:00,3108.598,3109.698,3100.318,3100.805
2025-04-04T07:00:00,3100.805,3103.145,3091.775,3092.655
2025-04-04T08:00:00,3092.635,3093.885,3078.255,3083.858
2025-04-04T09:00:00,3083.858,3095.898,3083.475,3090.525
2025-04-04T10:00:00,3090.545,3115.948,3090.375,3110.008
2025-04-04T11:00:00,3109.968,3136.435,3095.275,3110.098
2025-04-04T12:00:00,3110.145,3111.515,3068.971,3070.861
2025-04-04T13:00:00,3070.85,3087.248,3060.0,3061.515
2025-04-04T14:00:00,3061.568,3061.568,3026.645,3038.005
2025-04-04T15:00:00,3038.065,3050.095,3016.518,3021.765
2025-04-04T16:00:00,3021.775,3036.685,3016.925,3030.675
2025-04-04T17:00:00,3030.715,3032.715,3015.335,3025.675
2025-04-04T18:00:00,3025.498,3027.745,3017.818,3025.305
2025-04-04T19:00:00,3025.395,3040.765,3021.835,3036.375
2025-04-04T20:00:00,3036.315,3040.815,3033.755,3037.998
2025-04-06T22:00:00,3006.765,3032.185,2996.625,3009.005
2025-04-06T23:00:00,3008.818,3016.198,2976.585,2999.548
2025-04-07T00:00:00,2999.548,3008.995,2970.305,2978.648
2025-04-07T01:00:00,2978.648,3055.18,2971.548,3037.855
2025-04-07T02:00:00,3037.845,3055.115,3023.675,3025.545
2025-04-07T03:00:00,3025.535,3033.698,3016.255,3018.605
2025-04-07T04:00:00,3018.585,3035.435,3018.585,3035.325
2025-04-07T05:00:00,3035.248,3044.295,3024.398,3031.785
2025-04-07T06:00:00,3031.755,3033.398,3016.485,3029.595
2025-04-07T07:00:00,3029.745,3030.535,3013.095,3018.345
2025-04-07T08:00:00,3018.385,3035.248,3017.375,3030.925
2025-04-07T09:00:00,3031.355,3033.245,3019.255,3024.935
2025-04-07T10:00:00,3024.905,3036.248,3023.565,3031.005
2025-04-07T11:00:00,3031.005,3045.965,3029.785,3030.825
2025-04-07T12:00:00,3030.915,3032.648,3014.452,3030.898
2025-04-07T13:00:00,3030.859,3033.818,3001.752,3015.195
2025-04-07T14:00:00,3015.098,3037.545,2996.093,2999.145
2025-04-07T15:00:00,2999.145,3004.693,2979.753,2987.293
2025-04-07T16:00:00,2987.293,2987.593,2969.775,2970.255
2025-04-07T17:00:00,2970.395,2975.025,2956.125,2969.835
2025-04-07T18:00:00,2969.835,2976.455,2963.845,2965.535
2025-04-07T19:00:00,2965.555,2981.885,2965.145,2976.365
2025-04-07T20:00:00,2976.235,2985.845,2969.145,2982.975
2025-04-07T22:00:00,2980.955,2988.435,2980.415,2986.365
2025-04-07T23:00:00,2986.345,2986.955,2978.385,2981.075
2025-04-08T00:00:00,2980.985,2992.485,2980.125,2985.165
2025-04-08T01:00:00,2985.145,3002.865,2983.315,2999.615
2025-04-08T02:00:00,2999.675,3004.595,2998.025,3000.645
2025-04-08T03:00:00,3000.695,3000.865,2992.605,2994.505
2025-04-08T04:00:00,2994.435,3002.705,2990.465,3001.915
2025-04-08T05:00:00,3001.885,3008.045,2999.235,3005.455
2025-04-08T06:00:00,3005.215,3015.555,3002.245,3012.975
2025-04-08T07:00:00,3013.225,3013.605,3001.595,3003.415
2025-04-08T08:00:00,3003.425,3009.165,3001.065,3007.245
2025-04-08T09:00:00,3007.205,3007.665,2994.715,3006.625
2025-04-08T10:00:00,3006.615,3010.075,3003.855,3008.695
2025-04-08T11:00:00,3008.725,3019.345,3008.495,3017.185
2025-04-08T12:00:00,3017.265,3019.225,3002.145,3002.305
2025-04-08T13:00:00,3002.355,3022.485,3002.265,3010.115
2025-04-08T14:00:00,3009.985,3018.015,3005.555,3005.985
2025-04-08T15:00:00,3005.995,3012.155,3000.975,3001.285
2025-04-08T16:00:00,3001.255,3001.255,2984.035,2985.825
2025-04-08T17:00:00,2985.905,2987.335,2974.565,2984.985
2025-04-08T18:00:00,2984.845,2991.955,2979.105,2983.415
2025-04-08T19:00:00,2983.409,2987.495,2976.385,2984.575
2025-04-08T20:00:00,2984.569,2986.185,2976.805,2982.465
2025-04-08T22:00:00,2982.455,2985.155,2979.915,2981.395
2025-04-08T23:00:00,2981.865,2990.215,2969.605,2978.265
2025-04-09T00:00:00,2978.435,2986.805,2974.475,2980.165
2025-04-09T01:00:00,2980.135,3009.445,2971.745,3008.145
2025-04-09T02:00:00,3007.912,3010.835,2999.645,3002.755
2025-04-09T03:00:00,3002.705,3009.295,3002.375,3004.015
2025-04-09T04:00:00,3003.995,3013.855,2998.695,3011.985
2025-04-09T05:00:00,3011.985,3020.365,3005.255,3014.995
2025-04-09T06:00:00,3015.085,3040.615,3014.545,3038.685
2025-04-09T07:00:00,3038.685,3052.229,3033.905,3040.675
2025-04-09T08:00:00,3040.685,3050.955,3037.772,3043.655
2025-04-09T09:00:00,3043.665,3049.425,3038.105,3044.595
2025-04-09T10:00:00,3044.595,3046.855,3037.792,3042.355
2025-04-09T11:00:00,3042.585,3067.715,3035.625,3066.385
2025-04-09T12:00:00,3066.445,3072.895,3042.435,3047.195
2025-04-09T13:00:00,3047.255,3077.655,3047.035,3075.095
2025-04-09T14:00:00,3074.965,3084.365,3068.085,3070.315
2025-04-09T15:00:00,3070.265,3087.645,3065.235,3086.115
2025-04-09T16:00:00,3086.215,3094.755,3082.415,3092.125
2025-04-09T17:00:00,3092.185,3098.605,3050.315,3058.765
2025-04-09T18:00:00,3058.755,3073.455,3048.385,3066.785
2025-04-09T19:00:00,3066.785,3099.465,3064.165,3093.165
2025-04-09T20:00:00,3093.069,3095.205,3078.005,3082.245
2025-04-09T22:00:00,3080.795,3089.825,3070.935,3079.515
2025-04-09T23:00:00,3079.509,3088.845,3079.075,3086.495
2025-04-10T00:00:00,3086.495,3101.155,3080.955,3096.915
2025-04-10T01:00:00,3096.905,3100.405,3078.105,3093.765
2025-04-10T02:00:00,3093.775,3120.185,3093.615,3119.105
2025-04-10T03:00:00,3119.095,3131.615,3114.935,3125.095
2025-04-10T04:00:00,3125.095,3129.145,3120.715,3125.025
2025-04-10T05:00:00,3125.055,3132.245,3112.495,3121.955
2025-04-10T06:00:00,3121.965,3126.145,3118.645,3121.785
2025-04-10T07:00:00,3121.785,3123.285,3106.445,3108.215
2025-04-10T08:00:00,3108.235,3115.605,3104.325,3104.967
2025-04-10T09:00:00,3104.947,3117.785,3103.165,3116.295
2025-04-10T10:00:00,3116.325,3122.355,3113.995,3119.905
2025-04-10T11:00:00,3119.995,3125.445,3113.005,3124.525
2025-04-10T12:00:00,3124.575,3133.735,3116.065,3122.675
2025-04-10T13:00:00,3122.675,3136.525,3115.965,3116.685
2025-04-10T14:00:00,3116.725,3154.595,3116.635,3154.445
2025-04-10T15:00:00,3154.435,3174.695,3154.325,3157.915
2025-04-10T16:00:00,3157.915,3167.135,3153.685,3158.375
2025-04-10T17:00:00,3158.375,3165.505,3151.385,3162.501
2025-04-10T18:00:00,3162.571,3175.495,3157.665,3173.085
2025-04-10T19:00:00,3173.075,3176.229,3167.785,3170.695
2025-04-10T20:00:00,3170.689,3176.255,3168.345,3175.025
2025-04-10T22:00:00,3174.495,3190.065,3174.455,3188.955
2025-04-10T23:00:00,3188.975,3191.045,3182.515,3188.775
2025-04-11T00:00:00,3188.755,3217.865,3184.665,3205.295
2025-04-11T01:00:00,3205.205,3219.415,3200.765,3206.825
2025-04-11T02:00:00,3206.845,3219.545,3205.745,3217.145
2025-04-11T03:00:00,3217.095,3219.935,3213.795,3217.555
2025-04-11T04:00:00,3217.625,3217.945,3208.235,3208.345
2025-04-11T05:00:00,3208.355,3219.005,3186.605,3195.655
2025-04-11T06:00:00,3195.665,3209.365,3189.695,3197.055
2025-04-11T07:00:00,3197.205,3212.855,3193.715,3212.185
2025-04-11T08:00:00,3212.165,3227.339,3208.145,3215.755
2025-04-11T09:00:00,3215.795,3230.055,3211.385,3227.515
2025-04-11T10:00:00,3227.575,3237.325,3209.725,3212.215
2025-04-11T11:00:00,3212.165,3224.565,3211.215,3213.545
2025-04-11T12:00:00,3213.485,3233.895,3210.845,3233.455
2025-04-11T13:00:00,3233.485,3243.945,3219.305,3223.365
2025-04-11T14:00:00,3223.465,3237.445,3221.295,3229.875
2025-04-11T15:00:00,3229.705,3241.705,3229.045,3240.165
2025-04-11T16:00:00,3240.235,3245.025,3219.395,3222.865
2025-04-11T17:00:00,3222.965,3235.145,3222.965,3233.645
2025-04-11T18:00:00,3233.665,3237.965,3230.795,3235.365
2025-04-11T19:00:00,3235.335,3235.385,3227.065,3230.785
2025-04-11T20:00:00,3230.735,3238.145,3230.455,3236.375
2025-04-13T22:00:00,3229.155,3229.205,3209.205,3220.855
2025-04-13T23:00:00,3220.915,3224.315,3216.365,3223.545
2025-04-14T00:00:00,3223.575,3227.145,3219.015,3220.575
2025-04-14T01:00:00,3220.565,3243.315,3215.265,3239.345
2025-04-14T02:00:00,3239.235,3245.515,3229.245,3231.735
2025-04-14T03:00:00,3231.735,3234.305,3226.735,3232.145
2025-04-14T04:00:00,3232.155,3235.565,3225.945,3227.135
2025-04-14T05:00:00,3227.115,3235.795,3221.115,3234.095
2025-04-14T06:00:00,3234.055,3237.735,3228.555,3230.745
2025-04-14T07:00:00,3230.745,3233.425,3224.515,3227.715
2025-04-14T08:00:00,3227.775,3229.725,3216.125,3226.675
2025-04-14T09:00:00,3226.655,3231.545,3220.655,3223.715
2025-04-14T10:00:00,3223.665,3224.455,3206.025,3215.075
2025-04-14T11:00:00,3215.045,3225.655,3213.765,3223.115
2025-04-14T12:00:00,3223.135,3227.505,3200.235,3206.575
2025-04-14T13:00:00,3206.575,3210.685,3193.315,3204.445
2025-04-14T14:00:00,3204.415,3215.295,3194.995,3210.845
2025-04-14T15:00:00,3210.825,3210.845,3195.995,3197.815
2025-04-14T16:00:00,3197.875,3208.135,3197.515,3207.345
2025-04-14T17:00:00,3207.375,3216.355,3206.905,3213.935
2025-04-14T18:00:00,3213.945,3214.615,3201.145,3207.855
2025-04-14T19:00:00,3207.885,3212.905,3207.515,3212.575
2025-04-14T20:00:00,3212.625,3213.605,3207.155,3210.255
2025-04-14T22:00:00,3210.555,3214.965,3210.465,3211.995
2025-04-14T23:00:00,3211.715,3214.045,3210.035,3212.395
2025-04-15T00:00:00,3212.375,3215.065,3210.615,3211.705
2025-04-15T01:00:00,3211.625,3225.725,3209.685,3223.485
2025-04-15T02:00:00,3223.575,3224.845,3218.455,3224.185
2025-04-15T03:00:00,3224.085,3228.785,3222.805,3228.175
2025-04-15T04:00:00,3228.105,3232.475,3226.725,3231.625
2025-04-15T05:00:00,3231.645,3231.995,3220.585,3224.445
2025-04-15T06:00:00,3224.455,3228.515,3222.915,3224.955
2025-04-15T07:00:00,3224.945,3226.465,3217.095,3225.435
2025-04-15T08:00:00,3225.445,3232.005,3224.085,3227.115
2025-04-15T09:00:00,3227.125,3229.875,3220.845,3222.245
2025-04-15T10:00:00,3222.345,3226.735,3219.375,3220.005
2025-04-15T11:00:00,3219.945,3223.915,3216.555,3219.865
2025-04-15T12:00:00,3219.925,3225.945,3214.075,3221.365
2025-04-15T13:00:00,3221.365,3226.125,3211.385,3212.825
2025-04-15T14:00:00,3212.835,3226.755,3212.825,3222.435
2025-04-15T15:00:00,3222.425,3223.895,3216.665,3221.115
2025-04-15T16:00:00,3221.145,3223.195,3219.325,3221.255
2025-04-15T17:00:00,3221.275,3230.505,3220.205,3227.745
2025-04-15T18:00:00,3227.845,3229.495,3225.345,3228.915
2025-04-15T19:00:00,3228.925,3231.725,3226.005,3229.785
2025-04-15T20:00:00,3229.745,3233.425,3226.275,3229.855
2025-04-15T22:00:00,3230.875,3242.005,3229.735,3241.155
2025-04-15T23:00:00,3241.195,3251.665,3237.845,3251.665
2025-04-16T00:00:00,3251.655,3267.855,3251.455,3264.165
2025-04-16T01:00:00,3264.195,3274.985,3255.685,3270.055
2025-04-16T02:00:00,3270.055,3275.245,3266.685,3267.535
2025-04-16T03:00:00,3267.535,3281.675,3265.905,3281.415
2025-04-16T04:00:00,3281.395,3287.609,3268.895,3283.425
2025-04-16T05:00:00,3283.395,3291.585,3283.375,3289.515
2025-04-16T06:00:00,3289.515,3294.825,3285.795,3291.385
2025-04-16T07:00:00,3291.375,3300.625,3291.145,3300.275
2025-04-16T08:00:00,3300.235,3317.575,3288.075,3306.856
2025-04-16T09:00:00,3306.84,3310.605,3299.815,3303.275
2025-04-16T10:00:00,3303.305,3306.665,3299.305,3303.915
2025-04-16T11:00:00,3303.935,3313.545,3292.895,3306.595
2025-04-16T12:00:00,3306.455,3313.225,3302.235,3307.085
2025-04-16T13:00:00,3307.105,3316.285,3296.585,3311.335
2025-04-16T14:00:00,3311.525,3319.335,3305.805,3308.235
2025-04-16T15:00:00,3308.255,3327.965,3305.115,3325.175
2025-04-16T16:00:00,3325.175,3332.925,3321.155,3327.205
2025-04-16T17:00:00,3327.225,3332.625,3324.235,3328.135
2025-04-16T18:00:00,3328.015,3340.565,3326.175,3338.135
2025-04-16T19:00:00,3338.165,3342.425,3335.835,3336.515
2025-04-16T20:00:00,3336.455,3343.185,3333.955,3342.645
2025-04-16T22:00:00,3342.515,3357.455,3342.345,3350.575
2025-04-16T23:00:00,3350.785,3353.115,3346.755,3349.885
2025-04-17T00:00:00,3349.925,3351.145,3341.795,3345.295
2025-04-17T01:00:00,3345.255,3356.065,3320.515,3323.665
2025-04-17T02:00:00,3323.635,3340.365,3320.795,3340.145
2025-04-17T03:00:00,3340.185,3344.425,3337.105,3344.305
2025-04-17T04:00:00,3344.035,3344.135,3337.515,3341.345
2025-04-17T05:00:00,3341.355,3345.345,3327.925,3329.075
2025-04-17T06:00:00,3329.095,3332.845,3324.895,3328.675
2025-04-17T07:00:00,3328.655,3329.895,3314.015,3323.235
2025-04-17T08:00:00,3323.265,3324.695,3312.485,3324.125
2025-04-17T09:00:00,3324.125,3326.745,3320.415,3321.395
2025-04-17T10:00:00,3321.395,3333.585,3320.875,3327.435
2025-04-17T11:00:00,3327.435,3332.345,3322.085,3327.235
2025-04-17T12:00:00,3327.205,3341.815,3321.845,3328.005
2025-04-17T13:00:00,3328.265,3331.885,3311.725,3314.895
2025-04-17T14:00:00,3314.905,3314.925,3283.345,3291.035
2025-04-17T15:00:00,3291.055,3304.595,3290.425,3296.075
2025-04-17T16:00:00,3296.125,3318.545,3294.665,3315.945
2025-04-17T17:00:00,3316.005,3322.335,3314.045,3318.775
2025-04-17T18:00:00,3318.815,3320.735,3314.075,3316.145
2025-04-17T19:00:00,3316.085,3321.715,3310.765,3320.605
2025-04-17T20:00:00,3320.645,3328.605,3317.815,3326.925
2025-04-20T22:00:00,3331.835,3352.965,3327.985,3345.375
2025-04-20T23:00:00,3345.815,3351.295,3342.825,3347.975
2025-04-21T00:00:00,3348.295,3370.545,3347.285,3368.525
2025-04-21T01:00:00,3368.555,3378.285,3367.055,3377.395
2025-04-21T02:00:00,3377.445,3384.875,3373.935,3384.615
2025-04-21T03:00:00,3384.585,3385.115,3378.065,3382.205
2025-04-21T04:00:00,3382.175,3382.175,3368.845,3376.195
2025-04-21T05:00:00,3376.175,3385.695,3375.415,3385.195
2025-04-21T06:00:00,3385.175,3392.955,3382.125,3391.985
2025-04-21T07:00:00,3391.755,3395.855,3381.575,3384.845
2025-04-21T08:00:00,3384.839,3394.055,3383.395,3392.565
2025-04-21T09:00:00,3392.615,3396.905,3390.635,3394.645
2025-04-21T10:00:00,3394.655,3397.515,3391.765,3394.655
2025-04-21T11:00:00,3394.545,3405.725,3386.095,3404.285
2025-04-21T12:00:00,3404.315,3415.535,3397.405,3414.695
2025-04-21T13:00:00,3414.655,3426.625,3404.795,3420.175
2025-04-21T14:00:00,3420.145,3430.015,3408.735,3416.405
2025-04-21T15:00:00,3416.405,3425.985,3407.405,3422.695
2025-04-21T16:00:00,3422.685,3424.005,3409.945,3414.355
2025-04-21T17:00:00,3414.415,3422.705,3405.825,3422.265
2025-04-21T18:00:00,3422.235,3426.475,3417.445,3426.105
2025-04-21T19:00:00,3426.179,3430.355,3417.275,3423.275
2025-04-21T20:00:00,3423.325,3426.935,3419.505,3422.895
2025-04-21T22:00:00,3423.815,3435.755,3423.065,3430.685
2025-04-21T23:00:00,3430.685,3444.045,3428.855,3434.954
2025-04-22T00:00:00,3434.986,3435.065,3411.075,3425.245
2025-04-22T01:00:00,3425.285,3454.985,3421.165,3452.775
2025-04-22T02:00:00,3452.805,3475.905,3441.825,3473.035
2025-04-22T03:00:00,3473.035,3494.625,3471.995,3487.655
2025-04-22T04:00:00,3487.745,3488.325,3479.015,3484.275
2025-04-22T05:00:00,3484.255,3495.355,3473.175,3494.135
2025-04-22T06:00:00,3494.145,3499.915,3474.975,3479.515
2025-04-22T07:00:00,3479.505,3480.445,3460.195,3468.155
2025-04-22T08:00:00,3468.355,3472.475,3442.775,3443.725
2025-04-22T09:00:00,3443.755,3458.565,3443.535,3454.515
2025-04-22T10:00:00,3454.555,3468.049,3451.135,3452.165
2025-04-22T11:00:00,3452.145,3461.025,3447.845,3456.545
2025-04-22T12:00:00,3456.525,3464.655,3423.955,3431.365
2025-04-22T13:00:00,3431.245,3449.475,3408.065,3418.345
2025-04-22T14:00:00,3418.365,3438.825,3417.725,3429.825
2025-04-22T15:00:00,3429.835,3432.955,3410.055,3417.465
2025-04-22T16:00:00,3417.375,3420.685,3371.855,3392.785
2025-04-22T17:00:00,3392.885,3410.125,3385.805,3401.575
2025-04-22T18:00:00,3401.595,3402.195,3372.995,3381.305
2025-04-22T19:00:00,3381.305,3385.615,3366.525,3374.505
2025-04-22T20:00:00,3374.499,3382.505,3372.915,3380.075
2025-04-22T22:00:00,3349.515,3349.515,3312.625,3327.255
2025-04-22T23:00:00,3327.145,3349.795,3325.945,3336.315
2025-04-23T00:00:00,3336.345,3370.915,3334.025,3367.695
2025-04-23T01:00:00,3367.665,3386.375,3358.605,3378.865
2025-04-23T02:00:00,3378.865,3379.705,3348.175,3353.935
2025-04-23T03:00:00,3353.895,3355.415,3328.695,3338.715
2025-04-23T04:00:00,3338.755,3346.945,3335.415,3346.445
2025-04-23T05:00:00,3346.475,3349.055,3315.565,3318.725
2025-04-23T06:00:00,3318.675,3325.735,3291.165,3300.805
2025-04-23T07:00:00,3300.905,3320.225,3300.905,3318.835
2025-04-23T08:00:00,3318.785,3321.325,3305.285,3321.295
2025-04-23T09:00:00,3321.405,3340.255,3316.985,3317.385
2025-04-23T10:00:00,3317.345,3336.015,3316.395,3329.835
2025-04-23T11:00:00,3329.725,3338.895,3321.335,3324.33
2025-04-23T12:00:00,3324.355,3333.055,3310.405,3310.585
2025-04-23T13:00:00,3310.525,3313.595,3270.775,3277.215
2025-04-23T14:00:00,3275.785,3296.095,3259.485,3287.055
2025-04-23T15:00:00,3287.135,3294.035,3268.615,3280.045
2025-04-23T16:00:00,3280.395,3305.505,3278.785,3294.795
2025-04-23T17:00:00,3294.745,3301.395,3277.585,3280.945
2025-04-23T18:00:00,3280.995,3286.785,3277.545,3282.655
2025-04-23T19:00:00,3282.505,3297.065,3282.475,3293.635
2025-04-23T20:00:00,3293.695,3295.555,3283.675,3287.805
2025-04-23T22:00:00,3288.865,3315.745,3288.035,3308.745
2025-04-23T23:00:00,3308.785,3316.695,3307.815,3316.145
2025-04-24T00:00:00,3316.165,3338.825,3313.035,3331.455
2025-04-24T01:00:00,3331.435,3367.015,3330.225,3357.345
2025-04-24T02:00:00,3357.345,3363.325,3335.558,3341.615
2025-04-24T03:00:00,3341.615,3342.305,3320.225,3326.885
2025-04-24T04:00:00,3326.735,3331.595,3325.485,3325.805
2025-04-24T05:00:00,3325.835,3335.215,3320.205,3323.215
2025-04-24T06:00:00,3323.215,3327.895,3314.005,3324.285
2025-04-24T07:00:00,3324.245,3339.605,3322.615,3333.485
2025-04-24T08:00:00,3333.415,3341.295,3326.925,3335.815
2025-04-24T09:00:00,3335.885,3342.545,3325.085,3335.435
2025-04-24T10:00:00,3335.525,3336.455,3325.375,3329.705
2025-04-24T11:00:00,3329.345,3343.595,3329.345,3336.665
2025-04-24T12:00:00,3336.635,3344.425,3335.215,3335.695
2025-04-24T13:00:00,3335.665,3336.025,3312.235,3314.995
2025-04-24T14:00:00,3314.555,3330.155,3306.245,3327.215
2025-04-24T15:00:00,3327.185,3330.285,3319.245,3329.235
2025-04-24T16:00:00,3329.275,3335.095,3322.135,3331.395
2025-04-24T17:00:00,3331.325,3338.555,3329.575,3336.485
2025-04-24T18:00:00,3336.515,3340.085,3333.355,3334.485
2025-04-24T19:00:00,3334.465,3346.765,3333.145,3342.005
2025-04-24T20:00:00,3342.155,3349.805,3337.815,3348.355
2025-04-24T22:00:00,3350.885,3370.065,3342.245,3366.375
2025-04-24T23:00:00,3366.355,3367.725,3346.635,3348.745
2025-04-25T00:00:00,3348.755,3361.085,3347.095,3357.275
2025-04-25T01:00:00,3357.285,3362.685,3342.725,3345.465
2025-04-25T02:00:00,3345.465,3353.295,3344.335,3348.475
2025-04-25T03:00:00,3348.465,3353.975,3322.095,3323.345
2025-04-25T04:00:00,3323.315,3327.545,3316.005,3324.545
2025-04-25T05:00:00,3324.515,3326.885,3286.545,3293.805
2025-04-25T06:00:00,3294.015,3306.105,3287.225,3304.145
2025-04-25T07:00:00,3304.125,3314.405,3302.855,3307.205
2025-04-25T08:00:00,3307.165,3307.665,3291.765,3303.565
2025-04-25T09:00:00,3303.705,3308.715,3291.735,3291.845
2025-04-25T10:00:00,3291.835,3306.105,3291.755,3297.765
2025-04-25T11:00:00,3297.725,3300.735,3287.595,3293.245
2025-04-25T12:00:00,3293.225,3302.935,3290.935,3292.375
2025-04-25T13:00:00,3292.385,3292.525,3264.785,3280.325
2025-04-25T14:00:00,3280.375,3286.945,3274.415,3277.795
2025-04-25T15:00:00,3277.775,3285.305,3270.0,3282.725
2025-04-25T16:00:00,3282.755,3287.345,3280.075,3284.975
2025-04-25T17:00:00,3285.065,3294.935,3281.555,3292.935
2025-04-25T18:00:00,3292.885,3296.795,3288.025,3288.055
2025-04-25T19:00:00,3288.115,3312.205,3287.665,3304.505
2025-04-25T20:00:00,3304.505,3319.355,3304.445,3318.625
2025-04-27T22:00:00,3324.265,3335.995,3308.765,3309.955
2025-04-27T23:00:00,3309.935,3317.755,3298.275,3302.415
2025-04-28T00:00:00,3302.485,3315.695,3301.245,3313.765
2025-04-28T01:00:00,3313.735,3314.785,3278.695,3280.715
2025-04-28T02:00:00,3281.135,3286.155,3267.765,3280.485
2025-04-28T03:00:00,3280.555,3294.885,3280.035,3290.595
2025-04-28T04:00:00,3290.575,3298.825,3288.335,3298.725
2025-04-28T05:00:00,3298.755,3300.775,3287.565,3294.845
2025-04-28T06:00:00,3294.855,3296.425,3281.425,3282.935
2025-04-28T07:00:00,3283.095,3292.205,3277.165,3287.035
2025-04-28T08:00:00,3287.065,3288.235,3278.925,3282.345
2025-04-28T09:00:00,3282.395,3287.215,3274.255,3274.315
2025-04-28T10:00:00,3274.325,3291.565,3273.065,3289.335
2025-04-28T11:00:00,3289.305,3296.925,3284.545,3293.885
2025-04-28T12:00:00,3293.935,3302.055,3292.455,3295.905
2025-04-28T13:00:00,3295.905,3301.025,3286.735,3293.095
2025-04-28T14:00:00,3293.089,3332.815,3293.089,3328.305
2025-04-28T15:00:00,3328.295,3335.715,3318.715,3324.695
2025-04-28T16:00:00,3324.725,3338.865,3324.105,3336.325
2025-04-28T17:00:00,3336.335,3339.745,3332.795,3335.025
2025-04-28T18:00:00,3334.845,3349.515,3333.525,3348.575
2025-04-28T19:00:00,3348.595,3352.835,3345.245,3351.935
2025-04-28T20:00:00,3351.695,3352.135,3342.055,3343.505
2025-04-28T22:00:00,3343.735,3348.145,3332.015,3337.485
2025-04-28T23:00:00,3337.555,3342.485,3333.515,3337.325
2025-04-29T00:00:00,3337.285,3338.835,3327.565,3329.745
2025-04-29T01:00:00,3329.555,3339.665,3322.525,3326.225
2025-04-29T02:00:00,3326.045,3333.625,3319.195,3320.285
2025-04-29T03:00:00,3320.275,3321.465,3307.695,3315.835
2025-04-29T04:00:00,3315.815,3317.795,3306.345,3309.005
2025-04-29T05:00:00,3308.995,3316.205,3304.715,3309.905
2025-04-29T06:00:00,3309.875,3323.625,3308.425,3318.485
2025-04-29T07:00:00,3318.479,3322.945,3312.135,3322.745
2025-04-29T08:00:00,3322.775,3324.685,3311.435,3311.575
2025-04-29T09:00:00,3311.515,3315.675,3308.395,3308.785
2025-04-29T10:00:00,3308.885,3315.405,3306.005,3312.615
2025-04-29T11:00:00,3312.625,3315.735,3307.705,3309.145
2025-04-29T12:00:00,3309.145,3314.475,3300.265,3312.525
2025-04-29T13:00:00,3312.535,3320.995,3299.445,3306.095
2025-04-29T14:00:00,3306.005,3317.525,3299.325,3314.305
2025-04-29T15:00:00,3314.365,3315.425,3304.965,3312.195
2025-04-29T16:00:00,3312.205,3329.725,3311.955,3328.495
2025-04-29T17:00:00,3328.495,3329.435,3313.935,3314.035
2025-04-29T18:00:00,3314.005,3319.805,3312.995,3319.715
2025-04-29T19:00:00,3319.835,3324.805,3317.625,3320.305
2025-04-29T20:00:00,3320.245,3323.175,3316.395,3316.595
2025-04-29T22:00:00,3316.175,3322.985,3315.675,3318.355
2025-04-29T23:00:00,3318.375,3318.975,3310.635,3316.775
2025-04-30T00:00:00,3316.825,3327.865,3311.045,3312.815
2025-04-30T01:00:00,3312.835,3322.525,3307.415,3307.825
2025-04-30T02:00:00,3307.825,3312.855,3304.635,3306.485
2025-04-30T03:00:00,3306.455,3310.995,3303.335,3304.385
2025-04-30T04:00:00,3304.385,3308.735,3301.025,3307.805
2025-04-30T05:00:00,3307.805,3314.455,3307.165,3309.165
2025-04-30T06:00:00,3309.155,3311.045,3304.605,3305.555
2025-04-30T07:00:00,3305.535,3314.355,3302.745,3306.765
2025-04-30T08:00:00,3306.805,3307.435,3280.005,3284.245
2025-04-30T09:00:00,3284.195,3286.695,3274.795,3275.675
2025-04-30T10:00:00,3275.705,3280.655,3271.605,3272.355
2025-04-30T11:00:00,3272.385,3281.425,3268.055,3272.115
2025-04-30T12:00:00,3272.175,3304.555,3266.875,3298.315
2025-04-30T13:00:00,3298.275,3319.555,3295.865,3308.555
2025-04-30T14:00:00,3307.985,3313.305,3292.515,3309.485
2025-04-30T15:00:00,3309.315,3314.265,3298.425,3307.735
2025-04-30T16:00:00,3307.835,3313.945,3306.775,3310.305
2025-04-30T17:00:00,3310.395,3313.005,3304.545,3304.875
2025-04-30T18:00:00,3304.915,3307.295,3300.025,3301.445
2025-04-30T19:00:00,3301.385,3305.375,3291.919,3295.655
2025-04-30T20:00:00,3295.649,3297.705,3282.805,3288.255
2025-04-30T22:00:00,3287.425,3289.775,3270.865,3273.255
2025-04-30T23:00:00,3273.249,3284.845,3270.0,3272.545
2025-05-01T00:00:00,3272.575,3276.095,3240.895,3246.025
2025-05-01T01:00:00,3246.035,3250.805,3234.355,3238.315
2025-05-01T02:00:00,3238.395,3251.295,3234.595,3240.955
2025-05-01T03:00:00,3240.955,3242.135,3228.435,3228.995
2025-05-01T04:00:00,3229.035,3231.475,3220.605,3226.225
2025-05-01T05:00:00,3226.205,3238.305,3222.915,3236.205
2025-05-01T06:00:00,3236.295,3243.045,3233.575,3235.335
2025-05-01T07:00:00,3235.415,3236.625,3225.815,3229.905
2025-05-01T08:00:00,3229.899,3236.465,3229.725,3234.875
2025-05-01T09:00:00,3234.885,3235.845,3215.495,3218.305
2025-05-01T10:00:00,3218.335,3225.135,3213.355,3222.655
2025-05-01T11:00:00,3222.685,3226.915,3203.065,3205.155
2025-05-01T12:00:00,3205.115,3232.475,3201.685,3226.585
2025-05-01T13:00:00,3226.385,3233.075,3218.525,3223.735
2025-05-01T14:00:00,3221.465,3231.195,3213.925,3218.655
2025-05-01T15:00:00,3218.665,3221.535,3204.665,3216.265
2025-05-01T16:00:00,3216.265,3220.305,3208.685,3219.275
2025-05-01T17:00:00,3219.295,3220.575,3209.505,3214.085
2025-05-01T18:00:00,3214.285,3226.605,3212.545,3223.585
2025-05-01T19:00:00,3223.625,3229.475,3223.625,3228.005
2025-05-01T20:00:00,3227.999,3239.635,3227.565,3238.375
2025-05-01T22:00:00,3238.385,3243.015,3232.095,3237.385
2025-05-01T23:00:00,3237.495,3240.965,3234.455,3236.955
2025-05-02T00:00:00,3237.129,3243.995,3227.115,3230.925
2025-05-02T01:00:00,3231.165,3237.295,3230.985,3236.025
2025-05-02T02:00:00,3236.045,3248.985,3235.525,3248.035
2025-05-02T03:00:00,3248.085,3258.455,3245.455,3254.595
2025-05-02T04:00:00,3254.555,3257.145,3250.225,3251.645
2025-05-02T05:00:00,3251.315,3256.635,3249.235,3251.635
2025-05-02T06:00:00,3251.695,3262.105,3246.125,3252.605
2025-05-02T07:00:00,3252.615,3263.145,3251.295,3258.785
2025-05-02T08:00:00,3258.785,3261.415,3254.975,3257.775
2025-05-02T09:00:00,3257.785,3266.885,3254.735,3264.825
2025-05-02T10:00:00,3265.025,3265.465,3256.965,3259.125
2025-05-02T11:00:00,3259.165,3268.805,3257.725,3262.265
2025-05-02T12:00:00,3262.235,3264.735,3249.115,3250.105
2025-05-02T13:00:00,3250.065,3259.405,3238.965,3250.005
2025-05-02T14:00:00,3249.955,3264.365,3241.865,3262.385
2025-05-02T15:00:00,3262.385,3263.875,3229.835,3231.395
2025-05-02T16:00:00,3231.445,3235.985,3222.395,3224.675
2025-05-02T17:00:00,3224.755,3239.655,3223.265,3231.025
2025-05-02T18:00:00,3231.055,3232.215,3224.035,3226.045
2025-05-02T19:00:00,3226.105,3234.345,3225.995,3233.405
2025-05-02T20:00:00,3233.435,3241.085,3232.525,3239.415
2025-05-04T22:00:00,3239.195,3244.095,3236.745,3239.295
2025-05-04T23:00:00,3239.475,3252.115,3238.435,3247.745
2025-05-05T00:00:00,3247.775,3248.455,3240.885,3246.415
2025-05-05T01:00:00,3246.435,3270.725,3246.195,3264.425
2025-05-05T02:00:00,3264.425,3272.205,3259.365,3269.695
2025-05-05T03:00:00,3269.715,3271.135,3252.705,3254.195
2025-05-05T04:00:00,3254.125,3259.235,3253.355,3256.275
2025-05-05T05:00:00,3256.255,3261.735,3253.785,3259.375
2025-05-05T06:00:00,3259.475,3265.475,3256.545,3261.875
2025-05-05T07:00:00,3261.885,3267.585,3258.525,3264.665
2025-05-05T08:00:00,3264.605,3282.655,3262.915,3282.545
2025-05-05T09:00:00,3282.545,3308.845,3282.015,3308.345
2025-05-05T10:00:00,3308.535,3318.225,3308.235,3313.015
2025-05-05T11:00:00,3313.065,3318.715,3310.785,3312.655
2025-05-05T12:00:00,3312.405,3322.315,3312.405,3319.395
2025-05-05T13:00:00,3319.215,3320.725,3311.515,3314.375
2025-05-05T14:00:00,3314.085,3328.415,3309.475,3312.275
2025-05-05T15:00:00,3312.275,3317.455,3308.655,3311.745
2025-05-05T16:00:00,3311.675,3313.265,3305.285,3309.405
2025-05-05T17:00:00,3309.365,3317.895,3308.805,3316.725
2025-05-05T18:00:00,3316.685,3323.195,3313.535,3322.885
2025-05-05T19:00:00,3322.885,3337.395,3322.605,3328.615
2025-05-05T20:00:00,3328.609,3334.265,3328.549,3332.615
2025-05-05T22:00:00,3335.895,3337.495,3327.015,3329.735
2025-05-05T23:00:00,3329.465,3334.865,3328.235,3333.765
2025-05-06T00:00:00,3333.665,3333.925,3321.108,3329.475
2025-05-06T01:00:00,3329.505,3381.735,3329.485,3379.075
2025-05-06T02:00:00,3379.035,3386.745,3355.965,3357.715
2025-05-06T03:00:00,3357.955,3372.145,3353.0,3360.055
2025-05-06T04:00:00,3360.255,3365.605,3355.635,3362.775
2025-05-06T05:00:00,3362.785,3363.605,3349.745,3361.635
2025-05-06T06:00:00,3361.635,3367.715,3358.385,3364.555
2025-05-06T07:00:00,3364.725,3379.325,3364.725,3371.125
2025-05-06T08:00:00,3371.145,3382.925,3368.305,3376.895
2025-05-06T09:00:00,3376.895,3382.915,3371.075,3382.805
2025-05-06T10:00:00,3382.825,3383.435,3376.315,3383.315
2025-05-06T11:00:00,3383.275,3384.805,3373.335,3378.875
2025-05-06T12:00:00,3378.925,3392.145,3372.865,3390.585
2025-05-06T13:00:00,3390.805,3397.415,3387.495,3391.585
2025-05-06T14:00:00,3391.565,3397.895,3377.995,3386.005
2025-05-06T15:00:00,3386.015,3399.665,3385.065,3394.835
2025-05-06T16:00:00,3394.805,3411.495,3394.415,3408.425
2025-05-06T17:00:00,3408.415,3417.595,3407.055,3413.725
2025-05-06T18:00:00,3413.725,3417.185,3409.965,3415.345
2025-05-06T19:00:00,3415.355,3423.835,3412.465,3422.785
2025-05-06T20:00:00,3422.765,3434.675,3418.785,3431.105
2025-05-06T22:00:00,3437.655,3437.655,3379.545,3380.865
2025-05-06T23:00:00,3380.995,3404.375,3376.305,3400.385
2025-05-07T00:00:00,3400.495,3401.075,3360.495,3379.305
2025-05-07T01:00:00,3379.333,3384.765,3359.735,3374.525
2025-05-07T02:00:00,3374.475,3393.535,3371.785,3390.165
2025-05-07T03:00:00,3390.145,3392.345,3369.315,3374.915
2025-05-07T04:00:00,3374.915,3387.135,3374.455,3381.905
2025-05-07T05:00:00,3382.295,3389.135,3378.285,3387.455
2025-05-07T06:00:00,3387.525,3395.645,3387.025,3392.295
2025-05-07T07:00:00,3392.255,3397.165,3383.525,3387.775
2025-05-07T08:00:00,3387.775,3388.485,3377.985,3382.655
2025-05-07T09:00:00,3382.655,3384.955,3369.475,3369.825
2025-05-07T10:00:00,3369.755,3393.155,3369.075,3390.995
2025-05-07T11:00:00,3391.035,3391.245,3383.395,3386.695
2025-05-07T12:00:00,3386.695,3393.645,3383.865,3390.645
2025-05-07T13:00:00,3390.625,3397.875,3381.035,3394.175
2025-05-07T14:00:00,3394.175,3394.495,3375.435,3385.645
2025-05-07T15:00:00,3385.645,3389.415,3381.705,3384.855
2025-05-07T16:00:00,3384.935,3389.475,3378.355,3386.625
2025-05-07T17:00:00,3386.535,3389.515,3383.055,3383.055
2025-05-07T18:00:00,3383.315,3397.635,3375.635,3384.325
2025-05-07T19:00:00,3384.425,3386.605,3363.495,3371.535
2025-05-07T20:00:00,3371.565,3374.255,3363.405,3363.975
2025-05-07T22:00:00,3365.545,3373.385,3363.035,3369.285
2025-05-07T23:00:00,3369.485,3376.625,3369.185,3376.015
2025-05-08T00:00:00,3376.259,3386.505,3373.445,3380.225
2025-05-08T01:00:00,3380.265,3409.495,3378.815,3408.465
2025-05-08T02:00:00,3408.325,3414.705,3401.655,3401.655
2025-05-08T03:00:00,3401.675,3408.085,3395.445,3396.425
2025-05-08T04:00:00,3396.405,3399.005,3381.555,3381.795
2025-05-08T05:00:00,3381.855,3383.935,3354.585,3355.035
2025-05-08T06:00:00,3355.005,3361.685,3319.835,3329.565
2025-05-08T07:00:00,3329.595,3349.085,3326.925,3342.695
2025-05-08T08:00:00,3342.765,3343.995,3336.775,3339.075
2025-05-08T09:00:00,3339.055,3344.055,3331.065,3331.785
2025-05-08T10:00:00,3331.755,3346.455,3330.135,3342.025
2025-05-08T11:00:00,3342.055,3345.335,3338.945,3344.175
2025-05-08T12:00:00,3344.195,3358.135,3342.865,3355.725
2025-05-08T13:00:00,3355.745,3369.185,3354.305,3355.625
2025-05-08T14:00:00,3355.715,3362.645,3350.415,3356.085
2025-05-08T15:00:00,3356.505,3359.845,3326.405,3329.955
2025-05-08T16:00:00,3330.025,3330.025,3303.945,3309.885
2025-05-08T17:00:00,3309.905,3310.795,3297.375,3307.905
2025-05-08T18:00:00,3307.885,3310.475,3305.225,3308.105
2025-05-08T19:00:00,3308.105,3309.755,3288.445,3306.085
2025-05-08T20:00:00,3306.175,3310.555,3303.585,3305.515
2025-05-08T22:00:00,3304.035,3323.495,3304.035,3323.305
2025-05-08T23:00:00,3323.299,3323.545,3311.585,3316.025
2025-05-09T00:00:00,3316.065,3322.725,3308.535,3321.985
2025-05-09T01:00:00,3321.865,3322.315,3286.415,3290.895
2025-05-09T02:00:00,3290.855,3308.375,3274.295,3308.075
2025-05-09T03:00:00,3308.055,3313.075,3299.605,3307.835
2025-05-09T04:00:00,3307.825,3327.155,3307.825,3324.335
2025-05-09T05:00:00,3324.185,3329.915,3312.615,3320.995
2025-05-09T06:00:00,3321.175,3326.575,3315.025,3325.255
2025-05-09T07:00:00,3325.175,3331.995,3322.215,3327.045
2025-05-09T08:00:00,3327.065,3328.705,3319.925,3328.315
2025-05-09T09:00:00,3328.285,3329.055,3323.245,3324.845
2025-05-09T10:00:00,3324.985,3329.585,3321.765,3323.125
2025-05-09T11:00:00,3323.085,3338.105,3323.045,3332.825
2025-05-09T12:00:00,3332.865,3335.495,3328.925,3333.375
2025-05-09T13:00:00,3333.375,3340.225,3328.505,3330.515
2025-05-09T14:00:00,3330.535,3341.055,3320.115,3336.975
2025-05-09T15:00:00,3336.975,3345.905,3335.905,3344.825
2025-05-09T16:00:00,3344.785,3347.365,3336.165,3336.595
2025-05-09T17:00:00,3336.585,3342.325,3335.855,3340.685
2025-05-09T18:00:00,3340.715,3342.735,3335.995,3338.465
2025-05-09T19:00:00,3338.465,3339.765,3325.255,3328.615
2025-05-09T20:00:00,3328.425,3330.205,3323.345,3323.345
2025-05-11T22:00:00,3271.805,3292.675,3266.595,3272.295
2025-05-11T23:00:00,3272.275,3288.745,3265.485,3287.315
2025-05-12T00:00:00,3287.375,3289.675,3271.825,3278.895
2025-05-12T01:00:00,3278.895,3281.875,3258.535,3271.605
2025-05-12T02:00:00,3271.575,3279.475,3269.165,3271.855
2025-05-12T03:00:00,3271.695,3284.505,3270.235,3283.045
2025-05-12T04:00:00,3282.995,3283.335,3275.365,3278.615
2025-05-12T05:00:00,3278.705,3279.485,3268.115,3275.835
2025-05-12T06:00:00,3276.055,3281.425,3272.745,3277.275
2025-05-12T07:00:00,3277.229,3277.545,3215.775,3222.575
2025-05-12T08:00:00,3222.545,3234.165,3220.505,3231.305
2025-05-12T09:00:00,3231.185,3231.185,3212.785,3215.025
2025-05-12T10:00:00,3214.925,3219.225,3207.515,3207.625
2025-05-12T11:00:00,3207.625,3229.215,3207.495,3224.625
2025-05-12T12:00:00,3224.489,3234.105,3220.125,3233.395
2025-05-12T13:00:00,3233.615,3248.395,3231.255,3240.585
2025-05-12T14:00:00,3240.355,3247.495,3233.015,3237.185
2025-05-12T15:00:00,3237.185,3243.775,3232.305,3239.015
2025-05-12T16:00:00,3238.965,3239.875,3222.975,3224.015
2025-05-12T17:00:00,3224.315,3227.385,3220.925,3223.065
2025-05-12T18:00:00,3223.105,3229.865,3220.125,3229.395
2025-05-12T19:00:00,3229.355,3238.765,3228.615,3235.315
2025-05-12T20:00:00,3235.295,3238.245,3232.315,3235.215
2025-05-12T22:00:00,3236.195,3241.525,3229.565,3233.405
2025-05-12T23:00:00,3233.405,3239.775,3232.805,3236.585
2025-05-13T00:00:00,3236.585,3243.035,3233.495,3239.655
2025-05-13T01:00:00,3239.615,3243.095,3215.535,3224.985
2025-05-13T02:00:00,3225.135,3241.145,3222.935,3228.515
2025-05-13T03:00:00,3228.535,3238.215,3227.775,3236.465
2025-05-13T04:00:00,3236.415,3253.295,3234.735,3252.215
2025-05-13T05:00:00,3252.405,3260.545,3250.915,3256.225
2025-05-13T06:00:00,3256.295,3265.405,3247.105,3261.855
2025-05-13T07:00:00,3262.045,3264.765,3254.075,3258.905
2025-05-13T08:00:00,3258.985,3261.055,3250.165,3255.375
2025-05-13T09:00:00,3255.335,3256.385,3250.355,3253.055
2025-05-13T10:00:00,3253.055,3256.055,3250.905,3252.685
2025-05-13T11:00:00,3252.635,3258.395,3248.545,3248.885
2025-05-13T12:00:00,3248.945,3249.615,3237.055,3241.545
2025-05-13T13:00:00,3241.385,3246.695,3227.005,3227.265
2025-05-13T14:00:00,3227.255,3248.465,3225.145,3242.445
2025-05-13T15:00:00,3242.745,3255.435,3241.765,3252.905
2025-05-13T16:00:00,3252.905,3257.635,3248.395,3250.845
2025-05-13T17:00:00,3250.825,3252.485,3241.895,3246.925
2025-05-13T18:00:00,3246.925,3250.685,3245.535,3248.545
2025-05-13T19:00:00,3248.685,3250.915,3246.105,3249.115
2025-05-13T20:00:00,3249.195,3254.505,3247.755,3250.315
2025-05-13T22:00:00,3249.275,3254.245,3248.605,3254.135
2025-05-13T23:00:00,3253.895,3256.685,3251.655,3253.925
2025-05-14T00:00:00,3254.145,3254.305,3240.035,3243.345
2025-05-14T01:00:00,3243.379,3251.635,3236.835,3238.545
2025-05-14T02:00:00,3238.405,3241.205,3228.765,3232.475
2025-05-14T03:00:00,3232.475,3233.375,3225.875,3228.145
2025-05-14T04:00:00,3228.145,3230.135,3222.185,3223.515
2025-05-14T05:00:00,3223.515,3234.064,3222.0,3233.345
2025-05-14T06:00:00,3233.515,3236.595,3227.435,3228.405
2025-05-14T07:00:00,3228.585,3238.595,3223.995,3237.735
2025-05-14T08:00:00,3237.405,3243.495,3230.085,3232.105
2025-05-14T09:00:00,3232.105,3236.265,3228.775,3232.075
2025-05-14T10:00:00,3231.915,3236.195,3229.355,3235.235
2025-05-14T11:00:00,3235.305,3238.865,3219.205,3219.995
2025-05-14T12:00:00,3219.905,3222.305,3183.845,3184.625
2025-05-14T13:00:00,3185.045,3198.015,3174.505,3191.075
2025-05-14T14:00:00,3191.165,3193.985,3179.115,3181.575
2025-05-14T15:00:00,3181.569,3186.375,3178.685,3182.345
2025-05-14T16:00:00,3182.765,3190.525,3173.465,3188.215
2025-05-14T17:00:00,3188.175,3190.275,3180.475,3181.575
2025-05-14T18:00:00,3181.595,3182.745,3171.285,3171.575
2025-05-14T19:00:00,3171.475,3181.495,3167.545,3180.455
2025-05-14T20:00:00,3180.449,3183.075,3176.625,3176.915
2025-05-14T22:00:00,3178.135,3183.505,3177.395,3182.195
2025-05-14T23:00:00,3182.315,3187.175,3180.615,3185.815
2025-05-15T00:00:00,3185.815,3187.695,3180.0,3187.685
2025-05-15T01:00:00,3187.435,3192.555,3170.845,3172.115
2025-05-15T02:00:00,3172.135,3175.195,3149.545,3153.795
2025-05-15T03:00:00,3153.545,3156.645,3147.735,3150.195
2025-05-15T04:00:00,3150.245,3152.235,3135.215,3138.265
2025-05-15T05:00:00,3138.345,3142.675,3122.935,3128.525
2025-05-15T06:00:00,3128.545,3153.785,3120.205,3149.695
2025-05-15T07:00:00,3149.695,3151.845,3130.205,3141.985
2025-05-15T08:00:00,3141.985,3163.935,3138.715,3162.225
2025-05-15T09:00:00,3162.185,3171.425,3158.925,3164.835
2025-05-15T10:00:00,3164.835,3178.745,3163.745,3178.005
2025-05-15T11:00:00,3178.005,3179.845,3172.045,3178.845
2025-05-15T12:00:00,3178.815,3189.505,3177.175,3188.375
2025-05-15T13:00:00,3188.399,3199.435,3184.815,3191.865
2025-05-15T14:00:00,3191.835,3206.845,3190.135,3205.195
2025-05-15T15:00:00,3205.185,3219.755,3204.365,3219.405
2025-05-15T16:00:00,3219.415,3222.465,3215.515,3222.245
2025-05-15T17:00:00,3222.265,3228.925,3216.085,3220.875
2025-05-15T18:00:00,3220.855,3225.645,3219.545,3222.915
2025-05-15T19:00:00,3222.935,3232.575,3222.135,3231.905
2025-05-15T20:00:00,3231.825,3240.305,3230.815,3239.625
2025-05-15T22:00:00,3239.855,3251.805,3236.635,3250.825
2025-05-15T23:00:00,3250.825,3250.895,3236.165,3236.845
2025-05-16T00:00:00,3236.815,3243.645,3231.815,3242.845
2025-05-16T01:00:00,3242.755,3244.245,3214.475,3221.905
2025-05-16T02:00:00,3221.965,3227.235,3212.545,3215.155
2025-05-16T03:00:00,3215.149,3217.115,3206.255,3211.625
2025-05-16T04:00:00,3211.585,3222.135,3211.435,3219.445
2025-05-16T05:00:00,3219.155,3221.925,3211.615,3218.245
2025-05-16T06:00:00,3218.245,3230.875,3212.545,3214.525
2025-05-16T07:00:00,3214.725,3217.675,3204.975,3207.345
2025-05-16T08:00:00,3207.279,3209.015,3195.035,3207.085
2025-05-16T09:00:00,3207.085,3212.675,3203.445,3208.895
2025-05-16T10:00:00,3208.945,3210.775,3168.585,3175.475
2025-05-16T11:00:00,3175.625,3179.005,3153.475,3162.685
2025-05-16T12:00:00,3162.825,3181.815,3154.375,3177.095
2025-05-16T13:00:00,3177.315,3186.165,3168.935,3180.215
2025-05-16T14:00:00,3180.285,3188.345,3165.595,3172.935
2025-05-16T15:00:00,3172.929,3184.875,3172.415,3183.205
2025-05-16T16:00:00,3183.195,3189.465,3180.075,3189.065
2025-05-16T17:00:00,3189.185,3191.825,3183.045,3189.185
2025-05-16T18:00:00,3189.325,3190.935,3184.495,3187.205
2025-05-16T19:00:00,3187.205,3195.645,3187.205,3192.425
2025-05-16T20:00:00,3192.345,3204.785,3192.005,3202.465
2025-05-18T22:00:00,3218.455,3240.735,3205.785,3239.165
2025-05-18T23:00:00,3239.175,3245.025,3225.955,3234.265
2025-05-19T00:00:00,3234.295,3249.505,3232.995,3246.275
2025-05-19T01:00:00,3246.255,3246.505,3214.365,3218.115
2025-05-19T02:00:00,3218.095,3229.715,3216.825,3228.395
2025-05-19T03:00:00,3228.395,3230.095,3207.755,3211.915
2025-05-19T04:00:00,3211.915,3217.905,3206.305,3215.645
2025-05-19T05:00:00,3215.645,3224.035,3214.695,3223.745
2025-05-19T06:00:00,3223.745,3231.245,3219.915,3223.795
2025-05-19T07:00:00,3223.929,3234.315,3223.675,3232.155
2025-05-19T08:00:00,3232.225,3244.775,3229.675,3244.195
2025-05-19T09:00:00,3244.445,3247.385,3233.395,3241.795
2025-05-19T10:00:00,3241.865,3244.975,3233.715,3241.375
2025-05-19T11:00:00,3241.375,3248.285,3238.865,3243.595
2025-05-19T12:00:00,3243.595,3244.245,3228.685,3229.075
2025-05-19T13:00:00,3229.245,3241.315,3224.475,3229.825
2025-05-19T14:00:00,3229.745,3235.915,3216.905,3233.755
2025-05-19T15:00:00,3233.735,3239.605,3229.335,3231.355
2025-05-19T16:00:00,3231.375,3234.025,3227.895,3231.505
2025-05-19T17:00:00,3231.515,3232.945,3225.375,3226.145
2025-05-19T18:00:00,3226.115,3235.005,3225.035,3233.265
2025-05-19T19:00:00,3233.325,3235.665,3231.445,3232.855
2025-05-19T20:00:00,3232.895,3233.655,3227.775,3229.205
2025-05-19T22:00:00,3229.345,3230.565,3224.245,3226.425
2025-05-19T23:00:00,3226.419,3227.025,3218.705,3222.195
2025-05-20T00:00:00,3222.225,3223.875,3213.795,3222.465
2025-05-20T01:00:00,3222.935,3232.445,3220.255,3220.985
2025-05-20T02:00:00,3221.045,3222.865,3206.135,3206.345
2025-05-20T03:00:00,3206.415,3213.915,3204.205,3211.275
2025-05-20T04:00:00,3211.215,3217.795,3210.895,3216.935
2025-05-20T05:00:00,3216.915,3219.575,3209.615,3213.675
2025-05-20T06:00:00,3213.675,3219.015,3208.265,3209.425
2025-05-20T07:00:00,3209.425,3225.135,3207.665,3222.575
2025-05-20T08:00:00,3222.559,3235.845,3218.059,3235.615
2025-05-20T09:00:00,3235.615,3239.235,3230.175,3236.115
2025-05-20T10:00:00,3236.095,3238.195,3231.575,3235.035
2025-05-20T11:00:00,3235.035,3241.425,3234.915,3241.005
2025-05-20T12:00:00,3240.905,3250.525,3234.215,3242.505
2025-05-20T13:00:00,3242.185,3261.305,3232.615,3261.015
2025-05-20T14:00:00,3261.015,3285.535,3260.095,3282.305
2025-05-20T15:00:00,3282.305,3283.345,3273.145,3277.025
2025-05-20T16:00:00,3277.005,3282.305,3274.995,3278.615
2025-05-20T17:00:00,3278.575,3287.735,3278.115,3286.255
2025-05-20T18:00:00,3286.285,3289.415,3283.925,3287.505
2025-05-20T19:00:00,3287.595,3295.015,3287.035,3294.005
2025-05-20T20:00:00,3293.985,3295.465,3289.195,3289.785
2025-05-20T22:00:00,3290.145,3303.765,3289.765,3296.585
2025-05-20T23:00:00,3296.445,3296.535,3288.355,3290.435
2025-05-21T00:00:00,3290.385,3303.955,3288.715,3303.185
2025-05-21T01:00:00,3303.125,3314.485,3285.105,3294.055
2025-05-21T02:00:00,3294.055,3304.825,3288.995,3301.365
2025-05-21T03:00:00,3301.345,3309.575,3298.905,3307.515
2025-05-21T04:00:00,3307.515,3308.215,3300.865,3301.915
2025-05-21T05:00:00,3301.865,3319.325,3298.145,3316.005
2025-05-21T06:00:00,3316.025,3320.455,3310.595,3319.915
2025-05-21T07:00:00,3319.855,3319.915,3307.285,3309.585
2025-05-21T08:00:00,3309.605,3312.085,3303.725,3308.115
2025-05-21T09:00:00,3308.135,3313.345,3306.625,3313.345
2025-05-21T10:00:00,3313.365,3318.105,3308.475,3311.595
2025-05-21T11:00:00,3311.765,3316.198,3306.265,3310.995
2025-05-21T12:00:00,3310.995,3312.445,3290.668,3302.445
2025-05-21T13:00:00,3302.505,3309.348,3295.108,3303.455
2025-05-21T14:00:00,3303.435,3307.655,3295.045,3304.105
2025-05-21T15:00:00,3304.135,3315.005,3303.315,3311.725
2025-05-21T16:00:00,3311.745,3314.465,3302.455,3302.875
2025-05-21T17:00:00,3302.845,3316.185,3302.545,3316.175
2025-05-21T18:00:00,3316.125,3316.285,3311.698,3314.198
2025-05-21T19:00:00,3314.105,3324.748,3314.105,3318.095
2025-05-21T20:00:00,3318.095,3319.585,3312.898,3314.675
2025-05-21T22:00:00,3319.348,3320.948,3315.035,3317.748
2025-05-21T23:00:00,3317.848,3323.998,3317.008,3319.835
2025-05-22T00:00:00,3320.075,3325.948,3319.128,3323.585
2025-05-22T01:00:00,3323.585,3342.745,3320.145,3337.898
2025-05-22T02:00:00,3337.768,3344.498,3336.255,3340.825
2025-05-22T03:00:00,3340.895,3345.198,3334.685,3335.148
2025-05-22T04:00:00,3335.035,3338.998,3332.438,3338.348
2025-05-22T05:00:00,3338.348,3339.148,3326.048,3332.075
2025-05-22T06:00:00,3332.135,3335.475,3325.158,3326.198
2025-05-22T07:00:00,3326.145,3330.998,3322.355,3327.395
2025-05-22T08:00:00,3327.415,3329.698,3309.865,3310.998
2025-05-22T09:00:00,3310.965,3313.645,3303.935,3304.498
2025-05-22T10:00:00,3304.498,3307.298,3288.275,3289.375
2025-05-22T11:00:00,3289.318,3314.545,3282.785,3314.225
2025-05-22T12:00:00,3314.055,3314.315,3300.705,3303.948
2025-05-22T13:00:00,3304.105,3315.535,3286.455,3287.175
2025-05-22T14:00:00,3287.175,3304.348,3278.789,3296.698
2025-05-22T15:00:00,3296.885,3298.498,3281.015,3294.448
2025-05-22T16:00:00,3294.515,3304.635,3290.898,3301.375
2025-05-22T17:00:00,3301.375,3301.565,3289.898,3296.398
2025-05-22T18:00:00,3296.398,3298.748,3292.098,3293.635
2025-05-22T19:00:00,3293.605,3296.905,3288.915,3290.075
2025-05-22T20:00:00,3290.075,3295.395,3289.325,3294.425
2025-05-22T22:00:00,3294.298,3299.085,3293.455,3297.348
2025-05-22T23:00:00,3297.265,3301.695,3297.048,3299.748
2025-05-23T00:00:00,3299.825,3308.648,3286.765,3300.855
2025-05-23T01:00:00,3300.995,3306.148,3295.648,3304.848
2025-05-23T02:00:00,3304.835,3305.048,3290.598,3296.598
2025-05-23T03:00:00,3296.598,3303.205,3296.185,3301.848
2025-05-23T04:00:00,3301.848,3315.875,3301.748,3313.398
2025-05-23T05:00:00,3313.398,3325.398,3312.248,3323.585
2025-05-23T06:00:00,3323.575,3331.745,3322.795,3330.898
2025-05-23T07:00:00,3330.809,3334.135,3326.455,3328.948
2025-05-23T08:00:00,3328.948,3329.198,3322.295,3326.098
2025-05-23T09:00:00,3326.185,3333.818,3324.585,3328.448
2025-05-23T10:00:00,3328.465,3331.685,3323.215,3328.355
2025-05-23T11:00:00,3328.355,3349.448,3324.125,3347.688
2025-05-23T12:00:00,3347.705,3360.248,3344.555,3356.715
2025-05-23T13:00:00,3356.725,3364.398,3336.565,3339.755
2025-05-23T14:00:00,3339.645,3359.428,3336.248,3359.098
2025-05-23T15:00:00,3359.098,3362.248,3351.835,3361.435
2025-05-23T16:00:00,3361.525,3364.298,3356.955,3358.725
2025-05-23T17:00:00,3358.725,3365.798,3356.165,3362.498
2025-05-23T18:00:00,3362.485,3365.745,3360.935,3361.805
2025-05-23T19:00:00,3361.815,3365.725,3358.015,3360.548
2025-05-23T20:00:00,3360.548,3361.598,3355.975,3356.575
2025-05-25T22:00:00,3355.698,3356.085,3340.905,3343.948
2025-05-25T23:00:00,3343.948,3350.398,3341.048,3342.298
2025-05-26T00:00:00,3342.425,3346.025,3331.198,3341.648
2025-05-26T01:00:00,3341.748,3347.398,3335.215,3344.725
2025-05-26T02:00:00,3344.635,3356.598,3343.005,3347.848
2025-05-26T03:00:00,3347.745,3349.648,3344.055,3347.348
2025-05-26T04:00:00,3347.245,3350.905,3346.095,3349.565
2025-05-26T05:00:00,3349.565,3351.548,3343.985,3347.135
2025-05-26T06:00:00,3347.098,3347.275,3336.805,3336.975
2025-05-26T07:00:00,3336.969,3338.498,3331.875,3337.148
2025-05-26T08:00:00,3337.045,3339.398,3330.755,3334.448
2025-05-26T09:00:00,3334.448,3335.898,3323.298,3328.198
2025-05-26T10:00:00,3328.155,3333.448,3328.155,3331.298
2025-05-26T11:00:00,3331.298,3334.405,3328.935,3332.898
2025-05-26T12:00:00,3332.905,3334.698,3326.048,3334.215
2025-05-26T13:00:00,3334.215,3338.748,3331.115,3338.148
2025-05-26T14:00:00,3338.045,3341.348,3335.285,3336.948
2025-05-26T15:00:00,3336.925,3339.505,3336.598,3337.798
2025-05-26T16:00:00,3337.745,3343.348,3337.398,3341.748
2025-05-26T17:00:00,3342.048,3342.898,3340.148,3340.948
2025-05-26T18:00:00,3340.925,3342.825,3340.648,3341.635
2025-05-26T22:00:00,3342.498,3348.515,3342.298,3347.438
2025-05-26T23:00:00,3347.305,3348.278,3344.415,3345.945
2025-05-27T00:00:00,3345.915,3349.748,3342.198,3344.895
2025-05-27T01:00:00,3344.985,3347.048,3331.495,3335.695
2025-05-27T02:00:00,3335.648,3344.198,3334.805,3342.765
2025-05-27T03:00:00,3342.735,3347.048,3340.648,3340.918
2025-05-27T04:00:00,3340.898,3341.198,3330.375,3330.605
2025-05-27T05:00:00,3330.605,3332.415,3315.678,3323.198
2025-05-27T06:00:00,3323.198,3328.148,3304.748,3308.348
2025-05-27T07:00:00,3308.248,3312.348,3292.265,3296.048
2025-05-27T08:00:00,3296.048,3310.148,3296.005,3298.285
2025-05-27T09:00:00,3298.248,3309.398,3294.268,3295.948
2025-05-27T10:00:00,3295.948,3299.415,3290.175,3293.005
2025-05-27T11:00:00,3292.995,3297.948,3287.548,3288.148
2025-05-27T12:00:00,3288.125,3297.715,3287.805,3293.398
2025-05-27T13:00:00,3293.125,3304.748,3292.085,3294.805
2025-05-27T14:00:00,3294.775,3303.155,3284.159,3299.678
2025-05-27T15:00:00,3299.678,3302.875,3289.398,3293.298
2025-05-27T16:00:00,3293.298,3298.498,3292.798,3297.588
2025-05-27T17:00:00,3297.515,3304.175,3296.605,3301.048
2025-05-27T18:00:00,3300.995,3303.825,3298.925,3302.895
2025-05-27T19:00:00,3302.889,3307.885,3302.765,3304.165
2025-05-27T20:00:00,3304.415,3304.865,3299.465,3300.455
2025-05-27T22:00:00,3300.298,3305.548,3299.985,3302.948
2025-05-27T23:00:00,3303.195,3310.848,3297.085,3309.148
2025-05-28T00:00:00,3309.148,3315.525,3308.028,3308.298
2025-05-28T01:00:00,3308.298,3310.548,3298.235,3301.555
2025-05-28T02:00:00,3301.555,3313.598,3300.335,3302.185
2025-05-28T03:00:00,3302.158,3303.885,3291.398,3297.505
2025-05-28T04:00:00,3297.565,3298.985,3294.135,3296.125
2025-05-28T05:00:00,3296.125,3310.048,3295.755,3306.988
2025-05-28T06:00:00,3306.898,3308.555,3298.078,3308.075
2025-05-28T07:00:00,3308.048,3322.268,3306.848,3318.948
2025-05-28T08:00:00,3318.948,3323.598,3314.885,3321.348
2025-05-28T09:00:00,3321.355,3325.318,3319.805,3323.895
2025-05-28T10:00:00,3323.925,3324.548,3311.578,3313.048
2025-05-28T11:00:00,3313.075,3314.878,3307.195,3310.915
2025-05-28T12:00:00,3310.895,3314.248,3305.145,3311.898
2025-05-28T13:00:00,3311.865,3316.145,3297.175,3304.798
2025-05-28T14:00:00,3304.798,3308.765,3300.145,3302.375
2025-05-28T15:00:00,3302.395,3302.548,3292.345,3295.835
2025-05-28T16:00:00,3295.925,3298.955,3288.355,3293.285
2025-05-28T17:00:00,3293.248,3298.885,3291.148,3296.418
2025-05-28T18:00:00,3295.475,3302.798,3295.475,3301.898
2025-05-28T19:00:00,3301.825,3302.965,3293.575,3296.765
2025-05-28T20:00:00,3296.765,3297.135,3276.075,3286.715
2025-05-28T22:00:00,3288.148,3294.348,3281.458,3286.248
2025-05-28T23:00:00,3285.985,3287.398,3249.725,3259.548
2025-05-29T00:00:00,3259.548,3268.848,3253.455,3264.848
2025-05-29T01:00:00,3264.745,3265.748,3245.198,3263.348
2025-05-29T02:00:00,3263.348,3275.198,3260.618,3269.808
2025-05-29T03:00:00,3269.818,3280.005,3267.768,3274.398
2025-05-29T04:00:00,3274.398,3275.198,3268.768,3268.785
2025-05-29T05:00:00,3268.805,3272.405,3265.848,3272.265
2025-05-29T06:00:00,3272.255,3276.155,3267.815,3271.455
2025-05-29T07:00:00,3271.575,3287.185,3271.515,3286.175
2025-05-29T08:00:00,3286.175,3289.075,3277.905,3281.495
2025-05-29T09:00:00,3281.475,3282.998,3275.985,3281.855
2025-05-29T10:00:00,3281.855,3300.515,3281.655,3296.505
2025-05-29T11:00:00,3296.505,3305.265,3295.155,3299.545
2025-05-29T12:00:00,3299.545,3317.305,3298.448,3316.235
2025-05-29T13:00:00,3316.209,3321.875,3310.055,3312.168
2025-05-29T14:00:00,3312.145,3319.198,3304.498,3310.025
2025-05-29T15:00:00,3310.035,3321.848,3309.475,3321.485
2025-05-29T16:00:00,3321.498,3330.775,3319.598,3322.015
2025-05-29T17:00:00,3321.998,3324.335,3317.875,3324.095
2025-05-29T18:00:00,3324.155,3325.645,3317.298,3321.098
2025-05-29T19:00:00,3321.098,3321.298,3315.298,3316.485
2025-05-29T20:00:00,3316.555,3318.095,3314.965,3317.775
2025-05-29T22:00:00,3317.185,3320.798,3313.318,3314.098
2025-05-29T23:00:00,3314.235,3316.948,3312.575,3315.395
2025-05-30T00:00:00,3315.395,3318.675,3309.195,3312.265
2025-05-30T01:00:00,3312.348,3322.448,3307.848,3309.648
2025-05-30T02:00:00,3309.625,3311.948,3294.648,3297.005
2025-05-30T03:00:00,3296.998,3302.148,3290.985,3294.198
2025-05-30T04:00:00,3293.985,3296.298,3291.335,3296.048
2025-05-30T05:00:00,3295.948,3304.798,3289.898,3303.448
2025-05-30T06:00:00,3303.448,3303.955,3290.245,3301.625
2025-05-30T07:00:00,3301.625,3301.625,3287.148,3294.748
2025-05-30T08:00:00,3294.748,3299.048,3291.315,3295.498
2025-05-30T09:00:00,3295.465,3298.975,3292.265,3295.325
2025-05-30T10:00:00,3295.375,3300.348,3292.315,3295.025
2025-05-30T11:00:00,3295.005,3297.095,3288.365,3293.798
2025-05-30T12:00:00,3293.798,3306.398,3282.275,3303.748
2025-05-30T13:00:00,3303.748,3307.998,3274.898,3276.335
2025-05-30T14:00:00,3276.355,3287.035,3271.095,3282.498
2025-05-30T15:00:00,3282.498,3292.415,3275.748,3288.398
2025-05-30T16:00:00,3288.398,3295.515,3283.705,3293.015
2025-05-30T17:00:00,3293.015,3294.648,3289.505,3290.725
2025-05-30T18:00:00,3290.725,3294.965,3290.725,3293.555
2025-05-30T19:00:00,3293.548,3294.955,3291.555,3294.745
2025-05-30T20:00:00,3294.715,3295.595,3288.425,3288.865
2025-06-01T22:00:00,3298.375,3314.815,3295.208,3312.798
2025-06-01T23:00:00,3312.415,3316.448,3308.795,3309.935
2025-06-02T00:00:00,3309.955,3314.698,3302.968,3311.098
2025-06-02T01:00:00,3311.215,3313.515,3301.195,3303.298
2025-06-02T02:00:00,3303.298,3311.365,3302.998,3307.105
2025-06-02T03:00:00,3307.105,3308.698,3302.955,3308.448
2025-06-02T04:00:00,3308.425,3317.998,3308.425,3313.758
2025-06-02T05:00:00,3313.565,3325.548,3313.515,3323.448
2025-06-02T06:00:00,3323.465,3345.198,3323.465,3344.165
2025-06-02T07:00:00,3344.255,3358.748,3342.879,3352.265
2025-06-02T08:00:00,3352.385,3356.148,3349.798,3351.748
2025-06-02T09:00:00,3351.719,3352.148,3344.165,3348.125
2025-06-02T10:00:00,3348.065,3351.165,3344.298,3348.398
2025-06-02T11:00:00,3348.398,3360.098,3345.798,3356.065
2025-06-02T12:00:00,3356.015,3363.348,3353.755,3355.265
2025-06-02T13:00:00,3355.465,3375.948,3349.925,3370.368
2025-06-02T14:00:00,3370.368,3378.745,3367.415,3375.815
2025-06-02T15:00:00,3375.825,3378.648,3369.555,3374.085
2025-06-02T16:00:00,3374.085,3379.165,3368.975,3371.525
2025-06-02T17:00:00,3371.448,3375.748,3370.995,3374.205
2025-06-02T18:00:00,3374.185,3379.895,3370.548,3379.025
2025-06-02T19:00:00,3378.978,3382.275,3377.638,3381.415
2025-06-02T20:00:00,3381.415,3382.695,3378.215,3381.215
2025-06-02T22:00:00,3382.898,3391.165,3381.898,3389.765
2025-06-02T23:00:00,3389.795,3391.935,3382.848,3387.198
2025-06-03T00:00:00,3387.225,3388.398,3373.575,3375.615
2025-06-03T01:00:00,3375.695,3375.798,3362.995,3372.535
2025-06-03T02:00:00,3372.465,3377.765,3364.175,3368.465
2025-06-03T03:00:00,3368.465,3369.298,3359.445,3360.758
2025-06-03T04:00:00,3360.755,3364.898,3359.0,3362.498
2025-06-03T05:00:00,3362.498,3367.575,3356.038,3364.765
2025-06-03T06:00:00,3364.715,3367.065,3350.938,3358.598
2025-06-03T07:00:00,3358.615,3360.898,3352.245,3359.348
2025-06-03T08:00:00,3359.348,3364.548,3359.339,3360.998
2025-06-03T09:00:00,3361.015,3362.455,3354.698,3356.598
2025-06-03T10:00:00,3356.605,3358.508,3354.715,3355.248
2025-06-03T11:00:00,3355.248,3360.298,3353.085,3359.098
2025-06-03T12:00:00,3359.098,3362.918,3348.798,3359.098
2025-06-03T13:00:00,3359.035,3362.948,3340.565,3345.425
2025-06-03T14:00:00,3345.405,3349.945,3332.575,3346.198
2025-06-03T15:00:00,3346.198,3351.398,3343.848,3350.198
2025-06-03T16:00:00,3350.198,3353.395,3344.398,3348.305
2025-06-03T17:00:00,3348.275,3354.348,3347.025,3352.905
2025-06-03T18:00:00,3352.898,3353.598,3350.145,3353.298
2025-06-03T19:00:00,3353.365,3355.245,3351.035,3352.375
2025-06-03T20:00:00,3352.395,3355.085,3352.345,3352.885
2025-06-03T22:00:00,3353.515,3358.248,3353.235,3356.838
2025-06-03T23:00:00,3356.625,3361.355,3354.955,3359.698
2025-06-04T00:00:00,3359.698,3359.898,3349.668,3349.998
2025-06-04T01:00:00,3349.998,3372.025,3346.195,3370.548
2025-06-04T02:00:00,3370.548,3372.445,3362.695,3365.265
2025-06-04T03:00:00,3365.225,3367.355,3358.165,3358.998
2025-06-04T04:00:00,3358.998,3361.235,3352.138,3354.505
2025-06-04T05:00:00,3354.535,3356.255,3347.745,3350.798
2025-06-04T06:00:00,3350.835,3358.245,3348.735,3355.465
2025-06-04T07:00:00,3355.448,3364.948,3353.455,3354.475
2025-06-04T08:00:00,3354.415,3363.995,3351.355,3362.575
2025-06-04T09:00:00,3362.605,3364.935,3359.115,3362.795
2025-06-04T10:00:00,3362.745,3363.775,3347.048,3350.598
2025-06-04T11:00:00,3350.505,3351.795,3343.448,3346.315
2025-06-04T12:00:00,3346.415,3360.598,3343.985,3358.698
2025-06-04T13:00:00,3358.715,3362.545,3350.615,3352.395
2025-06-04T14:00:00,3352.395,3384.495,3350.615,3377.148
2025-06-04T15:00:00,3377.148,3378.798,3370.0,3371.498
2025-06-04T16:00:00,3371.498,3376.075,3370.665,3374.848
2025-06-04T17:00:00,3374.848,3380.705,3372.748,3378.925
2025-06-04T18:00:00,3378.955,3381.875,3374.765,3375.898
2025-06-04T19:00:00,3375.898,3376.135,3371.648,3373.348
2025-06-04T20:00:00,3373.185,3374.848,3370.505,3372.445
2025-06-04T22:00:00,3374.245,3375.748,3372.098,3373.258
2025-06-04T23:00:00,3373.235,3378.798,3372.228,3377.935
2025-06-05T00:00:00,3377.865,3381.505,3372.5,3379.965
2025-06-05T01:00:00,3379.948,3383.975,3370.308,3373.635
2025-06-05T02:00:00,3373.585,3374.945,3367.898,3370.675
2025-06-05T03:00:00,3370.675,3377.175,3368.945,3369.448
2025-06-05T04:00:00,3369.448,3372.295,3363.615,3368.235
2025-06-05T05:00:00,3368.285,3369.548,3360.925,3364.025
2025-06-05T06:00:00,3364.045,3369.798,3363.615,3365.845
2025-06-05T07:00:00,3365.798,3374.298,3365.065,3371.098
2025-06-05T08:00:00,3371.115,3376.698,3369.595,3375.045
2025-06-05T09:00:00,3375.045,3391.155,3373.825,3389.365
2025-06-05T10:00:00,3389.325,3400.195,3387.948,3399.748
2025-06-05T11:00:00,3399.765,3403.178,3391.325,3391.998
2025-06-05T12:00:00,3392.345,3399.848,3377.405,3382.848
2025-06-05T13:00:00,3382.848,3388.198,3370.835,3377.905
2025-06-05T14:00:00,3378.275,3382.998,3363.605,3367.415
2025-06-05T15:00:00,3367.405,3372.765,3339.048,3344.545
2025-06-05T16:00:00,3344.448,3356.175,3339.548,3353.805
2025-06-05T17:00:00,3354.115,3354.565,3348.605,3353.685
2025-06-05T18:00:00,3353.685,3355.948,3350.245,3353.248
2025-06-05T19:00:00,3353.235,3361.115,3352.595,3356.505
2025-06-05T20:00:00,3356.535,3357.548,3351.748,3352.285
2025-06-05T22:00:00,3353.745,3363.208,3352.735,3358.748
2025-06-05T23:00:00,3358.605,3362.435,3357.248,3361.648
2025-06-06T00:00:00,3361.648,3364.035,3357.048,3359.148
2025-06-06T01:00:00,3359.165,3368.405,3355.848,3363.645
2025-06-06T02:00:00,3363.548,3366.348,3361.848,3363.675
2025-06-06T03:00:00,3363.655,3371.725,3359.235,3369.448
2025-06-06T04:00:00,3369.365,3374.365,3368.898,3373.448
2025-06-06T05:00:00,3373.448,3375.348,3361.905,3365.785
2025-06-06T06:00:00,3365.835,3366.875,3355.835,3360.525
2025-06-06T07:00:00,3360.535,3362.145,3352.615,3359.248
2025-06-06T08:00:00,3359.415,3367.559,3358.115,3365.185
2025-06-06T09:00:00,3365.245,3365.245,3352.665,3356.525
2025-06-06T10:00:00,3356.545,3360.735,3355.588,3360.495
2025-06-06T11:00:00,3360.565,3364.165,3357.915,3358.095
2025-06-06T12:00:00,3358.265,3364.098,3343.148,3353.145
2025-06-06T13:00:00,3353.075,3360.718,3342.155,3342.925
2025-06-06T14:00:00,3342.935,3344.648,3316.065,3325.965
2025-06-06T15:00:00,3326.025,3336.598,3323.075,3331.898
2025-06-06T16:00:00,3331.875,3332.498,3320.615,3322.585
2025-06-06T17:00:00,3322.625,3326.548,3321.135,3323.445
2025-06-06T18:00:00,3323.485,3323.895,3313.448,3317.265
2025-06-06T19:00:00,3317.285,3318.765,3311.095,3312.118
2025-06-06T20:00:00,3312.135,3312.595,3306.915,3309.625
2025-06-08T22:00:00,3311.395,3320.985,3309.018,3314.548
2025-06-08T23:00:00,3314.405,3318.348,3313.108,3317.798
2025-06-09T00:00:00,3317.905,3318.448,3297.948,3305.248
2025-06-09T01:00:00,3305.215,3309.148,3294.815,3295.915
2025-06-09T02:00:00,3295.995,3307.385,3293.198,3305.245
2025-06-09T03:00:00,3305.215,3311.748,3303.908,3310.518
2025-06-09T04:00:00,3310.448,3313.248,3308.948,3311.555
2025-06-09T05:00:00,3311.535,3316.305,3309.348,3314.355
2025-06-09T06:00:00,3314.365,3324.795,3312.305,3324.205
2025-06-09T07:00:00,3324.199,3328.415,3321.345,3323.948
2025-06-09T08:00:00,3323.955,3325.485,3319.545,3319.615
2025-06-09T09:00:00,3319.679,3323.298,3316.565,3318.455
2025-06-09T10:00:00,3318.455,3319.525,3311.979,3314.515
2025-06-09T11:00:00,3314.505,3321.135,3313.445,3317.248
2025-06-09T12:00:00,3317.275,3322.195,3312.875,3319.855
2025-06-09T13:00:00,3319.885,3321.505,3310.525,3319.135
2025-06-09T14:00:00,3319.135,3326.585,3315.925,3320.655
2025-06-09T15:00:00,3320.675,3331.965,3320.185,3328.395
2025-06-09T16:00:00,3328.378,3337.705,3327.305,3337.515
2025-06-09T17:00:00,3337.519,3338.065,3332.745,3333.495
2025-06-09T18:00:00,3333.495,3336.845,3332.548,3333.035
2025-06-09T19:00:00,3333.029,3335.325,3325.655,3327.055
2025-06-09T20:00:00,3327.049,3329.405,3324.735,3325.215
2025-06-09T22:00:00,3325.125,3327.148,3321.338,3323.198
2025-06-09T23:00:00,3323.135,3327.725,3323.135,3326.555
2025-06-10T00:00:00,3326.575,3326.595,3314.235,3316.398
2025-06-10T01:00:00,3316.398,3319.785,3302.675,3305.915
2025-06-10T02:00:00,3305.875,3310.085,3301.698,3309.155
2025-06-10T03:00:00,3309.105,3310.148,3304.825,3307.305
2025-06-10T04:00:00,3307.345,3308.545,3302.645,3307.048
2025-06-10T05:00:00,3307.015,3318.995,3306.505,3317.298
2025-06-10T06:00:00,3317.398,3331.125,3315.245,3325.248
2025-06-10T07:00:00,3325.255,3332.055,3323.775,3329.925
2025-06-10T08:00:00,3330.025,3334.775,3325.948,3329.205
2025-06-10T09:00:00,3329.205,3331.705,3326.865,3329.545
2025-06-10T10:00:00,3329.575,3336.035,3328.185,3335.105
2025-06-10T11:00:00,3335.098,3342.298,3332.118,3333.545
2025-06-10T12:00:00,3333.595,3340.135,3328.015,3336.935
2025-06-10T13:00:00,3337.075,3348.895,3335.305,3343.355
2025-06-10T14:00:00,3343.355,3343.498,3325.235,3328.335
2025-06-10T15:00:00,3328.335,3329.075,3322.965,3326.495
2025-06-10T16:00:00,3326.455,3327.565,3319.755,3321.065
2025-06-10T17:00:00,3321.065,3325.725,3320.235,3324.575
2025-06-10T18:00:00,3324.615,3325.225,3319.215,3321.405
2025-06-10T19:00:00,3321.425,3334.348,3321.248,3328.485
2025-06-10T20:00:00,3328.535,3328.655,3322.235,3323.295
2025-06-10T22:00:00,3322.298,3327.175,3320.445,3324.198
2025-06-10T23:00:00,3324.085,3327.955,3315.245,3327.755
2025-06-11T00:00:00,3327.825,3334.995,3324.835,3332.165
2025-06-11T01:00:00,3332.148,3337.279,3327.385,3328.345
2025-06-11T02:00:00,3328.265,3339.415,3326.835,3337.965
2025-06-11T03:00:00,3337.965,3341.475,3336.275,3339.105
2025-06-11T04:00:00,3339.098,3342.735,3336.745,3341.525
2025-06-11T05:00:00,3341.519,3342.895,3335.325,3339.498
2025-06-11T06:00:00,3339.525,3339.998,3332.225,3337.125
2025-06-11T07:00:00,3337.085,3348.405,3334.965,3345.415
2025-06-11T08:00:00,3345.409,3346.555,3342.518,3344.298
2025-06-11T09:00:00,3344.225,3344.398,3331.005,3333.525
2025-06-11T10:00:00,3333.715,3336.595,3328.195,3329.685
2025-06-11T11:00:00,3329.705,3335.048,3325.755,3332.865
2025-06-11T12:00:00,3332.935,3360.405,3326.835,3336.525
2025-06-11T13:00:00,3336.475,3344.345,3327.445,3329.598
2025-06-11T14:00:00,3329.598,3341.098,3328.175,3337.398
2025-06-11T15:00:00,3337.398,3342.615,3329.365,3332.998
2025-06-11T16:00:00,3332.998,3334.248,3327.905,3330.045
2025-06-11T17:00:00,3330.085,3331.155,3319.405,3324.148
2025-06-11T18:00:00,3324.095,3346.998,3323.648,3343.698
2025-06-11T19:00:00,3343.698,3349.065,3342.198,3346.538
2025-06-11T20:00:00,3346.518,3355.595,3346.358,3355.005
2025-06-11T22:00:00,3356.915,3369.448,3356.065,3368.698
2025-06-11T23:00:00,3368.665,3373.168,3357.385,3365.265
2025-06-12T00:00:00,3365.165,3371.135,3361.938,3365.555
2025-06-12T01:00:00,3365.535,3376.848,3362.205,3370.755
2025-06-12T02:00:00,3370.698,3377.548,3368.645,3374.505
2025-06-12T03:00:00,3374.485,3376.625,3371.485,3373.198
2025-06-12T04:00:00,3373.145,3373.545,3369.248,3370.205
2025-06-12T05:00:00,3370.198,3375.655,3367.448,3374.325
2025-06-12T06:00:00,3374.465,3375.435,3365.048,3374.775
2025-06-12T07:00:00,3374.695,3375.025,3338.385,3345.925
2025-06-12T08:00:00,3345.875,3360.955,3345.875,3356.565
2025-06-12T09:00:00,3356.548,3367.648,3355.145,3365.195
2025-06-12T10:00:00,3365.395,3385.655,3362.255,3382.298
2025-06-12T11:00:00,3382.308,3388.355,3372.948,3379.095
2025-06-12T12:00:00,3378.955,3390.285,3376.265,3387.838
2025-06-12T13:00:00,3387.915,3398.745,3378.895,3391.848
2025-06-12T14:00:00,3391.848,3392.948,3382.795,3383.685
2025-06-12T15:00:00,3383.675,3390.195,3377.635,3385.498
2025-06-12T16:00:00,3385.498,3391.198,3380.698,3383.405
2025-06-12T17:00:00,3383.445,3384.748,3377.798,3382.448
2025-06-12T18:00:00,3382.448,3386.115,3381.578,3385.755
2025-06-12T19:00:00,3385.748,3389.248,3384.648,3388.048
2025-06-12T20:00:00,3387.875,3388.848,3384.538,3385.625
2025-06-12T22:00:00,3385.505,3386.348,3379.378,3383.198
2025-06-12T23:00:00,3382.885,3395.955,3382.285,3395.545
2025-06-13T00:00:00,3395.425,3419.775,3391.465,3416.165
2025-06-13T01:00:00,3416.348,3433.135,3413.468,3427.375
2025-06-13T02:00:00,3427.245,3443.965,3424.548,3441.155
2025-06-13T03:00:00,3441.135,3444.125,3423.368,3425.348
2025-06-13T04:00:00,3425.248,3430.135,3422.555,3425.095
2025-06-13T05:00:00,3425.185,3428.615,3417.898,3425.905
2025-06-13T06:00:00,3425.935,3428.635,3408.165,3416.125
2025-06-13T07:00:00,3416.135,3418.835,3407.755,3414.715
2025-06-13T08:00:00,3414.695,3425.915,3414.075,3424.148
2025-06-13T09:00:00,3424.148,3427.148,3419.818,3424.195
2025-06-13T10:00:00,3424.155,3427.545,3411.395,3415.685
2025-06-13T11:00:00,3415.745,3422.835,3412.295,3422.005
2025-06-13T12:00:00,3422.045,3437.998,3421.565,3436.435
2025-06-13T13:00:00,3436.348,3446.648,3433.589,3436.865
2025-06-13T14:00:00,3436.905,3439.698,3423.495,3427.715
2025-06-13T15:00:00,3427.735,3430.198,3420.728,3426.045
2025-06-13T16:00:00,3426.035,3430.975,3419.055,3429.915
2025-06-13T17:00:00,3429.915,3433.298,3427.205,3430.198
2025-06-13T18:00:00,3430.225,3439.395,3428.535,3436.525
2025-06-13T19:00:00,3436.535,3438.075,3431.645,3432.165
2025-06-13T20:00:00,3432.235,3434.645,3428.905,3431.855
2025-06-15T22:00:00,3451.065,3451.065,3428.075,3448.098
2025-06-15T23:00:00,3448.095,3449.848,3439.255,3444.015
2025-06-16T00:00:00,3443.998,3451.085,3434.095,3436.148
2025-06-16T01:00:00,3435.945,3442.905,3432.855,3441.305
2025-06-16T02:00:00,3441.395,3446.105,3437.675,3438.155
2025-06-16T03:00:00,3438.135,3439.355,3429.048,3431.365
2025-06-16T04:00:00,3431.345,3433.165,3426.705,3427.335
2025-06-16T05:00:00,3427.515,3430.255,3417.555,3421.348
2025-06-16T06:00:00,3421.348,3421.348,3412.698,3418.105
2025-06-16T07:00:00,3418.085,3419.655,3409.165,3412.455
2025-06-16T08:00:00,3412.375,3418.298,3409.475,3413.625
2025-06-16T09:00:00,3413.715,3419.348,3411.738,3411.798
2025-06-16T10:00:00,3412.025,3421.135,3410.545,3420.905
2025-06-16T11:00:00,3420.875,3422.455,3410.548,3414.775
2025-06-16T12:00:00,3414.825,3417.655,3410.825,3415.415
2025-06-16T13:00:00,3415.395,3417.725,3382.525,3387.708
2025-06-16T14:00:00,3387.798,3399.248,3387.005,3396.765
2025-06-16T15:00:00,3396.855,3405.448,3396.855,3404.375
2025-06-16T16:00:00,3404.375,3404.848,3397.285,3399.148
2025-06-16T17:00:00,3399.125,3400.115,3390.885,3392.415
2025-06-16T18:00:00,3392.365,3393.885,3383.805,3385.165
2025-06-16T19:00:00,3385.335,3388.348,3382.665,3383.885
2025-06-16T20:00:00,3383.745,3385.915,3383.175,3383.485
2025-06-16T22:00:00,3386.825,3398.248,3384.788,3395.348
2025-06-16T23:00:00,3395.255,3402.655,3392.728,3402.598
2025-06-17T00:00:00,3402.635,3403.098,3391.335,3394.055
2025-06-17T01:00:00,3394.125,3402.285,3392.998,3393.535
2025-06-17T02:00:00,3393.535,3400.215,3388.285,3389.755
2025-06-17T03:00:00,3389.748,3392.355,3373.235,3387.348
2025-06-17T04:00:00,3387.365,3396.065,3386.835,3393.748
2025-06-17T05:00:00,3393.748,3395.148,3390.395,3392.348
2025-06-17T06:00:00,3392.348,3392.348,3380.805,3385.285
2025-06-17T07:00:00,3385.275,3391.715,3382.965,3387.605
2025-06-17T08:00:00,3387.645,3388.465,3377.365,3378.645
2025-06-17T09:00:00,3378.548,3385.745,3375.445,3385.425
2025-06-17T10:00:00,3385.505,3398.595,3385.145,3397.985
2025-06-17T11:00:00,3398.025,3399.948,3387.948,3388.348
2025-06-17T12:00:00,3388.348,3391.345,3383.305,3386.525
2025-06-17T13:00:00,3386.605,3397.275,3385.648,3390.385
2025-06-17T14:00:00,3390.325,3391.748,3365.835,3384.785
2025-06-17T15:00:00,3384.775,3388.075,3372.178,3379.098
2025-06-17T16:00:00,3379.198,3385.845,3376.448,3382.735
2025-06-17T17:00:00,3382.735,3391.115,3380.998,3390.155
2025-06-17T18:00:00,3390.335,3392.298,3382.218,3382.655
2025-06-17T19:00:00,3382.835,3386.265,3382.235,3385.525
2025-06-17T20:00:00,3385.495,3390.195,3383.398,3387.385
2025-06-17T22:00:00,3389.698,3395.998,3388.505,3388.518
2025-06-17T23:00:00,3388.755,3390.045,3384.775,3387.155
2025-06-18T00:00:00,3387.098,3388.645,3382.748,3385.548
2025-06-18T01:00:00,3385.548,3388.398,3378.515,3378.775
2025-06-18T02:00:00,3378.625,3379.495,3370.345,3379.148
2025-06-18T03:00:00,3379.165,3391.305,3379.048,3390.775
2025-06-18T04:00:00,3390.805,3399.845,3389.225,3394.975
2025-06-18T05:00:00,3394.995,3395.445,3383.965,3386.215
2025-06-18T06:00:00,3386.215,3386.515,3379.148,3382.148
2025-06-18T07:00:00,3382.075,3385.898,3376.865,3385.695
2025-06-18T08:00:00,3385.648,3388.205,3382.355,3383.348
2025-06-18T09:00:00,3383.348,3385.348,3375.248,3377.915
2025-06-18T10:00:00,3377.998,3382.148,3375.435,3380.048
2025-06-18T11:00:00,3380.048,3386.905,3378.745,3381.915
2025-06-18T12:00:00,3381.885,3389.645,3381.505,3386.485
2025-06-18T13:00:00,3386.505,3396.648,3385.368,3391.998
2025-06-18T14:00:00,3391.998,3392.198,3373.545,3386.635
2025-06-18T15:00:00,3386.645,3392.648,3381.085,3392.535
2025-06-18T16:00:00,3392.485,3394.498,3389.735,3390.745
2025-06-18T17:00:00,3390.745,3390.998,3384.068,3384.708
2025-06-18T18:00:00,3384.768,3395.598,3378.148,3378.875
2025-06-18T19:00:00,3378.869,3378.975,3362.705,3366.598
2025-06-18T20:00:00,3366.598,3369.465,3362.355,3368.845
2025-06-18T22:00:00,3369.445,3379.598,3369.445,3374.948
2025-06-18T23:00:00,3374.855,3376.798,3370.448,3374.885
2025-06-19T00:00:00,3374.925,3383.135,3374.565,3379.255
2025-06-19T01:00:00,3379.205,3387.798,3374.348,3374.615
2025-06-19T02:00:00,3374.725,3379.265,3373.845,3376.498
2025-06-19T03:00:00,3376.515,3377.098,3369.438,3373.365
2025-06-19T04:00:00,3373.325,3374.998,3371.765,3374.325
2025-06-19T05:00:00,3374.325,3375.065,3359.948,3364.415
2025-06-19T06:00:00,3364.405,3364.605,3347.265,3357.275
2025-06-19T07:00:00,3357.269,3368.905,3350.475,3365.745
2025-06-19T08:00:00,3365.715,3371.405,3362.058,3368.475
2025-06-19T09:00:00,3368.475,3373.495,3363.348,3370.145
2025-06-19T10:00:00,3370.145,3378.891,3368.818,3374.755
2025-06-19T11:00:00,3374.795,3375.295,3370.278,3371.735
2025-06-19T12:00:00,3371.775,3372.335,3363.738,3367.748
2025-06-19T13:00:00,3367.775,3372.755,3361.265,3369.218
2025-06-19T14:00:00,3369.205,3370.718,3361.348,3364.405
2025-06-19T15:00:00,3364.398,3371.848,3361.985,3369.015
2025-06-19T16:00:00,3369.035,3371.498,3365.895,3370.795
2025-06-19T17:00:00,3370.765,3375.198,3365.615,3368.025
2025-06-19T18:00:00,3367.955,3371.185,3366.348,3370.075
2025-06-19T22:00:00,3368.405,3370.315,3361.725,3365.398
2025-06-19T23:00:00,3365.498,3370.265,3363.285,3368.585
2025-06-20T00:00:00,3368.585,3370.115,3364.505,3367.898
2025-06-20T01:00:00,3367.815,3368.098,3355.898,3356.198
2025-06-20T02:00:00,3356.198,3360.398,3351.348,3352.245
2025-06-20T03:00:00,3352.275,3356.045,3344.375,3355.345
2025-06-20T04:00:00,3355.355,3357.465,3352.355,3354.165
2025-06-20T05:00:00,3354.145,3354.898,3342.435,3344.525
2025-06-20T06:00:00,3344.545,3348.625,3340.175,3345.085
2025-06-20T07:00:00,3345.048,3355.115,3343.145,3347.465
2025-06-20T08:00:00,3347.375,3352.248,3346.495,3350.845
2025-06-20T09:00:00,3350.815,3359.085,3348.995,3355.055
2025-06-20T10:00:00,3355.085,3357.775,3354.775,3355.265
2025-06-20T11:00:00,3355.235,3355.865,3346.398,3346.798
2025-06-20T12:00:00,3347.075,3350.605,3341.715,3344.305
2025-06-20T13:00:00,3344.355,3373.575,3342.798,3370.048
2025-06-20T14:00:00,3370.048,3374.265,3365.018,3368.975
2025-06-20T15:00:00,3369.045,3371.548,3365.655,3369.598
2025-06-20T16:00:00,3369.525,3373.148,3367.548,3371.248
2025-06-20T17:00:00,3371.248,3371.548,3366.348,3367.148
2025-06-20T18:00:00,3367.165,3367.775,3364.455,3366.448
2025-06-20T19:00:00,3366.475,3370.585,3364.608,3365.345
2025-06-20T20:00:00,3365.345,3369.148,3364.488,3368.005
2025-06-22T22:00:00,3390.698,3396.648,3372.008,3378.748
2025-06-22T23:00:00,3378.555,3380.248,3370.898,3372.498
2025-06-23T00:00:00,3372.455,3373.348,3358.115,3365.405
2025-06-23T01:00:00,3365.435,3367.848,3351.765,3355.065
2025-06-23T02:00:00,3355.065,3364.745,3354.645,3361.335
2025-06-23T03:00:00,3361.315,3366.185,3360.175,3363.155
2025-06-23T04:00:00,3363.105,3364.865,3356.625,3358.285
2025-06-23T05:00:00,3358.285,3360.395,3346.675,3356.615
2025-06-23T06:00:00,3356.655,3359.685,3352.378,3357.398
2025-06-23T07:00:00,3357.355,3358.595,3351.465,3357.375
2025-06-23T08:00:00,3357.405,3362.125,3357.405,3361.665
2025-06-23T09:00:00,3361.565,3368.865,3361.435,3366.348
2025-06-23T10:00:00,3366.295,3368.048,3363.755,3367.575
2025-06-23T11:00:00,3367.615,3381.848,3367.615,3380.555
2025-06-23T12:00:00,3380.585,3380.875,3355.695,3360.205
2025-06-23T13:00:00,3360.148,3387.548,3359.665,3380.135
2025-06-23T14:00:00,3380.145,3386.585,3369.395,3386.255
2025-06-23T15:00:00,3386.265,3389.615,3384.345,3386.985
2025-06-23T16:00:00,3386.965,3393.348,3380.115,3389.695
2025-06-23T17:00:00,3389.605,3391.315,3375.265,3382.235
2025-06-23T18:00:00,3382.275,3387.255,3376.555,3378.375
2025-06-23T19:00:00,3378.465,3381.898,3375.425,3376.248
2025-06-23T20:00:00,3376.248,3377.105,3366.788,3367.955
2025-06-23T22:00:00,3367.298,3369.545,3350.075,3355.098
2025-06-23T23:00:00,3354.945,3357.248,3341.095,3343.898
2025-06-24T00:00:00,3343.998,3354.955,3332.865,3350.885
2025-06-24T01:00:00,3350.925,3354.148,3341.898,3347.465
2025-06-24T02:00:00,3347.335,3352.645,3345.755,3351.735
2025-06-24T03:00:00,3351.765,3357.615,3351.398,3352.235
2025-06-24T04:00:00,3352.235,3353.185,3346.895,3348.348
2025-06-24T05:00:00,3348.348,3348.655,3326.375,3331.845
2025-06-24T06:00:00,3332.175,3332.965,3315.855,3322.548
2025-06-24T07:00:00,3322.545,3331.455,3316.298,3329.545
2025-06-24T08:00:00,3329.455,3332.235,3324.475,3327.215
2025-06-24T09:00:00,3327.215,3328.635,3317.725,3318.415
2025-06-24T10:00:00,3318.415,3327.555,3318.385,3325.415
2025-06-24T11:00:00,3325.355,3328.785,3317.648,3320.955
2025-06-24T12:00:00,3320.898,3320.898,3304.408,3314.448
2025-06-24T13:00:00,3314.185,3317.705,3295.098,3301.625
2025-06-24T14:00:00,3301.598,3310.095,3298.425,3304.375
2025-06-24T15:00:00,3304.348,3316.955,3299.515,3313.015
2025-06-24T16:00:00,3313.065,3320.198,3311.098,3318.185
2025-06-24T17:00:00,3318.265,3321.048,3317.695,3317.765
2025-06-24T18:00:00,3317.848,3318.755,3315.395,3316.935
2025-06-24T19:00:00,3316.935,3325.005,3315.845,3323.365
2025-06-24T20:00:00,3323.425,3324.298,3321.358,3322.625
2025-06-24T22:00:00,3323.725,3325.198,3320.655,3321.348
2025-06-24T23:00:00,3321.255,3324.685,3321.255,3324.015
2025-06-25T00:00:00,3323.975,3329.855,3323.415,3326.725
2025-06-25T01:00:00,3326.755,3334.705,3326.195,3334.535
2025-06-25T02:00:00,3334.495,3335.048,3327.598,3329.225
2025-06-25T03:00:00,3329.245,3331.825,3327.005,3328.145
2025-06-25T04:00:00,3328.145,3329.105,3325.605,3327.355
2025-06-25T05:00:00,3327.325,3333.545,3326.545,3331.398
2025-06-25T06:00:00,3331.398,3333.155,3328.685,3331.555
2025-06-25T07:00:00,3331.525,3336.848,3326.498,3330.418
2025-06-25T08:00:00,3330.365,3332.195,3326.305,3327.015
2025-06-25T09:00:00,3327.015,3327.075,3321.348,3325.148
2025-06-25T10:00:00,3325.148,3329.478,3323.945,3324.285
2025-06-25T11:00:00,3324.245,3329.355,3321.878,3322.348
2025-06-25T12:00:00,3322.348,3329.285,3317.918,3320.495
2025-06-25T13:00:00,3320.525,3321.455,3311.705,3314.188
2025-06-25T14:00:00,3314.218,3326.065,3311.948,3323.255
2025-06-25T15:00:00,3323.235,3326.998,3321.475,3325.425
2025-06-25T16:00:00,3325.425,3334.975,3323.898,3334.575
2025-06-25T17:00:00,3334.605,3335.185,3324.415,3327.698
2025-06-25T18:00:00,3327.695,3331.525,3326.035,3331.398
2025-06-25T19:00:00,3331.398,3335.848,3330.225,3333.465
2025-06-25T20:00:00,3333.595,3335.415,3331.175,3332.095
2025-06-25T22:00:00,3334.245,3335.598,3331.065,3332.998
2025-06-25T23:00:00,3332.935,3340.015,3332.525,3338.805
2025-06-26T00:00:00,3338.835,3339.125,3331.848,3333.748
2025-06-26T01:00:00,3333.755,3336.598,3328.998,3329.955
2025-06-26T02:00:00,3329.855,3341.648,3328.998,3339.315
2025-06-26T03:00:00,3339.385,3342.985,3336.155,3337.755
2025-06-26T04:00:00,3337.755,3337.865,3333.155,3333.748
2025-06-26T05:00:00,3333.748,3338.025,3332.148,3333.848
2025-06-26T06:00:00,3333.865,3340.175,3330.755,3339.648
2025-06-26T07:00:00,3339.648,3346.955,3339.525,3345.835
2025-06-26T08:00:00,3345.815,3350.025,3344.148,3347.898
2025-06-26T09:00:00,3347.898,3348.478,3338.455,3340.415
2025-06-26T10:00:00,3340.415,3343.185,3338.0,3343.048
2025-06-26T11:00:00,3343.048,3343.819,3331.235,3332.625
2025-06-26T12:00:00,3332.655,3343.905,3321.465,3321.865
2025-06-26T13:00:00,3321.875,3328.548,3309.695,3319.478
2025-06-26T14:00:00,3319.478,3323.568,3311.705,3318.098
2025-06-26T15:00:00,3318.145,3324.848,3318.145,3324.748
2025-06-26T16:00:00,3324.685,3333.098,3323.505,3331.068
2025-06-26T17:00:00,3330.995,3336.198,3330.889,3332.478
2025-06-26T18:00:00,3332.518,3334.648,3331.038,3333.815
2025-06-26T19:00:00,3333.815,3334.105,3328.048,3331.048
2025-06-26T20:00:00,3331.085,3332.145,3327.405,3327.705
2025-06-26T22:00:00,3327.358,3327.698,3318.648,3321.148
2025-06-26T23:00:00,3321.025,3323.348,3315.948,3318.498
2025-06-27T00:00:00,3318.395,3319.648,3312.998,3318.648
2025-06-27T01:00:00,3318.635,3321.845,3314.615,3316.195
2025-06-27T02:00:00,3316.195,3320.215,3308.315,3308.615
2025-06-27T03:00:00,3308.565,3310.698,3292.398,3294.065
2025-06-27T04:00:00,3294.055,3297.425,3290.825,3293.775
2025-06-27T05:00:00,3293.815,3300.725,3288.998,3297.135
2025-06-27T06:00:00,3297.135,3299.755,3286.628,3294.748
2025-06-27T07:00:00,3294.748,3295.048,3283.345,3284.195
2025-06-27T08:00:00,3284.195,3290.915,3281.698,3289.275
2025-06-27T09:00:00,3289.255,3289.645,3281.895,3282.565
2025-06-27T10:00:00,3282.615,3290.715,3279.545,3285.515
2025-06-27T11:00:00,3285.545,3287.815,3275.885,3281.205
2025-06-27T12:00:00,3281.155,3282.115,3269.325,3269.855
2025-06-27T13:00:00,3269.975,3274.385,3255.485,3273.868
2025-06-27T14:00:00,3273.805,3277.955,3263.405,3272.295
2025-06-27T15:00:00,3272.315,3277.275,3270.775,3274.435
2025-06-27T16:00:00,3274.435,3278.415,3273.205,3277.445
2025-06-27T17:00:00,3277.465,3282.598,3272.569,3277.098
2025-06-27T18:00:00,3277.098,3278.128,3270.245,3275.625
2025-06-27T19:00:00,3275.665,3276.385,3268.185,3270.425
2025-06-27T20:00:00,3270.495,3275.275,3270.105,3273.335
2025-06-29T22:00:00,3272.145,3281.298,3244.925,3263.498
2025-06-29T23:00:00,3263.375,3270.648,3262.645,3263.585
2025-06-30T00:00:00,3263.555,3269.448,3262.435,3264.225
2025-06-30T01:00:00,3264.145,3275.648,3259.195,3273.655
2025-06-30T02:00:00,3273.685,3283.098,3273.315,3279.985
2025-06-30T03:00:00,3279.965,3282.575,3277.715,3278.795
2025-06-30T04:00:00,3278.798,3286.048,3277.008,3285.298
2025-06-30T05:00:00,3285.298,3291.215,3284.435,3288.968
2025-06-30T06:00:00,3288.835,3295.305,3287.755,3291.848
2025-06-30T07:00:00,3291.848,3296.598,3290.495,3292.785
2025-06-30T08:00:00,3292.665,3296.348,3287.875,3288.915
2025-06-30T09:00:00,3288.898,3288.898,3277.245,3287.655
2025-06-30T10:00:00,3287.695,3288.675,3282.265,3283.335
2025-06-30T11:00:00,3283.355,3283.598,3274.405,3277.705
2025-06-30T12:00:00,3277.945,3288.845,3277.895,3281.885
2025-06-30T13:00:00,3281.895,3286.898,3277.725,3284.558
2025-06-30T14:00:00,3284.558,3289.395,3278.978,3287.548
2025-06-30T15:00:00,3287.465,3290.595,3283.468,3289.445
2025-06-30T16:00:00,3289.475,3297.305,3289.005,3297.135
2025-06-30T17:00:00,3297.098,3298.365,3292.065,3293.965
2025-06-30T18:00:00,3293.965,3299.368,3292.615,3298.265
2025-06-30T19:00:00,3298.435,3309.348,3297.855,3308.498
2025-06-30T20:00:00,3308.498,3309.048,3301.835,3302.155
2025-06-30T22:00:00,3302.898,3314.398,3301.958,3311.115
2025-06-30T23:00:00,3311.115,3312.298,3308.365,3312.298
2025-07-01T00:00:00,3312.249,3314.715,3309.675,3314.548
2025-07-01T01:00:00,3314.515,3320.778,3313.705,3317.548
2025-07-01T02:00:00,3317.548,3319.098,3314.148,3315.848
2025-07-01T03:00:00,3315.848,3322.405,3315.548,3320.948
2025-07-01T04:00:00,3320.815,3322.898,3318.648,3322.848
2025-07-01T05:00:00,3322.735,3332.175,3322.705,3328.545
2025-07-01T06:00:00,3328.565,3334.348,3324.798,3331.175
2025-07-01T07:00:00,3331.205,3339.685,3330.655,3339.348
2025-07-01T08:00:00,3339.348,3342.255,3336.555,3339.415
2025-07-01T09:00:00,3339.435,3347.925,3338.078,3345.585
2025-07-01T10:00:00,3345.595,3349.535,3344.175,3348.395
2025-07-01T11:00:00,3348.395,3352.825,3346.805,3348.785
2025-07-01T12:00:00,3348.845,3357.865,3348.195,3354.475
2025-07-01T13:00:00,3354.405,3355.435,3344.145,3351.328
2025-07-01T14:00:00,3351.315,3354.215,3343.415,3345.685
2025-07-01T15:00:00,3345.665,3346.515,3336.798,3340.065
2025-07-01T16:00:00,3340.085,3343.365,3337.385,3341.505
2025-07-01T17:00:00,3341.505,3342.025,3336.785,3339.565
2025-07-01T18:00:00,3339.565,3339.705,3336.698,3337.758
2025-07-01T19:00:00,3337.795,3339.885,3336.658,3337.905
2025-07-01T20:00:00,3337.905,3340.145,3336.698,3337.535
2025-07-01T22:00:00,3338.698,3343.548,3336.555,3341.248
2025-07-01T23:00:00,3341.265,3341.548,3336.675,3337.875
2025-07-02T00:00:00,3337.935,3344.765,3334.355,3338.725
2025-07-02T01:00:00,3338.725,3342.715,3330.665,3331.948
2025-07-02T02:00:00,3331.948,3338.005,3328.208,3336.445
2025-07-02T03:00:00,3336.475,3341.898,3334.698,3339.648
2025-07-02T04:00:00,3339.625,3341.745,3339.225,3339.885
2025-07-02T05:00:00,3339.885,3343.698,3336.285,3338.548
2025-07-02T06:00:00,3338.605,3339.148,3329.635,3333.245
2025-07-02T07:00:00,3333.198,3336.515,3327.275,3334.555
2025-07-02T08:00:00,3334.488,3337.775,3332.735,3333.315
2025-07-02T09:00:00,3333.298,3342.175,3332.845,3341.495
2025-07-02T10:00:00,3341.445,3345.465,3340.395,3344.098
2025-07-02T11:00:00,3344.125,3347.548,3339.625,3342.085
2025-07-02T12:00:00,3342.055,3350.948,3336.685,3346.408
2025-07-02T13:00:00,3346.408,3346.425,3334.735,3337.185
2025-07-02T14:00:00,3337.255,3343.325,3333.635,3342.755
2025-07-02T15:00:00,3342.675,3343.555,3338.485,3340.825
2025-07-02T16:00:00,3340.785,3349.115,3340.785,3348.525
2025-07-02T17:00:00,3348.475,3350.435,3347.195,3349.469
2025-07-02T18:00:00,3349.469,3355.135,3348.345,3354.905
2025-07-02T19:00:00,3354.905,3359.325,3354.365,3358.045
2025-07-02T20:00:00,3358.155,3359.815,3355.345,3357.205
2025-07-02T22:00:00,3356.698,3365.455,3356.698,3361.648
2025-07-02T23:00:00,3361.648,3361.948,3348.605,3349.098
2025-07-03T00:00:00,3349.115,3349.648,3343.268,3344.485
2025-07-03T01:00:00,3344.555,3347.998,3341.648,3345.805
2025-07-03T02:00:00,3345.835,3351.275,3345.525,3350.825
2025-07-03T03:00:00,3350.845,3351.315,3345.248,3347.285
2025-07-03T04:00:00,3347.298,3351.605,3347.198,3350.498
2025-07-03T05:00:00,3350.485,3360.305,3349.898,3359.135
2025-07-03T06:00:00,3359.155,3363.545,3356.328,3361.648
2025-07-03T07:00:00,3361.648,3362.905,3352.265,3352.795
2025-07-03T08:00:00,3352.825,3358.155,3351.395,3355.995
2025-07-03T09:00:00,3355.955,3356.225,3343.698,3345.455
2025-07-03T10:00:00,3345.548,3355.275,3344.565,3352.995
2025-07-03T11:00:00,3353.035,3353.565,3342.865,3345.875
2025-07-03T12:00:00,3345.785,3352.115,3311.215,3324.195
2025-07-03T13:00:00,3324.395,3338.308,3321.795,3331.718
2025-07-03T14:00:00,3331.718,3334.495,3323.248,3324.475
2025-07-03T15:00:00,3324.465,3331.248,3322.845,3327.845
2025-07-03T16:00:00,3327.895,3334.455,3325.545,3333.705
2025-07-03T17:00:00,3333.705,3334.698,3328.775,3329.105
2025-07-03T18:00:00,3329.015,3330.055,3327.755,3328.875
2025-07-03T19:00:00,3328.865,3329.395,3327.015,3328.535
2025-07-03T20:00:00,3328.515,3328.645,3325.155,3326.085
2025-07-03T22:00:00,3324.998,3329.348,3323.345,3328.748
2025-07-03T23:00:00,3328.605,3331.798,3328.148,3330.648
2025-07-04T00:00:00,3330.565,3330.848,3325.615,3328.748
2025-07-04T01:00:00,3328.648,3334.075,3326.155,3329.775
2025-07-04T02:00:00,3329.648,3332.255,3326.798,3327.165
2025-07-04T03:00:00,3327.165,3338.685,3325.885,3338.248
2025-07-04T04:00:00,3338.225,3342.048,3337.745,3340.645
2025-07-04T05:00:00,3340.685,3341.995,3338.198,3339.298
2025-07-04T06:00:00,3339.298,3344.905,3339.025,3342.445
2025-07-04T07:00:00,3342.645,3343.575,3336.245,3342.775
2025-07-04T08:00:00,3342.785,3344.025,3340.655,3342.605
2025-07-04T09:00:00,3342.605,3342.868,3332.805,3334.188
2025-07-04T10:00:00,3334.188,3337.848,3331.305,3336.548
2025-07-04T11:00:00,3336.485,3337.648,3334.225,3334.458
2025-07-04T12:00:00,3334.458,3337.598,3331.189,3333.648
2025-07-04T13:00:00,3333.649,3337.855,3331.988,3333.585
2025-07-04T14:00:00,3333.555,3333.985,3330.569,3333.015
2025-07-04T15:00:00,3333.045,3333.648,3330.529,3332.169
2025-07-04T16:00:00,3332.165,3337.298,3332.048,3336.248
2025-07-06T22:00:00,3334.015,3342.348,3332.205,3333.098
2025-07-06T23:00:00,3333.005,3334.248,3326.065,3328.655
2025-07-07T00:00:00,3328.685,3329.495,3321.545,3326.265
2025-07-07T01:00:00,3326.285,3327.548,3306.475,3316.298
2025-07-07T02:00:00,3316.298,3317.498,3305.765,3308.695
2025-07-07T03:00:00,3308.695,3315.095,3306.835,3310.755
2025-07-07T04:00:00,3310.785,3312.155,3305.005,3307.525
2025-07-07T05:00:00,3307.645,3314.995,3306.748,3313.175
2025-07-07T06:00:00,3313.175,3315.075,3308.145,3309.735
2025-07-07T07:00:00,3309.695,3313.048,3300.435,3302.035
2025-07-07T08:00:00,3301.998,3312.625,3301.085,3310.005
2025-07-07T09:00:00,3309.938,3311.748,3305.945,3308.795
2025-07-07T10:00:00,3308.748,3310.545,3296.195,3301.875
2025-07-07T11:00:00,3301.875,3307.385,3299.505,3301.715
2025-07-07T12:00:00,3301.635,3312.495,3300.315,3309.415
2025-07-07T13:00:00,3309.398,3317.065,3305.935,3316.148
2025-07-07T14:00:00,3316.248,3321.198,3313.005,3317.775
2025-07-07T15:00:00,3317.785,3321.825,3316.019,3320.665
2025-07-07T16:00:00,3320.635,3327.875,3319.945,3327.265
2025-07-07T17:00:00,3327.375,3335.685,3327.185,3331.745
2025-07-07T18:00:00,3331.865,3335.465,3328.198,3334.155
2025-07-07T19:00:00,3334.159,3340.289,3334.098,3336.925
2025-07-07T20:00:00,3337.045,3337.955,3335.355,3336.545
2025-07-07T22:00:00,3338.498,3345.548,3338.298,3339.548
2025-07-07T23:00:00,3339.469,3339.848,3333.598,3334.398
2025-07-08T00:00:00,3334.398,3336.909,3330.859,3333.948
2025-07-08T01:00:00,3333.849,3336.775,3329.328,3334.498
2025-07-08T02:00:00,3334.498,3337.835,3332.548,3334.255
2025-07-08T03:00:00,3334.235,3335.265,3329.365,3331.265
2025-07-08T04:00:00,3331.285,3332.548,3327.115,3329.465
2025-07-08T05:00:00,3329.485,3336.325,3329.305,3333.849
2025-07-08T06:00:00,3333.855,3335.798,3330.425,3335.505
2025-07-08T07:00:00,3335.555,3339.285,3330.285,3333.765
2025-07-08T08:00:00,3333.725,3333.725,3323.055,3323.455
2025-07-08T09:00:00,3323.455,3326.605,3320.985,3321.895
2025-07-08T10:00:00,3321.895,3326.945,3320.335,3324.415
2025-07-08T11:00:00,3324.465,3327.315,3319.715,3324.865
2025-07-08T12:00:00,3324.905,3329.648,3324.565,3327.915
2025-07-08T13:00:00,3327.915,3328.405,3314.619,3314.965
2025-07-08T14:00:00,3314.925,3315.698,3294.108,3296.285
2025-07-08T15:00:00,3296.275,3300.125,3286.905,3298.035
2025-07-08T16:00:00,3298.035,3301.385,3295.685,3300.148
2025-07-08T17:00:00,3300.095,3310.199,3299.105,3306.198
2025-07-08T18:00:00,3306.198,3307.998,3300.415,3305.125
2025-07-08T19:00:00,3305.155,3305.915,3302.208,3302.718
2025-07-08T20:00:00,3302.645,3303.505,3299.135,3300.695
2025-07-08T22:00:00,3301.098,3303.905,3300.405,3301.355
2025-07-08T23:00:00,3301.395,3303.745,3296.965,3301.995
2025-07-09T00:00:00,3302.005,3307.725,3301.525,3306.898
2025-07-09T01:00:00,3306.865,3307.048,3299.125,3301.605
2025-07-09T02:00:00,3301.555,3302.695,3286.315,3288.175
2025-07-09T03:00:00,3288.145,3294.505,3284.638,3293.075
2025-07-09T04:00:00,3293.075,3296.098,3290.865,3293.705
2025-07-09T05:00:00,3293.705,3297.548,3288.748,3289.215
2025-07-09T06:00:00,3289.225,3292.575,3285.415,3292.048
2025-07-09T07:00:00,3292.075,3295.805,3288.075,3291.665
2025-07-09T08:00:00,3291.645,3292.448,3282.425,3284.785
2025-07-09T09:00:00,3284.675,3290.148,3284.225,3288.985
2025-07-09T10:00:00,3288.965,3295.795,3288.055,3295.325
2025-07-09T11:00:00,3295.565,3295.748,3283.005,3284.698
2025-07-09T12:00:00,3284.698,3297.345,3284.698,3296.198
2025-07-09T13:00:00,3296.225,3305.025,3291.715,3300.085
2025-07-09T14:00:00,3300.155,3312.735,3299.618,3312.145
2025-07-09T15:00:00,3312.175,3312.775,3306.165,3309.435
2025-07-09T16:00:00,3309.405,3313.175,3307.735,3311.695
2025-07-09T17:00:00,3311.695,3314.465,3307.958,3309.068
2025-07-09T18:00:00,3309.078,3313.548,3307.575,3311.215
2025-07-09T19:00:00,3311.165,3316.598,3310.675,3315.465
2025-07-09T20:00:00,3315.545,3315.648,3311.348,3313.445
2025-07-09T22:00:00,3312.948,3320.955,3312.545,3319.398
2025-07-09T23:00:00,3319.365,3319.565,3315.355,3317.425
2025-07-10T00:00:00,3317.445,3321.698,3316.365,3317.448
2025-07-10T01:00:00,3317.448,3326.085,3316.415,3321.875
2025-07-10T02:00:00,3321.905,3323.405,3317.998,3318.898
2025-07-10T03:00:00,3318.898,3319.948,3315.338,3315.545
2025-07-10T04:00:00,3315.539,3322.295,3314.655,3322.078
2025-07-10T05:00:00,3322.055,3324.848,3320.498,3320.945
2025-07-10T06:00:00,3320.925,3328.165,3320.745,3325.085
2025-07-10T07:00:00,3325.115,3329.285,3319.698,3320.898
2025-07-10T08:00:00,3320.898,3329.975,3319.705,3328.495
2025-07-10T09:00:00,3328.495,3330.085,3323.065,3326.285
2025-07-10T10:00:00,3326.305,3328.565,3321.995,3325.065
2025-07-10T11:00:00,3325.095,3330.055,3318.085,3320.255
2025-07-10T12:00:00,3320.285,3325.925,3317.658,3323.475
2025-07-10T13:00:00,3323.475,3329.248,3311.675,3312.598
2025-07-10T14:00:00,3312.455,3321.395,3309.905,3314.815
2025-07-10T15:00:00,3314.805,3321.395,3314.485,3319.455
2025-07-10T16:00:00,3319.495,3319.815,3311.975,3314.965
2025-07-10T17:00:00,3314.865,3318.475,3314.535,3317.325
2025-07-10T18:00:00,3317.315,3321.705,3316.205,3321.335
2025-07-10T19:00:00,3321.385,3325.795,3321.265,3324.725
2025-07-10T20:00:00,3324.719,3325.175,3323.175,3323.505
2025-07-10T22:00:00,3322.935,3326.198,3321.585,3322.898
2025-07-10T23:00:00,3322.305,3326.195,3322.305,3323.555
2025-07-11T00:00:00,3323.505,3335.975,3323.345,3329.858
2025-07-11T01:00:00,3329.858,3331.305,3324.898,3329.335
2025-07-11T02:00:00,3329.385,3334.745,3326.975,3332.235
2025-07-11T03:00:00,3332.215,3335.898,3331.865,3333.498
2025-07-11T04:00:00,3333.425,3335.055,3329.325,3331.755
2025-07-11T05:00:00,3331.715,3341.508,3331.715,3333.885
2025-07-11T06:00:00,3333.925,3343.475,3331.815,3332.185
2025-07-11T07:00:00,3332.145,3341.928,3330.835,3341.665
2025-07-11T08:00:00,3341.685,3343.475,3332.618,3332.855
2025-07-11T09:00:00,3332.895,3339.698,3332.635,3339.108
2025-07-11T10:00:00,3339.105,3348.008,3339.105,3344.715
2025-07-11T11:00:00,3344.715,3349.958,3341.695,3347.175
2025-07-11T12:00:00,3347.175,3356.715,3343.865,3354.919
2025-07-11T13:00:00,3354.919,3358.959,3349.798,3351.599
2025-07-11T14:00:00,3351.599,3363.565,3349.915,3360.905
2025-07-11T15:00:00,3360.829,3368.559,3356.659,3358.669
2025-07-11T16:00:00,3358.549,3359.549,3352.528,3353.578
2025-07-11T17:00:00,3353.578,3353.949,3348.965,3353.185
2025-07-11T18:00:00,3353.225,3358.265,3353.165,3355.905
2025-07-11T19:00:00,3355.905,3359.495,3355.385,3356.275
2025-07-11T20:00:00,3356.315,3358.705,3353.315,3354.725
2025-07-13T22:00:00,3362.948,3370.798,3358.698,3368.948
2025-07-13T23:00:00,3368.645,3373.705,3366.055,3367.498
2025-07-14T00:00:00,3367.498,3373.105,3364.485,3367.105
2025-07-14T01:00:00,3367.015,3369.925,3356.725,3358.345
2025-07-14T02:00:00,3358.295,3359.365,3353.575,3357.195
2025-07-14T03:00:00,3357.165,3359.405,3355.148,3356.835
2025-07-14T04:00:00,3356.795,3361.475,3353.565,3359.475
2025-07-14T05:00:00,3359.345,3360.195,3353.435,3357.415
2025-07-14T06:00:00,3357.475,3369.505,3356.305,3368.715
2025-07-14T07:00:00,3368.575,3374.805,3366.415,3371.725
2025-07-14T08:00:00,3371.805,3372.425,3365.145,3366.135
2025-07-14T09:00:00,3366.148,3370.225,3363.648,3370.075
2025-07-14T10:00:00,3370.145,3374.445,3369.545,3371.815
2025-07-14T11:00:00,3371.835,3372.925,3363.628,3363.888
2025-07-14T12:00:00,3363.888,3366.445,3349.138,3349.848
2025-07-14T13:00:00,3349.865,3358.755,3346.985,3355.115
2025-07-14T14:00:00,3354.968,3356.025,3340.755,3342.845
2025-07-14T15:00:00,3343.035,3349.458,3342.215,3344.925
2025-07-14T16:00:00,3344.965,3349.125,3342.905,3347.595
2025-07-14T17:00:00,3347.615,3351.515,3347.225,3350.875
2025-07-14T18:00:00,3350.895,3351.035,3347.705,3348.705
2025-07-14T19:00:00,3348.725,3350.285,3342.995,3343.955
2025-07-14T20:00:00,3344.065,3345.455,3341.105,3342.785
2025-07-14T22:00:00,3342.805,3345.615,3341.125,3345.448
2025-07-14T23:00:00,3345.448,3346.265,3343.625,3345.048
2025-07-15T00:00:00,3345.035,3349.165,3344.415,3347.348
2025-07-15T01:00:00,3347.345,3350.475,3345.875,3346.395
2025-07-15T02:00:00,3346.435,3351.885,3345.535,3350.705
2025-07-15T03:00:00,3350.655,3358.095,3350.565,3357.685
2025-07-15T04:00:00,3357.665,3361.198,3357.445,3360.005
2025-07-15T05:00:00,3360.035,3364.955,3360.025,3361.898
2025-07-15T06:00:00,3361.898,3364.025,3357.388,3357.935
2025-07-15T07:00:00,3358.055,3364.975,3357.285,3364.165
2025-07-15T08:00:00,3364.135,3365.445,3356.345,3360.748
2025-07-15T09:00:00,3360.785,3364.495,3358.348,3363.178
2025-07-15T10:00:00,3363.178,3366.148,3361.025,3361.155
2025-07-15T11:00:00,3361.195,3361.845,3353.935,3354.648
2025-07-15T12:00:00,3354.675,3360.048,3346.205,3348.615
2025-07-15T13:00:00,3348.679,3352.275,3334.169,3346.405
2025-07-15T14:00:00,3346.555,3351.949,3342.259,3347.719
2025-07-15T15:00:00,3347.719,3349.798,3325.145,3328.765
2025-07-15T16:00:00,3328.745,3330.175,3320.055,3329.119
2025-07-15T17:00:00,3329.099,3331.169,3325.675,3327.965
2025-07-15T18:00:00,3327.969,3331.798,3325.639,3328.689
2025-07-15T19:00:00,3328.689,3331.105,3326.355,3330.325
2025-07-15T20:00:00,3330.285,3330.835,3323.065,3323.135
2025-07-15T22:00:00,3324.095,3327.465,3323.505,3326.348
2025-07-15T23:00:00,3326.448,3331.545,3325.808,3330.798
2025-07-16T00:00:00,3330.825,3332.475,3328.765,3330.265
2025-07-16T01:00:00,3330.295,3334.845,3328.665,3330.675
2025-07-16T02:00:00,3330.905,3331.305,3324.865,3325.995
2025-07-16T03:00:00,3325.995,3334.915,3325.695,3334.155
2025-07-16T04:00:00,3334.205,3338.358,3332.625,3338.005
2025-07-16T05:00:00,3337.988,3339.695,3335.448,3337.848
2025-07-16T06:00:00,3337.848,3341.865,3337.475,3339.015
2025-07-16T07:00:00,3338.959,3339.975,3335.835,3337.705
2025-07-16T08:00:00,3337.885,3342.495,3337.625,3341.805
2025-07-16T09:00:00,3341.735,3342.775,3338.798,3339.825
2025-07-16T10:00:00,3339.785,3340.265,3333.898,3334.695
2025-07-16T11:00:00,3334.605,3339.935,3333.585,3339.105
2025-07-16T12:00:00,3339.085,3340.805,3330.749,3334.345
2025-07-16T13:00:00,3334.365,3339.275,3321.819,3326.648
2025-07-16T14:00:00,3326.559,3342.359,3319.499,3337.819
2025-07-16T15:00:00,3337.819,3377.185,3335.225,3343.148
2025-07-16T16:00:00,3343.245,3354.805,3338.748,3348.798
2025-07-16T17:00:00,3348.835,3357.098,3348.505,3354.485
2025-07-16T18:00:00,3354.485,3357.175,3348.835,3350.095
2025-07-16T19:00:00,3350.048,3350.395,3345.798,3346.855
2025-07-16T20:00:00,3346.849,3349.198,3345.948,3346.045
2025-07-16T22:00:00,3347.298,3352.025,3347.298,3349.198
2025-07-16T23:00:00,3349.105,3349.938,3345.125,3346.275
2025-07-17T00:00:00,3346.248,3347.165,3339.495,3340.555
2025-07-17T01:00:00,3340.515,3344.335,3336.995,3343.815
2025-07-17T02:00:00,3343.798,3344.475,3337.455,3341.095
2025-07-17T03:00:00,3341.185,3342.195,3336.148,3341.305
2025-07-17T04:00:00,3341.285,3344.548,3338.165,3342.498
2025-07-17T05:00:00,3342.498,3342.715,3335.695,3339.225
2025-07-17T06:00:00,3339.245,3339.625,3327.988,3335.215
2025-07-17T07:00:00,3335.245,3335.995,3324.955,3325.635
2025-07-17T08:00:00,3325.665,3331.895,3325.365,3328.605
2025-07-17T09:00:00,3328.565,3332.255,3324.495,3325.415
2025-07-17T10:00:00,3325.415,3330.925,3324.765,3325.645
2025-07-17T11:00:00,3325.598,3328.298,3322.098,3323.998
2025-07-17T12:00:00,3324.005,3328.365,3309.575,3312.945
2025-07-17T13:00:00,3312.935,3321.625,3310.815,3318.898
2025-07-17T14:00:00,3318.898,3335.025,3318.035,3333.935
2025-07-17T15:00:00,3333.965,3338.248,3331.005,3336.605
2025-07-17T16:00:00,3336.605,3339.799,3335.275,3338.599
2025-07-17T17:00:00,3338.589,3340.895,3336.125,3337.255
2025-07-17T18:00:00,3337.275,3338.799,3335.479,3338.329
2025-07-17T19:00:00,3338.398,3340.605,3337.998,3339.535
2025-07-17T20:00:00,3339.535,3340.148,3337.205,3338.355
2025-07-17T22:00:00,3340.725,3343.895,3337.935,3343.048
2025-07-17T23:00:00,3342.955,3343.148,3339.285,3340.055
2025-07-18T00:00:00,3340.095,3341.248,3337.635,3339.675
2025-07-18T01:00:00,3339.695,3342.785,3335.078,3337.525
2025-07-18T02:00:00,3337.505,3344.048,3336.675,3337.498
2025-07-18T03:00:00,3337.498,3338.248,3333.895,3334.415
2025-07-18T04:00:00,3334.345,3336.875,3333.545,3336.875
2025-07-18T05:00:00,3336.835,3340.015,3333.165,3333.265
2025-07-18T06:00:00,3333.258,3342.535,3331.645,3341.935
2025-07-18T07:00:00,3341.925,3349.935,3340.485,3349.655
2025-07-18T08:00:00,3349.685,3350.185,3346.025,3347.345
2025-07-18T09:00:00,3347.365,3354.705,3347.255,3352.195
2025-07-18T10:00:00,3352.165,3352.498,3347.625,3351.275
2025-07-18T11:00:00,3351.209,3357.498,3350.639,3354.125
2025-07-18T12:00:00,3354.085,3361.035,3353.948,3359.725
2025-07-18T13:00:00,3359.725,3360.145,3352.005,3355.185
2025-07-18T14:00:00,3355.185,3358.935,3350.995,3354.515
2025-07-18T15:00:00,3354.555,3356.148,3352.195,3353.485
2025-07-18T16:00:00,3353.505,3357.235,3351.025,3353.475
2025-07-18T17:00:00,3353.505,3353.555,3350.345,3351.985
2025-07-18T18:00:00,3352.025,3353.185,3349.998,3351.155
2025-07-18T19:00:00,3351.175,3352.605,3347.495,3348.155
2025-07-18T20:00:00,3348.149,3351.745,3347.555,3349.655
2025-07-20T22:00:00,3349.898,3350.015,3344.798,3347.398
2025-07-20T23:00:00,3347.125,3349.348,3345.245,3348.898
2025-07-21T00:00:00,3348.835,3354.298,3347.418,3352.025
2025-07-21T01:00:00,3351.995,3358.355,3351.698,3356.265
2025-07-21T02:00:00,3356.335,3357.245,3352.098,3353.895
2025-07-21T03:00:00,3353.865,3356.635,3350.798,3351.035
2025-07-21T04:00:00,3351.015,3358.515,3350.398,3357.658
2025-07-21T05:00:00,3357.585,3369.395,3357.585,3366.588
2025-07-21T06:00:00,3366.588,3370.565,3365.145,3368.125
2025-07-21T07:00:00,3368.055,3370.245,3363.745,3364.505
2025-07-21T08:00:00,3364.545,3366.698,3362.835,3365.805
2025-07-21T09:00:00,3365.885,3366.345,3362.595,3365.895
2025-07-21T10:00:00,3365.925,3367.965,3362.665,3365.985
2025-07-21T11:00:00,3365.995,3375.455,3365.095,3375.205
2025-07-21T12:00:00,3375.195,3388.405,3374.355,3387.075
2025-07-21T13:00:00,3387.165,3395.148,3383.328,3388.395
2025-07-21T14:00:00,3388.355,3401.339,3385.645,3400.169
2025-07-21T15:00:00,3400.169,3400.855,3395.255,3397.775
2025-07-21T16:00:00,3397.825,3398.945,3393.645,3395.405
2025-07-21T17:00:00,3395.415,3395.655,3391.145,3393.115
2025-07-21T18:00:00,3393.095,3395.625,3392.865,3395.285
2025-07-21T19:00:00,3395.259,3399.548,3394.855,3398.648
2025-07-21T20:00:00,3398.648,3399.148,3396.475,3396.535
2025-07-21T22:00:00,3396.895,3400.815,3396.845,3399.045
2025-07-21T23:00:00,3399.045,3402.475,3392.898,3396.298
2025-07-22T00:00:00,3396.298,3397.475,3390.095,3394.215
2025-07-22T01:00:00,3394.205,3395.675,3384.945,3385.698
2025-07-22T02:00:00,3385.675,3391.805,3385.098,3391.385
2025-07-22T03:00:00,3391.365,3393.425,3388.645,3392.365
2025-07-22T04:00:00,3392.235,3392.235,3387.798,3390.798
2025-07-22T05:00:00,3390.945,3391.645,3384.498,3385.265
2025-07-22T06:00:00,3385.265,3387.805,3384.095,3384.458
2025-07-22T07:00:00,3384.458,3387.375,3383.115,3387.375
2025-07-22T08:00:00,3387.425,3389.945,3385.825,3388.845
2025-07-22T09:00:00,3388.785,3390.435,3384.445,3385.925
2025-07-22T10:00:00,3385.999,3388.498,3385.655,3386.888
2025-07-22T11:00:00,3386.795,3391.445,3386.485,3391.165
2025-07-22T12:00:00,3391.125,3407.685,3390.725,3407.375
2025-07-22T13:00:00,3407.369,3419.945,3406.198,3412.148
2025-07-22T14:00:00,3412.148,3427.585,3404.365,3426.115
2025-07-22T15:00:00,3426.085,3430.365,3423.395,3426.295
2025-07-22T16:00:00,3426.315,3432.699,3426.079,3432.015
2025-07-22T17:00:00,3432.035,3433.279,3426.248,3429.169
2025-07-22T18:00:00,3429.179,3430.819,3427.635,3429.465
2025-07-22T19:00:00,3429.479,3432.319,3428.745,3431.248
2025-07-22T20:00:00,3431.248,3432.548,3427.448,3430.855
2025-07-22T22:00:00,3431.605,3432.698,3427.188,3427.598
2025-07-22T23:00:00,3427.415,3432.915,3426.015,3427.305
2025-07-23T00:00:00,3427.305,3438.655,3426.835,3428.598
2025-07-23T01:00:00,3428.525,3430.475,3420.625,3420.865
2025-07-23T02:00:00,3420.885,3424.745,3418.915,3422.905
2025-07-23T03:00:00,3422.855,3428.425,3422.545,3422.745
2025-07-23T04:00:00,3422.825,3425.055,3421.815,3423.435
2025-07-23T05:00:00,3423.405,3423.675,3416.165,3420.135
2025-07-23T06:00:00,3420.135,3425.005,3419.255,3424.835
2025-07-23T07:00:00,3424.875,3429.465,3419.708,3420.485
2025-07-23T08:00:00,3420.505,3428.605,3420.325,3428.305
2025-07-23T09:00:00,3428.335,3433.648,3428.105,3430.905
2025-07-23T10:00:00,3430.845,3431.139,3420.955,3422.485
2025-07-23T11:00:00,3422.405,3429.625,3420.005,3428.055
2025-07-23T12:00:00,3428.045,3429.755,3419.695,3419.775
2025-07-23T13:00:00,3419.748,3420.348,3405.268,3412.958
2025-07-23T14:00:00,3412.958,3419.675,3410.515,3413.355
2025-07-23T15:00:00,3413.345,3415.645,3398.0,3398.015
2025-07-23T16:00:00,3398.009,3398.009,3381.215,3387.225
2025-07-23T17:00:00,3387.205,3394.505,3385.485,3393.025
2025-07-23T18:00:00,3393.045,3395.765,3391.775,3393.365
2025-07-23T19:00:00,3393.395,3395.748,3388.358,3390.035
2025-07-23T20:00:00,3390.035,3390.305,3385.765,3386.615
2025-07-23T22:00:00,3387.698,3392.235,3386.248,3386.448
2025-07-23T23:00:00,3386.305,3391.355,3386.148,3389.885
2025-07-24T00:00:00,3389.985,3393.045,3388.348,3391.255
2025-07-24T01:00:00,3391.235,3393.165,3383.855,3387.375
2025-07-24T02:00:00,3387.375,3388.565,3380.415,3383.585
2025-07-24T03:00:00,3383.495,3385.645,3374.348,3383.565
2025-07-24T04:00:00,3383.505,3385.135,3380.755,3382.375
2025-07-24T05:00:00,3382.385,3382.685,3374.215,3379.075
2025-07-24T06:00:00,3379.095,3379.475,3369.678,3375.625
2025-07-24T07:00:00,3375.548,3377.335,3365.785,3367.395
2025-07-24T08:00:00,3367.415,3374.485,3365.618,3369.485
2025-07-24T09:00:00,3369.465,3369.875,3361.815,3363.395
2025-07-24T10:00:00,3363.465,3366.985,3361.965,3364.148
2025-07-24T11:00:00,3364.148,3366.348,3361.065,3361.975
2025-07-24T12:00:00,3362.015,3365.398,3353.0,3353.198
2025-07-24T13:00:00,3353.175,3371.959,3351.168,3366.328
2025-07-24T14:00:00,3366.275,3377.145,3365.529,3373.469
2025-07-24T15:00:00,3373.469,3375.139,3370.105,3372.409
2025-07-24T16:00:00,3372.375,3373.639,3366.705,3366.785
2025-07-24T17:00:00,3366.785,3371.648,3366.125,3369.745
2025-07-24T18:00:00,3369.765,3373.215,3367.295,3371.769
2025-07-24T19:00:00,3371.769,3372.955,3369.978,3370.265
2025-07-24T20:00:00,3370.275,3371.025,3367.105,3367.905
2025-07-24T22:00:00,3367.695,3369.748,3364.948,3368.575
2025-07-24T23:00:00,3368.498,3371.165,3366.575,3369.148
2025-07-25T00:00:00,3369.145,3373.295,3368.145,3371.915
2025-07-25T01:00:00,3371.945,3372.448,3366.225,3370.298
2025-07-25T02:00:00,3370.298,3370.398,3362.175,3362.835
2025-07-25T03:00:00,3362.785,3363.245,3358.475,3358.955
2025-07-25T04:00:00,3358.935,3363.248,3357.658,3360.655
2025-07-25T05:00:00,3360.675,3362.065,3355.085,3358.445
2025-07-25T06:00:00,3358.475,3359.398,3354.415,3359.215
2025-07-25T07:00:00,3359.055,3359.955,3352.515,3353.885
2025-07-25T08:00:00,3353.905,3355.125,3344.265,3345.205
2025-07-25T09:00:00,3345.198,3348.648,3342.845,3345.715
2025-07-25T10:00:00,3345.675,3347.845,3340.769,3342.685
2025-07-25T11:00:00,3342.715,3344.975,3338.465,3340.865
2025-07-25T12:00:00,3340.805,3343.975,3336.165,3340.579
2025-07-25T13:00:00,3340.545,3347.398,3336.598,3343.748
2025-07-25T14:00:00,3343.748,3344.665,3330.299,3331.598
2025-07-25T15:00:00,3331.598,3335.748,3324.805,3327.575
2025-07-25T16:00:00,3327.515,3331.248,3326.048,3329.595
2025-07-25T17:00:00,3329.635,3336.645,3329.448,3335.775
2025-07-25T18:00:00,3335.805,3339.265,3335.695,3338.548
2025-07-25T19:00:00,3338.548,3340.085,3336.985,3337.385
2025-07-25T20:00:00,3337.349,3338.898,3335.545,3335.575
2025-07-27T22:00:00,3316.938,3335.125,3316.938,3329.298
2025-07-27T23:00:00,3329.115,3337.148,3328.998,3333.398
2025-07-28T00:00:00,3333.395,3335.775,3327.465,3333.148
2025-07-28T01:00:00,3333.105,3338.545,3329.695,3331.805
2025-07-28T02:00:00,3331.845,3336.348,3330.435,3335.455
2025-07-28T03:00:00,3335.395,3343.155,3334.295,3343.095
2025-07-28T04:00:00,3343.075,3343.825,3339.245,3339.405
2025-07-28T05:00:00,3339.395,3343.898,3337.845,3343.115
2025-07-28T06:00:00,3343.145,3345.145,3335.615,3339.848
2025-07-28T07:00:00,3339.885,3341.795,3333.748,3334.795
2025-07-28T08:00:00,3334.775,3338.585,3332.065,3335.848
2025-07-28T09:00:00,3335.948,3340.575,3335.648,3337.645
2025-07-28T10:00:00,3337.615,3338.625,3334.025,3335.695
2025-07-28T11:00:00,3335.735,3338.155,3334.208,3336.265
2025-07-28T12:00:00,3336.375,3338.175,3325.345,3328.195
2025-07-28T13:00:00,3328.215,3330.429,3301.505,3302.085
2025-07-28T14:00:00,3302.075,3314.635,3301.465,3307.759
2025-07-28T15:00:00,3307.735,3316.998,3306.425,3314.565
2025-07-28T16:00:00,3314.495,3314.799,3311.229,3312.085
2025-07-28T17:00:00,3312.085,3313.065,3308.605,3310.575
2025-07-28T18:00:00,3310.575,3315.455,3310.075,3313.445
2025-07-28T19:00:00,3313.515,3318.785,3312.798,3317.015
2025-07-28T20:00:00,3317.009,3318.315,3312.075,3312.075
2025-07-28T22:00:00,3314.255,3315.198,3311.705,3314.448
2025-07-28T23:00:00,3314.215,3314.548,3310.155,3312.405
2025-07-29T00:00:00,3312.385,3315.615,3307.815,3311.455
2025-07-29T01:00:00,3311.435,3320.648,3308.185,3318.798
2025-07-29T02:00:00,3318.695,3320.115,3317.235,3318.735
2025-07-29T03:00:00,3318.675,3318.675,3311.065,3312.398
2025-07-29T04:00:00,3312.405,3317.275,3308.815,3316.295
2025-07-29T05:00:00,3316.205,3319.918,3314.055,3319.745
2025-07-29T06:00:00,3319.755,3322.198,3316.025,3316.745
2025-07-29T07:00:00,3316.815,3318.415,3311.105,3316.848
2025-07-29T08:00:00,3316.845,3329.735,3316.455,3326.155
2025-07-29T09:00:00,3326.155,3328.075,3320.615,3324.305
2025-07-29T10:00:00,3324.345,3326.205,3321.725,3321.848
2025-07-29T11:00:00,3321.848,3321.965,3314.685,3315.055
2025-07-29T12:00:00,3315.015,3324.435,3315.015,3322.998
2025-07-29T13:00:00,3323.015,3324.065,3312.518,3316.788
2025-07-29T14:00:00,3316.688,3329.435,3311.675,3328.705
2025-07-29T15:00:00,3328.745,3333.908,3319.419,3320.519
2025-07-29T16:00:00,3320.485,3324.548,3318.845,3323.005
2025-07-29T17:00:00,3322.955,3329.145,3322.815,3328.085
2025-07-29T18:00:00,3328.115,3330.648,3325.148,3325.648
2025-07-29T19:00:00,3325.648,3328.508,3322.418,3324.848
2025-07-29T20:00:00,3324.935,3326.685,3324.515,3325.575
2025-07-29T22:00:00,3326.498,3328.998,3325.765,3327.398
2025-07-29T23:00:00,3327.275,3328.048,3325.898,3327.198
2025-07-30T00:00:00,3327.175,3333.505,3326.985,3330.015
2025-07-30T01:00:00,3329.925,3333.065,3321.655,3323.098
2025-07-30T02:00:00,3323.129,3332.165,3323.075,3329.205
2025-07-30T03:00:00,3329.145,3329.748,3326.015,3328.205
2025-07-30T04:00:00,3328.205,3329.648,3325.535,3326.915
2025-07-30T05:00:00,3326.655,3330.435,3324.165,3324.695
2025-07-30T06:00:00,3324.745,3327.385,3322.798,3326.905
2025-07-30T07:00:00,3326.925,3332.015,3325.348,3327.565
2025-07-30T08:00:00,3327.585,3333.235,3327.395,3332.035
2025-07-30T09:00:00,3331.859,3333.815,3329.165,3331.005
2025-07-30T10:00:00,3330.975,3332.745,3326.425,3328.335
2025-07-30T11:00:00,3328.395,3331.445,3323.795,3330.675
2025-07-30T12:00:00,3330.675,3331.725,3310.429,3313.125
2025-07-30T13:00:00,3313.098,3315.948,3298.199,3302.775
2025-07-30T14:00:00,3302.745,3308.198,3301.109,3301.949
2025-07-30T15:00:00,3301.889,3303.159,3288.415,3290.235
2025-07-30T16:00:00,3290.245,3298.385,3289.785,3297.895
2025-07-30T17:00:00,3297.925,3301.735,3297.569,3300.452
2025-07-30T18:00:00,3300.508,3304.735,3279.345,3280.015
2025-07-30T19:00:00,3280.015,3282.425,3267.955,3269.195
2025-07-30T20:00:00,3269.215,3276.075,3268.745,3274.775
2025-07-30T22:00:00,3275.298,3279.848,3273.505,3278.598
2025-07-30T23:00:00,3278.698,3285.615,3277.498,3285.075
2025-07-31T00:00:00,3285.045,3288.255,3282.535,3286.348
2025-07-31T01:00:00,3286.305,3293.795,3284.848,3293.635
2025-07-31T02:00:00,3293.605,3297.298,3290.255,3297.085
2025-07-31T03:00:00,3297.155,3298.435,3293.195,3294.848
2025-07-31T04:00:00,3294.748,3298.255,3293.485,3297.915
2025-07-31T05:00:00,3297.935,3301.385,3294.565,3299.535
2025-07-31T06:00:00,3299.545,3304.565,3297.775,3298.905
2025-07-31T07:00:00,3298.925,3309.505,3297.845,3304.465
2025-07-31T08:00:00,3304.435,3314.705,3303.395,3309.655
2025-07-31T09:00:00,3309.648,3312.915,3304.665,3306.455
2025-07-31T10:00:00,3306.455,3307.865,3293.555,3296.105
2025-07-31T11:00:00,3296.065,3307.565,3294.978,3305.998
2025-07-31T12:00:00,3305.865,3310.995,3303.665,3307.355
2025-07-31T13:00:00,3307.395,3310.198,3300.315,3301.145
2025-07-31T14:00:00,3301.098,3302.848,3291.165,3295.948
2025-07-31T15:00:00,3295.948,3298.919,3291.055,3295.275
2025-07-31T16:00:00,3295.275,3297.148,3289.475,3294.789
2025-07-31T17:00:00,3294.849,3298.235,3293.855,3294.785
2025-07-31T18:00:00,3294.785,3296.869,3292.618,3295.525
2025-07-31T19:00:00,3295.539,3296.198,3290.295,3290.745
2025-07-31T20:00:00,3290.735,3293.548,3289.275,3289.275
2025-07-31T22:00:00,3289.665,3294.995,3288.648,3294.698
2025-07-31T23:00:00,3294.615,3294.798,3287.845,3288.355
2025-08-01T00:00:00,3288.375,3293.598,3286.215,3290.098
2025-08-01T01:00:00,3290.015,3293.398,3281.435,3283.505
2025-08-01T02:00:00,3283.419,3292.198,3283.115,3291.468
2025-08-01T03:00:00,3291.415,3296.875,3290.335,3291.195
2025-08-01T04:00:00,3291.195,3295.248,3289.835,3291.948
2025-08-01T05:00:00,3291.895,3300.148,3291.548,3296.455
2025-08-01T06:00:00,3296.485,3297.395,3290.395,3292.245
2025-08-01T07:00:00,3292.225,3293.275,3284.998,3286.625
2025-08-01T08:00:00,3286.598,3294.248,3285.115,3294.095
2025-08-01T09:00:00,3294.075,3296.198,3292.565,3294.248
2025-08-01T10:00:00,3294.275,3302.905,3293.075,3298.065
2025-08-01T11:00:00,3298.345,3301.248,3296.698,3300.198
2025-08-01T12:00:00,3300.235,3344.948,3297.275,3341.015
2025-08-01T13:00:00,3341.075,3354.455,3338.565,3341.805
2025-08-01T14:00:00,3341.805,3354.955,3341.079,3345.655
2025-08-01T15:00:00,3345.705,3351.048,3341.339,3348.348
2025-08-01T16:00:00,3348.339,3349.215,3340.298,3347.045
2025-08-01T17:00:00,3347.038,3349.198,3345.415,3348.015
2025-08-01T18:00:00,3348.015,3351.148,3345.748,3347.398
2025-08-01T19:00:00,3347.369,3361.048,3347.345,3356.955
2025-08-01T20:00:00,3356.965,3363.425,3356.775,3362.425
2025-08-03T22:00:00,3364.698,3369.085,3357.475,3358.748
2025-08-03T23:00:00,3358.605,3361.848,3354.315,3361.805
2025-08-04T00:00:00,3361.785,3362.125,3349.985,3352.045
2025-08-04T01:00:00,3351.875,3353.445,3344.748,3352.048
2025-08-04T02:00:00,3352.048,3355.055,3350.015,3354.105
2025-08-04T03:00:00,3354.085,3360.698,3354.085,3360.098
2025-08-04T04:00:00,3360.055,3362.048,3358.465,3358.695
2025-08-04T05:00:00,3358.845,3360.748,3355.298,3357.375
2025-08-04T06:00:00,3357.385,3362.495,3353.295,3362.445
2025-08-04T07:00:00,3362.415,3362.415,3351.498,3355.648
2025-08-04T08:00:00,3355.665,3359.648,3353.815,3358.295
2025-08-04T09:00:00,3358.275,3361.615,3356.635,3357.785
2025-08-04T10:00:00,3357.745,3358.748,3352.655,3357.655
2025-08-04T11:00:00,3357.695,3370.505,3357.555,3370.145
2025-08-04T12:00:00,3370.175,3371.348,3360.885,3367.615
2025-08-04T13:00:00,3367.615,3385.205,3366.748,3382.688
2025-08-04T14:00:00,3382.688,3384.398,3371.685,3373.759
2025-08-04T15:00:00,3373.675,3375.895,3370.565,3374.078
2025-08-04T16:00:00,3374.049,3377.998,3370.379,3370.759
2025-08-04T17:00:00,3370.729,3374.248,3370.448,3373.789
2025-08-04T18:00:00,3373.848,3376.655,3373.048,3375.598
2025-08-04T19:00:00,3375.635,3376.998,3374.448,3375.848
2025-08-04T20:00:00,3375.835,3376.755,3372.595,3372.595
2025-08-04T22:00:00,3374.098,3376.175,3373.458,3374.448
2025-08-04T23:00:00,3374.179,3379.495,3374.179,3377.198
2025-08-05T00:00:00,3377.198,3381.195,3375.628,3379.655
2025-08-05T01:00:00,3379.625,3382.198,3377.605,3378.848
2025-08-05T02:00:00,3378.848,3381.148,3373.378,3373.378
2025-08-05T03:00:00,3373.345,3375.265,3371.898,3371.898
2025-08-05T04:00:00,3371.825,3372.995,3370.805,3370.965
2025-08-05T05:00:00,3370.945,3373.898,3367.498,3373.798
2025-08-05T06:00:00,3373.825,3373.985,3365.575,3366.015
2025-08-05T07:00:00,3366.005,3375.385,3365.855,3373.535
2025-08-05T08:00:00,3373.505,3374.448,3365.845,3365.885
2025-08-05T09:00:00,3365.855,3366.105,3358.705,3359.465
2025-08-05T10:00:00,3359.445,3361.535,3352.765,3353.015
2025-08-05T11:00:00,3353.005,3354.105,3349.639,3351.115
2025-08-05T12:00:00,3351.069,3366.815,3349.668,3365.898
2025-08-05T13:00:00,3365.998,3379.598,3365.675,3373.155
2025-08-05T14:00:00,3373.215,3386.448,3370.305,3385.148
2025-08-05T15:00:00,3385.148,3389.905,3381.975,3389.398
2025-08-05T16:00:00,3389.398,3390.289,3376.625,3381.898
2025-08-05T17:00:00,3381.869,3382.655,3378.769,3379.889
2025-08-05T18:00:00,3379.935,3380.998,3378.275,3379.875
2025-08-05T19:00:00,3379.845,3381.248,3377.945,3378.838
2025-08-05T20:00:00,3378.845,3380.725,3378.285,3380.005
2025-08-05T22:00:00,3380.345,3381.595,3377.965,3379.478
2025-08-05T23:00:00,3379.299,3383.755,3378.745,3383.065
2025-08-06T00:00:00,3383.005,3385.098,3380.655,3383.225
2025-08-06T01:00:00,3383.195,3383.398,3372.948,3375.895
2025-08-06T02:00:00,3375.798,3377.655,3373.998,3376.075
2025-08-06T03:00:00,3376.095,3378.175,3373.215,3374.375
2025-08-06T04:00:00,3374.448,3376.298,3372.045,3372.255
2025-08-06T05:00:00,3372.225,3374.525,3370.505,3374.145
2025-08-06T06:00:00,3374.155,3378.495,3373.035,3374.948
2025-08-06T07:00:00,3374.948,3376.945,3368.875,3373.445
2025-08-06T08:00:00,3373.405,3374.665,3364.645,3364.945
2025-08-06T09:00:00,3364.975,3367.655,3358.015,3358.765
2025-08-06T10:00:00,3358.765,3365.315,3358.055,3363.475
2025-08-06T11:00:00,3363.398,3366.845,3360.545,3365.005
2025-08-06T12:00:00,3365.005,3369.098,3360.035,3367.425
2025-08-06T13:00:00,3367.348,3373.305,3365.075,3371.465
2025-08-06T14:00:00,3371.448,3379.195,3369.315,3379.165
2025-08-06T15:00:00,3379.175,3379.798,3369.725,3377.298
2025-08-06T16:00:00,3377.215,3379.295,3372.705,3375.895
2025-08-06T17:00:00,3375.925,3377.488,3370.705,3374.385
2025-08-06T18:00:00,3374.425,3374.455,3368.865,3371.535
2025-08-06T19:00:00,3371.535,3373.018,3370.085,3371.495
2025-08-06T20:00:00,3371.485,3371.948,3366.925,3368.425
2025-08-06T22:00:00,3368.495,3374.385,3368.495,3371.598
2025-08-06T23:00:00,3371.545,3371.598,3367.305,3369.905
2025-08-07T00:00:00,3369.935,3374.395,3364.895,3371.905
2025-08-07T01:00:00,3371.915,3382.355,3369.885,3382.135
2025-08-07T02:00:00,3382.125,3384.005,3378.065,3379.365
2025-08-07T03:00:00,3379.345,3379.945,3376.325,3379.448
2025-08-07T04:00:00,3379.448,3380.425,3376.525,3377.285
2025-08-07T05:00:00,3377.295,3380.825,3371.498,3375.085
2025-08-07T06:00:00,3375.275,3387.648,3374.555,3387.565
2025-08-07T07:00:00,3387.585,3397.105,3386.045,3395.975
2025-08-07T08:00:00,3396.005,3396.415,3371.935,3378.085
2025-08-07T09:00:00,3378.115,3380.915,3373.025,3376.555
2025-08-07T10:00:00,3376.575,3378.625,3371.545,3372.645
2025-08-07T11:00:00,3372.635,3383.125,3371.655,3378.015
2025-08-07T12:00:00,3378.035,3389.515,3374.755,3380.445
2025-08-07T13:00:00,3380.535,3393.625,3379.779,3384.735
2025-08-07T14:00:00,3384.725,3390.179,3373.505,3387.565
2025-08-07T15:00:00,3387.585,3390.655,3384.009,3389.955
2025-08-07T16:00:00,3389.945,3392.365,3386.938,3388.685
2025-08-07T17:00:00,3388.655,3392.759,3384.145,3392.045
2025-08-07T18:00:00,3392.045,3393.835,3387.275,3387.965
2025-08-07T19:00:00,3387.959,3400.498,3386.975,3399.585
2025-08-07T20:00:00,3399.579,3401.798,3392.018,3396.715
2025-08-07T22:00:00,3404.165,3408.675,3387.185,3406.165
2025-08-07T23:00:00,3399.945,3402.705,3394.709,3400.109
2025-08-08T00:00:00,3400.119,3402.329,3386.649,3389.459
2025-08-08T01:00:00,3389.489,3390.329,3380.839,3383.059
2025-08-08T02:00:00,3382.969,3389.529,3382.789,3388.089
2025-08-08T03:00:00,3388.119,3397.419,3381.898,3395.669
2025-08-08T04:00:00,3395.369,3399.039,3393.121,3393.899
2025-08-08T05:00:00,3393.899,3395.909,3389.938,3391.869
2025-08-08T06:00:00,3391.879,3397.755,3388.358,3392.965
2025-08-08T07:00:00,3393.099,3403.925,3390.705,3401.755
2025-08-08T08:00:00,3401.425,3402.423,3393.698,3393.995
2025-08-08T09:00:00,3394.035,3401.125,3393.565,3400.485
2025-08-08T10:00:00,3400.265,3400.815,3383.755,3384.725
2025-08-08T11:00:00,3384.605,3388.415,3380.035,3385.785
2025-08-08T12:00:00,3385.809,3401.529,3384.649,3391.275
2025-08-08T13:00:00,3391.395,3401.425,3386.955,3399.625
2025-08-08T14:00:00,3399.695,3401.105,3380.885,3390.325
2025-08-08T15:00:00,3390.365,3395.195,3388.488,3395.125
2025-08-08T16:00:00,3395.205,3400.629,3393.229,3397.275
2025-08-08T17:00:00,3397.275,3399.275,3374.599,3380.749
2025-08-08T18:00:00,3383.489,3404.213,3373.288,3395.105
2025-08-08T19:00:00,3394.978,3400.879,3391.999,3398.148
2025-08-08T20:00:00,3398.148,3398.709,3390.885,3398.579
2025-08-10T22:00:00,3397.298,3404.798,3389.359,3394.925
2025-08-10T23:00:00,3394.955,3396.835,3389.715,3391.255
2025-08-11T00:00:00,3391.275,3391.425,3381.065,3381.385
2025-08-11T01:00:00,3381.435,3383.698,3367.205,3377.395
2025-08-11T02:00:00,3377.415,3379.799,3369.345,3377.005
2025-08-11T03:00:00,3376.965,3380.029,3373.909,3378.025
2025-08-11T04:00:00,3378.075,3379.619,3375.289,3375.645
2025-08-11T05:00:00,3375.645,3379.895,3373.815,3376.915
2025-08-11T06:00:00,3377.105,3377.205,3363.535,3365.645
2025-08-11T07:00:00,3365.555,3366.179,3356.805,3359.935
2025-08-11T08:00:00,3359.975,3365.665,3358.565,3361.635
2025-08-11T09:00:00,3361.519,3363.539,3352.685,3353.025
2025-08-11T10:00:00,3353.025,3363.675,3352.798,3358.285
2025-08-11T11:00:00,3358.245,3358.635,3349.505,3355.115
2025-08-11T12:00:00,3355.075,3357.385,3344.175,3356.715
2025-08-11T13:00:00,3356.695,3362.665,3348.015,3358.305
2025-08-11T14:00:00,3358.298,3359.198,3341.228,3346.095
2025-08-11T15:00:00,3346.355,3352.095,3344.645,3349.235
2025-08-11T16:00:00,3349.235,3350.095,3342.419,3343.925
2025-08-11T17:00:00,3343.939,3358.748,3340.808,3357.445
2025-08-11T18:00:00,3357.475,3358.455,3352.095,3356.015
2025-08-11T19:00:00,3356.015,3356.675,3350.295,3351.405
2025-08-11T20:00:00,3351.485,3351.665,3341.145,3341.145
2025-08-11T22:00:00,3342.298,3346.898,3342.048,3346.698
2025-08-11T23:00:00,3346.475,3349.385,3345.905,3348.848
2025-08-12T00:00:00,3348.848,3355.545,3347.248,3354.315
2025-08-12T01:00:00,3354.345,3357.235,3345.925,3349.575
2025-08-12T02:00:00,3349.535,3354.155,3349.475,3352.798
2025-08-12T03:00:00,3352.798,3355.155,3347.925,3349.265
2025-08-12T04:00:00,3349.265,3355.475,3348.445,3354.215
2025-08-12T05:00:00,3354.245,3355.545,3350.408,3354.298
2025-08-12T06:00:00,3354.298,3354.698,3341.885,3345.295
2025-08-12T07:00:00,3345.295,3357.945,3343.615,3355.405
2025-08-12T08:00:00,3355.375,3355.595,3345.335,3347.698
2025-08-12T09:00:00,3347.698,3351.635,3344.098,3345.405
2025-08-12T10:00:00,3345.315,3350.375,3343.748,3344.648
2025-08-12T11:00:00,3344.559,3348.175,3335.915,3347.335
2025-08-12T12:00:00,3347.365,3357.885,3338.275,3349.675
2025-08-12T13:00:00,3349.648,3356.545,3339.885,3345.405
2025-08-12T14:00:00,3345.455,3346.375,3330.898,3337.275
2025-08-12T15:00:00,3337.235,3359.198,3336.725,3349.615
2025-08-12T16:00:00,3349.655,3351.059,3345.655,3349.255
2025-08-12T17:00:00,3349.315,3350.515,3346.195,3348.845
2025-08-12T18:00:00,3348.805,3350.625,3347.315,3348.809
2025-08-12T19:00:00,3348.809,3349.159,3345.405,3347.475
2025-08-12T20:00:00,3347.405,3349.915,3345.835,3347.775
2025-08-12T22:00:00,3347.498,3353.565,3347.465,3350.198
2025-08-12T23:00:00,3350.198,3351.865,3349.505,3350.435
2025-08-13T00:00:00,3350.435,3350.575,3342.439,3343.359
2025-08-13T01:00:00,3343.459,3351.879,3342.459,3350.665
2025-08-13T02:00:00,3350.715,3354.199,3346.409,3351.615
2025-08-13T03:00:00,3351.615,3352.759,3348.385,3349.469
2025-08-13T04:00:00,3349.469,3352.148,3347.999,3351.598
2025-08-13T05:00:00,3351.598,3351.915,3345.398,3348.998
2025-08-13T06:00:00,3348.998,3357.425,3348.698,3356.995
2025-08-13T07:00:00,3356.995,3360.798,3353.755,3354.395
2025-08-13T08:00:00,3354.219,3363.315,3352.548,3360.105
2025-08-13T09:00:00,3360.085,3366.485,3358.398,3364.479
2025-08-13T10:00:00,3364.449,3366.865,3362.829,3365.925
2025-08-13T11:00:00,3365.955,3366.865,3358.699,3362.155
2025-08-13T12:00:00,3362.215,3363.598,3355.275,3357.915
2025-08-13T13:00:00,3357.875,3365.848,3353.889,3364.898
2025-08-13T14:00:00,3364.865,3370.505,3360.865,3362.925
2025-08-13T15:00:00,3362.965,3363.598,3354.145,3357.569
2025-08-13T16:00:00,3357.569,3360.755,3356.765,3357.719
2025-08-13T17:00:00,3357.695,3359.198,3352.565,3353.515
2025-08-13T18:00:00,3353.545,3354.265,3349.755,3353.539
2025-08-13T19:00:00,3353.539,3358.635,3352.365,3357.665
2025-08-13T20:00:00,3357.645,3358.048,3355.155,3355.155
2025-08-13T22:00:00,3355.898,3358.905,3355.898,3357.388
2025-08-13T23:00:00,3357.298,3363.255,3357.298,3362.565
2025-08-14T00:00:00,3362.565,3374.555,3362.525,3369.295
2025-08-14T01:00:00,3369.295,3370.648,3364.948,3367.198
2025-08-14T02:00:00,3367.198,3369.098,3362.475,3362.575
2025-08-14T03:00:00,3362.465,3363.875,3355.265,3360.325
2025-08-14T04:00:00,3360.325,3361.625,3358.355,3360.235
2025-08-14T05:00:00,3360.215,3361.655,3356.025,3358.695
2025-08-14T06:00:00,3358.625,3362.235,3355.689,3361.885
2025-08-14T07:00:00,3361.825,3366.248,3343.365,3345.875
2025-08-14T08:00:00,3345.835,3350.215,3341.278,3345.925
2025-08-14T09:00:00,3345.948,3358.998,3344.885,3356.365
2025-08-14T10:00:00,3356.385,3358.948,3351.955,3354.765
2025-08-14T11:00:00,3354.895,3356.925,3352.355,3355.275
2025-08-14T12:00:00,3355.295,3358.248,3340.74,3350.358
2025-08-14T13:00:00,3350.358,3355.885,3343.485,3343.905
2025-08-14T14:00:00,3343.895,3346.505,3333.948,3340.448
2025-08-14T15:00:00,3340.448,3342.685,3335.075,3341.598
2025-08-14T16:00:00,3341.545,3341.905,3329.645,3334.195
2025-08-14T17:00:00,3334.145,3338.315,3331.648,3337.605
2025-08-14T18:00:00,3337.665,3339.195,3335.848,3337.998
2025-08-14T19:00:00,3337.998,3340.948,3337.725,3337.815
2025-08-14T20:00:00,3337.809,3338.325,3334.315,3334.905
2025-08-14T22:00:00,3335.498,3337.445,3332.315,3332.948
2025-08-14T23:00:00,3332.855,3336.345,3331.945,3335.248
2025-08-15T00:00:00,3335.245,3338.498,3332.155,3336.785
2025-08-15T01:00:00,3336.805,3340.115,3333.115,3339.435
2025-08-15T02:00:00,3339.395,3340.698,3336.465,3340.275
2025-08-15T03:00:00,3340.295,3344.665,3339.898,3343.195
2025-08-15T04:00:00,3343.165,3346.508,3343.085,3345.265
2025-08-15T05:00:00,3345.265,3348.595,3341.748,3343.655
2025-08-15T06:00:00,3343.635,3343.955,3340.045,3340.255
2025-08-15T07:00:00,3340.225,3346.455,3339.925,3346.105
2025-08-15T08:00:00,3346.075,3348.148,3338.155,3341.125
2025-08-15T09:00:00,3341.105,3344.798,3338.325,3342.548
2025-08-15T10:00:00,3342.505,3342.548,3336.005,3337.548
2025-08-15T11:00:00,3337.548,3344.048,3336.898,3342.125
2025-08-15T12:00:00,3342.105,3343.785,3333.348,3342.485
2025-08-15T13:00:00,3342.505,3345.805,3332.705,3334.818
2025-08-15T14:00:00,3334.685,3343.435,3334.425,3341.598
2025-08-15T15:00:00,3341.555,3344.955,3341.198,3342.148
2025-08-15T16:00:00,3342.148,3342.248,3335.575,3337.998
2025-08-15T17:00:00,3337.998,3338.798,3334.835,3335.875
2025-08-15T18:00:00,3335.895,3338.125,3334.605,3335.835
2025-08-15T19:00:00,3335.815,3339.479,3334.225,3338.948
2025-08-15T20:00:00,3338.948,3339.348,3334.645,3334.645
2025-08-17T22:00:00,3336.015,3338.848,3332.298,3333.998
2025-08-17T23:00:00,3333.915,3334.198,3323.335,3326.895
2025-08-18T00:00:00,3326.945,3342.595,3326.625,3340.415
2025-08-18T01:00:00,3340.375,3347.245,3339.425,3346.705
2025-08-18T02:00:00,3346.685,3347.375,3342.125,3343.215
2025-08-18T03:00:00,3343.155,3351.598,3343.125,3346.855
2025-08-18T04:00:00,3346.855,3358.035,3346.585,3357.345
2025-08-18T05:00:00,3357.315,3358.215,3346.315,3349.335
2025-08-18T06:00:00,3349.355,3351.005,3345.968,3349.335
2025-08-18T07:00:00,3349.485,3355.465,3346.998,3348.798
2025-08-18T08:00:00,3348.725,3349.725,3344.248,3348.445
2025-08-18T09:00:00,3348.425,3351.535,3347.325,3347.948
2025-08-18T10:00:00,3347.918,3351.248,3346.315,3346.398
2025-08-18T11:00:00,3346.425,3348.598,3344.405,3345.179
2025-08-18T12:00:00,3345.415,3348.625,3342.909,3344.665
2025-08-18T13:00:00,3344.635,3344.715,3335.435,3336.665
2025-08-18T14:00:00,3336.545,3338.495,3332.255,3334.148
2025-08-18T15:00:00,3334.148,3336.748,3332.035,3335.448
2025-08-18T16:00:00,3335.448,3335.689,3331.608,3334.098
2025-08-18T17:00:00,3334.115,3334.705,3331.545,3333.498
2025-08-18T18:00:00,3333.495,3333.635,3331.295,3331.735
2025-08-18T19:00:00,3331.815,3334.155,3330.085,3333.395
2025-08-18T20:00:00,3333.365,3334.148,3331.815,3331.815
2025-08-18T22:00:00,3333.098,3334.548,3332.645,3334.248
2025-08-18T23:00:00,3334.248,3334.598,3330.305,3330.745
2025-08-19T00:00:00,3330.725,3339.035,3325.885,3335.005
2025-08-19T01:00:00,3335.035,3335.498,3330.055,3332.785
2025-08-19T02:00:00,3332.765,3337.925,3329.305,3337.825
2025-08-19T03:00:00,3337.875,3341.395,3336.805,3337.598
2025-08-19T04:00:00,3337.525,3338.098,3334.245,3337.525
2025-08-19T05:00:00,3337.555,3340.465,3335.448,3335.848
2025-08-19T06:00:00,3335.885,3338.598,3334.285,3335.805
2025-08-19T07:00:00,3335.865,3341.648,3334.795,3340.598
2025-08-19T08:00:00,3340.598,3340.825,3336.298,3337.795
2025-08-19T09:00:00,3337.815,3339.485,3336.805,3339.165
2025-08-19T10:00:00,3339.135,3345.165,3339.105,3343.455
2025-08-19T11:00:00,3343.448,3344.575,3339.068,3339.498
2025-08-19T12:00:00,3339.505,3340.348,3334.009,3334.569
2025-08-19T13:00:00,3334.569,3339.205,3325.5,3333.815
2025-08-19T14:00:00,3333.809,3336.798,3320.778,3325.215
2025-08-19T15:00:00,3325.305,3326.598,3321.425,3322.498
2025-08-19T16:00:00,3322.498,3324.245,3316.855,3317.315
2025-08-19T17:00:00,3317.315,3319.895,3314.775,3317.375
2025-08-19T18:00:00,3317.345,3320.025,3316.598,3318.405
2025-08-19T19:00:00,3318.415,3318.825,3315.385,3315.735
2025-08-19T20:00:00,3315.695,3317.305,3314.855,3316.035
2025-08-19T22:00:00,3315.465,3317.365,3315.265,3316.548
2025-08-19T23:00:00,3316.548,3316.548,3312.665,3314.135
2025-08-20T00:00:00,3313.935,3316.748,3312.555,3315.848
2025-08-20T01:00:00,3315.848,3317.605,3311.255,3315.055
2025-08-20T02:00:00,3315.045,3316.975,3312.195,3313.825
2025-08-20T03:00:00,3313.819,3318.375,3313.765,3317.345
2025-08-20T04:00:00,3317.325,3320.735,3317.045,3318.598
2025-08-20T05:00:00,3318.598,3323.695,3317.935,3323.285
2025-08-20T06:00:00,3323.295,3325.805,3322.025,3322.915
2025-08-20T07:00:00,3322.885,3327.295,3321.385,3324.649
2025-08-20T08:00:00,3324.679,3325.498,3320.748,3324.785
2025-08-20T09:00:00,3324.785,3327.198,3323.385,3326.015
2025-08-20T10:00:00,3325.995,3327.729,3323.625,3326.385
2025-08-20T11:00:00,3326.215,3332.738,3325.545,3332.095
2025-08-20T12:00:00,3332.275,3344.695,3331.865,3342.685
2025-08-20T13:00:00,3342.665,3348.198,3338.705,3344.698
2025-08-20T14:00:00,3344.898,3350.198,3339.765,3346.725
2025-08-20T15:00:00,3346.725,3346.785,3338.705,3340.545
2025-08-20T16:00:00,3340.555,3345.885,3340.555,3345.025
2025-08-20T17:00:00,3344.945,3347.998,3343.945,3346.488
2025-08-20T18:00:00,3346.578,3346.848,3343.829,3345.598
2025-08-20T19:00:00,3345.598,3349.075,3344.885,3348.648
2025-08-20T20:00:00,3348.548,3349.125,3347.335,3347.335
2025-08-20T22:00:00,3349.098,3351.935,3348.415,3349.348
2025-08-20T23:00:00,3349.315,3349.315,3346.185,3346.765
2025-08-21T00:00:00,3346.735,3346.735,3341.248,3342.075
2025-08-21T01:00:00,3342.095,3346.235,3340.555,3342.585
2025-08-21T02:00:00,3342.565,3344.875,3340.205,3344.425
2025-08-21T03:00:00,3344.515,3344.635,3339.455,3339.698
2025-08-21T04:00:00,3339.505,3340.945,3337.765,3338.115
2025-08-21T05:00:00,3338.135,3340.535,3336.875,3338.548
2025-08-21T06:00:00,3338.575,3339.775,3334.008,3336.465
2025-08-21T07:00:00,3336.445,3341.335,3335.265,3339.495
2025-08-21T08:00:00,3339.475,3341.195,3337.648,3339.348
2025-08-21T09:00:00,3339.348,3342.025,3337.765,3340.495
2025-08-21T10:00:00,3340.545,3341.405,3327.265,3328.248
2025-08-21T11:00:00,3328.425,3334.215,3324.948,3333.445
2025-08-21T12:00:00,3333.525,3344.848,3333.525,3341.725
2025-08-21T13:00:00,3341.695,3347.375,3335.798,3338.925
2025-08-21T14:00:00,3338.885,3347.935,3337.615,3344.045
2025-08-21T15:00:00,3344.085,3346.045,3337.355,3343.465
2025-08-21T16:00:00,3343.455,3343.755,3338.079,3339.548
2025-08-21T17:00:00,3339.548,3341.948,3336.805,3336.885
2025-08-21T18:00:00,3336.925,3339.405,3336.425,3339.155
2025-08-21T19:00:00,3339.165,3341.795,3337.748,3338.615
2025-08-21T20:00:00,3338.595,3339.115,3337.715,3338.935
2025-08-21T22:00:00,3338.405,3340.435,3337.805,3338.665
2025-08-21T23:00:00,3338.715,3339.355,3337.215,3338.185
2025-08-22T00:00:00,3338.145,3339.645,3334.875,3339.405
2025-08-22T01:00:00,3339.435,3340.075,3333.398,3333.825
2025-08-22T02:00:00,3333.848,3336.025,3332.605,3333.915
2025-08-22T03:00:00,3333.935,3335.195,3331.575,3331.765
2025-08-22T04:00:00,3331.855,3332.565,3327.778,3328.265
2025-08-22T05:00:00,3328.165,3331.44,3327.015,3329.898
2025-08-22T06:00:00,3329.798,3330.215,3325.598,3329.365
2025-08-22T07:00:00,3329.385,3334.935,3325.525,3327.295
2025-08-22T08:00:00,3327.275,3330.495,3325.165,3328.589
2025-08-22T09:00:00,3328.609,3331.475,3328.015,3329.995
2025-08-22T10:00:00,3329.995,3331.595,3328.825,3330.785
2025-08-22T11:00:00,3330.785,3330.905,3327.495,3329.215
2025-08-22T12:00:00,3329.215,3329.848,3321.045,3323.325
2025-08-22T13:00:00,3323.285,3335.948,3323.075,3333.605
2025-08-22T14:00:00,3334.83,3376.455,3334.715,3373.675
2025-08-22T15:00:00,3373.655,3378.585,3367.058,3367.648
2025-08-22T16:00:00,3367.648,3374.048,3367.648,3370.375
2025-08-22T17:00:00,3370.395,3375.365,3370.265,3374.055
2025-08-22T18:00:00,3374.055,3374.875,3370.815,3372.535
2025-08-22T19:00:00,3372.565,3373.498,3368.648,3373.098
2025-08-22T20:00:00,3372.998,3373.398,3369.925,3371.235
2025-08-24T22:00:00,3370.835,3371.698,3365.685,3367.048
2025-08-24T23:00:00,3366.885,3370.855,3365.938,3368.865
2025-08-25T00:00:00,3368.845,3369.415,3363.115,3364.648
2025-08-25T01:00:00,3364.665,3367.705,3360.448,3362.665
2025-08-25T02:00:00,3362.648,3364.975,3359.495,3364.315
2025-08-25T03:00:00,3364.285,3367.915,3364.045,3367.145
2025-08-25T04:00:00,3367.145,3367.455,3363.655,3365.905
2025-08-25T05:00:00,3365.865,3365.885,3362.915,3364.445
2025-08-25T06:00:00,3364.465,3369.405,3364.335,3368.805
2025-08-25T07:00:00,3368.775,3369.695,3365.805,3365.998
2025-08-25T08:00:00,3365.998,3366.458,3363.185,3363.785
2025-08-25T09:00:00,3363.745,3367.865,3361.825,3367.235
2025-08-25T10:00:00,3367.265,3368.335,3364.845,3365.845
2025-08-25T11:00:00,3365.835,3371.375,3365.455,3370.335
2025-08-25T12:00:00,3370.385,3371.055,3363.995,3364.285
2025-08-25T13:00:00,3364.315,3371.125,3361.905,3370.505
2025-08-25T14:00:00,3370.435,3375.255,3369.065,3374.205
2025-08-25T15:00:00,3374.205,3376.135,3371.735,3373.855
2025-08-25T16:00:00,3373.865,3374.198,3371.495,3373.675
2025-08-25T17:00:00,3373.725,3374.675,3370.668,3370.855
2025-08-25T18:00:00,3370.948,3373.065,3369.705,3370.395
2025-08-25T19:00:00,3370.415,3370.745,3365.005,3365.225
2025-08-25T20:00:00,3365.225,3366.165,3364.098,3365.605
2025-08-25T22:00:00,3365.135,3367.005,3363.485,3363.958
2025-08-25T23:00:00,3363.968,3363.968,3351.435,3354.648
2025-08-26T00:00:00,3354.725,3386.425,3351.175,3383.095
2025-08-26T01:00:00,3383.039,3384.485,3371.265,3376.645
2025-08-26T02:00:00,3376.605,3378.885,3372.575,3375.198
2025-08-26T03:00:00,3375.059,3375.245,3369.548,3372.058
2025-08-26T04:00:00,3372.015,3378.845,3371.975,3377.195
2025-08-26T05:00:00,3377.235,3378.865,3372.315,3376.395
2025-08-26T06:00:00,3376.405,3377.565,3372.295,3376.115
2025-08-26T07:00:00,3376.145,3378.955,3366.985,3376.635
2025-08-26T08:00:00,3376.665,3379.725,3375.425,3376.505
2025-08-26T09:00:00,3376.485,3378.385,3369.205,3371.745
2025-08-26T10:00:00,3371.775,3375.005,3367.045,3371.845
2025-08-26T11:00:00,3371.885,3380.235,3370.555,3377.375
2025-08-26T12:00:00,3377.405,3379.595,3370.748,3371.605
2025-08-26T13:00:00,3371.648,3377.935,3370.345,3375.445
2025-08-26T14:00:00,3375.335,3379.448,3370.115,3379.185
2025-08-26T15:00:00,3379.225,3389.175,3378.445,3386.348
2025-08-26T16:00:00,3386.348,3387.525,3382.148,3382.795
2025-08-26T17:00:00,3382.748,3385.748,3381.278,3381.458
2025-08-26T18:00:00,3381.458,3385.448,3380.115,3385.368
2025-08-26T19:00:00,3385.448,3390.675,3384.775,3389.548
2025-08-26T20:00:00,3389.548,3393.495,3388.985,3393.465
2025-08-26T22:00:00,3392.648,3394.195,3388.575,3390.588
2025-08-26T23:00:00,3390.668,3392.685,3389.785,3390.648
2025-08-27T00:00:00,3390.575,3393.295,3388.748,3389.348
2025-08-27T01:00:00,3389.348,3389.779,3383.145,3386.085
2025-08-27T02:00:00,3386.025,3386.825,3381.915,3383.955
2025-08-27T03:00:00,3383.975,3384.365,3380.305,3380.485
2025-08-27T04:00:00,3380.535,3381.025,3373.695,3374.735
2025-08-27T05:00:00,3374.785,3378.725,3373.865,3377.045
2025-08-27T06:00:00,3377.065,3381.805,3376.165,3377.335
2025-08-27T07:00:00,3377.295,3381.445,3373.665,3381.355
2025-08-27T08:00:00,3381.335,3384.865,3380.825,3384.405
2025-08-27T09:00:00,3384.345,3385.325,3377.335,3377.895
2025-08-27T10:00:00,3377.928,3378.985,3374.585,3375.375
2025-08-27T11:00:00,3375.415,3377.995,3373.725,3376.625
2025-08-27T12:00:00,3376.595,3382.745,3374.095,3381.025
2025-08-27T13:00:00,3381.045,3384.655,3375.345,3377.748
2025-08-27T14:00:00,3377.748,3386.765,3375.995,3386.295
2025-08-27T15:00:00,3386.335,3390.158,3384.955,3387.795
2025-08-27T16:00:00,3387.795,3398.569,3387.325,3395.225
2025-08-27T17:00:00,3395.205,3397.315,3394.585,3394.965
2025-08-27T18:00:00,3394.948,3396.075,3392.065,3394.348
2025-08-27T19:00:00,3394.348,3396.175,3393.428,3395.945
2025-08-27T20:00:00,3396.075,3397.985,3393.995,3396.495
2025-08-27T22:00:00,3397.835,3398.775,3394.315,3395.415
2025-08-27T23:00:00,3395.385,3399.175,3394.855,3395.465
2025-08-28T00:00:00,3395.485,3397.875,3391.005,3391.745
2025-08-28T01:00:00,3391.705,3392.645,3385.245,3385.745
2025-08-28T02:00:00,3385.745,3391.205,3384.445,3391.175
2025-08-28T03:00:00,3391.165,3392.275,3388.705,3389.995
2025-08-28T04:00:00,3389.955,3392.055,3388.595,3390.105
2025-08-28T05:00:00,3390.085,3390.695,3387.415,3388.995
2025-08-28T06:00:00,3388.985,3395.525,3388.645,3395.255
2025-08-28T07:00:00,3395.275,3397.555,3393.535,3395.655
2025-08-28T08:00:00,3395.505,3400.855,3393.715,3400.545
2025-08-28T09:00:00,3400.555,3401.415,3398.275,3399.045
2025-08-28T10:00:00,3399.025,3399.085,3393.555,3396.885
2025-08-28T11:00:00,3396.849,3407.485,3396.045,3403.885
2025-08-28T12:00:00,3403.895,3408.515,3396.598,3396.905
2025-08-28T13:00:00,3396.915,3410.148,3393.835,3406.978
2025-08-28T14:00:00,3406.978,3413.345,3405.985,3411.909
2025-08-28T15:00:00,3411.909,3413.075,3403.948,3410.798
2025-08-28T16:00:00,3410.798,3417.629,3409.765,3415.365
2025-08-28T17:00:00,3415.329,3418.628,3414.435,3417.779
2025-08-28T18:00:00,3417.779,3420.135,3417.055,3419.855
2025-08-28T19:00:00,3419.825,3423.069,3417.485,3421.935
2025-08-28T20:00:00,3421.935,3422.309,3415.595,3415.795
2025-08-28T22:00:00,3416.965,3417.455,3414.708,3416.548
2025-08-28T23:00:00,3416.448,3416.465,3414.508,3414.508
2025-08-29T00:00:00,3414.508,3417.645,3412.745,3413.245
2025-08-29T01:00:00,3413.245,3413.345,3407.695,3409.705
2025-08-29T02:00:00,3409.699,3413.785,3409.595,3411.115
2025-08-29T03:00:00,3411.145,3413.455,3409.735,3410.675
2025-08-29T04:00:00,3410.655,3411.185,3407.205,3408.695
2025-08-29T05:00:00,3408.685,3410.625,3406.805,3410.195
2025-08-29T06:00:00,3410.215,3412.445,3407.695,3410.025
2025-08-29T07:00:00,3409.989,3412.515,3406.215,3412.055
2025-08-29T08:00:00,3412.075,3414.635,3409.405,3410.198
2025-08-29T09:00:00,3410.198,3410.855,3406.565,3407.255
2025-08-29T10:00:00,3407.275,3408.675,3404.585,3405.425
2025-08-29T11:00:00,3405.425,3411.165,3404.185,3410.605
2025-08-29T12:00:00,3410.605,3416.715,3406.525,3416.345
2025-08-29T13:00:00,3416.365,3428.935,3413.405,3428.425
2025-08-29T14:00:00,3428.425,3440.925,3428.425,3440.765
2025-08-29T15:00:00,3440.715,3447.435,3438.755,3445.245
2025-08-29T16:00:00,3445.235,3449.255,3442.045,3449.005
2025-08-29T17:00:00,3448.975,3450.098,3440.558,3443.695
2025-08-29T18:00:00,3443.695,3445.598,3440.905,3442.665
2025-08-29T19:00:00,3442.665,3453.565,3441.248,3452.498
2025-08-29T20:00:00,3452.498,3452.515,3444.845,3446.805
2025-08-31T22:00:00,3445.648,3452.255,3441.825,3449.748
2025-08-31T23:00:00,3449.748,3450.548,3444.235,3447.685
2025-09-01T00:00:00,3447.685,3447.685,3442.398,3443.785
2025-09-01T01:00:00,3443.815,3458.935,3436.548,3456.855
2025-09-01T02:00:00,3456.969,3484.335,3454.695,3483.175
2025-09-01T03:00:00,3483.225,3485.798,3469.185,3474.365
2025-09-01T04:00:00,3474.405,3479.005,3472.048,3474.998
2025-09-01T05:00:00,3474.998,3482.485,3474.118,3476.635
2025-09-01T06:00:00,3476.535,3489.595,3476.505,3478.885
2025-09-01T07:00:00,3478.899,3480.625,3467.295,3477.675
2025-09-01T08:00:00,3477.695,3479.655,3474.305,3476.735
2025-09-01T09:00:00,3476.725,3476.785,3467.085,3469.265
2025-09-01T10:00:00,3469.295,3473.725,3465.905,3470.375
2025-09-01T11:00:00,3470.375,3473.315,3467.355,3469.895
2025-09-01T12:00:00,3469.875,3471.475,3466.985,3469.325
2025-09-01T13:00:00,3469.325,3478.955,3468.755,3475.135
2025-09-01T14:00:00,3475.115,3481.165,3473.395,3475.465
2025-09-01T15:00:00,3475.345,3478.915,3473.248,3473.905
2025-09-01T16:00:00,3473.905,3477.585,3472.145,3477.185
2025-09-01T17:00:00,3477.165,3478.785,3476.005,3477.765
2025-09-01T18:00:00,3477.745,3477.815,3475.995,3476.225
2025-09-01T22:00:00,3476.505,3479.155,3474.165,3474.668
2025-09-01T23:00:00,3474.688,3480.998,3473.878,3478.965
2025-09-02T00:00:00,3478.915,3484.798,3477.835,3478.915
2025-09-02T01:00:00,3478.845,3508.228,3476.625,3497.195
2025-09-02T02:00:00,3497.265,3500.525,3490.928,3496.085
2025-09-02T03:00:00,3495.725,3495.875,3489.665,3494.875
2025-09-02T04:00:00,3494.835,3498.115,3493.025,3496.475
2025-09-02T05:00:00,3496.515,3497.635,3491.555,3492.735
2025-09-02T06:00:00,3492.735,3495.595,3483.035,3485.425
2025-09-02T07:00:00,3485.398,3488.085,3471.915,3476.605
2025-09-02T08:00:00,3476.615,3481.175,3469.805,3477.515
2025-09-02T09:00:00,3477.515,3480.155,3475.715,3476.445
2025-09-02T10:00:00,3476.425,3485.565,3475.525,3485.505
2025-09-02T11:00:00,3485.505,3489.845,3478.155,3489.595
2025-09-02T12:00:00,3489.575,3493.985,3474.135,3481.729
2025-09-02T13:00:00,3481.755,3493.319,3477.965,3487.828
2025-09-02T14:00:00,3487.828,3513.608,3485.548,3510.795
2025-09-02T15:00:00,3510.815,3520.215,3509.155,3520.215
2025-09-02T16:00:00,3520.205,3528.565,3517.845,3527.455
2025-09-02T17:00:00,3527.485,3529.925,3521.745,3528.938
2025-09-02T18:00:00,3528.938,3531.955,3524.975,3528.188
2025-09-02T19:00:00,3528.188,3539.849,3528.008,3536.698
2025-09-02T20:00:00,3536.698,3537.548,3532.405,3532.405
2025-09-02T22:00:00,3532.698,3534.755,3528.478,3528.748
2025-09-02T23:00:00,3528.748,3532.905,3525.848,3529.698
2025-09-03T00:00:00,3529.698,3546.398,3527.748,3535.875
2025-09-03T01:00:00,3535.775,3541.498,3531.555,3538.635
2025-09-03T02:00:00,3538.595,3545.725,3530.778,3531.385
2025-09-03T03:00:00,3531.345,3533.265,3529.175,3530.635
2025-09-03T04:00:00,3530.665,3538.065,3530.455,3536.685
2025-09-03T05:00:00,3536.675,3537.805,3526.508,3529.725
2025-09-03T06:00:00,3529.745,3537.315,3529.675,3535.135
2025-09-03T07:00:00,3535.105,3536.725,3529.015,3533.725
2025-09-03T08:00:00,3533.675,3541.188,3533.595,3539.875
2025-09-03T09:00:00,3539.895,3541.785,3533.645,3534.065
2025-09-03T10:00:00,3534.065,3541.475,3532.065,3539.895
2025-09-03T11:00:00,3539.905,3549.385,3539.735,3547.425
2025-09-03T12:00:00,3547.405,3551.335,3541.105,3550.375
2025-09-03T13:00:00,3550.405,3561.099,3548.955,3553.005
2025-09-03T14:00:00,3553.015,3565.335,3551.255,3558.298
2025-09-03T15:00:00,3558.215,3567.185,3557.248,3563.735
2025-09-03T16:00:00,3563.698,3572.375,3561.995,3572.215
2025-09-03T17:00:00,3572.235,3575.748,3569.848,3574.255
2025-09-03T18:00:00,3574.395,3578.175,3564.978,3570.115
2025-09-03T19:00:00,3570.115,3571.435,3561.035,3563.415
2025-09-03T20:00:00,3563.415,3565.955,3558.475,3558.475
2025-09-03T22:00:00,3560.448,3563.998,3558.815,3561.348
2025-09-03T23:00:00,3561.229,3561.425,3554.205,3560.175
2025-09-04T00:00:00,3560.215,3562.398,3551.555,3561.295
2025-09-04T01:00:00,3561.375,3563.148,3543.098,3545.918
2025-09-04T02:00:00,3545.918,3550.365,3525.985,3530.455
2025-09-04T03:00:00,3530.205,3531.275,3510.425,3528.855
2025-09-04T04:00:00,3528.835,3534.135,3528.635,3532.885
2025-09-04T05:00:00,3532.905,3533.915,3525.175,3526.948
2025-09-04T06:00:00,3526.965,3541.475,3524.145,3535.835
2025-09-04T07:00:00,3535.975,3541.065,3532.505,3540.915
2025-09-04T08:00:00,3540.865,3545.415,3537.145,3541.105
2025-09-04T09:00:00,3541.125,3544.795,3536.585,3538.555
2025-09-04T10:00:00,3538.575,3546.825,3538.195,3540.715
2025-09-04T11:00:00,3540.685,3549.655,3536.198,3545.375
2025-09-04T12:00:00,3545.195,3551.648,3540.968,3548.125
2025-09-04T13:00:00,3548.105,3558.465,3539.588,3546.078
2025-09-04T14:00:00,3545.858,3546.105,3534.548,3545.675
2025-09-04T15:00:00,3545.865,3553.148,3542.185,3552.698
2025-09-04T16:00:00,3552.698,3555.865,3549.045,3552.365
2025-09-04T17:00:00,3552.365,3555.275,3542.355,3542.725
2025-09-04T18:00:00,3542.745,3548.115,3542.575,3546.155
2025-09-04T19:00:00,3546.135,3550.879,3545.445,3549.505
2025-09-04T20:00:00,3549.555,3550.248,3544.095,3544.645
2025-09-04T22:00:00,3545.935,3546.298,3539.715,3540.718
2025-09-04T23:00:00,3540.455,3554.205,3540.395,3552.415
2025-09-05T00:00:00,3552.395,3556.355,3548.795,3551.995
2025-09-05T01:00:00,3551.955,3556.305,3549.515,3552.125
2025-09-05T02:00:00,3551.998,3555.145,3545.515,3550.645
2025-09-05T03:00:00,3550.645,3558.855,3548.435,3558.135
2025-09-05T04:00:00,3558.185,3558.965,3555.995,3558.315
2025-09-05T05:00:00,3558.355,3560.965,3555.365,3557.539
2025-09-05T06:00:00,3557.539,3557.865,3547.845,3552.485
2025-09-05T07:00:00,3552.515,3554.118,3546.445,3548.025
2025-09-05T08:00:00,3547.895,3549.705,3544.605,3545.745
2025-09-05T09:00:00,3545.785,3553.565,3545.695,3552.205
2025-09-05T10:00:00,3552.225,3552.765,3549.255,3551.675
2025-09-05T11:00:00,3551.705,3554.985,3547.735,3553.075
2025-09-05T12:00:00,3553.175,3586.575,3548.625,3580.165
2025-09-05T13:00:00,3580.195,3595.105,3572.995,3594.155
2025-09-05T14:00:00,3594.205,3597.558,3572.395,3590.005
2025-09-05T15:00:00,3589.985,3595.205,3581.365,3591.825
2025-09-05T16:00:00,3591.785,3599.905,3590.925,3594.965
2025-09-05T17:00:00,3594.995,3597.275,3590.185,3596.295
2025-09-05T18:00:00,3596.375,3597.115,3592.285,3595.128
2025-09-05T19:00:00,3595.128,3595.939,3592.355,3594.498
2025-09-05T20:00:00,3594.498,3594.955,3585.195,3585.195
2025-09-07T22:00:00,3582.104,3596.349,3577.698,3591.795
2025-09-07T23:00:00,3591.895,3593.775,3587.375,3590.798
2025-09-08T00:00:00,3590.798,3594.205,3586.575,3594.145
2025-09-08T01:00:00,3594.175,3596.815,3584.475,3589.315
2025-09-08T02:00:00,3589.455,3594.155,3586.175,3590.525
2025-09-08T03:00:00,3590.505,3592.045,3582.665,3583.135
2025-09-08T04:00:00,3583.155,3584.615,3579.365,3581.435
2025-09-08T05:00:00,3581.225,3591.435,3580.905,3591.045
2025-09-08T06:00:00,3591.015,3598.635,3589.305,3597.895
2025-09-08T07:00:00,3597.935,3613.395,3596.235,3609.185
2025-09-08T08:00:00,3609.155,3616.848,3607.015,3610.985
2025-09-08T09:00:00,3611.005,3614.815,3608.385,3613.595
2025-09-08T10:00:00,3613.635,3622.245,3613.225,3616.825
2025-09-08T11:00:00,3616.815,3619.845,3612.398,3619.655
2025-09-08T12:00:00,3619.635,3625.815,3614.385,3623.985
2025-09-08T13:00:00,3624.235,3636.715,3619.968,3633.205
2025-09-08T14:00:00,3633.185,3640.685,3628.635,3640.495
2025-09-08T15:00:00,3640.475,3646.115,3632.985,3639.155
2025-09-08T16:00:00,3639.155,3641.408,3635.625,3640.395
2025-09-08T17:00:00,3640.425,3640.935,3632.375,3633.275
2025-09-08T18:00:00,3633.305,3636.475,3631.765,3635.905
2025-09-08T19:00:00,3635.935,3637.499,3632.385,3636.385
2025-09-08T20:00:00,3636.385,3637.848,3633.895,3633.895
2025-09-08T22:00:00,3635.615,3636.498,3628.498,3628.948
2025-09-08T23:00:00,3629.175,3636.005,3628.035,3634.735
2025-09-09T00:00:00,3634.695,3640.625,3633.305,3638.295
2025-09-09T01:00:00,3638.289,3647.265,3635.795,3646.175
2025-09-09T02:00:00,3646.135,3654.448,3644.565,3647.248
2025-09-09T03:00:00,3647.248,3651.565,3642.345,3645.685
2025-09-09T04:00:00,3645.735,3656.925,3645.495,3654.835
2025-09-09T05:00:00,3654.829,3659.125,3652.495,3654.915
2025-09-09T06:00:00,3654.909,3655.985,3636.375,3647.405
2025-09-09T07:00:00,3647.435,3650.678,3641.365,3644.138
2025-09-09T08:00:00,3644.138,3650.875,3641.645,3647.935
2025-09-09T09:00:00,3647.955,3656.495,3647.425,3653.425
2025-09-09T10:00:00,3653.555,3655.845,3648.585,3651.695
2025-09-09T11:00:00,3651.725,3653.995,3646.625,3647.795
2025-09-09T12:00:00,3647.845,3655.225,3643.515,3647.255
2025-09-09T13:00:00,3647.285,3668.015,3646.035,3665.418
2025-09-09T14:00:00,3665.418,3673.645,3635.678,3644.735
2025-09-09T15:00:00,3644.755,3646.225,3626.665,3645.365
2025-09-09T16:00:00,3645.355,3649.198,3643.895,3644.788
2025-09-09T17:00:00,3644.788,3646.215,3641.165,3642.615
2025-09-09T18:00:00,3642.635,3644.845,3639.468,3640.145
2025-09-09T19:00:00,3640.165,3640.948,3628.335,3629.185
2025-09-09T20:00:00,3629.155,3632.625,3623.995,3623.995
2025-09-09T22:00:00,3619.635,3635.575,3618.505,3635.198
2025-09-09T23:00:00,3635.198,3640.498,3633.015,3633.355
2025-09-10T00:00:00,3633.385,3634.185,3621.225,3623.825
2025-09-10T01:00:00,3623.875,3632.425,3619.965,3630.415
2025-09-10T02:00:00,3630.569,3638.048,3629.745,3635.985
2025-09-10T03:00:00,3635.948,3636.765,3632.845,3636.365
2025-09-10T04:00:00,3636.375,3643.225,3636.375,3642.775
2025-09-10T05:00:00,3642.775,3645.055,3639.765,3642.835
2025-09-10T06:00:00,3642.835,3647.415,3640.405,3643.525
2025-09-10T07:00:00,3643.565,3648.285,3640.835,3643.815
2025-09-10T08:00:00,3643.855,3647.515,3641.735,3645.695
2025-09-10T09:00:00,3645.695,3655.895,3644.605,3655.025
2025-09-10T10:00:00,3655.025,3657.238,3651.315,3655.055
2025-09-10T11:00:00,3655.075,3656.175,3648.198,3648.858
2025-09-10T12:00:00,3648.858,3656.565,3640.008,3643.815
2025-09-10T13:00:00,3643.835,3653.775,3641.535,3651.115
2025-09-10T14:00:00,3651.085,3655.155,3643.685,3647.415
2025-09-10T15:00:00,3647.465,3648.415,3638.318,3644.395
2025-09-10T16:00:00,3644.365,3646.755,3639.745,3642.565
2025-09-10T17:00:00,3642.615,3647.415,3641.475,3647.185
2025-09-10T18:00:00,3647.155,3649.598,3644.415,3645.205
2025-09-10T19:00:00,3645.365,3646.195,3635.065,3641.785
2025-09-10T20:00:00,3641.775,3642.745,3637.885,3639.805
2025-09-10T22:00:00,3641.098,3644.285,3637.645,3639.448
2025-09-10T23:00:00,3639.759,3645.345,3638.175,3644.685
2025-09-11T00:00:00,3644.705,3646.965,3642.255,3643.655
2025-09-11T01:00:00,3643.725,3648.895,3639.615,3640.865
2025-09-11T02:00:00,3640.845,3643.305,3633.995,3637.085
2025-09-11T03:00:00,3637.165,3637.165,3629.715,3631.795
2025-09-11T04:00:00,3631.925,3634.205,3630.005,3630.425
2025-09-11T05:00:00,3630.395,3633.305,3623.225,3624.835
2025-09-11T06:00:00,3624.885,3637.705,3622.395,3632.948
2025-09-11T07:00:00,3632.985,3633.048,3623.555,3629.705
2025-09-11T08:00:00,3629.685,3631.585,3625.215,3625.975
2025-09-11T09:00:00,3625.885,3625.885,3613.945,3621.705
2025-09-11T10:00:00,3621.735,3624.755,3619.435,3621.705
2025-09-11T11:00:00,3621.665,3622.035,3615.265,3616.565
2025-09-11T12:00:00,3616.595,3643.848,3611.465,3628.748
2025-09-11T13:00:00,3628.825,3636.915,3618.105,3630.055
2025-09-11T14:00:00,3630.075,3637.675,3625.695,3629.305
2025-09-11T15:00:00,3629.325,3638.855,3629.325,3632.935
2025-09-11T16:00:00,3632.935,3641.775,3632.875,3635.895
2025-09-11T17:00:00,3635.945,3636.495,3631.498,3634.715
2025-09-11T18:00:00,3634.675,3636.835,3630.225,3632.245
2025-09-11T19:00:00,3632.225,3637.305,3632.065,3636.685
2025-09-11T20:00:00,3636.605,3637.448,3632.485,3632.485
2025-09-11T22:00:00,3632.955,3638.075,3632.955,3634.495
2025-09-11T23:00:00,3634.505,3635.655,3631.265,3631.595
2025-09-12T00:00:00,3631.575,3637.865,3630.295,3636.348
2025-09-12T01:00:00,3636.348,3647.345,3636.298,3646.175
2025-09-12T02:00:00,3646.175,3650.855,3644.655,3648.845
2025-09-12T03:00:00,3648.845,3653.065,3646.405,3652.735
2025-09-12T04:00:00,3652.705,3655.965,3651.385,3654.725
2025-09-12T05:00:00,3654.745,3656.435,3651.825,3652.915
2025-09-12T06:00:00,3652.935,3653.845,3648.165,3650.435
2025-09-12T07:00:00,3650.385,3653.665,3647.645,3648.145
2025-09-12T08:00:00,3648.125,3651.148,3639.495,3640.665
2025-09-12T09:00:00,3640.645,3646.875,3637.375,3646.185
2025-09-12T10:00:00,3646.255,3651.975,3646.035,3650.965
2025-09-12T11:00:00,3650.985,3651.895,3646.705,3646.855
2025-09-12T12:00:00,3646.875,3648.755,3637.848,3645.225
2025-09-12T13:00:00,3645.405,3652.448,3643.085,3649.965
2025-09-12T14:00:00,3650.085,3654.185,3647.125,3647.898
2025-09-12T15:00:00,3647.898,3648.045,3641.525,3644.285
2025-09-12T16:00:00,3644.275,3649.505,3642.395,3648.985
2025-09-12T17:00:00,3649.035,3650.555,3647.395,3648.525
2025-09-12T18:00:00,3648.555,3649.295,3646.845,3648.345
2025-09-12T19:00:00,3648.355,3648.385,3643.398,3644.055
2025-09-12T20:00:00,3643.995,3645.145,3640.775,3642.635
2025-09-14T22:00:00,3643.605,3646.048,3639.605,3641.648
2025-09-14T23:00:00,3641.615,3641.748,3636.665,3637.965
2025-09-15T00:00:00,3637.955,3642.455,3631.725,3633.155
2025-09-15T01:00:00,3633.148,3634.645,3626.148,3634.275
2025-09-15T02:00:00,3634.385,3645.325,3634.145,3640.845
2025-09-15T03:00:00,3640.845,3646.205,3640.025,3645.885
2025-09-15T04:00:00,3645.915,3646.715,3643.515,3645.445
2025-09-15T05:00:00,3645.495,3646.085,3641.975,3643.355
2025-09-15T06:00:00,3643.345,3643.665,3636.348,3636.348
2025-09-15T07:00:00,3636.348,3644.855,3633.469,3643.695
2025-09-15T08:00:00,3643.605,3645.615,3640.655,3645.315
2025-09-15T09:00:00,3645.315,3645.845,3635.548,3641.075
2025-09-15T10:00:00,3641.095,3646.265,3638.845,3639.655
2025-09-15T11:00:00,3639.675,3646.615,3638.748,3642.395
2025-09-15T12:00:00,3642.415,3650.798,3636.598,3650.195
2025-09-15T13:00:00,3650.215,3664.125,3646.585,3656.975
2025-09-15T14:00:00,3656.945,3663.605,3653.675,3663.325
2025-09-15T15:00:00,3663.425,3681.635,3662.785,3680.195
2025-09-15T16:00:00,3680.225,3685.345,3674.435,3679.025
2025-09-15T17:00:00,3679.045,3682.475,3678.355,3681.575
2025-09-15T18:00:00,3681.555,3681.895,3675.675,3676.725
2025-09-15T19:00:00,3676.755,3682.505,3676.515,3680.735
2025-09-15T20:00:00,3680.735,3681.898,3677.215,3677.215
2025-09-15T22:00:00,3679.698,3680.848,3676.175,3678.348
2025-09-15T23:00:00,3678.115,3680.265,3675.835,3676.598
2025-09-16T00:00:00,3676.598,3686.645,3676.148,3686.215
2025-09-16T01:00:00,3686.245,3689.169,3676.775,3679.165
2025-09-16T02:00:00,3679.135,3682.575,3674.455,3677.525
2025-09-16T03:00:00,3677.305,3682.885,3676.805,3680.825
2025-09-16T04:00:00,3680.955,3685.265,3679.995,3684.105
2025-09-16T05:00:00,3684.045,3684.329,3680.035,3682.505
2025-09-16T06:00:00,3682.525,3694.015,3681.398,3693.235
2025-09-16T07:00:00,3693.255,3693.955,3686.125,3686.225
2025-09-16T08:00:00,3686.225,3697.035,3685.935,3694.115
2025-09-16T09:00:00,3694.135,3698.765,3692.815,3698.105
2025-09-16T10:00:00,3698.075,3698.585,3692.488,3692.938
2025-09-16T11:00:00,3692.938,3699.365,3690.285,3697.015
2025-09-16T12:00:00,3697.085,3697.265,3686.188,3689.055
2025-09-16T13:00:00,3688.825,3698.315,3684.965,3695.485
2025-09-16T14:00:00,3695.455,3702.828,3685.475,3686.015
2025-09-16T15:00:00,3686.075,3688.698,3678.625,3686.085
2025-09-16T16:00:00,3686.065,3691.045,3684.485,3689.635
2025-09-16T17:00:00,3689.585,3690.795,3685.995,3687.475
2025-09-16T18:00:00,3687.505,3690.705,3686.285,3690.435
2025-09-16T19:00:00,3690.405,3690.945,3687.585,3689.425
2025-09-16T20:00:00,3689.385,3693.625,3689.195,3689.365
2025-09-16T22:00:00,3689.098,3692.578,3688.755,3691.398
2025-09-16T23:00:00,3691.438,3695.055,3691.178,3694.085
2025-09-17T00:00:00,3694.065,3695.185,3690.865,3690.965
2025-09-17T01:00:00,3690.945,3691.735,3676.0,3679.118
2025-09-17T02:00:00,3679.265,3683.685,3674.208,3681.965
2025-09-17T03:00:00,3681.975,3683.265,3679.625,3681.515
2025-09-17T04:00:00,3681.535,3682.335,3680.245,3680.525
2025-09-17T05:00:00,3680.545,3685.705,3675.585,3678.975
2025-09-17T06:00:00,3678.965,3679.835,3670.265,3674.895
2025-09-17T07:00:00,3674.855,3677.175,3666.435,3666.785
2025-09-17T08:00:00,3666.758,3667.765,3662.245,3664.705
2025-09-17T09:00:00,3664.685,3670.845,3663.735,3667.665
2025-09-17T10:00:00,3667.665,3669.595,3660.045,3661.275
2025-09-17T11:00:00,3661.245,3669.705,3659.815,3665.785
2025-09-17T12:00:00,3665.835,3679.215,3665.445,3678.555
2025-09-17T13:00:00,3678.595,3682.315,3672.455,3678.575
2025-09-17T14:00:00,3678.615,3685.885,3676.585,3684.125
2025-09-17T15:00:00,3684.095,3687.005,3682.665,3684.015
2025-09-17T16:00:00,3684.035,3688.348,3683.775,3684.515
2025-09-17T17:00:00,3684.545,3687.425,3678.505,3685.958
2025-09-17T18:00:00,3685.958,3707.308,3645.765,3649.925
2025-09-17T19:00:00,3649.945,3666.708,3645.898,3661.498
2025-09-17T20:00:00,3661.465,3661.505,3655.955,3659.005
2025-09-17T22:00:00,3659.285,3665.135,3652.405,3662.648
2025-09-17T23:00:00,3662.648,3671.735,3661.755,3668.748
2025-09-18T00:00:00,3668.835,3669.635,3657.755,3664.985
2025-09-18T01:00:00,3665.075,3668.648,3651.565,3656.875
2025-09-18T02:00:00,3656.925,3665.576,3655.145,3664.575
2025-09-18T03:00:00,3664.605,3665.825,3657.635,3658.375
2025-09-18T04:00:00,3658.455,3659.095,3653.118,3653.315
2025-09-18T05:00:00,3653.325,3658.945,3649.088,3651.265
2025-09-18T06:00:00,3651.198,3651.645,3633.485,3637.325
2025-09-18T07:00:00,3637.355,3659.695,3635.325,3658.785
2025-09-18T08:00:00,3658.835,3665.635,3653.515,3665.375
2025-09-18T09:00:00,3665.345,3672.785,3664.415,3671.465
2025-09-18T10:00:00,3671.445,3672.415,3665.265,3666.925
2025-09-18T11:00:00,3667.105,3670.775,3664.198,3666.945
2025-09-18T12:00:00,3666.965,3672.248,3662.715,3663.148
2025-09-18T13:00:00,3663.148,3664.085,3627.465,3641.855
2025-09-18T14:00:00,3641.925,3646.225,3634.125,3638.098
2025-09-18T15:00:00,3638.205,3642.148,3636.525,3641.085
2025-09-18T16:00:00,3641.095,3647.045,3640.655,3646.165
2025-09-18T17:00:00,3646.135,3646.635,3643.095,3643.335
2025-09-18T18:00:00,3643.295,3643.345,3640.235,3641.098
2025-09-18T19:00:00,3641.098,3646.895,3640.365,3646.365
2025-09-18T20:00:00,3646.448,3646.905,3643.415,3643.415
2025-09-18T22:00:00,3643.675,3644.015,3639.068,3639.898
2025-09-18T23:00:00,3639.735,3641.435,3637.605,3639.895
2025-09-19T00:00:00,3639.985,3642.515,3635.798,3639.805
2025-09-19T01:00:00,3639.775,3651.005,3631.938,3639.655
2025-09-19T02:00:00,3639.695,3650.075,3638.615,3647.205
2025-09-19T03:00:00,3647.185,3656.085,3645.035,3653.505
2025-09-19T04:00:00,3653.525,3659.855,3653.505,3658.615
2025-09-19T05:00:00,3658.615,3661.025,3651.065,3652.215
2025-09-19T06:00:00,3652.265,3653.955,3643.025,3646.725
2025-09-19T07:00:00,3646.775,3657.205,3644.315,3653.755
2025-09-19T08:00:00,3653.735,3656.395,3649.415,3655.505
2025-09-19T09:00:00,3655.535,3658.615,3655.075,3658.445
2025-09-19T10:00:00,3658.385,3658.995,3654.935,3655.735
2025-09-19T11:00:00,3655.648,3655.745,3645.495,3648.275
2025-09-19T12:00:00,3648.295,3651.685,3644.175,3649.125
2025-09-19T13:00:00,3649.085,3664.165,3643.495,3662.995
2025-09-19T14:00:00,3663.045,3669.035,3656.155,3666.805
2025-09-19T15:00:00,3666.875,3675.695,3665.058,3670.625
2025-09-19T16:00:00,3670.655,3673.065,3666.355,3668.095
2025-09-19T17:00:00,3668.065,3679.265,3667.895,3678.405
2025-09-19T18:00:00,3678.435,3683.945,3677.768,3683.405
2025-09-19T19:00:00,3683.415,3685.089,3681.219,3684.239
2025-09-19T20:00:00,3684.279,3684.748,3680.765,3684.489
2025-09-21T22:00:00,3686.698,3691.895,3683.365,3687.948
2025-09-21T23:00:00,3687.675,3690.245,3685.448,3686.065
2025-09-22T00:00:00,3686.085,3690.845,3685.375,3690.645
2025-09-22T01:00:00,3690.685,3696.525,3686.475,3689.175
2025-09-22T02:00:00,3689.145,3693.145,3685.235,3686.205
2025-09-22T03:00:00,3686.175,3697.305,3685.775,3695.265
2025-09-22T04:00:00,3695.265,3695.725,3689.795,3691.975
2025-09-22T05:00:00,3691.975,3700.045,3691.725,3696.825
2025-09-22T06:00:00,3696.855,3719.645,3695.325,3714.145
2025-09-22T07:00:00,3714.125,3716.175,3708.385,3713.045
2025-09-22T08:00:00,3713.005,3722.215,3712.225,3720.028
2025-09-22T09:00:00,3720.028,3726.435,3719.085,3722.985
2025-09-22T10:00:00,3723.025,3728.145,3720.785,3727.248
2025-09-22T11:00:00,3727.265,3728.125,3720.925,3724.475
2025-09-22T12:00:00,3724.525,3725.198,3711.898,3721.375
2025-09-22T13:00:00,3721.415,3725.325,3713.225,3722.105
2025-09-22T14:00:00,3722.125,3726.085,3716.525,3725.665
2025-09-22T15:00:00,3725.775,3736.215,3723.445,3736.035
2025-09-22T16:00:00,3736.005,3739.365,3734.955,3736.835
2025-09-22T17:00:00,3736.948,3747.035,3736.935,3746.365
2025-09-22T18:00:00,3746.385,3747.848,3744.395,3747.398
2025-09-22T19:00:00,3747.398,3748.535,3742.225,3747.505
2025-09-22T20:00:00,3747.418,3748.355,3745.208,3745.845
2025-09-22T22:00:00,3745.698,3747.425,3737.728,3739.598
2025-09-22T23:00:00,3739.475,3748.948,3738.535,3747.598
2025-09-23T00:00:00,3747.598,3750.435,3744.785,3746.985
2025-09-23T01:00:00,3746.985,3759.035,3745.358,3754.365
2025-09-23T02:00:00,3754.335,3755.185,3736.455,3741.595
2025-09-23T03:00:00,3741.575,3746.925,3738.895,3746.415
2025-09-23T04:00:00,3746.395,3747.315,3743.025,3744.605
2025-09-23T05:00:00,3744.565,3758.615,3743.115,3752.965
2025-09-23T06:00:00,3752.955,3757.205,3751.055,3753.665
2025-09-23T07:00:00,3753.598,3757.225,3748.725,3753.165
2025-09-23T08:00:00,3753.125,3774.995,3752.905,3774.145
2025-09-23T09:00:00,3774.175,3790.865,3774.005,3784.645
2025-09-23T10:00:00,3784.675,3787.648,3780.585,3782.775
2025-09-23T11:00:00,3782.805,3788.645,3779.455,3783.375
2025-09-23T12:00:00,3783.395,3785.175,3777.235,3784.065
2025-09-23T13:00:00,3784.135,3788.648,3773.725,3783.498
2025-09-23T14:00:00,3783.498,3784.648,3767.185,3773.885
2025-09-23T15:00:00,3773.885,3781.785,3772.655,3779.115
2025-09-23T16:00:00,3779.335,3781.798,3764.805,3779.035
2025-09-23T17:00:00,3779.165,3785.515,3775.595,3777.195
2025-09-23T18:00:00,3777.225,3781.165,3756.065,3756.595
2025-09-23T19:00:00,3756.425,3767.995,3751.805,3764.155
2025-09-23T20:00:00,3764.165,3767.208,3762.345,3762.985
2025-09-23T22:00:00,3764.698,3767.148,3761.359,3765.198
2025-09-23T23:00:00,3765.039,3769.848,3761.685,3763.535
2025-09-24T00:00:00,3763.505,3765.295,3758.725,3764.955
2025-09-24T01:00:00,3764.975,3771.545,3754.825,3756.248
2025-09-24T02:00:00,3756.248,3759.148,3750.329,3756.698
2025-09-24T03:00:00,3756.698,3766.365,3751.998,3765.165
2025-09-24T04:00:00,3765.135,3768.125,3763.055,3768.045
2025-09-24T05:00:00,3768.035,3776.795,3767.735,3774.648
2025-09-24T06:00:00,3774.648,3775.905,3768.945,3771.005
2025-09-24T07:00:00,3770.985,3778.998,3770.495,3777.215
2025-09-24T08:00:00,3777.245,3777.605,3766.855,3769.925
2025-09-24T09:00:00,3769.905,3771.565,3762.925,3768.298
2025-09-24T10:00:00,3768.298,3768.448,3759.565,3761.945
2025-09-24T11:00:00,3761.975,3769.355,3759.475,3768.875
2025-09-24T12:00:00,3768.855,3771.345,3763.795,3767.875
2025-09-24T13:00:00,3767.855,3772.748,3758.825,3760.585
2025-09-24T14:00:00,3760.775,3765.025,3749.465,3752.575
2025-09-24T15:00:00,3752.845,3756.455,3739.535,3740.995
2025-09-24T16:00:00,3740.965,3745.105,3732.115,3735.635
2025-09-24T17:00:00,3735.605,3738.635,3732.015,3733.015
2025-09-24T18:00:00,3733.015,3733.785,3722.585,3724.095
2025-09-24T19:00:00,3724.075,3731.569,3717.348,3729.858
2025-09-24T20:00:00,3729.858,3737.265,3729.765,3735.805
2025-09-24T22:00:00,3735.895,3744.998,3735.885,3740.695
2025-09-24T23:00:00,3740.695,3745.125,3738.755,3742.815
2025-09-25T00:00:00,3742.775,3751.348,3741.265,3748.748
2025-09-25T01:00:00,3748.748,3750.348,3732.705,3735.885
2025-09-25T02:00:00,3735.815,3742.135,3729.365,3739.415
2025-09-25T03:00:00,3739.375,3739.495,3734.125,3736.425
2025-09-25T04:00:00,3736.425,3740.575,3731.548,3737.895
2025-09-25T05:00:00,3737.965,3741.135,3733.915,3738.348
2025-09-25T06:00:00,3738.348,3748.095,3737.295,3740.715
2025-09-25T07:00:00,3740.755,3754.775,3739.845,3752.095
2025-09-25T08:00:00,3752.065,3761.425,3750.955,3756.245
2025-09-25T09:00:00,3756.295,3760.935,3750.205,3756.825
2025-09-25T10:00:00,3756.855,3760.685,3755.315,3756.905
2025-09-25T11:00:00,3756.905,3757.348,3740.945,3752.855
2025-09-25T12:00:00,3752.885,3755.685,3730.425,3738.565
2025-09-25T13:00:00,3738.585,3745.385,3721.915,3733.238
2025-09-25T14:00:00,3733.305,3736.285,3723.548,3731.258
2025-09-25T15:00:00,3731.335,3738.525,3727.885,3735.775
2025-09-25T16:00:00,3735.755,3742.545,3732.428,3733.505
2025-09-25T17:00:00,3733.475,3744.055,3732.175,3741.565
2025-09-25T18:00:00,3741.595,3758.055,3736.445,3755.005
2025-09-25T19:00:00,3755.005,3756.545,3744.535,3746.405
2025-09-25T20:00:00,3746.405,3752.315,3745.885,3748.405
2025-09-25T22:00:00,3749.498,3751.335,3746.115,3748.395
2025-09-25T23:00:00,3748.375,3749.585,3737.755,3744.475
2025-09-26T00:00:00,3744.445,3749.445,3739.915,3749.385
2025-09-26T01:00:00,3749.445,3753.035,3737.565,3738.915
2025-09-26T02:00:00,3738.955,3742.615,3737.395,3738.195
2025-09-26T03:00:00,3738.225,3745.825,3734.275,3745.335
2025-09-26T04:00:00,3745.375,3747.545,3744.415,3747.505
2025-09-26T05:00:00,3747.485,3749.395,3741.378,3741.675
2025-09-26T06:00:00,3741.689,3753.845,3741.105,3743.345
2025-09-26T07:00:00,3743.345,3749.375,3739.015,3747.855
2025-09-26T08:00:00,3747.885,3754.975,3746.955,3752.755
2025-09-26T09:00:00,3752.725,3754.225,3747.018,3751.335
2025-09-26T10:00:00,3751.305,3754.855,3742.755,3744.348
2025-09-26T11:00:00,3744.459,3752.705,3744.195,3748.495
2025-09-26T12:00:00,3748.515,3757.205,3746.135,3751.785
2025-09-26T13:00:00,3751.785,3766.065,3750.875,3761.358
2025-09-26T14:00:00,3761.358,3783.595,3761.005,3778.665
2025-09-26T15:00:00,3778.655,3780.795,3772.795,3780.245
2025-09-26T16:00:00,3780.235,3781.035,3771.195,3774.015
2025-09-26T17:00:00,3774.115,3782.895,3773.825,3782.725
2025-09-26T18:00:00,3782.755,3783.045,3774.485,3778.348
2025-09-26T19:00:00,3778.348,3778.348,3764.345,3766.525
2025-09-26T20:00:00,3766.475,3769.415,3758.948,3759.005
2025-09-28T22:00:00,3756.045,3770.925,3755.898,3769.998
2025-09-28T23:00:00,3769.898,3772.285,3766.168,3766.648
2025-09-29T00:00:00,3766.648,3787.315,3763.665,3786.835
2025-09-29T01:00:00,3786.895,3788.448,3767.625,3778.465
2025-09-29T02:00:00,3778.435,3798.465,3777.455,3792.635
2025-09-29T03:00:00,3792.655,3799.245,3791.948,3794.155
2025-09-29T04:00:00,3794.135,3808.735,3792.295,3804.805
2025-09-29T05:00:00,3804.785,3814.305,3800.805,3813.345
2025-09-29T06:00:00,3813.365,3819.575,3810.665,3817.155
2025-09-29T07:00:00,3817.185,3819.348,3804.688,3805.998
2025-09-29T08:00:00,3805.998,3819.325,3805.998,3818.535
2025-09-29T09:00:00,3818.545,3819.565,3806.685,3807.275
2025-09-29T10:00:00,3807.255,3818.375,3806.255,3817.725
2025-09-29T11:00:00,3817.725,3831.205,3816.315,3828.735
2025-09-29T12:00:00,3828.755,3830.265,3811.435,3813.505
2025-09-29T13:00:00,3813.535,3827.915,3809.085,3820.968
2025-09-29T14:00:00,3820.685,3830.345,3816.169,3828.025
2025-09-29T15:00:00,3828.065,3833.045,3820.528,3830.215
2025-09-29T16:00:00,3830.235,3833.305,3827.898,3830.155
2025-09-29T17:00:00,3830.175,3832.695,3823.875,3828.635
2025-09-29T18:00:00,3828.655,3830.465,3823.105,3824.245
2025-09-29T19:00:00,3824.255,3829.645,3822.375,3828.615
2025-09-29T20:00:00,3828.545,3834.005,3827.525,3832.935
2025-09-29T22:00:00,3833.025,3833.325,3825.415,3830.348
2025-09-29T23:00:00,3830.159,3833.205,3827.855,3832.655
2025-09-30T00:00:00,3832.685,3840.475,3830.798,3838.795
2025-09-30T01:00:00,3838.755,3850.655,3837.795,3847.875
2025-09-30T02:00:00,3847.875,3851.755,3842.345,3847.795
2025-09-30T03:00:00,3847.955,3867.015,3845.705,3864.465
2025-09-30T04:00:00,3864.555,3866.845,3861.795,3866.805
2025-09-30T05:00:00,3866.805,3870.165,3862.315,3869.505
2025-09-30T06:00:00,3869.525,3871.505,3854.535,3855.398
2025-09-30T07:00:00,3855.498,3859.198,3839.195,3843.645
2025-09-30T08:00:00,3843.675,3847.035,3807.308,3816.065
2025-09-30T09:00:00,3816.035,3821.285,3792.875,3798.515
2025-09-30T10:00:00,3798.515,3814.425,3797.945,3811.955
2025-09-30T11:00:00,3811.925,3817.575,3804.255,3815.045
2025-09-30T12:00:00,3815.045,3821.505,3808.745,3819.045
2025-09-30T13:00:00,3819.035,3829.645,3811.505,3823.228
2025-09-30T14:00:00,3822.568,3854.435,3819.955,3853.765
2025-09-30T15:00:00,3853.785,3853.848,3831.085,3838.765
2025-09-30T16:00:00,3838.615,3847.735,3837.648,3845.725
2025-09-30T17:00:00,3845.785,3849.145,3842.535,3843.825
2025-09-30T18:00:00,3843.865,3848.748,3839.498,3847.668
2025-09-30T19:00:00,3847.609,3860.535,3846.945,3858.798
2025-09-30T20:00:00,3858.898,3859.878,3850.365,3857.365
2025-09-30T22:00:00,3858.898,3861.085,3854.425,3859.648
2025-09-30T23:00:00,3859.779,3862.865,3859.748,3862.765
2025-10-01T00:00:00,3862.775,3865.125,3858.445,3860.235
2025-10-01T01:00:00,3860.248,3868.795,3858.985,3868.775
2025-10-01T02:00:00,3868.805,3875.295,3858.115,3863.165
2025-10-01T03:00:00,3863.035,3866.265,3855.385,3861.875
2025-10-01T04:00:00,3861.875,3864.845,3857.295,3864.705
2025-10-01T05:00:00,3864.745,3869.675,3861.955,3863.295
2025-10-01T06:00:00,3863.305,3864.648,3853.055,3859.045
2025-10-01T07:00:00,3859.285,3879.518,3858.805,3878.995
2025-10-01T08:00:00,3879.035,3895.145,3878.835,3892.698
2025-10-01T09:00:00,3892.665,3894.905,3883.418,3888.698
2025-10-01T10:00:00,3888.698,3889.375,3884.965,3887.415
2025-10-01T11:00:00,3887.405,3888.305,3877.798,3883.415
2025-10-01T12:00:00,3883.485,3890.898,3864.375,3870.295
2025-10-01T13:00:00,3870.305,3876.848,3863.475,3872.245
2025-10-01T14:00:00,3872.295,3878.585,3856.315,3872.775
2025-10-01T15:00:00,3872.715,3876.448,3857.845,3868.315
2025-10-01T16:00:00,3868.305,3871.355,3860.438,3870.655
2025-10-01T17:00:00,3870.655,3871.675,3860.415,3860.595
2025-10-01T18:00:00,3860.585,3866.075,3854.885,3861.955
2025-10-01T19:00:00,3862.005,3870.755,3861.245,3867.498
2025-10-01T20:00:00,3867.498,3867.595,3860.165,3865.415
2025-10-01T22:00:00,3865.745,3870.205,3858.348,3861.775
2025-10-01T23:00:00,3861.485,3866.295,3857.375,3863.165
2025-10-02T00:00:00,3863.195,3863.395,3855.735,3855.825
2025-10-02T01:00:00,3855.819,3864.935,3852.635,3864.845
2025-10-02T02:00:00,3864.865,3869.848,3861.315,3865.805
2025-10-02T03:00:00,3865.785,3869.165,3863.635,3866.235
2025-10-02T04:00:00,3866.255,3867.298,3861.575,3863.995
2025-10-02T05:00:00,3864.025,3870.905,3864.025,3867.655
2025-10-02T06:00:00,3867.705,3873.965,3861.668,3863.858
2025-10-02T07:00:00,3863.815,3874.615,3861.518,3868.298
2025-10-02T08:00:00,3868.298,3878.515,3864.495,3874.365
2025-10-02T09:00:00,3874.315,3879.615,3873.145,3878.905
2025-10-02T10:00:00,3878.935,3883.625,3875.525,3881.505
2025-10-02T11:00:00,3881.475,3886.448,3879.488,3886.048
2025-10-02T12:00:00,3886.048,3891.885,3879.878,3884.245
2025-10-02T13:00:00,3884.205,3896.958,3873.355,3874.795
2025-10-02T14:00:00,3874.795,3876.508,3825.135,3839.705
2025-10-02T15:00:00,3839.645,3844.605,3819.095,3828.015
2025-10-02T16:00:00,3827.978,3845.015,3826.985,3844.635
2025-10-02T17:00:00,3844.535,3847.515,3840.375,3844.005
2025-10-02T18:00:00,3844.025,3851.248,3843.225,3850.545
2025-10-02T19:00:00,3850.615,3858.895,3850.265,3855.345
2025-10-02T20:00:00,3855.355,3859.098,3853.325,3855.545
2025-10-02T22:00:00,3855.625,3858.205,3851.795,3856.705
2025-10-02T23:00:00,3856.725,3863.455,3856.498,3862.145
2025-10-03T00:00:00,3862.105,3862.515,3856.115,3856.598
2025-10-03T01:00:00,3856.619,3862.435,3847.175,3858.195
2025-10-03T02:00:00,3858.148,3858.785,3847.345,3847.848
2025-10-03T03:00:00,3847.749,3850.785,3837.785,3842.575
2025-10-03T04:00:00,3842.535,3848.055,3841.415,3843.785
2025-10-03T05:00:00,3843.848,3858.965,3843.725,3854.885
2025-10-03T06:00:00,3854.905,3860.705,3850.725,3858.925
2025-10-03T07:00:00,3858.955,3865.095,3856.675,3864.105
2025-10-03T08:00:00,3864.085,3865.535,3859.918,3864.558
2025-10-03T09:00:00,3864.515,3864.635,3856.815,3864.105
2025-10-03T10:00:00,3864.135,3867.525,3861.805,3865.605
2025-10-03T11:00:00,3865.605,3866.978,3854.548,3861.885
2025-10-03T12:00:00,3861.915,3874.875,3860.335,3873.678
2025-10-03T13:00:00,3873.678,3890.455,3869.978,3881.935
2025-10-03T14:00:00,3882.575,3885.565,3866.115,3879.455
2025-10-03T15:00:00,3879.505,3891.475,3873.605,3889.275
2025-10-03T16:00:00,3889.285,3889.535,3880.348,3883.348
2025-10-03T17:00:00,3883.405,3885.785,3877.055,3881.615
2025-10-03T18:00:00,3881.645,3889.035,3879.785,3885.835
2025-10-03T19:00:00,3885.835,3889.015,3883.265,3885.555
2025-10-03T20:00:00,3885.555,3886.985,3882.698,3886.825
2025-10-05T22:00:00,3887.955,3903.148,3883.248,3899.228
2025-10-05T23:00:00,3899.228,3920.485,3897.535,3909.355
2025-10-06T00:00:00,3909.425,3909.795,3898.658,3900.148
2025-10-06T01:00:00,3900.285,3918.115,3899.475,3917.845
2025-10-06T02:00:00,3917.875,3924.545,3917.445,3920.765
2025-10-06T03:00:00,3920.715,3931.805,3919.705,3929.375
2025-10-06T04:00:00,3929.375,3940.225,3928.615,3938.505
2025-10-06T05:00:00,3938.485,3944.955,3927.065,3932.255
2025-10-06T06:00:00,3932.205,3934.655,3922.235,3934.175
2025-10-06T07:00:00,3934.155,3943.765,3929.005,3941.325
2025-10-06T08:00:00,3941.405,3949.305,3935.105,3942.215
2025-10-06T09:00:00,3942.235,3944.705,3936.335,3942.125
2025-10-06T10:00:00,3942.155,3946.435,3932.505,3941.948
2025-10-06T11:00:00,3941.948,3942.498,3930.875,3938.005
2025-10-06T12:00:00,3937.985,3941.145,3926.445,3933.995
2025-10-06T13:00:00,3934.075,3946.915,3927.025,3944.505
2025-10-06T14:00:00,3944.505,3958.655,3940.115,3954.775
2025-10-06T15:00:00,3954.735,3963.955,3947.908,3962.275
2025-10-06T16:00:00,3962.285,3969.925,3945.648,3953.835
2025-10-06T17:00:00,3954.015,3958.755,3950.848,3957.745
2025-10-06T18:00:00,3957.785,3960.335,3955.675,3958.225
2025-10-06T19:00:00,3958.175,3964.845,3958.075,3959.245
2025-10-06T20:00:00,3959.225,3962.195,3957.015,3959.015
2025-10-06T22:00:00,3958.705,3975.925,3958.125,3962.948
2025-10-06T23:00:00,3962.948,3972.455,3961.248,3969.248
2025-10-07T00:00:00,3969.248,3977.125,3961.138,3962.448
2025-10-07T01:00:00,3962.348,3963.535,3955.585,3957.715
2025-10-07T02:00:00,3957.709,3966.765,3957.098,3964.605
2025-10-07T03:00:00,3964.585,3974.475,3960.635,3973.245
2025-10-07T04:00:00,3973.215,3976.765,3971.265,3975.765
2025-10-07T05:00:00,3975.735,3976.705,3959.748,3964.485
2025-10-07T06:00:00,3964.495,3966.145,3953.548,3954.785
2025-10-07T07:00:00,3954.765,3955.975,3943.148,3945.725
2025-10-07T08:00:00,3945.615,3953.775,3940.685,3951.055
2025-10-07T09:00:00,3951.005,3963.305,3950.815,3954.985
2025-10-07T10:00:00,3954.985,3962.565,3953.895,3959.895
2025-10-07T11:00:00,3959.995,3968.965,3956.185,3966.825
2025-10-07T12:00:00,3966.865,3979.815,3964.215,3979.275
2025-10-07T13:00:00,3979.295,3985.405,3970.245,3979.105
2025-10-07T14:00:00,3979.045,3986.455,3968.905,3985.405
2025-10-07T15:00:00,3985.495,3990.845,3961.555,3965.898
2025-10-07T16:00:00,3965.898,3979.345,3962.835,3976.475
2025-10-07T17:00:00,3976.505,3987.505,3976.205,3980.538
2025-10-07T18:00:00,3980.575,3983.685,3973.895,3980.835
2025-10-07T19:00:00,3980.745,3983.165,3978.278,3979.915
2025-10-07T20:00:00,3979.915,3986.365,3979.908,3984.185
2025-10-07T22:00:00,3984.298,3990.348,3982.748,3989.248
2025-10-07T23:00:00,3989.248,3995.775,3988.135,3994.145
2025-10-08T00:00:00,3994.098,3999.048,3989.165,3992.098
2025-10-08T01:00:00,3992.098,4000.525,3984.045,4000.345
2025-10-08T02:00:00,4000.455,4011.545,3995.395,4011.435
2025-10-08T03:00:00,4011.415,4016.345,4008.698,4014.498
2025-10-08T04:00:00,4014.598,4027.075,4014.348,4026.565
2025-10-08T05:00:00,4026.535,4036.785,4024.395,4028.905
2025-10-08T06:00:00,4028.915,4032.885,4021.048,4031.405
2025-10-08T07:00:00,4031.375,4038.885,4029.975,4034.055
2025-10-08T08:00:00,4033.975,4040.305,4032.925,4036.145
2025-10-08T09:00:00,4036.185,4049.398,4030.525,4049.115
2025-10-08T10:00:00,4049.085,4049.398,4033.205,4036.915
2025-10-08T11:00:00,4037.015,4037.925,4031.845,4037.795
2025-10-08T12:00:00,4037.795,4046.215,4030.805,4039.875
2025-10-08T13:00:00,4039.855,4049.385,4026.055,4037.848
2025-10-08T14:00:00,4037.748,4048.935,4035.415,4047.925
2025-10-08T15:00:00,4047.935,4050.325,4036.995,4045.515
2025-10-08T16:00:00,4045.495,4059.098,4044.125,4056.415
2025-10-08T17:00:00,4056.445,4057.815,4042.755,4050.588
2025-10-08T18:00:00,4050.758,4052.965,4038.355,4049.765
2025-10-08T19:00:00,4049.805,4054.348,4031.875,4044.555
2025-10-08T20:00:00,4044.625,4046.455,4038.345,4040.745
2025-10-08T22:00:00,4042.415,4044.135,4014.748,4021.048
2025-10-08T23:00:00,4021.048,4021.715,4001.025,4011.465
2025-10-09T00:00:00,4011.448,4027.785,4008.198,4022.755
2025-10-09T01:00:00,4022.825,4036.135,4007.745,4019.315
2025-10-09T02:00:00,4019.298,4021.115,4002.395,4018.385
2025-10-09T03:00:00,4018.365,4029.375,4016.915,4026.585
2025-10-09T04:00:00,4026.615,4040.845,4026.615,4038.725
2025-10-09T05:00:00,4038.555,4043.405,4034.098,4039.505
2025-10-09T06:00:00,4039.515,4040.695,4022.365,4025.648
2025-10-09T07:00:00,4025.655,4032.598,4024.475,4031.375
2025-10-09T08:00:00,4031.335,4040.215,4030.128,4038.068
2025-10-09T09:00:00,4038.068,4041.965,4033.805,4037.355
2025-10-09T10:00:00,4037.405,4044.005,4036.125,4043.975
2025-10-09T11:00:00,4043.995,4046.455,4033.355,4044.235
2025-10-09T12:00:00,4044.205,4053.465,4037.225,4053.155
2025-10-09T13:00:00,4053.175,4057.765,4016.725,4016.805
2025-10-09T14:00:00,4016.779,4028.875,4003.765,4023.885
2025-10-09T15:00:00,4023.699,4028.635,4006.315,4014.395
2025-10-09T16:00:00,4014.285,4021.498,3963.435,3968.765
2025-10-09T17:00:00,3968.595,3974.085,3943.788,3950.005
2025-10-09T18:00:00,3949.745,3968.585,3949.248,3957.195
2025-10-09T19:00:00,3957.245,3981.865,3955.015,3972.895
2025-10-09T20:00:00,3972.985,3978.795,3972.755,3976.275
2025-10-09T22:00:00,3974.925,3980.848,3957.955,3974.818
2025-10-09T23:00:00,3974.848,3990.715,3973.948,3989.548
2025-10-10T00:00:00,3989.399,3994.175,3985.198,3990.875
2025-10-10T01:00:00,3990.845,3992.165,3969.588,3972.855
2025-10-10T02:00:00,3972.815,3986.585,3972.815,3978.175
2025-10-10T03:00:00,3978.175,3978.965,3960.498,3961.499
2025-10-10T04:00:00,3961.499,3966.515,3946.675,3965.965
2025-10-10T05:00:00,3965.935,3977.575,3965.415,3974.498
2025-10-10T06:00:00,3974.555,3975.698,3962.355,3968.045
2025-10-10T07:00:00,3968.045,3976.065,3952.245,3971.705
2025-10-10T08:00:00,3971.725,3994.515,3969.935,3991.698
2025-10-10T09:00:00,3991.698,4006.385,3990.095,3995.455
2025-10-10T10:00:00,3995.345,3999.895,3990.548,3993.645
2025-10-10T11:00:00,3993.675,3999.625,3982.988,3986.845
2025-10-10T12:00:00,3986.835,3993.235,3979.855,3985.475
2025-10-10T13:00:00,3985.415,3997.845,3975.175,3979.945
2025-10-10T14:00:00,3979.865,3993.798,3970.485,3989.635
2025-10-10T15:00:00,3989.695,4022.748,3987.935,3997.525
2025-10-10T16:00:00,3997.605,3998.348,3976.885,3983.195
2025-10-10T17:00:00,3983.245,3991.728,3974.845,3989.605
2025-10-10T18:00:00,3989.735,4008.815,3984.005,3998.775
2025-10-10T19:00:00,3998.805,4021.075,3995.695,4011.015
2025-10-10T20:00:00,4011.055,4020.595,4005.465,4017.845
2025-10-12T22:00:00,4000.535,4044.845,4000.535,4041.948
2025-10-12T23:00:00,4041.879,4059.938,4031.885,4034.705
2025-10-13T00:00:00,4034.885,4059.425,4024.295,4043.415
2025-10-13T01:00:00,4043.365,4054.725,4035.445,4052.865
2025-10-13T02:00:00,4052.585,4055.685,4041.125,4047.905
2025-10-13T03:00:00,4047.875,4056.045,4046.035,4051.728
2025-10-13T04:00:00,4051.728,4058.895,4050.675,4055.865
2025-10-13T05:00:00,4055.865,4077.748,4054.309,4063.348
2025-10-13T06:00:00,4063.345,4073.315,4059.398,4069.098
2025-10-13T07:00:00,4068.929,4077.105,4066.145,4070.705
2025-10-13T08:00:00,4070.655,4079.015,4068.715,4077.535
2025-10-13T09:00:00,4077.505,4079.555,4069.945,4077.045
2025-10-13T10:00:00,4077.058,4085.065,4070.855,4080.785
2025-10-13T11:00:00,4080.745,4084.535,4073.435,4073.745
2025-10-13T12:00:00,4073.785,4085.785,4072.965,4079.445
2025-10-13T13:00:00,4079.475,4095.318,4078.035,4093.925
2025-10-13T14:00:00,4093.935,4103.575,4090.475,4097.085
2025-10-13T15:00:00,4097.095,4107.158,4091.418,4104.675
2025-10-13T16:00:00,4104.735,4117.005,4103.548,4105.415
2025-10-13T17:00:00,4105.435,4115.215,4099.925,4103.498
2025-10-13T18:00:00,4103.455,4107.295,4099.105,4101.585
2025-10-13T19:00:00,4101.575,4110.655,4090.565,4108.385
2025-10-13T20:00:00,4108.445,4112.448,4105.805,4109.095
2025-10-13T22:00:00,4110.225,4115.448,4106.365,4114.648
2025-10-13T23:00:00,4114.275,4131.748,4112.655,4127.798
2025-10-14T00:00:00,4127.898,4130.085,4119.065,4124.155
2025-10-14T01:00:00,4124.155,4149.685,4122.845,4136.715
2025-10-14T02:00:00,4136.685,4149.635,4136.475,4145.645
2025-10-14T03:00:00,4145.685,4166.065,4144.865,4162.885
2025-10-14T04:00:00,4162.785,4169.665,4155.505,4167.865
2025-10-14T05:00:00,4167.835,4179.355,4110.448,4120.585
2025-10-14T06:00:00,4120.535,4133.448,4089.805,4111.865
2025-10-14T07:00:00,4111.298,4127.585,4102.325,4126.175
2025-10-14T08:00:00,4126.155,4144.898,4124.435,4143.598
2025-10-14T09:00:00,4143.555,4143.898,4121.288,4127.048
2025-10-14T10:00:00,4127.065,4144.065,4124.455,4131.298
2025-10-14T11:00:00,4131.298,4137.685,4125.569,4130.155
2025-10-14T12:00:00,4130.175,4134.335,4103.178,4106.318
2025-10-14T13:00:00,4106.318,4129.195,4097.598,4123.715
2025-10-14T14:00:00,4123.755,4137.435,4120.915,4128.975
2025-10-14T15:00:00,4129.015,4142.348,4126.055,4137.675
2025-10-14T16:00:00,4137.695,4155.075,4127.555,4140.135
2025-10-14T17:00:00,4140.145,4152.698,4137.015,4147.825
2025-10-14T18:00:00,4147.975,4152.365,4142.905,4148.015
2025-10-14T19:00:00,4147.985,4150.448,4134.195,4141.355
2025-10-14T20:00:00,4141.495,4145.765,4139.165,4140.925
2025-10-14T22:00:00,4141.955,4163.248,4140.065,4158.098
2025-10-14T23:00:00,4158.209,4166.955,4156.675,4161.325
2025-10-15T00:00:00,4161.305,4169.415,4153.465,4162.215
2025-10-15T01:00:00,4162.185,4186.565,4161.745,4181.445
2025-10-15T02:00:00,4181.555,4184.345,4166.698,4176.275
2025-10-15T03:00:00,4176.345,4190.515,4175.955,4186.815
2025-10-15T04:00:00,4186.905,4187.325,4172.848,4179.405
2025-10-15T05:00:00,4179.365,4193.318,4176.295,4185.548
2025-10-15T06:00:00,4185.448,4200.155,4183.848,4199.255
2025-10-15T07:00:00,4199.125,4209.645,4194.145,4207.545
2025-10-15T08:00:00,4207.595,4217.995,4206.925,4207.885
2025-10-15T09:00:00,4207.885,4211.865,4163.149,4192.175
2025-10-15T10:00:00,4192.119,4206.048,4190.119,4202.525
2025-10-15T11:00:00,4202.425,4203.975,4193.385,4198.465
2025-10-15T12:00:00,4198.498,4202.465,4175.779,4190.425
2025-10-15T13:00:00,4190.415,4198.495,4182.645,4191.848
2025-10-15T14:00:00,4191.848,4212.135,4191.285,4199.805
2025-10-15T15:00:00,4199.825,4202.755,4179.145,4190.348
2025-10-15T16:00:00,4190.348,4199.675,4185.975,4198.735
2025-10-15T17:00:00,4198.745,4199.448,4182.345,4197.648
2025-10-15T18:00:00,4197.548,4204.498,4194.828,4200.455
2025-10-15T19:00:00,4200.448,4213.285,4200.245,4210.015
2025-10-15T20:00:00,4210.098,4212.548,4205.798,4206.575
2025-10-15T22:00:00,4208.395,4215.555,4199.285,4212.848
2025-10-15T23:00:00,4212.809,4215.448,4205.685,4209.285
2025-10-16T00:00:00,4209.285,4226.995,4204.698,4210.125
2025-10-16T01:00:00,4210.125,4232.745,4210.125,4229.998
2025-10-16T02:00:00,4230.008,4239.335,4225.655,4239.295
2025-10-16T03:00:00,4239.115,4241.955,4228.798,4233.545
2025-10-16T04:00:00,4233.235,4239.185,4227.835,4233.315
2025-10-16T05:00:00,4233.325,4234.595,4203.175,4204.605
2025-10-16T06:00:00,4204.295,4227.095,4203.315,4222.575
2025-10-16T07:00:00,4222.285,4233.855,4222.148,4230.455
2025-10-16T08:00:00,4230.485,4235.785,4228.305,4232.705
2025-10-16T09:00:00,4232.785,4241.735,4221.665,4239.165
2025-10-16T10:00:00,4239.135,4245.905,4233.845,4242.555
2025-10-16T11:00:00,4242.425,4247.355,4239.215,4240.265
2025-10-16T12:00:00,4240.265,4250.775,4227.185,4235.805
2025-10-16T13:00:00,4235.825,4258.448,4234.715,4245.995
2025-10-16T14:00:00,4245.335,4267.315,4245.125,4263.048
2025-10-16T15:00:00,4263.055,4275.748,4260.275,4273.345
2025-10-16T16:00:00,4273.375,4291.848,4261.215,4282.495
2025-10-16T17:00:00,4282.475,4298.405,4279.655,4293.848
2025-10-16T18:00:00,4293.848,4294.635,4272.955,4290.535
2025-10-16T19:00:00,4290.529,4312.648,4287.435,4307.025
2025-10-16T20:00:00,4307.135,4330.465,4307.098,4327.195
2025-10-16T22:00:00,4330.965,4379.125,4326.285,4346.315
2025-10-16T23:00:00,4346.315,4378.905,4340.908,4365.225
2025-10-17T00:00:00,4365.205,4371.445,4353.365,4358.015
2025-10-17T01:00:00,4357.855,4362.075,4278.295,4313.705
2025-10-17T02:00:00,4313.735,4348.205,4311.668,4342.325
2025-10-17T03:00:00,4342.265,4366.545,4338.535,4366.525
2025-10-17T04:00:00,4366.555,4377.005,4354.648,4376.155
2025-10-17T05:00:00,4376.135,4378.455,4341.625,4365.785
2025-10-17T06:00:00,4365.825,4369.385,4346.545,4359.845
2025-10-17T07:00:00,4359.915,4361.635,4308.235,4342.085
2025-10-17T08:00:00,4342.165,4349.505,4320.745,4347.418
2025-10-17T09:00:00,4347.418,4348.148,4332.085,4339.985
2025-10-17T10:00:00,4339.935,4341.965,4319.415,4327.395
2025-10-17T11:00:00,4327.355,4335.755,4286.435,4286.795
2025-10-17T12:00:00,4286.775,4319.785,4283.355,4314.209
2025-10-17T13:00:00,4314.349,4317.275,4258.115,4273.485
2025-10-17T14:00:00,4273.635,4274.225,4216.465,4248.635
2025-10-17T15:00:00,4248.635,4259.125,4230.675,4237.235
2025-10-17T16:00:00,4237.245,4244.725,4200.055,4204.465
2025-10-17T17:00:00,4204.545,4228.248,4185.425,4220.648
2025-10-17T18:00:00,4220.705,4244.445,4217.748,4235.335
2025-10-17T19:00:00,4235.645,4237.725,4212.385,4225.395
2025-10-17T20:00:00,4225.725,4252.198,4219.765,4250.855
2025-10-19T22:00:00,4247.775,4273.685,4239.348,4254.898
2025-10-19T23:00:00,4254.908,4255.535,4233.298,4237.605
2025-10-20T00:00:00,4237.625,4250.345,4218.505,4248.955
2025-10-20T01:00:00,4248.985,4268.785,4229.045,4262.135
2025-10-20T02:00:00,4262.165,4270.995,4253.105,4255.429
2025-10-20T03:00:00,4255.429,4265.009,4248.335,4264.379
2025-10-20T04:00:00,4264.379,4268.048,4260.165,4266.045
2025-10-20T05:00:00,4265.459,4266.439,4239.355,4239.445
2025-10-20T06:00:00,4239.525,4245.498,4221.005,4235.948
2025-10-20T07:00:00,4235.948,4260.615,4234.305,4254.895
2025-10-20T08:00:00,4254.875,4265.915,4252.115,4258.455
2025-10-20T09:00:00,4258.495,4263.495,4250.175,4260.475
2025-10-20T10:00:00,4260.455,4260.598,4245.435,4254.295
2025-10-20T11:00:00,4254.278,4279.235,4250.665,4278.905
2025-10-20T12:00:00,4278.905,4326.975,4272.355,4323.245
2025-10-20T13:00:00,4323.215,4324.655,4299.195,4300.525
2025-10-20T14:00:00,4300.495,4334.598,4292.628,4331.948
2025-10-20T15:00:00,4331.969,4355.345,4331.948,4348.898
2025-10-20T16:00:00,4348.898,4350.698,4342.379,4347.598
2025-10-20T17:00:00,4347.598,4350.855,4336.945,4347.298
2025-10-20T18:00:00,4347.635,4364.415,4344.335,4359.085
2025-10-20T19:00:00,4359.069,4381.298,4358.948,4377.848
2025-10-20T20:00:00,4377.885,4379.948,4345.948,4355.685
2025-10-20T22:00:00,4354.698,4375.248,4352.498,4366.998
2025-10-20T23:00:00,4367.098,4371.198,4356.405,4359.905
2025-10-21T00:00:00,4360.005,4370.885,4356.165,4368.398
2025-10-21T01:00:00,4368.398,4372.108,4332.595,4350.745
2025-10-21T02:00:00,4350.765,4355.198,4335.155,4338.715
2025-10-21T03:00:00,4338.495,4350.615,4337.735,4346.395
2025-10-21T04:00:00,4346.365,4346.825,4336.815,4341.725
2025-10-21T05:00:00,4341.548,4344.085,4316.965,4322.905
2025-10-21T06:00:00,4322.775,4343.995,4316.945,4343.045
2025-10-21T07:00:00,4343.015,4343.015,4293.125,4298.005
2025-10-21T08:00:00,4298.005,4301.425,4244.085,4273.795
2025-10-21T09:00:00,4273.835,4277.785,4254.425,4264.795
2025-10-21T10:00:00,4264.895,4266.315,4249.185,4253.578
2025-10-21T11:00:00,4253.578,4272.205,4245.355,4253.145
2025-10-21T12:00:00,4253.165,4257.445,4205.505,4210.815
2025-10-21T13:00:00,4210.835,4225.298,4167.239,4173.175
2025-10-21T14:00:00,4173.355,4187.908,4078.259,4138.469
2025-10-21T15:00:00,4138.419,4150.175,4119.685,4138.385
2025-10-21T16:00:00,4138.405,4143.695,4100.305,4113.109
2025-10-21T17:00:00,4113.099,4120.135,4092.945,4110.925
2025-10-21T18:00:00,4110.945,4125.665,4106.175,4114.715
2025-10-21T19:00:00,4114.735,4122.035,4100.305,4108.685
2025-10-21T20:00:00,4108.638,4130.745,4105.905,4124.355
2025-10-21T22:00:00,4124.515,4132.235,4113.225,4122.698
2025-10-21T23:00:00,4122.565,4127.575,4089.645,4092.618
2025-10-22T00:00:00,4092.618,4093.345,4003.298,4074.598
2025-10-22T01:00:00,4074.598,4120.265,4064.009,4086.715
2025-10-22T02:00:00,4086.885,4117.525,4086.785,4114.685
2025-10-22T03:00:00,4114.455,4142.815,4106.815,4128.248
2025-10-22T04:00:00,4128.248,4133.175,4106.665,4127.865
2025-10-22T05:00:00,4127.885,4146.745,4126.075,4134.729
2025-10-22T06:00:00,4134.798,4161.165,4127.285,4155.495
2025-10-22T07:00:00,4155.475,4156.225,4129.225,4132.715
2025-10-22T08:00:00,4132.618,4135.595,4061.909,4069.885
2025-10-22T09:00:00,4069.925,4101.285,4061.375,4069.125
2025-10-22T10:00:00,4069.009,4090.348,4022.748,4034.709
2025-10-22T11:00:00,4034.649,4044.638,4014.758,4027.405
2025-10-22T12:00:00,4027.435,4053.255,4022.645,4033.475
2025-10-22T13:00:00,4033.495,4084.915,4032.958,4075.715
2025-10-22T14:00:00,4075.575,4078.195,4010.795,4014.705
2025-10-22T15:00:00,4014.625,4047.028,4014.625,4036.785
2025-10-22T16:00:00,4036.885,4063.915,4022.955,4059.005
2025-10-22T17:00:00,4058.879,4070.815,4043.835,4069.769
2025-10-22T18:00:00,4069.769,4081.385,4066.415,4076.485
2025-10-22T19:00:00,4076.715,4113.365,4076.375,4102.145
2025-10-22T20:00:00,4101.885,4107.028,4088.305,4098.055
2025-10-22T22:00:00,4094.615,4116.055,4091.735,4101.518
2025-10-22T23:00:00,4101.578,4104.278,4080.078,4087.305
2025-10-23T00:00:00,4087.295,4096.348,4065.405,4081.745
2025-10-23T01:00:00,4081.775,4092.475,4071.605,4072.748
2025-10-23T02:00:00,4072.798,4085.065,4071.535,4082.078
2025-10-23T03:00:00,4082.198,4100.635,4077.635,4090.935
2025-10-23T04:00:00,4090.955,4092.835,4079.468,4089.295
2025-10-23T05:00:00,4089.325,4110.215,4083.695,4110.115
2025-10-23T06:00:00,4110.135,4137.448,4109.995,4113.365
2025-10-23T07:00:00,4113.345,4120.848,4091.565,4093.895
2025-10-23T08:00:00,4094.015,4118.735,4094.015,4116.085
2025-10-23T09:00:00,4116.075,4125.245,4110.865,4124.215
2025-10-23T10:00:00,4124.315,4125.045,4101.545,4108.825
2025-10-23T11:00:00,4108.925,4120.755,4107.455,4109.375
2025-10-23T12:00:00,4109.395,4129.098,4099.965,4127.165
2025-10-23T13:00:00,4126.875,4150.715,4125.585,4144.509
2025-10-23T14:00:00,4144.509,4154.435,4135.805,4147.945
2025-10-23T15:00:00,4148.125,4151.548,4136.855,4141.565
2025-10-23T16:00:00,4141.575,4148.335,4126.0,4132.585
2025-10-23T17:00:00,4132.549,4138.998,4124.655,4137.365
2025-10-23T18:00:00,4137.385,4143.225,4132.815,4135.735
2025-10-23T19:00:00,4135.798,4137.965,4116.285,4118.125
2025-10-23T20:00:00,4118.195,4126.798,4107.245,4125.185
2025-10-23T22:00:00,4127.098,4132.305,4111.085,4115.598
2025-10-23T23:00:00,4115.698,4122.575,4105.675,4121.375
2025-10-24T00:00:00,4121.405,4133.425,4117.555,4132.425
2025-10-24T01:00:00,4132.495,4144.145,4111.815,4118.465
2025-10-24T02:00:00,4118.465,4118.795,4109.148,4109.348
2025-10-24T03:00:00,4109.348,4123.265,4107.255,4122.125
2025-10-24T04:00:00,4122.085,4123.045,4102.548,4111.315
2025-10-24T05:00:00,4111.525,4117.675,4102.305,4104.048
2025-10-24T06:00:00,4104.048,4104.498,4081.048,4091.708
2025-10-24T07:00:00,4091.708,4095.648,4069.305,4073.948
2025-10-24T08:00:00,4073.965,4077.425,4047.315,4065.115
2025-10-24T09:00:00,4065.085,4073.385,4054.029,4060.625
2025-10-24T10:00:00,4060.655,4070.645,4053.355,4054.585
2025-10-24T11:00:00,4054.475,4065.415,4043.618,4061.255
2025-10-24T12:00:00,4061.205,4092.705,4059.615,4081.865
2025-10-24T13:00:00,4081.905,4121.845,4078.718,4104.725
2025-10-24T14:00:00,4105.425,4134.745,4101.725,4117.285
2025-10-24T15:00:00,4117.255,4131.635,4113.035,4130.195
2025-10-24T16:00:00,4130.235,4138.325,4121.535,4129.135
2025-10-24T17:00:00,4129.165,4134.065,4105.545,4107.405
2025-10-24T18:00:00,4107.435,4113.395,4101.735,4110.075
2025-10-24T19:00:00,4110.125,4117.275,4102.005,4103.865
2025-10-24T20:00:00,4103.945,4113.655,4096.515,4111.555
2025-10-26T22:00:00,4064.051,4108.598,4063.585,4081.158
2025-10-26T23:00:00,4081.188,4087.848,4061.315,4064.165
2025-10-27T00:00:00,4064.275,4084.015,4057.845,4080.935
2025-10-27T01:00:00,4081.005,4097.545,4074.725,4081.705
2025-10-27T02:00:00,4081.625,4081.895,4070.015,4071.325
2025-10-27T03:00:00,4071.305,4081.615,4065.075,4069.465
2025-10-27T04:00:00,4069.405,4071.348,4053.505,4068.525
2025-10-27T05:00:00,4068.565,4084.295,4068.455,4079.455
2025-10-27T06:00:00,4079.395,4084.735,4073.615,4077.975
2025-10-27T07:00:00,4078.015,4079.525,4063.738,4068.515
2025-10-27T08:00:00,4068.365,4070.235,4024.475,4043.045
2025-10-27T09:00:00,4043.135,4049.915,4029.535,4039.565
2025-10-27T10:00:00,4039.595,4047.575,4028.655,4037.205
2025-10-27T11:00:00,4037.225,4041.215,4015.055,4023.825
2025-10-27T12:00:00,4023.855,4046.215,4022.175,4045.625
2025-10-27T13:00:00,4045.815,4050.095,4013.055,4021.758
2025-10-27T14:00:00,4021.905,4023.115,3982.635,3987.695
2025-10-27T15:00:00,3987.755,3993.205,3971.068,3989.698
2025-10-27T16:00:00,3989.698,4000.165,3983.728,3999.125
2025-10-27T17:00:00,3999.095,4008.605,3990.395,4006.255
2025-10-27T18:00:00,4006.255,4009.845,3997.675,3999.025
2025-10-27T19:00:00,3999.355,4005.305,3985.375,3989.965
2025-10-27T20:00:00,3989.975,3999.985,3978.885,3981.095
2025-10-27T22:00:00,3983.915,3996.015,3979.105,3989.468
2025-10-27T23:00:00,3989.568,4004.295,3982.475,3998.205
2025-10-28T00:00:00,3998.175,4009.345,3972.445,4006.278
2025-10-28T01:00:00,4006.435,4019.405,4003.948,4010.655
2025-10-28T02:00:00,4010.638,4013.545,3980.405,3983.655
2025-10-28T03:00:00,3983.605,3994.215,3982.985,3992.635
2025-10-28T04:00:00,3992.685,3994.005,3963.288,3973.355
2025-10-28T05:00:00,3974.095,3979.765,3958.895,3966.135
2025-10-28T06:00:00,3966.315,3968.285,3938.015,3942.235
2025-10-28T07:00:00,3942.225,3948.385,3921.248,3932.115
2025-10-28T08:00:00,3932.145,3935.555,3896.125,3896.948
2025-10-28T09:00:00,3896.908,3910.815,3886.199,3904.375
2025-10-28T10:00:00,3904.405,3930.735,3899.748,3926.265
2025-10-28T11:00:00,3926.295,3929.775,3910.625,3923.055
2025-10-28T12:00:00,3923.375,3929.648,3905.335,3912.448
2025-10-28T13:00:00,3912.448,3940.115,3911.915,3938.425
2025-10-28T14:00:00,3938.365,3953.675,3934.675,3949.565
2025-10-28T15:00:00,3949.525,3969.405,3946.865,3964.585
2025-10-28T16:00:00,3964.595,3965.325,3950.758,3958.355
2025-10-28T17:00:00,3958.345,3970.205,3954.985,3962.175
2025-10-28T18:00:00,3962.185,3964.005,3944.935,3956.298
2025-10-28T19:00:00,3956.298,3962.555,3950.595,3960.275
2025-10-28T20:00:00,3960.125,3960.785,3949.365,3951.945
2025-10-28T22:00:00,3952.598,3960.475,3914.548,3933.348
2025-10-28T23:00:00,3933.135,3967.515,3933.135,3964.535
2025-10-29T00:00:00,3964.535,3982.075,3958.835,3975.015
2025-10-29T01:00:00,3975.045,3979.545,3965.815,3973.365
2025-10-29T02:00:00,3973.315,3974.015,3943.605,3960.825
2025-10-29T03:00:00,3960.845,3971.745,3958.255,3962.958
2025-10-29T04:00:00,3963.005,3964.675,3950.668,3951.755
2025-10-29T05:00:00,3951.775,3966.065,3950.825,3962.305
2025-10-29T06:00:00,3962.275,3984.595,3959.635,3978.045
2025-10-29T07:00:00,3978.035,4001.385,3974.565,4001.385
2025-10-29T08:00:00,4001.385,4018.335,4000.278,4016.705
2025-10-29T09:00:00,4016.695,4029.358,4013.165,4023.648
2025-10-29T10:00:00,4023.675,4029.525,4016.878,4023.195
2025-10-29T11:00:00,4023.215,4028.135,4013.135,4016.395
2025-10-29T12:00:00,4016.365,4029.955,4013.315,4025.205
2025-10-29T13:00:00,4025.235,4025.375,4002.085,4011.985
2025-10-29T14:00:00,4011.985,4022.085,4007.135,4008.005
2025-10-29T15:00:00,4008.015,4011.648,3989.165,3992.695
2025-10-29T16:00:00,3992.725,4000.978,3991.115,3992.545
2025-10-29T17:00:00,3992.398,3997.545,3985.495,3993.958
2025-10-29T18:00:00,3993.965,4007.025,3941.988,3969.035
2025-10-29T19:00:00,3968.805,3979.675,3927.585,3945.475
2025-10-29T20:00:00,3945.435,3953.735,3927.615,3928.435
2025-10-29T22:00:00,3921.725,3948.125,3916.348,3940.688
2025-10-29T23:00:00,3940.698,3953.685,3938.948,3952.465
2025-10-30T00:00:00,3952.495,3964.145,3937.305,3949.915
2025-10-30T01:00:00,3949.835,3966.215,3944.845,3947.575
2025-10-30T02:00:00,3947.605,3947.935,3921.575,3921.695
2025-10-30T03:00:00,3921.785,3937.935,3915.065,3937.805
2025-10-30T04:00:00,3937.835,3982.295,3934.505,3972.115
2025-10-30T05:00:00,3972.135,3977.888,3946.958,3963.515
2025-10-30T06:00:00,3963.435,3976.925,3956.065,3976.595
2025-10-30T07:00:00,3976.605,3977.025,3955.645,3961.005
2025-10-30T08:00:00,3960.995,3976.545,3959.895,3976.235
2025-10-30T09:00:00,3976.215,4011.498,3975.798,3998.335
2025-10-30T10:00:00,3998.275,4000.598,3973.345,3983.915
2025-10-30T11:00:00,3983.905,3984.795,3963.625,3974.225
2025-10-30T12:00:00,3974.245,3985.315,3960.745,3960.965
2025-10-30T13:00:00,3960.855,3995.048,3959.955,3995.048
2025-10-30T14:00:00,3995.048,4014.635,3986.515,3996.245
2025-10-30T15:00:00,3996.225,4008.505,3987.848,4001.585
2025-10-30T16:00:00,4001.565,4003.865,3990.905,4001.275
2025-10-30T17:00:00,4001.275,4017.775,3994.265,4004.325
2025-10-30T18:00:00,4004.345,4017.498,3999.885,4015.898
2025-10-30T19:00:00,4015.898,4025.705,4015.098,4023.205
2025-10-30T20:00:00,4023.155,4026.948,4016.098,4024.305
2025-10-30T22:00:00,4023.075,4045.925,4015.955,4037.348
2025-10-30T23:00:00,4037.448,4042.835,4018.415,4036.345
2025-10-31T00:00:00,4036.225,4036.625,4023.615,4024.845
2025-10-31T01:00:00,4024.675,4039.135,4012.458,4018.595
2025-10-31T02:00:00,4018.365,4018.995,4001.245,4010.795
2025-10-31T03:00:00,4010.765,4013.635,3990.938,3995.955
2025-10-31T04:00:00,3995.995,4010.295,3988.765,4005.505
2025-10-31T05:00:00,4005.275,4010.965,3993.785,4004.775
2025-10-31T06:00:00,4004.825,4014.525,4001.785,4012.845
2025-10-31T07:00:00,4012.865,4025.305,4007.305,4020.755
2025-10-31T08:00:00,4020.785,4026.808,4006.455,4010.205
2025-10-31T09:00:00,4009.995,4014.048,3998.515,4008.178
2025-10-31T10:00:00,4008.285,4016.505,4003.375,4007.175
2025-10-31T11:00:00,4007.075,4010.895,4001.435,4010.145
2025-10-31T12:00:00,4010.335,4036.035,4008.805,4022.758
2025-10-31T13:00:00,4022.758,4035.425,4009.985,4016.125
2025-10-31T14:00:00,4016.285,4027.025,4010.825,4020.465
2025-10-31T15:00:00,4020.575,4022.715,4009.375,4012.485
2025-10-31T16:00:00,4012.445,4014.945,3971.965,3980.465
2025-10-31T17:00:00,3980.595,4003.445,3980.165,3997.345
2025-10-31T18:00:00,3997.345,4009.765,3995.185,3999.748
2025-10-31T19:00:00,3999.748,4005.298,3990.918,4001.075
2025-10-31T20:00:00,4001.045,4006.248,3995.955,4001.505
2025-11-02T23:00:00,3983.498,3998.625,3977.415,3979.435
2025-11-03T00:00:00,3979.285,3987.545,3962.325,3970.405
2025-11-03T01:00:00,3970.395,4001.555,3965.305,3995.705
2025-11-03T02:00:00,3995.685,4006.255,3990.035,4003.795
2025-11-03T03:00:00,4003.865,4015.145,4001.925,4011.065
2025-11-03T04:00:00,4011.055,4014.115,4001.615,4003.368
2025-11-03T05:00:00,4003.378,4018.075,3997.479,4013.615
2025-11-03T06:00:00,4013.698,4018.335,4009.825,4017.205
2025-11-03T07:00:00,4017.225,4025.625,4013.275,4025.078
2025-11-03T08:00:00,4025.078,4027.865,4010.905,4019.395
2025-11-03T09:00:00,4019.645,4025.755,3992.875,4000.165
2025-11-03T10:00:00,4000.355,4004.615,3994.155,3998.375
2025-11-03T11:00:00,3998.358,4008.405,3994.098,4007.365
2025-11-03T12:00:00,4007.405,4013.365,4001.565,4013.235
2025-11-03T13:00:00,4013.235,4020.195,4010.525,4015.745
2025-11-03T14:00:00,4015.765,4025.825,4001.415,4022.085
2025-11-03T15:00:00,4023.726,4030.385,4002.945,4008.305
2025-11-03T16:00:00,4008.179,4013.209,3994.989,4008.095
2025-11-03T17:00:00,4008.115,4011.915,4003.215,4005.849
2025-11-03T18:00:00,4005.889,4009.335,3999.215,4006.125
2025-11-03T19:00:00,4006.089,4007.965,3995.075,4004.395
2025-11-03T20:00:00,4004.395,4014.695,4004.335,4010.105
2025-11-03T21:00:00,4010.105,4010.105,3999.695,4001.065
2025-11-03T23:00:00,4000.898,4005.195,3980.625,3996.925
2025-11-04T00:00:00,3996.975,3999.045,3978.245,3986.125
2025-11-04T01:00:00,3986.155,3994.225,3979.198,3987.205
2025-11-04T02:00:00,3987.195,3987.195,3975.435,3986.475
2025-11-04T03:00:00,3986.515,3999.155,3981.485,3994.345
2025-11-04T04:00:00,3994.335,3994.965,3983.865,3985.375
2025-11-04T05:00:00,3985.335,3986.895,3972.475,3973.025
2025-11-04T06:00:00,3973.045,3987.905,3966.395,3984.865
2025-11-04T07:00:00,3984.885,3996.215,3982.075,3993.645
2025-11-04T08:00:00,3993.985,4000.475,3990.445,3995.895
2025-11-04T09:00:00,3995.915,3999.295,3990.235,3991.025
2025-11-04T10:00:00,3991.005,3997.415,3985.765,3993.635
2025-11-04T11:00:00,3993.805,3999.948,3991.465,3994.685
2025-11-04T12:00:00,3994.735,3997.295,3983.465,3984.455
2025-11-04T13:00:00,3984.475,3995.765,3971.648,3975.475
2025-11-04T14:00:00,3975.485,3977.495,3928.475,3956.708
2025-11-04T15:00:00,3956.728,3967.955,3941.005,3956.625
2025-11-04T16:00:00,3956.665,3975.405,3956.515,3968.855
2025-11-04T17:00:00,3968.945,3970.805,3952.148,3954.815
2025-11-04T18:00:00,3954.659,3956.585,3931.855,3937.605
2025-11-04T19:00:00,3937.635,3944.005,3934.405,3937.145
2025-11-04T20:00:00,3937.195,3941.925,3931.255,3938.505
2025-11-04T21:00:00,3938.655,3938.759,3930.275,3931.635
2025-11-04T23:00:00,3932.765,3939.985,3930.695,3934.328
2025-11-05T00:00:00,3934.325,3942.705,3929.648,3939.455
2025-11-05T01:00:00,3939.635,3949.245,3934.255,3936.815
2025-11-05T02:00:00,3936.785,3950.775,3935.385,3948.345
2025-11-05T03:00:00,3948.315,3964.995,3947.335,3960.565
2025-11-05T04:00:00,3960.459,3973.475,3959.585,3970.065
2025-11-05T05:00:00,3970.085,3978.345,3961.648,3964.655
2025-11-05T06:00:00,3964.675,3973.415,3961.715,3966.045
2025-11-05T07:00:00,3966.095,3974.568,3963.485,3972.305
2025-11-05T08:00:00,3972.285,3986.915,3972.285,3979.805
2025-11-05T09:00:00,3979.685,3981.105,3963.305,3971.645
2025-11-05T10:00:00,3971.615,3971.645,3955.825,3964.275
2025-11-05T11:00:00,3964.285,3968.755,3957.195,3966.685
2025-11-05T12:00:00,3966.655,3969.695,3961.945,3969.485
2025-11-05T13:00:00,3969.505,3979.275,3964.645,3975.675
2025-11-05T14:00:00,3975.725,3985.425,3969.385,3973.005
2025-11-05T15:00:00,3972.945,3984.298,3963.695,3978.075
2025-11-05T16:00:00,3978.175,3990.235,3974.745,3986.675
2025-11-05T17:00:00,3986.665,3989.445,3978.395,3981.875
2025-11-05T18:00:00,3981.845,3985.815,3978.735,3982.215
2025-11-05T19:00:00,3982.285,3988.598,3978.985,3987.498
2025-11-05T20:00:00,3987.598,3989.975,3981.405,3984.265
2025-11-05T21:00:00,3984.255,3984.845,3977.775,3979.755
2025-11-05T23:00:00,3975.455,3979.945,3966.095,3973.515
2025-11-06T00:00:00,3973.475,3976.015,3969.395,3976.015
2025-11-06T01:00:00,3976.045,3977.175,3964.355,3976.375
2025-11-06T02:00:00,3976.395,3984.915,3974.025,3983.145
2025-11-06T03:00:00,3983.175,3990.205,3979.295,3987.315
2025-11-06T04:00:00,3987.345,3989.565,3984.448,3988.595
2025-11-06T05:00:00,3988.545,3990.545,3985.598,3987.375
2025-11-06T06:00:00,3987.548,3992.598,3982.035,3991.265
2025-11-06T07:00:00,3991.275,4009.045,3990.915,4005.445
2025-11-06T08:00:00,4005.398,4016.675,4004.415,4014.548
2025-11-06T09:00:00,4014.548,4014.935,4008.935,4010.695
2025-11-06T10:00:00,4010.715,4010.825,4004.155,4008.115
2025-11-06T11:00:00,4008.145,4019.175,4006.765,4017.785
2025-11-06T12:00:00,4017.745,4019.275,4002.615,4005.005
2025-11-06T13:00:00,4005.035,4015.905,4003.455,4011.955
2025-11-06T14:00:00,4011.945,4013.675,3988.805,3993.065
2025-11-06T15:00:00,3993.065,3993.495,3974.895,3979.945
2025-11-06T16:00:00,3979.975,3986.045,3976.235,3980.695
2025-11-06T17:00:00,3980.705,3987.865,3965.425,3985.945
2025-11-06T18:00:00,3985.945,3990.655,3979.945,3987.525
2025-11-06T19:00:00,3987.545,3994.975,3982.835,3984.998
2025-11-06T20:00:00,3984.635,3986.915,3979.088,3980.388
2025-11-06T21:00:00,3980.458,3981.935,3976.455,3976.525
2025-11-06T23:00:00,3976.195,3989.515,3973.655,3988.875
2025-11-07T00:00:00,3988.905,3994.325,3984.295,3988.305
2025-11-07T01:00:00,3988.285,4002.505,3986.965,4001.465
2025-11-07T02:00:00,4001.475,4003.115,3991.265,3995.165
2025-11-07T03:00:00,3995.115,3996.375,3987.925,3990.155
2025-11-07T04:00:00,3990.125,3998.305,3985.275,3998.085
2025-11-07T05:00:00,3998.125,3998.685,3991.765,3994.748
2025-11-07T06:00:00,3994.675,4008.335,3992.065,4006.545
2025-11-07T07:00:00,4006.565,4009.595,4002.545,4007.615
2025-11-07T08:00:00,4007.708,4010.275,4003.445,4009.445
2025-11-07T09:00:00,4009.495,4013.975,4003.995,4006.495
2025-11-07T10:00:00,4006.535,4009.385,4002.995,4007.715
2025-11-07T11:00:00,4007.715,4011.685,3993.535,4002.725
2025-11-07T12:00:00,4002.745,4008.245,3991.545,3995.685
2025-11-07T13:00:00,3995.825,4001.765,3991.565,3997.495
2025-11-07T14:00:00,3997.465,4007.075,3984.065,3992.975
2025-11-07T15:00:00,3993.025,3998.945,3983.855,3990.775
2025-11-07T16:00:00,3990.775,4027.225,3989.785,4007.585
2025-11-07T17:00:00,4007.625,4009.545,3992.165,4005.245
2025-11-07T18:00:00,4005.385,4008.985,3999.365,4005.435
2025-11-07T19:00:00,4005.395,4008.795,4001.555,4006.505
2025-11-07T20:00:00,4006.429,4006.665,3994.245,4003.865
2025-11-07T21:00:00,4003.645,4004.955,3998.165,4000.289
2025-11-09T23:00:00,3997.898,4012.105,3996.698,4011.635
2025-11-10T00:00:00,4011.665,4023.685,4010.915,4020.065
2025-11-10T01:00:00,4020.045,4053.125,4018.795,4043.855
2025-11-10T02:00:00,4043.825,4048.865,4037.435,4047.925
2025-11-10T03:00:00,4047.905,4052.635,4044.685,4049.975
2025-11-10T04:00:00,4049.835,4056.635,4049.615,4053.935
2025-11-10T05:00:00,4053.965,4069.715,4049.995,4069.225
2025-11-10T06:00:00,4069.295,4078.315,4066.635,4074.855
2025-11-10T07:00:00,4074.875,4078.875,4072.045,4075.075
2025-11-10T08:00:00,4075.105,4084.995,4074.925,4082.065
2025-11-10T09:00:00,4082.095,4086.115,4071.265,4076.395
2025-11-10T10:00:00,4076.415,4083.248,4075.705,4080.775
2025-11-10T11:00:00,4080.835,4085.295,4075.625,4085.165
2025-11-10T12:00:00,4085.205,4099.835,4084.195,4097.365
2025-11-10T13:00:00,4097.435,4105.715,4090.155,4091.435
2025-11-10T14:00:00,4091.405,4093.925,4074.065,4083.355
2025-11-10T15:00:00,4083.255,4094.125,4077.595,4084.145
2025-11-10T16:00:00,4084.125,4095.498,4081.815,4094.825
2025-11-10T17:00:00,4094.845,4102.545,4093.215,4102.365
2025-11-10T18:00:00,4102.385,4115.605,4101.445,4109.885
2025-11-10T19:00:00,4109.885,4115.235,4107.638,4113.025
2025-11-10T20:00:00,4113.045,4114.355,4106.425,4111.448
2025-11-10T21:00:00,4111.448,4116.395,4110.225,4115.615
2025-11-10T23:00:00,4113.098,4122.515,4112.908,4119.705
2025-11-11T00:00:00,4119.995,4133.495,4116.055,4130.715
2025-11-11T01:00:00,4130.695,4141.045,4127.795,4136.105
2025-11-11T02:00:00,4136.085,4139.415,4129.325,4137.855
2025-11-11T03:00:00,4137.875,4147.845,4136.925,4146.675
2025-11-11T04:00:00,4146.655,4148.755,4141.758,4142.945
2025-11-11T05:00:00,4142.905,4144.175,4124.525,4130.775
2025-11-11T06:00:00,4130.745,4137.645,4126.555,4129.725
2025-11-11T07:00:00,4129.745,4132.848,4124.795,4129.425
2025-11-11T08:00:00,4129.305,4137.555,4128.585,4135.425
2025-11-11T09:00:00,4135.405,4145.725,4134.205,4141.605
2025-11-11T10:00:00,4141.655,4144.055,4136.595,4141.675
2025-11-11T11:00:00,4141.805,4144.525,4138.898,4142.599
2025-11-11T12:00:00,4142.599,4143.659,4132.995,4134.205
2025-11-11T13:00:00,4134.245,4146.545,4133.675,4142.425
2025-11-11T14:00:00,4142.385,4142.965,4119.655,4124.765
2025-11-11T15:00:00,4124.439,4125.935,4096.845,4106.475
2025-11-11T16:00:00,4106.465,4115.585,4105.0,4113.065
2025-11-11T17:00:00,4113.035,4117.665,4110.365,4114.155
2025-11-11T18:00:00,4114.185,4116.155,4106.435,4113.675
2025-11-11T19:00:00,4113.665,4125.945,4111.845,4122.885
2025-11-11T20:00:00,4122.985,4131.735,4122.235,4129.245
2025-11-11T21:00:00,4129.365,4131.245,4125.395,4125.495
2025-11-11T23:00:00,4125.498,4144.465,4125.498,4142.405
2025-11-12T00:00:00,4142.375,4145.255,4131.995,4132.825
2025-11-12T01:00:00,4132.865,4136.965,4125.935,4131.248
2025-11-12T02:00:00,4131.205,4135.255,4118.485,4123.865
2025-11-12T03:00:00,4123.945,4125.135,4111.615,4111.785
2025-11-12T04:00:00,4111.745,4113.075,4103.505,4110.375
2025-11-12T05:00:00,4110.345,4110.835,4098.665,4104.465
2025-11-12T06:00:00,4104.495,4118.885,4102.975,4118.325
2025-11-12T07:00:00,4118.335,4125.045,4113.165,4116.925
2025-11-12T08:00:00,4116.955,4132.615,4112.015,4131.145
2025-11-12T09:00:00,4131.145,4133.385,4120.249,4124.475
2025-11-12T10:00:00,4124.505,4129.145,4117.715,4127.565
2025-11-12T11:00:00,4127.695,4131.015,4122.825,4125.765
2025-11-12T12:00:00,4125.795,4139.275,4124.735,4130.0
2025-11-12T13:00:00,4130.075,4132.435,4122.495,4126.975
2025-11-12T14:00:00,4127.015,4139.925,4124.795,4136.395
2025-11-12T15:00:00,4136.375,4185.415,4134.408,4181.109
2025-11-12T16:00:00,4181.095,4197.548,4179.835,4196.165
2025-11-12T17:00:00,4196.155,4206.259,4192.179,4199.299
2025-11-12T18:00:00,4199.299,4211.495,4190.219,4206.639
2025-11-12T19:00:00,4206.715,4209.859,4191.825,4197.229
2025-11-12T20:00:00,4197.179,4199.415,4190.305,4195.715
2025-11-12T21:00:00,4195.745,4201.845,4190.725,4194.605
2025-11-12T23:00:00,4194.275,4208.178,4187.005,4190.975
2025-11-13T00:00:00,4190.965,4208.725,4185.709,4205.715
2025-11-13T01:00:00,4205.735,4209.025,4179.625,4191.995
2025-11-13T02:00:00,4191.945,4195.665,4183.255,4189.885
2025-11-13T03:00:00,4189.855,4212.905,4189.795,4212.565
2025-11-13T04:00:00,4212.545,4219.125,4203.145,4209.165
2025-11-13T05:00:00,4209.135,4217.545,4207.195,4211.749
2025-11-13T06:00:00,4211.749,4212.071,4203.065,4210.265
2025-11-13T07:00:00,4210.265,4219.985,4208.145,4219.965
2025-11-13T08:00:00,4219.945,4239.255,4218.975,4232.509
2025-11-13T09:00:00,4232.509,4239.315,4224.765,4232.925
2025-11-13T10:00:00,4232.895,4239.905,4221.455,4225.325
2025-11-13T11:00:00,4225.375,4232.105,4219.005,4230.315
2025-11-13T12:00:00,4230.165,4244.925,4229.898,4242.395
2025-11-13T13:00:00,4242.465,4243.645,4220.125,4231.498
2025-11-13T14:00:00,4231.765,4232.115,4184.355,4195.165
2025-11-13T15:00:00,4195.038,4204.865,4186.198,4202.275
2025-11-13T16:00:00,4202.305,4210.698,4195.425,4206.585
2025-11-13T17:00:00,4206.425,4208.265,4192.945,4201.545
2025-11-13T18:00:00,4201.615,4203.035,4144.965,4157.639
2025-11-13T19:00:00,4157.639,4170.355,4145.595,4163.655
2025-11-13T20:00:00,4163.675,4170.525,4159.995,4163.735
2025-11-13T21:00:00,4163.685,4180.905,4160.935,4170.865
2025-11-13T23:00:00,4168.408,4186.455,4168.408,4185.725
2025-11-14T00:00:00,4185.795,4189.585,4177.835,4183.505
2025-11-14T01:00:00,4183.298,4193.498,4173.345,4189.645
2025-11-14T02:00:00,4189.735,4210.025,4188.365,4206.855
2025-11-14T03:00:00,4206.775,4211.015,4201.145,4204.115
2025-11-14T04:00:00,4204.085,4205.455,4196.675,4202.935
2025-11-14T05:00:00,4202.965,4203.315,4183.665,4189.598
2025-11-14T06:00:00,4189.598,4193.065,4169.395,4175.045
2025-11-14T07:00:00,4175.025,4182.185,4158.685,4180.955
2025-11-14T08:00:00,4180.895,4186.835,4169.875,4175.855
2025-11-14T09:00:00,4175.805,4180.385,4166.255,4169.145
2025-11-14T10:00:00,4169.105,4170.855,4159.028,4167.695
2025-11-14T11:00:00,4167.715,4169.705,4130.685,4132.725
2025-11-14T12:00:00,4132.725,4140.465,4107.595,4115.885
2025-11-14T13:00:00,4115.905,4118.835,4040.985,4055.535
2025-11-14T14:00:00,4055.265,4083.815,4031.955,4082.585
2025-11-14T15:00:00,4082.535,4096.425,4067.965,4093.405
2025-11-14T16:00:00,4093.515,4110.915,4080.735,4104.975
2025-11-14T17:00:00,4105.005,4110.445,4093.955,4099.715
2025-11-14T18:00:00,4099.695,4103.485,4080.645,4097.865
2025-11-14T19:00:00,4097.895,4099.825,4087.529,4089.785
2025-11-14T20:00:00,4089.855,4092.195,4075.345,4086.989
2025-11-14T21:00:00,4086.925,4086.925,4077.509,4082.019
2025-11-16T23:00:00,4084.898,4106.295,4070.395,4096.198
2025-11-17T00:00:00,4096.248,4098.028,4080.435,4082.935
2025-11-17T01:00:00,4082.905,4101.605,4082.265,4090.915
2025-11-17T02:00:00,4090.785,4093.555,4080.465,4081.458
2025-11-17T03:00:00,4081.249,4085.405,4069.575,4082.655
2025-11-17T04:00:00,4082.635,4087.715,4076.645,4078.375
2025-11-17T05:00:00,4078.415,4078.515,4049.505,4058.105
2025-11-17T06:00:00,4058.135,4071.675,4054.515,4065.805
2025-11-17T07:00:00,4065.559,4088.985,4064.945,4087.895
2025-11-17T08:00:00,4088.095,4095.685,4071.885,4077.195
2025-11-17T09:00:00,4077.165,4088.515,4072.095,4081.915
2025-11-17T10:00:00,4081.925,4089.265,4068.105,4069.965
2025-11-17T11:00:00,4069.985,4085.695,4060.905,4078.255
2025-11-17T12:00:00,4078.245,4085.115,4074.465,4076.995
2025-11-17T13:00:00,4076.975,4092.065,4060.485,4065.155
2025-11-17T14:00:00,4065.175,4081.775,4060.435,4075.995
2025-11-17T15:00:00,4076.095,4077.325,4060.545,4064.075
2025-11-17T16:00:00,4063.945,4073.485,4051.985,4069.765
2025-11-17T17:00:00,4069.835,4080.895,4069.398,4073.098
2025-11-17T18:00:00,4073.135,4075.945,4062.105,4062.445
2025-11-17T19:00:00,4062.445,4064.965,4010.655,4011.015
2025-11-17T20:00:00,4010.985,4043.925,4006.735,4040.805
2025-11-17T21:00:00,4040.835,4045.898,4038.595,4044.505
2025-11-17T23:00:00,4042.498,4054.848,4028.585,4036.345
2025-11-18T00:00:00,4036.435,4040.975,4027.045,4039.825
2025-11-18T01:00:00,4039.865,4044.935,4022.198,4024.825
2025-11-18T02:00:00,4024.339,4035.635,4015.085,4017.635
2025-11-18T03:00:00,4017.615,4026.255,4008.215,4013.075
2025-11-18T04:00:00,4013.095,4017.835,4004.419,4010.135
2025-11-18T05:00:00,4010.195,4024.985,4007.885,4018.705
2025-11-18T06:00:00,4018.785,4020.275,4007.415,4008.665
2025-11-18T07:00:00,4008.685,4017.295,3997.658,4013.565
2025-11-18T08:00:00,4013.585,4042.515,4010.225,4036.495
2025-11-18T09:00:00,4036.465,4046.995,4030.035,4040.015
2025-11-18T10:00:00,4040.005,4050.155,4037.185,4043.985
2025-11-18T11:00:00,4044.065,4050.185,4036.685,4039.295
2025-11-18T12:00:00,4039.315,4044.935,4028.905,4032.235
2025-11-18T13:00:00,4032.055,4070.165,4031.215,4065.025
2025-11-18T14:00:00,4065.115,4081.645,4057.955,4064.965
2025-11-18T15:00:00,4064.895,4072.175,4048.955,4052.765
2025-11-18T16:00:00,4052.925,4068.985,4040.145,4066.635
2025-11-18T17:00:00,4066.625,4075.515,4059.125,4071.325
2025-11-18T18:00:00,4071.425,4074.565,4062.945,4072.375
2025-11-18T19:00:00,4072.355,4081.798,4072.355,4080.965
2025-11-18T20:00:00,4080.995,4082.275,4067.135,4069.395
2025-11-18T21:00:00,4069.425,4072.195,4064.735,4066.605
2025-11-18T23:00:00,4067.848,4077.725,4065.145,4076.635
2025-11-19T00:00:00,4076.595,4078.105,4067.325,4069.135
2025-11-19T01:00:00,4069.165,4070.125,4056.155,4058.898
2025-11-19T02:00:00,4058.859,4080.445,4055.248,4075.445
2025-11-19T03:00:00,4075.375,4078.465,4065.895,4066.735
2025-11-19T04:00:00,4066.755,4076.785,4064.335,4074.985
2025-11-19T05:00:00,4075.025,4097.315,4074.045,4095.325
2025-11-19T06:00:00,4095.315,4098.415,4088.865,4090.795
2025-11-19T07:00:00,4090.795,4096.668,4084.625,4086.745
2025-11-19T08:00:00,4086.735,4088.615,4078.125,4083.215
2025-11-19T09:00:00,4083.065,4116.125,4080.945,4113.125
2025-11-19T10:00:00,4113.215,4118.905,4106.865,4108.845
2025-11-19T11:00:00,4108.805,4117.425,4106.245,4112.735
2025-11-19T12:00:00,4112.715,4119.635,4111.995,4114.355
2025-11-19T13:00:00,4114.395,4117.585,4100.615,4110.495
2025-11-19T14:00:00,4110.535,4128.755,4101.785,4127.605
2025-11-19T15:00:00,4127.585,4132.675,4089.855,4096.515
2025-11-19T16:00:00,4096.455,4098.365,4067.715,4074.455
2025-11-19T17:00:00,4074.465,4080.975,4055.385,4078.615
2025-11-19T18:00:00,4078.725,4091.165,4075.565,4086.785
2025-11-19T19:00:00,4086.775,4086.825,4069.045,4073.475
2025-11-19T20:00:00,4073.505,4081.955,4072.095,4076.145
2025-11-19T21:00:00,4076.115,4084.555,4065.425,4075.845
2025-11-19T23:00:00,4077.265,4107.825,4076.385,4104.165
2025-11-20T00:00:00,4104.265,4109.805,4100.175,4102.865
2025-11-20T01:00:00,4102.825,4108.945,4080.925,4081.235
2025-11-20T02:00:00,4081.085,4081.415,4039.998,4066.715
2025-11-20T03:00:00,4066.665,4085.365,4064.615,4072.075
2025-11-20T04:00:00,4072.105,4080.275,4068.115,4075.295
2025-11-20T05:00:00,4075.305,4075.695,4064.185,4066.505
2025-11-20T06:00:00,4066.465,4077.545,4058.285,4068.155
2025-11-20T07:00:00,4068.095,4076.385,4054.025,4059.655
2025-11-20T08:00:00,4059.535,4069.225,4038.605,4063.275
2025-11-20T09:00:00,4063.255,4072.495,4055.405,4063.865
2025-11-20T10:00:00,4063.895,4067.965,4057.935,4059.555
2025-11-20T11:00:00,4059.545,4068.265,4050.755,4060.515
2025-11-20T12:00:00,4060.385,4081.735,4059.855,4081.525
2025-11-20T13:00:00,4081.565,4096.065,4066.218,4080.095
2025-11-20T14:00:00,4079.915,4107.055,4071.905,4092.675
2025-11-20T15:00:00,4092.675,4098.475,4069.898,4070.028
2025-11-20T16:00:00,4069.965,4082.295,4044.485,4048.895
2025-11-20T17:00:00,4048.765,4068.225,4043.348,4065.945
2025-11-20T18:00:00,4065.895,4072.315,4055.935,4060.285
2025-11-20T19:00:00,4060.265,4086.965,4058.699,4084.398
2025-11-20T20:00:00,4084.375,4084.848,4073.155,4077.105
2025-11-20T21:00:00,4077.105,4080.835,4074.095,4076.515
2025-11-20T23:00:00,4074.498,4088.645,4072.325,4078.675
2025-11-21T00:00:00,4078.665,4081.015,4071.315,4073.605
2025-11-21T01:00:00,4073.625,4074.375,4060.265,4068.325
2025-11-21T02:00:00,4068.325,4079.805,4056.225,4056.945
2025-11-21T03:00:00,4056.955,4059.195,4049.065,4055.885
2025-11-21T04:00:00,4055.895,4062.155,4047.358,4052.005
2025-11-21T05:00:00,4052.005,4059.545,4039.635,4058.265
2025-11-21T06:00:00,4058.305,4064.645,4028.965,4032.435
2025-11-21T07:00:00,4032.329,4039.525,4024.538,4031.325
2025-11-21T08:00:00,4031.365,4047.785,4022.075,4040.835
2025-11-21T09:00:00,4040.805,4063.145,4039.905,4050.245
2025-11-21T10:00:00,4050.215,4052.425,4032.055,4036.795
2025-11-21T11:00:00,4036.775,4046.615,4030.805,4036.325
2025-11-21T12:00:00,4036.275,4071.548,4034.485,4065.595
2025-11-21T13:00:00,4065.645,4081.035,4058.889,4079.385
2025-11-21T14:00:00,4079.365,4083.645,4061.315,4071.025
2025-11-21T15:00:00,4070.698,4076.505,4054.878,4069.365
2025-11-21T16:00:00,4069.289,4100.425,4062.705,4099.675
2025-11-21T17:00:00,4099.619,4100.839,4078.795,4085.335
2025-11-21T18:00:00,4085.269,4087.969,4076.205,4082.609
2025-11-21T19:00:00,4082.609,4091.889,4082.345,4087.359
2025-11-21T20:00:00,4087.365,4088.495,4054.955,4067.098
2025-11-21T21:00:00,4067.098,4068.898,4054.385,4064.279
2025-11-23T23:00:00,4070.098,4077.285,4064.745,4074.905
2025-11-24T00:00:00,4074.895,4075.855,4057.935,4067.198
2025-11-24T01:00:00,4067.258,4073.038,4042.385,4043.845
2025-11-24T02:00:00,4043.805,4051.385,4040.375,4043.345
2025-11-24T03:00:00,4043.325,4057.965,4043.325,4050.115
2025-11-24T04:00:00,4050.075,4061.095,4041.935,4043.885
2025-11-24T05:00:00,4043.925,4049.285,4039.945,4046.205
2025-11-24T06:00:00,4046.175,4057.755,4045.305,4053.045
2025-11-24T07:00:00,4053.055,4067.365,4051.185,4059.875
2025-11-24T08:00:00,4059.825,4066.775,4059.425,4063.175
2025-11-24T09:00:00,4063.135,4074.065,4062.845,4071.695
2025-11-24T10:00:00,4071.715,4077.015,4062.935,4063.595
2025-11-24T11:00:00,4063.555,4071.435,4062.885,4069.735
2025-11-24T12:00:00,4069.715,4083.785,4065.325,4080.085
2025-11-24T13:00:00,4080.115,4085.575,4073.335,4077.525
2025-11-24T14:00:00,4077.545,4085.968,4068.075,4081.125
2025-11-24T15:00:00,4081.235,4093.575,4080.985,4091.538
2025-11-24T16:00:00,4091.475,4098.675,4089.398,4096.965
2025-11-24T17:00:00,4096.975,4100.175,4088.548,4092.705
2025-11-24T18:00:00,4092.705,4125.555,4087.685,4120.205
2025-11-24T19:00:00,4120.265,4123.895,4113.725,4118.245
2025-11-24T20:00:00,4118.189,4133.405,4117.725,4132.315
2025-11-24T21:00:00,4132.248,4139.635,4129.745,4134.719
2025-11-24T23:00:00,4131.378,4144.148,4124.765,4143.498
2025-11-25T00:00:00,4143.298,4144.198,4127.165,4129.285
2025-11-25T01:00:00,4129.465,4138.955,4122.265,4134.505
2025-11-25T02:00:00,4134.475,4155.585,4132.525,4150.358
2025-11-25T03:00:00,4150.368,4150.458,4139.215,4142.895
2025-11-25T04:00:00,4142.895,4148.045,4139.215,4140.445
2025-11-25T05:00:00,4140.498,4151.725,4140.498,4150.765
2025-11-25T06:00:00,4150.705,4151.815,4138.365,4141.235
2025-11-25T07:00:00,4141.185,4145.655,4129.785,4132.168
2025-11-25T08:00:00,4132.185,4139.138,4109.415,4115.709
2025-11-25T09:00:00,4115.795,4131.185,4113.765,4128.225
2025-11-25T10:00:00,4128.245,4138.585,4127.195,4131.115
2025-11-25T11:00:00,4131.095,4137.185,4127.625,4133.275
2025-11-25T12:00:00,4133.265,4138.585,4115.935,4129.625
2025-11-25T13:00:00,4129.685,4150.548,4129.215,4147.369
2025-11-25T14:00:00,4147.348,4148.338,4110.685,4125.055
2025-11-25T15:00:00,4125.055,4133.645,4117.645,4123.078
2025-11-25T16:00:00,4123.078,4141.058,4121.858,4136.145
2025-11-25T17:00:00,4136.145,4159.045,4135.805,4145.935
2025-11-25T18:00:00,4145.945,4150.665,4132.345,4133.975
2025-11-25T19:00:00,4133.945,4140.025,4128.298,4133.505
2025-11-25T20:00:00,4133.535,4138.129,4130.385,4132.005
2025-11-25T21:00:00,4132.059,4132.245,4127.678,4130.505
2025-11-25T23:00:00,4131.098,4136.715,4129.575,4133.505
2025-11-26T00:00:00,4133.525,4144.105,4132.445,4142.555
2025-11-26T01:00:00,4142.675,4152.585,4138.315,4148.135
2025-11-26T02:00:00,4148.105,4166.375,4147.075,4161.435
2025-11-26T03:00:00,4161.745,4169.255,4159.945,4165.765
2025-11-26T04:00:00,4165.745,4166.775,4156.255,4161.665
2025-11-26T05:00:00,4161.685,4168.425,4159.995,4162.055
2025-11-26T06:00:00,4161.965,4162.505,4146.435,4149.815
2025-11-26T07:00:00,4149.825,4161.355,4148.945,4157.205
2025-11-26T08:00:00,4157.225,4168.215,4154.475,4160.775
2025-11-26T09:00:00,4160.715,4164.265,4156.175,4162.485
2025-11-26T10:00:00,4162.505,4164.845,4155.735,4159.775
2025-11-26T11:00:00,4159.848,4172.848,4157.475,4171.305
2025-11-26T12:00:00,4171.275,4173.145,4148.605,4154.955
2025-11-26T13:00:00,4154.985,4166.375,4148.795,4153.148
2025-11-26T14:00:00,4153.148,4156.665,4140.0,4141.825
2025-11-26T15:00:00,4141.825,4165.485,4135.675,4165.115
2025-11-26T16:00:00,4165.235,4168.385,4160.455,4166.915
2025-11-26T17:00:00,4166.945,4169.675,4164.865,4167.065
2025-11-26T18:00:00,4167.085,4171.485,4157.855,4164.555
2025-11-26T19:00:00,4164.525,4169.545,4162.285,4163.085
2025-11-26T20:00:00,4163.065,4167.285,4161.165,4163.795
2025-11-26T21:00:00,4163.795,4167.365,4161.985,4162.565
2025-11-26T23:00:00,4164.165,4168.405,4161.825,4164.248
2025-11-27T00:00:00,4163.825,4166.798,4161.458,4164.285
2025-11-27T01:00:00,4164.265,4165.105,4148.485,4154.065
2025-11-27T02:00:00,4154.095,4156.005,4144.315,4145.265
2025-11-27T03:00:00,4145.235,4150.425,4143.945,4147.205
2025-11-27T04:00:00,4147.175,4154.485,4142.425,4150.665
2025-11-27T05:00:00,4150.655,4154.535,4144.425,4146.798
2025-11-27T06:00:00,4146.725,4158.995,4146.725,4157.305
2025-11-27T07:00:00,4157.305,4162.235,4155.295,4159.828
2025-11-27T08:00:00,4159.905,4166.825,4159.305,4165.555
2025-11-27T09:00:00,4165.555,4165.625,4148.165,4158.305
2025-11-27T10:00:00,4158.315,4160.335,4152.185,4156.225
2025-11-27T11:00:00,4156.205,4162.235,4155.675,4157.115
2025-11-27T12:00:00,4157.125,4159.005,4153.315,4153.885
2025-11-27T13:00:00,4153.655,4157.875,4148.895,4154.705
2025-11-27T14:00:00,4154.735,4160.505,4152.685,4153.065
2025-11-27T15:00:00,4153.085,4161.575,4152.745,4157.825
2025-11-27T16:00:00,4157.805,4158.145,4151.235,4156.095
2025-11-27T17:00:00,4156.115,4158.965,4154.465,4157.675
2025-11-27T18:00:00,4157.665,4159.655,4155.545,4158.965
2025-11-27T19:00:00,4158.955,4160.115,4157.448,4157.448
2025-11-27T23:00:00,4156.825,4163.565,4156.355,4163.025
2025-11-28T00:00:00,4163.025,4183.305,4162.625,4180.425
2025-11-28T01:00:00,4180.405,4193.015,4180.345,4190.955
2025-11-28T02:00:00,4190.895,4191.778,4185.755,4188.635
2025-11-28T03:00:00,4188.635,4191.655,4181.915,4183.635
2025-11-28T04:00:00,4183.555,4188.585,4176.858,4188.435
2025-11-28T05:00:00,4188.215,4188.515,4174.979,4181.825
2025-11-28T06:00:00,4181.535,4188.495,4180.165,4186.895
2025-11-28T07:00:00,4186.925,4187.355,4170.74,4174.295
2025-11-28T08:00:00,4174.295,4174.745,4150.075,4167.985
2025-11-28T09:00:00,4167.979,4167.979,4155.225,4165.319
2025-11-28T10:00:00,4165.409,4177.379,4159.078,4162.569
2025-11-28T11:00:00,4162.569,4179.455,4161.719,4170.918
2025-11-28T12:00:00,4170.918,4177.458,4166.935,4175.935
2025-11-28T13:00:00,4175.935,4182.715,4168.038,4182.385
2025-11-28T14:00:00,4182.385,4208.635,4182.385,4197.775
2025-11-28T15:00:00,4197.765,4203.895,4185.415,4203.645
2025-11-28T16:00:00,4203.565,4210.655,4197.595,4206.085
2025-11-28T17:00:00,4206.095,4216.785,4204.165,4216.695
2025-11-28T18:00:00,4216.785,4226.735,4210.755,4220.205
2025-11-28T19:00:00,4220.185,4221.725,4216.055,4218.959
2025-11-30T23:00:00,4222.298,4230.349,4204.348,4221.805
2025-12-01T00:00:00,4221.575,4233.375,4218.055,4230.525
2025-12-01T01:00:00,4230.495,4256.055,4219.565,4255.255
2025-12-01T02:00:00,4255.235,4256.245,4233.915,4242.475
2025-12-01T03:00:00,4242.475,4243.655,4232.325,4239.055
2025-12-01T04:00:00,4239.075,4246.665,4236.155,4245.355
2025-12-01T05:00:00,4245.395,4246.375,4215.275,4229.315
2025-12-01T06:00:00,4229.295,4240.235,4225.885,4236.725
2025-12-01T07:00:00,4237.045,4246.368,4231.628,4244.998
2025-12-01T08:00:00,4244.998,4253.325,4237.958,4244.375
2025-12-01T09:00:00,4246.065,4251.465,4243.415,4249.755
2025-12-01T10:00:00,4249.785,4262.025,4248.888,4255.265
2025-12-01T11:00:00,4255.395,4258.215,4247.945,4254.355
2025-12-01T12:00:00,4254.335,4256.445,4243.975,4246.345
2025-12-01T13:00:00,4246.375,4264.385,4245.445,4247.175
2025-12-01T14:00:00,4247.225,4249.095,4219.345,4239.355
2025-12-01T15:00:00,4239.355,4244.599,4219.425,4232.225
2025-12-01T16:00:00,4232.255,4242.345,4225.005,4226.005
2025-12-01T17:00:00,4226.125,4239.858,4222.835,4232.025
2025-12-01T18:00:00,4232.065,4244.485,4232.065,4240.075
2025-12-01T19:00:00,4240.115,4243.648,4229.089,4236.745
2025-12-01T20:00:00,4236.675,4241.225,4234.225,4237.195
2025-12-01T21:00:00,4237.055,4240.225,4229.995,4231.255
2025-12-01T23:00:00,4231.198,4235.855,4224.235,4227.248
2025-12-02T00:00:00,4227.348,4229.475,4221.365,4226.525
2025-12-02T01:00:00,4226.415,4226.875,4197.895,4219.315
2025-12-02T02:00:00,4219.285,4224.355,4214.175,4221.405
2025-12-02T03:00:00,4221.385,4226.168,4215.435,4216.515
2025-12-02T04:00:00,4216.545,4220.425,4213.425,4218.515
2025-12-02T05:00:00,4218.475,4225.325,4214.865,4224.715
2025-12-02T06:00:00,4224.718,4226.105,4202.985,4212.575
2025-12-02T07:00:00,4212.595,4219.195,4209.455,4213.165
2025-12-02T08:00:00,4213.195,4216.955,4206.875,4209.985
2025-12-02T09:00:00,4209.935,4212.975,4180.895,4191.785
2025-12-02T10:00:00,4191.685,4192.215,4182.045,4185.525
2025-12-02T11:00:00,4185.495,4205.735,4184.735,4205.285
2025-12-02T12:00:00,4205.255,4209.395,4200.815,4208.455
2025-12-02T13:00:00,4208.715,4215.025,4201.915,4212.285
2025-12-02T14:00:00,4212.245,4230.365,4212.125,4218.735
2025-12-02T15:00:00,4218.635,4219.415,4163.458,4169.255
2025-12-02T16:00:00,4169.375,4190.035,4166.545,4184.655
2025-12-02T17:00:00,4184.745,4196.665,4184.465,4193.685
2025-12-02T18:00:00,4193.575,4196.695,4182.985,4190.615
2025-12-02T19:00:00,4190.645,4200.048,4190.645,4196.135
2025-12-02T20:00:00,4196.165,4212.215,4194.555,4209.895
2025-12-02T21:00:00,4209.885,4211.575,4204.998,4205.695
2025-12-02T23:00:00,4206.998,4215.825,4202.098,4212.435
2025-12-03T00:00:00,4212.405,4212.605,4204.325,4211.665
2025-12-03T01:00:00,4211.408,4220.925,4211.408,4214.215
2025-12-03T02:00:00,4214.185,4228.765,4214.025,4226.435
2025-12-03T03:00:00,4226.415,4227.315,4219.825,4220.935
2025-12-03T04:00:00,4220.875,4225.185,4217.075,4222.155
2025-12-03T05:00:00,4222.085,4223.735,4203.155,4207.448
2025-12-03T06:00:00,4207.448,4211.655,4204.495,4207.905
2025-12-03T07:00:00,4207.975,4210.125,4200.065,4206.085
2025-12-03T08:00:00,4206.515,4210.008,4203.575,4206.245
2025-12-03T09:00:00,4206.175,4207.375,4196.935,4201.945
2025-12-03T10:00:00,4201.855,4204.695,4194.405,4200.415
2025-12-03T11:00:00,4200.445,4208.965,4196.865,4208.465
2025-12-03T12:00:00,4208.505,4214.135,4204.875,4213.305
2025-12-03T13:00:00,4213.365,4238.245,4210.758,4237.055
2025-12-03T14:00:00,4237.025,4241.235,4204.835,4211.855
2025-12-03T15:00:00,4209.815,4229.225,4205.795,4216.145
2025-12-03T16:00:00,4216.105,4224.985,4195.585,4200.615
2025-12-03T17:00:00,4200.615,4215.195,4200.075,4210.795
2025-12-03T18:00:00,4210.835,4211.295,4194.945,4196.745
2025-12-03T19:00:00,4196.935,4209.798,4196.705,4207.625
2025-12-03T20:00:00,4207.635,4212.565,4203.288,4205.945
2025-12-03T21:00:00,4206.025,4209.865,4201.915,4202.415
2025-12-03T23:00:00,4202.898,4208.739,4202.445,4206.985
2025-12-04T00:00:00,4206.955,4215.645,4204.345,4211.475
2025-12-04T01:00:00,4211.445,4216.715,4205.585,4208.945
2025-12-04T02:00:00,4209.025,4209.025,4198.755,4200.365
2025-12-04T03:00:00,4200.395,4201.295,4187.125,4195.565
2025-12-04T04:00:00,4195.505,4198.885,4192.545,4196.745
2025-12-04T05:00:00,4196.705,4198.835,4175.005,4180.855
2025-12-04T06:00:00,4180.885,4190.135,4178.455,4189.975
2025-12-04T07:00:00,4190.015,4194.905,4186.335,4193.595
2025-12-04T08:00:00,4193.585,4196.198,4184.565,4184.565
2025-12-04T09:00:00,4184.755,4202.025,4183.315,4199.715
2025-12-04T10:00:00,4199.735,4202.535,4196.405,4197.125
2025-12-04T11:00:00,4197.165,4206.335,4196.919,4198.305
2025-12-04T12:00:00,4198.199,4201.605,4188.505,4190.245
2025-12-04T13:00:00,4190.145,4198.245,4185.155,4198.095
2025-12-04T14:00:00,4198.045,4213.275,4193.285,4201.025
2025-12-04T15:00:00,4201.025,4210.025,4191.215,4207.148
2025-12-04T16:00:00,4207.235,4219.255,4206.315,4215.465
2025-12-04T17:00:00,4215.575,4217.425,4208.655,4216.405
2025-12-04T18:00:00,4216.355,4217.395,4207.175,4207.755
2025-12-04T19:00:00,4207.835,4209.915,4199.435,4208.775
2025-12-04T20:00:00,4208.635,4210.148,4205.245,4209.685
2025-12-04T21:00:00,4209.675,4210.095,4206.905,4207.415
2025-12-04T23:00:00,4206.898,4209.598,4203.655,4205.915
2025-12-05T00:00:00,4205.975,4210.255,4200.918,4201.485
2025-12-05T01:00:00,4201.415,4204.225,4194.465,4202.785
2025-12-05T02:00:00,4202.815,4208.375,4196.478,4206.998
2025-12-05T03:00:00,4206.998,4210.518,4201.445,4209.345
2025-12-05T04:00:00,4209.325,4217.255,4207.815,4216.565
2025-12-05T05:00:00,4216.565,4221.195,4214.135,4220.345
2025-12-05T06:00:00,4220.325,4229.005,4218.385,4224.365
2025-12-05T07:00:00,4224.405,4230.485,4222.285,4224.245
2025-12-05T08:00:00,4224.245,4226.985,4220.345,4220.385
2025-12-05T09:00:00,4220.218,4224.935,4215.735,4223.175
2025-12-05T10:00:00,4223.195,4227.305,4222.255,4222.758
2025-12-05T11:00:00,4222.758,4225.555,4219.835,4223.525
2025-12-05T12:00:00,4223.525,4229.585,4222.635,4228.545
2025-12-05T13:00:00,4228.575,4238.705,4221.285,4234.365
2025-12-05T14:00:00,4234.345,4245.198,4228.045,4241.495
2025-12-05T15:00:00,4241.485,4259.105,4233.945,4243.465
2025-12-05T16:00:00,4243.615,4245.525,4198.215,4213.785
2025-12-05T17:00:00,4213.915,4219.395,4206.295,4217.365
2025-12-05T18:00:00,4217.335,4219.105,4206.465,4208.705
2025-12-05T19:00:00,4208.655,4210.705,4202.195,4207.365
2025-12-05T20:00:00,4207.535,4207.535,4198.995,4201.935
2025-12-05T21:00:00,4201.955,4202.315,4191.815,4197.405
2025-12-07T23:00:00,4199.615,4202.495,4193.385,4200.665
2025-12-08T00:00:00,4201.245,4211.605,4199.265,4210.505
2025-12-08T01:00:00,4210.525,4211.598,4197.225,4200.895
2025-12-08T02:00:00,4200.915,4212.325,4198.285,4208.195
2025-12-08T03:00:00,4208.225,4212.915,4206.635,4209.915
2025-12-08T04:00:00,4209.875,4213.045,4206.785,4208.385
2025-12-08T05:00:00,4208.355,4217.025,4204.435,4217.005
2025-12-08T06:00:00,4216.985,4218.755,4211.925,4216.805
2025-12-08T07:00:00,4216.835,4217.255,4206.075,4206.595
2025-12-08T08:00:00,4206.565,4216.405,4202.895,4209.595
2025-12-08T09:00:00,4209.385,4212.705,4204.035,4207.648
2025-12-08T10:00:00,4207.615,4210.255,4200.885,4203.395
2025-12-08T11:00:00,4203.355,4214.075,4199.418,4208.395
2025-12-08T12:00:00,4208.375,4215.275,4208.248,4213.575
2025-12-08T13:00:00,4213.565,4214.465,4197.525,4201.495
2025-12-08T14:00:00,4201.575,4211.605,4195.398,4196.305
2025-12-08T15:00:00,4196.278,4196.515,4175.998,4182.665
2025-12-08T16:00:00,4182.625,4197.655,4176.665,4191.395
2025-12-08T17:00:00,4191.375,4195.455,4185.395,4194.755
2025-12-08T18:00:00,4194.795,4195.505,4184.255,4187.035
2025-12-08T19:00:00,4187.105,4188.665,4184.035,4186.865
2025-12-08T20:00:00,4186.795,4195.355,4184.705,4191.415
2025-12-08T21:00:00,4191.425,4193.075,4188.165,4189.885
2025-12-08T23:00:00,4189.298,4195.065,4188.535,4194.535
2025-12-09T00:00:00,4194.435,4195.515,4189.715,4190.255
2025-12-09T01:00:00,4190.205,4197.115,4188.545,4196.015
2025-12-09T02:00:00,4195.995,4196.955,4185.785,4189.665
2025-12-09T03:00:00,4189.705,4198.568,4189.705,4194.405
2025-12-09T04:00:00,4194.295,4195.435,4184.275,4186.575
2025-12-09T05:00:00,4186.555,4187.055,4177.805,4179.415
2025-12-09T06:00:00,4179.465,4183.825,4169.845,4181.755
2025-12-09T07:00:00,4181.825,4185.665,4175.615,4182.135
2025-12-09T08:00:00,4182.185,4191.725,4182.185,4191.355
2025-12-09T09:00:00,4191.398,4212.645,4190.498,4202.635
2025-12-09T10:00:00,4202.925,4208.165,4201.095,4203.825
2025-12-09T11:00:00,4203.795,4206.325,4200.965,4202.885
2025-12-09T12:00:00,4202.955,4207.355,4198.325,4203.948
2025-12-09T13:00:00,4204.025,4207.975,4195.445,4201.175
2025-12-09T14:00:00,4201.385,4210.195,4189.229,4204.485
2025-12-09T15:00:00,4204.465,4216.105,4189.805,4212.288
2025-12-09T16:00:00,4212.278,4221.345,4209.798,4212.105
2025-12-09T17:00:00,4212.125,4216.045,4201.475,4202.835
2025-12-09T18:00:00,4202.805,4209.665,4201.085,4208.895
2025-12-09T19:00:00,4208.655,4214.255,4206.975,4212.405
2025-12-09T20:00:00,4212.375,4215.805,4208.708,4211.925
2025-12-09T21:00:00,4211.985,4212.795,4206.915,4207.075
2025-12-09T23:00:00,4207.235,4212.798,4204.895,4210.448
2025-12-10T00:00:00,4210.448,4212.365,4206.698,4207.985
2025-12-10T01:00:00,4207.999,4217.855,4206.648,4213.535
2025-12-10T02:00:00,4213.529,4218.615,4211.375,4216.835
2025-12-10T03:00:00,4216.815,4216.985,4203.365,4206.095
2025-12-10T04:00:00,4206.025,4209.505,4205.218,4206.825
2025-12-10T05:00:00,4206.748,4214.225,4201.525,4211.185
2025-12-10T06:00:00,4211.145,4211.505,4202.765,4207.085
2025-12-10T07:00:00,4207.095,4208.995,4202.985,4203.145
2025-12-10T08:00:00,4203.115,4206.435,4196.805,4197.715
2025-12-10T09:00:00,4197.655,4200.285,4192.445,4194.145
2025-12-10T10:00:00,4194.115,4196.305,4187.525,4192.995
2025-12-10T11:00:00,4193.085,4197.565,4192.415,4197.135
2025-12-10T12:00:00,4197.115,4202.095,4195.085,4196.265
2025-12-10T13:00:00,4196.215,4204.945,4192.855,4200.465
2025-12-10T14:00:00,4200.445,4206.825,4191.095,4192.285
2025-12-10T15:00:00,4192.315,4201.005,4188.645,4193.475
2025-12-10T16:00:00,4193.575,4204.915,4192.685,4204.645
2025-12-10T17:00:00,4204.645,4204.645,4196.698,4199.585
2025-12-10T18:00:00,4199.615,4200.555,4191.835,4193.398
2025-12-10T19:00:00,4193.408,4219.545,4181.565,4216.365
2025-12-10T20:00:00,4216.335,4238.445,4210.935,4229.348
2025-12-10T21:00:00,4229.205,4232.065,4221.075,4227.645
2025-12-10T23:00:00,4228.448,4233.945,4223.835,4232.225
2025-12-11T00:00:00,4232.235,4244.965,4231.205,4237.025
2025-12-11T01:00:00,4237.005,4247.465,4232.795,4238.055
2025-12-11T02:00:00,4238.035,4240.555,4220.225,4222.015
2025-12-11T03:00:00,4221.975,4224.705,4209.095,4216.535
2025-12-11T04:00:00,4216.469,4218.185,4208.235,4213.285
2025-12-11T05:00:00,4213.265,4216.045,4205.848,4207.115
2025-12-11T06:00:00,4207.155,4215.245,4203.905,4214.285
2025-12-11T07:00:00,4214.315,4218.495,4210.355,4215.845
2025-12-11T08:00:00,4215.865,4219.395,4212.635,4216.415
2025-12-11T09:00:00,4216.395,4221.285,4210.195,4218.195
2025-12-11T10:00:00,4218.225,4225.775,4211.545,4216.805
2025-12-11T11:00:00,4216.825,4218.935,4209.445,4210.995
2025-12-11T12:00:00,4211.015,4220.295,4208.525,4220.235
2025-12-11T13:00:00,4220.275,4223.235,4205.035,4220.775
2025-12-11T14:00:00,4220.885,4244.335,4217.685,4229.995
2025-12-11T15:00:00,4229.965,4261.215,4225.975,4255.785
2025-12-11T16:00:00,4255.825,4278.748,4249.855,4273.355
2025-12-11T17:00:00,4273.375,4281.498,4272.005,4278.485
2025-12-11T18:00:00,4278.465,4285.705,4266.515,4267.975
2025-12-11T19:00:00,4267.715,4277.495,4262.305,4273.315
2025-12-11T20:00:00,4273.285,4276.298,4263.995,4275.948
2025-12-11T21:00:00,4276.098,4283.548,4272.475,4279.395
2025-12-11T23:00:00,4278.898,4283.245,4271.935,4275.905
2025-12-12T00:00:00,4275.905,4279.948,4268.745,4269.245
2025-12-12T01:00:00,4269.265,4275.925,4264.148,4270.755
2025-12-12T02:00:00,4270.705,4276.715,4269.045,4270.185
2025-12-12T03:00:00,4270.155,4274.415,4268.595,4270.425
2025-12-12T04:00:00,4270.405,4270.745,4266.055,4266.085
2025-12-12T05:00:00,4266.135,4280.425,4265.805,4278.608
2025-12-12T06:00:00,4278.608,4283.015,4276.198,4282.645
2025-12-12T07:00:00,4282.675,4290.245,4281.135,4286.975
2025-12-12T08:00:00,4286.895,4309.238,4286.895,4307.948
2025-12-12T09:00:00,4307.998,4320.278,4306.648,4318.038
2025-12-12T10:00:00,4318.078,4330.825,4314.565,4329.655
2025-12-12T11:00:00,4329.645,4339.075,4326.775,4336.165
2025-12-12T12:00:00,4336.135,4339.045,4324.485,4325.505
2025-12-12T13:00:00,4325.873,4345.935,4321.165,4340.825
2025-12-12T14:00:00,4340.835,4353.325,4330.785,4346.589
2025-12-12T15:00:00,4346.589,4351.215,4282.895,4290.075
2025-12-12T16:00:00,4290.055,4296.285,4256.845,4281.565
2025-12-12T17:00:00,4281.785,4298.225,4270.705,4294.075
2025-12-12T18:00:00,4294.105,4303.555,4290.385,4294.735
2025-12-12T19:00:00,4295.005,4299.545,4289.648,4296.385
2025-12-12T20:00:00,4296.365,4302.765,4288.475,4299.105
2025-12-12T21:00:00,4299.135,4303.935,4297.47,4298.705
2025-12-14T23:00:00,4299.298,4308.195,4293.798,4301.975
2025-12-15T00:00:00,4302.155,4307.665,4299.945,4307.198
2025-12-15T01:00:00,4307.198,4325.555,4305.275,4322.315
2025-12-15T02:00:00,4322.125,4329.025,4320.478,4326.055
2025-12-15T03:00:00,4326.105,4329.415,4319.065,4327.005
2025-12-15T04:00:00,4326.955,4329.835,4322.915,4325.885
2025-12-15T05:00:00,4325.945,4344.155,4324.545,4343.335
2025-12-15T06:00:00,4343.315,4347.185,4339.128,4343.315
2025-12-15T07:00:00,4343.315,4344.445,4333.258,4338.985
2025-12-15T08:00:00,4338.975,4348.815,4338.465,4346.785
2025-12-15T09:00:00,4346.615,4349.995,4342.145,4342.305
2025-12-15T10:00:00,4342.345,4347.925,4337.505,4339.279
2025-12-15T11:00:00,4339.279,4343.415,4335.008,4342.575
2025-12-15T12:00:00,4342.555,4348.195,4342.338,4345.545
2025-12-15T13:00:00,4345.515,4345.985,4330.398,4331.785
2025-12-15T14:00:00,4331.815,4336.555,4317.175,4323.405
2025-12-15T15:00:00,4323.385,4327.625,4311.315,4318.035
2025-12-15T16:00:00,4318.005,4318.695,4285.055,4297.405
2025-12-15T17:00:00,4297.375,4306.405,4290.635,4304.195
2025-12-15T18:00:00,4304.245,4313.405,4299.675,4312.935
2025-12-15T19:00:00,4312.915,4317.548,4307.645,4314.015
2025-12-15T20:00:00,4314.035,4314.198,4299.365,4304.335
2025-12-15T21:00:00,4304.335,4305.538,4300.555,4303.995
2025-12-15T23:00:00,4304.898,4309.425,4303.175,4303.965
2025-12-16T00:00:00,4303.955,4313.015,4302.645,4307.645
2025-12-16T01:00:00,4307.995,4317.695,4298.895,4308.555
2025-12-16T02:00:00,4308.455,4312.045,4286.335,4289.475
2025-12-16T03:00:00,4289.435,4294.295,4280.385,4290.725
2025-12-16T04:00:00,4290.695,4292.035,4286.475,4288.925
2025-12-16T05:00:00,4288.885,4292.055,4271.125,4283.865
2025-12-16T06:00:00,4283.955,4291.995,4282.275,4289.085
2025-12-16T07:00:00,4289.145,4289.735,4279.245,4287.455
2025-12-16T08:00:00,4287.355,4289.215,4275.225,4284.415
2025-12-16T09:00:00,4284.375,4285.645,4276.245,4280.215
2025-12-16T10:00:00,4280.275,4284.165,4274.428,4277.235
2025-12-16T11:00:00,4277.005,4279.435,4273.585,4278.345
2025-12-16T12:00:00,4278.345,4294.675,4276.605,4294.295
2025-12-16T13:00:00,4294.325,4313.075,4290.678,4312.795
2025-12-16T14:00:00,4312.825,4331.885,4311.185,4324.225
2025-12-16T15:00:00,4324.305,4334.935,4312.265,4319.625
2025-12-16T16:00:00,4319.595,4323.085,4291.075,4300.355
2025-12-16T17:00:00,4300.385,4310.785,4300.015,4303.415
2025-12-16T18:00:00,4303.385,4313.295,4298.015,4311.165
2025-12-16T19:00:00,4311.135,4315.535,4296.865,4310.315
2025-12-16T20:00:00,4310.299,4314.125,4302.548,4304.445
2025-12-16T21:00:00,4304.425,4305.305,4300.535,4301.045
2025-12-16T23:00:00,4302.098,4308.875,4300.848,4307.695
2025-12-17T00:00:00,4307.765,4314.915,4307.275,4312.895
2025-12-17T01:00:00,4312.895,4326.495,4311.275,4326.415
2025-12-17T02:00:00,4326.475,4327.565,4310.885,4314.048
2025-12-17T03:00:00,4313.995,4324.935,4312.348,4323.565
2025-12-17T04:00:00,4323.585,4331.345,4320.285,4329.475
2025-12-17T05:00:00,4329.505,4342.255,4327.845,4333.568
2025-12-17T06:00:00,4333.568,4337.475,4324.448,4328.515
2025-12-17T07:00:00,4328.535,4328.535,4315.375,4317.715
2025-12-17T08:00:00,4317.625,4320.748,4308.145,4318.955
2025-12-17T09:00:00,4318.935,4323.075,4315.755,4316.715
2025-12-17T10:00:00,4316.695,4322.045,4306.305,4317.505
2025-12-17T11:00:00,4317.535,4320.235,4314.938,4316.115
2025-12-17T12:00:00,4316.125,4322.948,4314.725,4317.345
2025-12-17T13:00:00,4317.445,4343.878,4314.855,4341.878
2025-12-17T14:00:00,4341.878,4345.825,4322.725,4337.885
2025-12-17T15:00:00,4337.849,4348.675,4324.035,4330.115
2025-12-17T16:00:00,4330.355,4337.375,4319.985,4333.345
2025-12-17T17:00:00,4333.335,4342.345,4328.335,4342.345
2025-12-17T18:00:00,4342.365,4346.375,4328.548,4335.955
2025-12-17T19:00:00,4335.925,4340.785,4330.095,4336.895
2025-12-17T20:00:00,4336.935,4345.835,4335.085,4341.265
2025-12-17T21:00:00,4341.275,4346.135,4337.305,4337.335
2025-12-17T23:00:00,4339.53,4343.048,4335.415,4338.648
2025-12-18T00:00:00,4338.648,4342.735,4332.955,4334.605
2025-12-18T01:00:00,4334.635,4336.875,4324.205,4331.445
2025-12-18T02:00:00,4331.405,4337.615,4329.665,4332.965
2025-12-18T03:00:00,4332.925,4336.565,4330.685,4332.955
2025-12-18T04:00:00,4332.925,4333.295,4328.375,4331.595
2025-12-18T05:00:00,4331.529,4337.215,4330.805,4333.035
2025-12-18T06:00:00,4332.985,4335.895,4330.445,4333.705
2025-12-18T07:00:00,4333.765,4337.595,4329.835,4331.205
2025-12-18T08:00:00,4331.185,4332.375,4321.665,4326.315
2025-12-18T09:00:00,4326.355,4328.445,4320.485,4323.275
2025-12-18T10:00:00,4323.245,4327.375,4321.765,4325.235
2025-12-18T11:00:00,4325.255,4328.555,4324.035,4325.465
2025-12-18T12:00:00,4325.455,4326.435,4317.005,4320.585
2025-12-18T13:00:00,4320.525,4342.845,4314.435,4336.315
2025-12-18T14:00:00,4336.315,4341.115,4308.285,4328.295
2025-12-18T15:00:00,4328.375,4341.385,4324.745,4337.868
2025-12-18T16:00:00,4337.745,4374.395,4337.495,4360.015
2025-12-18T17:00:00,4360.195,4363.095,4321.765,4333.075
2025-12-18T18:00:00,4333.135,4341.065,4325.465,4331.555
2025-12-18T19:00:00,4331.555,4334.635,4322.525,4324.735
2025-12-18T20:00:00,4324.795,4338.085,4324.355,4334.675
2025-12-18T21:00:00,4334.585,4334.585,4328.315,4330.625
2025-12-18T23:00:00,4331.698,4336.695,4331.395,4334.865
2025-12-19T00:00:00,4334.845,4335.495,4325.555,4325.855
2025-12-19T01:00:00,4325.875,4328.305,4308.715,4323.035
2025-12-19T02:00:00,4323.155,4327.705,4313.965,4316.485
2025-12-19T03:00:00,4316.455,4322.215,4312.485,4317.835
2025-12-19T04:00:00,4317.805,4322.705,4316.725,4322.495
2025-12-19T05:00:00,4322.525,4328.755,4317.305,4325.685
2025-12-19T06:00:00,4325.665,4329.315,4321.415,4326.155
2025-12-19T07:00:00,4326.135,4329.415,4321.398,4322.445
2025-12-19T08:00:00,4322.335,4330.695,4320.815,4325.785
2025-12-19T09:00:00,4325.735,4333.475,4324.195,4329.255
2025-12-19T10:00:00,4329.275,4331.515,4322.235,4327.605
2025-12-19T11:00:00,4327.515,4329.325,4324.915,4327.075
2025-12-19T12:00:00,4327.075,4328.685,4320.475,4326.468
2025-12-19T13:00:00,4326.475,4335.155,4325.815,4328.075
2025-12-19T14:00:00,4328.105,4337.715,4319.528,4331.975
2025-12-19T15:00:00,4331.905,4348.975,4331.715,4347.635
2025-12-19T16:00:00,4347.595,4354.388,4341.845,4349.705
2025-12-19T17:00:00,4349.725,4355.715,4346.798,4353.305
2025-12-19T18:00:00,4353.345,4356.365,4342.995,4348.365
2025-12-19T19:00:00,4348.385,4350.375,4344.935,4345.065
2025-12-19T20:00:00,4345.025,4346.295,4336.565,4339.405
2025-12-19T21:00:00,4339.445,4340.045,4336.275,4338.669
2025-12-21T23:00:00,4338.898,4355.948,4336.635,4354.915
2025-12-22T00:00:00,4354.885,4366.115,4354.885,4364.775
2025-12-22T01:00:00,4364.835,4384.628,4361.025,4382.605
2025-12-22T02:00:00,4382.539,4388.435,4378.345,4385.595
2025-12-22T03:00:00,4385.675,4394.615,4383.995,4392.265
2025-12-22T04:00:00,4392.248,4400.795,4390.948,4398.098
2025-12-22T05:00:00,4398.079,4409.245,4396.445,4399.768
2025-12-22T06:00:00,4399.835,4419.695,4398.515,4419.025
2025-12-22T07:00:00,4419.045,4420.165,4410.058,4414.019
2025-12-22T08:00:00,4414.019,4414.685,4405.895,4407.939
2025-12-22T09:00:00,4407.939,4414.535,4407.639,4410.785
2025-12-22T10:00:00,4410.825,4415.555,4405.798,4408.345
2025-12-22T11:00:00,4408.335,4411.468,4405.755,4410.045
2025-12-22T12:00:00,4410.025,4415.755,4405.905,4415.535
2025-12-22T13:00:00,4415.535,4427.035,4413.025,4423.475
2025-12-22T14:00:00,4423.505,4429.325,4414.485,4419.065
2025-12-22T15:00:00,4419.045,4435.338,4411.725,4431.548
2025-12-22T16:00:00,4431.548,4441.948,4427.975,4438.415
2025-12-22T17:00:00,4438.435,4441.885,4431.825,4438.275
2025-12-22T18:00:00,4438.325,4438.725,4429.205,4435.105
2025-12-22T19:00:00,4435.055,4435.705,4428.675,4433.395
2025-12-22T20:00:00,4433.298,4439.098,4431.385,4438.455
2025-12-22T21:00:00,4438.415,4448.945,4438.215,4442.805
2025-12-22T23:00:00,4446.098,4461.598,4444.269,4459.865
2025-12-23T00:00:00,4459.865,4470.325,4457.705,4470.305
2025-12-23T01:00:00,4470.255,4490.485,4469.299,4486.455
2025-12-23T02:00:00,4486.435,4497.345,4481.015,4493.225
2025-12-23T03:00:00,4493.155,4496.475,4482.765,4486.425
2025-12-23T04:00:00,4486.335,4488.145,4478.645,4482.335
2025-12-23T05:00:00,4482.315,4485.375,4474.665,4475.045
2025-12-23T06:00:00,4475.025,4481.315,4469.265,4481.215
2025-12-23T07:00:00,4481.185,4489.405,4478.055,4486.375
2025-12-23T08:00:00,4486.345,4492.995,4484.425,4489.575
2025-12-23T09:00:00,4489.545,4490.835,4477.945,4479.945
2025-12-23T10:00:00,4479.995,4487.255,4479.125,4484.005
2025-12-23T11:00:00,4483.985,4494.005,4482.855,4493.325
2025-12-23T12:00:00,4493.265,4493.515,4482.975,4486.175
2025-12-23T13:00:00,4486.025,4497.175,4473.015,4478.915
2025-12-23T14:00:00,4478.915,4479.695,4441.138,4445.485
2025-12-23T15:00:00,4445.455,4459.065,4429.975,4458.148
2025-12-23T16:00:00,4458.185,4476.385,4455.559,4474.055
2025-12-23T17:00:00,4474.045,4479.698,4469.505,4472.545
2025-12-23T18:00:00,4472.805,4484.815,4472.555,4484.305
2025-12-23T19:00:00,4484.345,4496.105,4484.059,4490.618
2025-12-23T20:00:00,4490.618,4499.669,4489.065,4497.448
2025-12-23T21:00:00,4497.448,4498.499,4483.215,4483.935
2025-12-23T23:00:00,4486.298,4510.175,4481.298,4503.125
2025-12-24T00:00:00,4503.095,4518.035,4500.495,4511.748
2025-12-24T01:00:00,4511.748,4525.765,4506.675,4518.635
2025-12-24T02:00:00,4518.635,4519.035,4474.035,4477.275
2025-12-24T03:00:00,4477.185,4498.255,4467.919,4492.825
2025-12-24T04:00:00,4492.875,4501.225,4491.005,4498.995
2025-12-24T05:00:00,4498.945,4500.198,4484.775,4488.235
2025-12-24T06:00:00,4488.285,4497.735,4484.935,4493.365
2025-12-24T07:00:00,4493.355,4494.675,4483.195,4483.625
2025-12-24T08:00:00,4483.585,4492.548,4477.805,4481.995
2025-12-24T09:00:00,4482.005,4495.885,4481.635,4494.475
2025-12-24T10:00:00,4494.475,4499.525,4481.988,4489.175
2025-12-24T11:00:00,4489.215,4491.685,4482.795,4491.235
2025-12-24T12:00:00,4491.235,4495.705,4489.435,4490.345
2025-12-24T13:00:00,4490.485,4493.245,4474.175,4487.635
2025-12-24T14:00:00,4487.715,4489.195,4460.335,4464.445
2025-12-24T15:00:00,4464.595,4476.275,4447.895,4458.235
2025-12-24T16:00:00,4458.195,4477.775,4455.725,4476.475
2025-12-24T17:00:00,4476.455,4487.515,4475.125,4480.249
2025-12-24T18:00:00,4480.279,4481.979,4476.918,4479.029
2025-12-25T23:00:00,4490.045,4499.625,4482.655,4494.785
2025-12-26T00:00:00,4494.875,4517.465,4491.945,4517.335
2025-12-26T01:00:00,4517.375,4530.975,4496.855,4503.845
2025-12-26T02:00:00,4503.545,4509.505,4491.535,4508.408
2025-12-26T03:00:00,4508.408,4513.015,4497.175,4501.565
2025-12-26T04:00:00,4501.589,4511.365,4500.235,4508.775
2025-12-26T05:00:00,4508.769,4514.515,4505.645,4509.595
2025-12-26T06:00:00,4509.595,4519.155,4507.555,4511.275
2025-12-26T07:00:00,4511.269,4515.225,4507.488,4510.555
2025-12-26T08:00:00,4510.625,4519.145,4509.175,4518.505
2025-12-26T09:00:00,4518.445,4520.178,4511.518,4512.258
2025-12-26T10:00:00,4512.295,4523.165,4510.808,4513.865
2025-12-26T11:00:00,4513.925,4515.228,4502.505,4509.495
2025-12-26T12:00:00,4509.545,4514.905,4506.255,4508.535
2025-12-26T13:00:00,4508.485,4528.155,4503.205,4524.839
2025-12-26T14:00:00,4524.865,4532.855,4512.385,4520.675
2025-12-26T15:00:00,4520.695,4547.045,4519.275,4546.245
2025-12-26T16:00:00,4546.275,4549.715,4531.155,4536.155
2025-12-26T17:00:00,4536.155,4537.698,4509.625,4518.795
2025-12-26T18:00:00,4518.729,4532.535,4514.515,4530.875
2025-12-26T19:00:00,4530.895,4535.365,4519.625,4523.515
2025-12-26T20:00:00,4523.535,4535.395,4521.498,4530.755
2025-12-26T21:00:00,4530.779,4534.408,4526.835,4532.365
2025-12-28T23:00:00,4538.698,4549.298,4522.625,4526.448
2025-12-29T00:00:00,4526.448,4527.545,4471.498,4496.998
2025-12-29T01:00:00,4496.899,4516.959,4491.408,4496.795
2025-12-29T02:00:00,4496.805,4515.595,4495.925,4512.025
2025-12-29T03:00:00,4512.025,4520.175,4509.045,4516.315
2025-12-29T04:00:00,4516.145,4519.325,4507.569,4515.425
2025-12-29T05:00:00,4515.349,4519.245,4504.699,4506.225
2025-12-29T06:00:00,4506.325,4510.289,4470.815,4474.715
2025-12-29T07:00:00,4474.648,4481.619,4444.735,4474.175
2025-12-29T08:00:00,4474.275,4488.255,4452.225,4460.599
2025-12-29T09:00:00,4460.599,4476.095,4458.805,4471.855
2025-12-29T10:00:00,4471.795,4474.265,4456.735,4460.555
2025-12-29T11:00:00,4460.505,4467.535,4433.835,4446.325
2025-12-29T12:00:00,4446.545,4464.548,4445.215,4463.998
2025-12-29T13:00:00,4464.098,4467.288,4406.775,4421.075
2025-12-29T14:00:00,4421.105,4421.105,4356.155,4359.845
2025-12-29T15:00:00,4359.885,4360.065,4300.698,4325.065
2025-12-29T16:00:00,4325.015,4347.148,4323.215,4341.325
2025-12-29T17:00:00,4341.785,4342.645,4314.845,4328.005
2025-12-29T18:00:00,4327.975,4334.625,4322.545,4331.098
2025-12-29T19:00:00,4331.398,4337.635,4327.298,4336.655
2025-12-29T20:00:00,4336.685,4344.265,4325.545,4334.455
2025-12-29T21:00:00,4334.535,4339.085,4327.095,4331.475
2025-12-29T23:00:00,4332.498,4346.815,4322.965,4345.455
2025-12-30T00:00:00,4345.465,4350.465,4334.285,4339.555
2025-12-30T01:00:00,4339.585,4359.965,4324.195,4359.965
2025-12-30T02:00:00,4359.935,4364.469,4348.598,4362.259
2025-12-30T03:00:00,4362.375,4368.925,4355.965,4358.875
2025-12-30T04:00:00,4358.895,4369.595,4357.285,4363.275
2025-12-30T05:00:00,4363.315,4379.765,4358.515,4377.348
2025-12-30T06:00:00,4377.275,4378.115,4359.605,4364.275
2025-12-30T07:00:00,4364.285,4383.035,4358.715,4372.098
2025-12-30T08:00:00,4372.098,4373.445,4349.955,4364.595
2025-12-30T09:00:00,4364.565,4376.245,4363.905,4371.915
2025-12-30T10:00:00,4371.895,4391.515,4367.575,4384.485
2025-12-30T11:00:00,4385.225,4390.035,4380.875,4383.965
2025-12-30T12:00:00,4383.965,4402.435,4383.115,4400.895
2025-12-30T13:00:00,4401.065,4403.998,4375.905,4388.035
2025-12-30T14:00:00,4388.075,4391.905,4355.335,4365.915
2025-12-30T15:00:00,4365.909,4377.245,4359.295,4364.885
2025-12-30T16:00:00,4365.085,4379.575,4354.585,4377.405
2025-12-30T17:00:00,4377.395,4381.625,4363.965,4369.885
2025-12-30T18:00:00,4369.925,4378.425,4362.355,4364.259
2025-12-30T19:00:00,4364.259,4367.755,4337.565,4348.345
2025-12-30T20:00:00,4348.345,4355.245,4337.735,4341.395
2025-12-30T21:00:00,4341.395,4350.065,4334.455,4338.029
2025-12-30T23:00:00,4340.098,4346.055,4328.765,4338.655
2025-12-31T00:00:00,4338.655,4346.298,4332.385,4341.925
2025-12-31T01:00:00,4342.105,4372.905,4336.549,4365.595
2025-12-31T02:00:00,4365.698,4371.005,4346.375,4348.525
2025-12-31T03:00:00,4348.545,4359.415,4340.435,4347.898
2025-12-31T04:00:00,4348.098,4350.898,4330.255,4332.598
2025-12-31T05:00:00,4332.375,4342.865,4275.525,4285.365
2025-12-31T06:00:00,4285.385,4328.498,4273.805,4327.698
2025-12-31T07:00:00,4327.955,4334.835,4323.285,4330.738
2025-12-31T08:00:00,4330.738,4332.605,4302.998,4307.185
2025-12-31T09:00:00,4307.135,4337.065,4306.885,4325.448
2025-12-31T10:00:00,4325.448,4331.035,4303.015,4306.325
2025-12-31T11:00:00,4306.155,4316.165,4303.858,4310.725
2025-12-31T12:00:00,4310.775,4317.925,4302.598,4313.515
2025-12-31T13:00:00,4313.485,4347.915,4307.745,4345.395
2025-12-31T14:00:00,4345.465,4353.048,4332.315,4345.548
2025-12-31T15:00:00,4345.548,4345.685,4326.418,4337.145
2025-12-31T16:00:00,4337.175,4339.505,4316.685,4322.618
2025-12-31T17:00:00,4322.618,4329.158,4317.885,4321.395
2025-12-31T18:00:00,4321.555,4331.275,4315.365,4319.255
2025-12-31T19:00:00,4319.545,4322.525,4307.585,4311.115
2025-12-31T20:00:00,4311.125,4324.285,4304.195,4313.045
2025-12-31T21:00:00,4313.305,4318.719,4306.835,4318.679
2026-01-01T23:00:00,4323.698,4351.005,4323.198,4347.805
2026-01-02T00:00:00,4347.798,4355.545,4341.075,4353.715
2026-01-02T01:00:00,4353.695,4355.575,4344.295,4347.685
2026-01-02T02:00:00,4347.635,4362.915,4344.735,4362.585
2026-01-02T03:00:00,4362.555,4375.398,4361.785,4374.748
2026-01-02T04:00:00,4374.759,4378.135,4371.038,4372.898
2026-01-02T05:00:00,4373.215,4381.495,4370.598,4380.335
2026-01-02T06:00:00,4380.345,4380.548,4372.965,4374.315
2026-01-02T07:00:00,4374.355,4383.165,4371.635,4382.525
2026-01-02T08:00:00,4382.545,4397.315,4380.555,4386.598
2026-01-02T09:00:00,4386.598,4391.248,4382.858,4385.055
2026-01-02T10:00:00,4385.085,4398.235,4384.198,4395.818
2026-01-02T11:00:00,4395.915,4398.998,4390.245,4392.535
2026-01-02T12:00:00,4392.565,4397.875,4384.705,4393.978
2026-01-02T13:00:00,4393.978,4401.928,4361.695,4365.785
2026-01-02T14:00:00,4365.905,4373.495,4347.635,4353.275
2026-01-02T15:00:00,4352.955,4356.905,4330.065,4335.095
2026-01-02T16:00:00,4335.055,4337.095,4314.845,4326.335
2026-01-02T17:00:00,4326.305,4333.215,4322.475,4322.825
2026-01-02T18:00:00,4322.785,4323.425,4309.618,4314.955
2026-01-02T19:00:00,4315.325,4326.005,4315.325,4317.845
2026-01-02T20:00:00,4317.815,4331.345,4316.925,4331.325
2026-01-02T21:00:00,4331.405,4333.165,4326.635,4331.575
2026-01-04T23:00:00,4360.875,4375.665,4344.425,4372.345
2026-01-05T00:00:00,4372.275,4396.475,4370.025,4394.765
2026-01-05T01:00:00,4394.905,4421.195,4390.558,4401.655
2026-01-05T02:00:00,4401.695,4409.095,4388.365,4404.985
2026-01-05T03:00:00,4404.948,4413.875,4399.485,4399.615
2026-01-05T04:00:00,4399.645,4408.055,4397.005,4403.865
2026-01-05T05:00:00,4403.835,4414.335,4400.978,4412.185
2026-01-05T06:00:00,4412.125,4426.095,4411.025,4420.235
2026-01-05T07:00:00,4420.205,4424.695,4416.475,4421.465
2026-01-05T08:00:00,4421.465,4433.675,4419.025,4429.885
2026-01-05T09:00:00,4429.655,4438.025,4425.798,4434.525
2026-01-05T10:00:00,4434.485,4439.675,4430.505,4436.085
2026-01-05T11:00:00,4436.115,4437.305,4410.285,4419.035
2026-01-05T12:00:00,4419.065,4421.225,4405.265,4409.455
2026-01-05T13:00:00,4409.485,4418.765,4396.045,4416.635
2026-01-05T14:00:00,4416.685,4442.575,4416.685,4435.998
2026-01-05T15:00:00,4435.998,4455.425,4435.345,4448.275
2026-01-05T16:00:00,4448.255,4454.125,4438.125,4441.535
2026-01-05T17:00:00,4441.815,4448.855,4432.095,4443.325
2026-01-05T18:00:00,4443.295,4448.348,4439.475,4448.348
2026-01-05T19:00:00,4448.348,4449.075,4434.585,4439.485
2026-01-05T20:00:00,4439.448,4446.715,4437.735,4444.555
2026-01-05T21:00:00,4444.545,4449.165,4443.058,4448.345
2026-01-05T23:00:00,4446.615,4459.815,4436.555,4440.285
2026-01-06T00:00:00,4440.285,4444.548,4429.988,4436.285
2026-01-06T01:00:00,4436.325,4452.145,4427.725,4450.325
2026-01-06T02:00:00,4450.465,4461.125,4448.395,4454.695
2026-01-06T03:00:00,4454.695,4467.885,4453.875,4467.305
2026-01-06T04:00:00,4467.298,4468.275,4461.475,4467.205
2026-01-06T05:00:00,4467.175,4473.915,4449.198,4451.725
2026-01-06T06:00:00,4452.115,4466.655,4451.205,4465.595
2026-01-06T07:00:00,4465.565,4470.035,4456.695,4459.125
2026-01-06T08:00:00,4459.105,4475.485,4456.975,4467.948
2026-01-06T09:00:00,4467.948,4468.185,4444.498,4446.055
2026-01-06T10:00:00,4446.085,4455.549,4442.095,4451.455
2026-01-06T11:00:00,4451.425,4464.198,4448.285,4462.948
2026-01-06T12:00:00,4463.048,4466.065,4458.478,4463.365
2026-01-06T13:00:00,4463.345,4470.175,4453.535,4467.695
2026-01-06T14:00:00,4467.735,4489.448,4464.165,4487.425
2026-01-06T15:00:00,4487.255,4490.615,4462.955,4478.025
2026-01-06T16:00:00,4477.978,4488.575,4471.178,4487.915
2026-01-06T17:00:00,4487.945,4491.248,4481.345,4489.148
2026-01-06T18:00:00,4489.098,4493.775,4481.728,4488.215
2026-01-06T19:00:00,4488.245,4489.165,4477.195,4481.195
2026-01-06T20:00:00,4481.155,4496.498,4480.135,4493.448
2026-01-06T21:00:00,4493.448,4497.048,4491.548,4493.185
2026-01-06T23:00:00,4494.298,4500.348,4491.935,4493.235
2026-01-07T00:00:00,4493.185,4494.475,4481.999,4491.735
2026-01-07T01:00:00,4491.695,4495.595,4460.625,4465.275
2026-01-07T02:00:00,4465.255,4478.405,4459.308,4474.255
2026-01-07T03:00:00,4474.305,4479.965,4471.365,4474.505
2026-01-07T04:00:00,4474.525,4475.755,4463.165,4464.515
2026-01-07T05:00:00,4464.495,4470.155,4442.935,4453.975
2026-01-07T06:00:00,4453.975,4460.105,4441.248,4443.798
2026-01-07T07:00:00,4443.798,4464.625,4441.375,4460.935
2026-01-07T08:00:00,4460.785,4474.648,4459.085,4468.075
2026-01-07T09:00:00,4467.895,4468.415,4459.215,4463.215
2026-01-07T10:00:00,4463.165,4467.475,4458.495,4464.095
2026-01-07T11:00:00,4464.065,4464.745,4446.255,4447.135
2026-01-07T12:00:00,4447.505,4454.805,4439.135,4444.685
2026-01-07T13:00:00,4444.609,4452.895,4427.505,4452.648
2026-01-07T14:00:00,4452.655,4454.095,4435.485,4444.548
2026-01-07T15:00:00,4444.548,4452.055,4423.135,4445.895
2026-01-07T16:00:00,4445.845,4468.075,4443.615,4463.865
2026-01-07T17:00:00,4463.875,4465.095,4449.455,4451.725
2026-01-07T18:00:00,4451.685,4458.655,4446.815,4451.835
2026-01-07T19:00:00,4451.865,4457.915,4445.105,4456.875
2026-01-07T20:00:00,4456.835,4461.365,4450.325,4451.805
2026-01-07T21:00:00,4452.075,4456.505,4449.688,4455.635
2026-01-07T23:00:00,4457.498,4463.735,4456.898,4463.205
2026-01-08T00:00:00,4463.145,4466.075,4446.395,4449.815
2026-01-08T01:00:00,4449.835,4460.025,4441.678,4448.065
2026-01-08T02:00:00,4448.065,4449.205,4433.275,4440.975
2026-01-08T03:00:00,4440.965,4446.195,4437.005,4439.925
2026-01-08T04:00:00,4439.925,4440.255,4429.838,4431.275
2026-01-08T05:00:00,4431.225,4432.105,4415.215,4425.395
2026-01-08T06:00:00,4425.375,4437.348,4415.415,4433.025
2026-01-08T07:00:00,4432.995,4439.448,4428.005,4430.745
2026-01-08T08:00:00,4430.725,4433.175,4419.438,4431.435
2026-01-08T09:00:00,4431.239,4435.145,4425.825,4432.405
2026-01-08T10:00:00,4432.425,4434.615,4422.755,4433.048
2026-01-08T11:00:00,4433.048,4433.048,4421.885,4422.675
2026-01-08T12:00:00,4422.735,4431.055,4407.485,4427.415
2026-01-08T13:00:00,4427.375,4435.605,4417.095,4423.515
2026-01-08T14:00:00,4423.575,4439.185,4418.915,4432.755
2026-01-08T15:00:00,4432.725,4456.315,4427.615,4454.015
2026-01-08T16:00:00,4454.035,4464.255,4446.695,4462.935
2026-01-08T17:00:00,4462.945,4465.165,4457.275,4463.165
2026-01-08T18:00:00,4463.175,4463.175,4447.675,4449.235
2026-01-08T19:00:00,4449.208,4452.775,4444.565,4451.895
2026-01-08T20:00:00,4451.875,4477.898,4451.285,4475.925
2026-01-08T21:00:00,4475.835,4479.398,4472.398,4477.555
2026-01-08T23:00:00,4478.698,4483.548,4472.515,4475.485
2026-01-09T00:00:00,4475.445,4476.675,4459.525,4462.218
2026-01-09T01:00:00,4462.238,4469.805,4452.585,4468.745
2026-01-09T02:00:00,4468.715,4476.295,4465.425,4469.305
2026-01-09T03:00:00,4469.275,4469.765,4460.215,4463.905
2026-01-09T04:00:00,4463.875,4466.785,4460.558,4464.465
2026-01-09T05:00:00,4464.445,4471.535,4457.985,4467.845
2026-01-09T06:00:00,4468.335,4477.125,4465.815,4473.805
2026-01-09T07:00:00,4473.875,4475.235,4468.299,4469.935
2026-01-09T08:00:00,4470.025,4476.685,4463.905,4468.345
2026-01-09T09:00:00,4468.295,4477.445,4468.245,4470.815
2026-01-09T10:00:00,4470.785,4473.935,4466.798,4472.248
2026-01-09T11:00:00,4472.248,4475.898,4468.385,4475.048
2026-01-09T12:00:00,4474.995,4480.335,4460.705,4465.685
2026-01-09T13:00:00,4465.765,4491.595,4458.595,4482.178
2026-01-09T14:00:00,4482.178,4497.898,4478.985,4494.095
2026-01-09T15:00:00,4494.075,4516.898,4489.818,4511.988
2026-01-09T16:00:00,4511.988,4513.908,4499.498,4506.305
2026-01-09T17:00:00,4506.315,4511.455,4481.615,4484.205
2026-01-09T18:00:00,4484.105,4504.305,4482.655,4495.755
2026-01-09T19:00:00,4495.755,4501.498,4492.425,4498.925
2026-01-09T20:00:00,4498.865,4509.805,4497.405,4507.275
2026-01-09T21:00:00,4507.265,4510.998,4504.748,4509.015
2026-01-11T23:00:00,4520.298,4544.735,4511.898,4539.855
2026-01-12T00:00:00,4539.775,4601.048,4536.055,4588.548
2026-01-12T01:00:00,4588.548,4594.498,4569.755,4569.755
2026-01-12T02:00:00,4569.725,4581.745,4561.355,4577.345
2026-01-12T03:00:00,4577.225,4581.255,4567.445,4570.285
2026-01-12T04:00:00,4570.305,4571.995,4563.118,4568.365
2026-01-12T05:00:00,4568.415,4584.695,4565.835,4580.575
2026-01-12T06:00:00,4580.615,4580.615,4569.455,4578.395
2026-01-12T07:00:00,4578.415,4589.465,4574.585,4587.485
2026-01-12T08:00:00,4587.455,4598.315,4579.235,4596.695
2026-01-12T09:00:00,4596.725,4599.245,4587.415,4588.945
2026-01-12T10:00:00,4588.965,4595.145,4585.835,4594.055
2026-01-12T11:00:00,4594.075,4594.725,4581.415,4584.995
2026-01-12T12:00:00,4585.015,4590.575,4578.145,4590.315
2026-01-12T13:00:00,4590.285,4620.185,4588.345,4615.555
2026-01-12T14:00:00,4615.585,4617.055,4584.615,4601.778
2026-01-12T15:00:00,4601.775,4627.275,4601.548,4621.135
2026-01-12T16:00:00,4620.765,4629.975,4607.508,4616.625
2026-01-12T17:00:00,4616.675,4620.448,4610.565,4616.155
2026-01-12T18:00:00,4616.195,4618.435,4600.215,4610.655
2026-01-12T19:00:00,4610.685,4618.695,4608.535,4610.975
2026-01-12T20:00:00,4611.015,4611.625,4591.405,4593.555
2026-01-12T21:00:00,4593.535,4598.815,4589.195,4598.545
2026-01-12T23:00:00,4599.498,4607.098,4577.335,4599.095
2026-01-13T00:00:00,4599.205,4599.365,4584.148,4587.045
2026-01-13T01:00:00,4587.065,4595.555,4575.275,4577.655
2026-01-13T02:00:00,4577.625,4594.815,4576.455,4594.025
2026-01-13T03:00:00,4593.865,4599.455,4592.325,4593.955
2026-01-13T04:00:00,4593.925,4599.635,4593.725,4596.148
2026-01-13T05:00:00,4596.095,4601.945,4585.395,4591.925
2026-01-13T06:00:00,4591.815,4592.185,4573.325,4581.555
2026-01-13T07:00:00,4581.595,4586.945,4577.215,4580.445
2026-01-13T08:00:00,4580.495,4596.855,4579.505,4592.555
2026-01-13T09:00:00,4592.585,4595.515,4585.368,4585.698
2026-01-13T10:00:00,4585.948,4588.115,4580.065,4586.145
2026-01-13T11:00:00,4586.105,4591.915,4581.905,4588.365
2026-01-13T12:00:00,4588.435,4595.035,4577.615,4593.045
2026-01-13T13:00:00,4592.995,4620.548,4590.405,4611.145
2026-01-13T14:00:00,4611.165,4634.285,4608.695,4629.065
2026-01-13T15:00:00,4629.075,4629.555,4600.415,4618.905
2026-01-13T16:00:00,4618.885,4620.445,4592.775,4613.045
2026-01-13T17:00:00,4612.985,4615.725,4586.348,4590.255
2026-01-13T18:00:00,4590.255,4601.735,4580.835,4593.758
2026-01-13T19:00:00,4593.758,4598.765,4583.985,4597.305
2026-01-13T20:00:00,4597.325,4597.555,4569.185,4585.718
2026-01-13T21:00:00,4585.995,4589.585,4582.508,4585.655
2026-01-13T23:00:00,4586.165,4598.655,4586.165,4596.805
2026-01-14T00:00:00,4596.795,4610.455,4596.745,4608.898
2026-01-14T01:00:00,4608.995,4619.765,4605.875,4619.025
2026-01-14T02:00:00,4619.055,4623.535,4613.935,4620.325
2026-01-14T03:00:00,4620.305,4629.865,4613.095,4627.955
2026-01-14T04:00:00,4627.975,4630.215,4625.015,4629.015
2026-01-14T05:00:00,4629.075,4639.535,4617.685,4619.565
2026-01-14T06:00:00,4619.605,4637.065,4618.305,4637.045
2026-01-14T07:00:00,4637.055,4639.495,4631.355,4632.145
2026-01-14T08:00:00,4632.125,4637.685,4621.265,4634.775
2026-01-14T09:00:00,4634.545,4639.425,4626.815,4630.345
2026-01-14T10:00:00,4630.335,4638.015,4627.605,4632.885
2026-01-14T11:00:00,4632.945,4637.315,4625.795,4630.145
2026-01-14T12:00:00,4630.375,4641.595,4630.055,4638.455
2026-01-14T13:00:00,4638.485,4641.395,4623.645,4635.495
2026-01-14T14:00:00,4635.535,4638.765,4606.655,4617.035
2026-01-14T15:00:00,4616.958,4626.415,4599.165,4617.715
2026-01-14T16:00:00,4617.735,4624.615,4608.445,4616.855
2026-01-14T17:00:00,4616.805,4618.905,4600.985,4614.125
2026-01-14T18:00:00,4614.075,4637.115,4612.645,4635.005
2026-01-14T19:00:00,4634.975,4642.695,4632.915,4638.995
2026-01-14T20:00:00,4639.045,4641.335,4625.485,4632.445
2026-01-14T21:00:00,4632.385,4632.875,4617.665,4626.065
2026-01-14T23:00:00,4629.225,4631.645,4602.575,4615.015
2026-01-15T00:00:00,4614.935,4617.915,4609.945,4614.895
2026-01-15T01:00:00,4614.875,4617.395,4583.215,4599.665
2026-01-15T02:00:00,4599.748,4614.415,4595.255,4602.735
2026-01-15T03:00:00,4602.715,4604.095,4580.925,4592.015
2026-01-15T04:00:00,4592.015,4597.175,4586.695,4591.965
2026-01-15T05:00:00,4591.945,4598.685,4580.815,4594.945
2026-01-15T06:00:00,4594.975,4611.785,4593.255,4609.845
2026-01-15T07:00:00,4609.825,4613.365,4599.015,4601.565
2026-01-15T08:00:00,4601.585,4606.915,4597.685,4604.115
2026-01-15T09:00:00,4604.125,4612.935,4600.435,4612.445
2026-01-15T10:00:00,4612.415,4620.555,4609.155,4619.615
2026-01-15T11:00:00,4619.665,4622.755,4615.305,4619.005
2026-01-15T12:00:00,4619.105,4620.555,4611.465,4613.755
2026-01-15T13:00:00,4613.785,4615.905,4582.135,4588.015
2026-01-15T14:00:00,4588.195,4614.795,4583.105,4610.795
2026-01-15T15:00:00,4610.508,4617.708,4603.468,4615.145
2026-01-15T16:00:00,4615.165,4624.325,4600.975,4605.295
2026-01-15T17:00:00,4605.315,4616.625,4605.315,4616.198
2026-01-15T18:00:00,4616.065,4620.848,4613.168,4617.308
2026-01-15T19:00:00,4617.308,4621.295,4612.485,4615.635
2026-01-15T20:00:00,4615.635,4616.115,4600.399,4605.555
2026-01-15T21:00:00,4605.545,4616.088,4604.175,4614.819
2026-01-15T23:00:00,4613.498,4620.448,4606.055,4609.855
2026-01-16T00:00:00,4609.835,4610.845,4598.098,4599.648
2026-01-16T01:00:00,4599.495,4608.325,4593.565,4600.335
2026-01-16T02:00:00,4600.305,4604.005,4590.975,4594.448
2026-01-16T03:00:00,4594.825,4599.615,4592.605,4596.115
2026-01-16T04:00:00,4596.055,4601.915,4595.835,4600.869
2026-01-16T05:00:00,4600.885,4615.735,4595.105,4611.275
2026-01-16T06:00:00,4611.235,4612.095,4593.865,4597.845
2026-01-16T07:00:00,4597.915,4611.825,4596.515,4607.285
2026-01-16T08:00:00,4607.245,4610.355,4600.945,4602.985
2026-01-16T09:00:00,4603.045,4608.335,4598.615,4600.395
2026-01-16T10:00:00,4600.325,4610.945,4599.465,4599.885
2026-01-16T11:00:00,4599.915,4615.965,4598.285,4612.335
2026-01-16T12:00:00,4612.365,4612.675,4596.915,4601.598
2026-01-16T13:00:00,4601.628,4605.305,4582.105,4601.625
2026-01-16T14:00:00,4601.605,4614.505,4595.748,4607.445
2026-01-16T15:00:00,4607.475,4620.035,4536.515,4570.855
2026-01-16T16:00:00,4570.835,4598.835,4567.138,4591.025
2026-01-16T17:00:00,4590.965,4592.985,4576.395,4581.185
2026-01-16T18:00:00,4581.155,4595.865,4579.648,4582.415
2026-01-16T19:00:00,4582.395,4592.149,4580.655,4590.245
2026-01-16T20:00:00,4590.285,4595.655,4580.335,4581.685
2026-01-16T21:00:00,4581.598,4598.085,4581.598,4595.515
2026-01-18T23:00:00,4625.755,4690.265,4618.988,4672.365
2026-01-19T00:00:00,4672.375,4681.735,4660.685,4674.995
2026-01-19T01:00:00,4675.215,4678.285,4655.835,4657.045
2026-01-19T02:00:00,4657.025,4664.775,4652.845,4662.275
2026-01-19T03:00:00,4662.225,4669.675,4657.845,4658.048
2026-01-19T04:00:00,4658.208,4665.865,4657.898,4663.095
2026-01-19T05:00:00,4663.075,4674.165,4662.955,4669.815
2026-01-19T06:00:00,4669.815,4678.855,4666.529,4677.765
2026-01-19T07:00:00,4677.725,4678.415,4661.628,4664.955
2026-01-19T08:00:00,4664.955,4673.655,4661.345,4663.275
2026-01-19T09:00:00,4663.275,4672.645,4661.658,4668.205
2026-01-19T10:00:00,4668.155,4671.055,4660.948,4663.565
2026-01-19T11:00:00,4663.595,4667.335,4659.425,4660.295
2026-01-19T12:00:00,4660.335,4673.585,4659.825,4671.805
2026-01-19T13:00:00,4671.599,4673.565,4664.185,4665.905
2026-01-19T14:00:00,4665.885,4670.205,4661.198,4666.355
2026-01-19T15:00:00,4666.315,4675.955,4663.995,4674.055
2026-01-19T16:00:00,4674.085,4675.435,4670.145,4671.945
2026-01-19T17:00:00,4671.975,4678.665,4668.848,4676.035
2026-01-19T18:00:00,4676.015,4680.105,4673.475,4676.248
2026-01-19T19:00:00,4676.248,4676.348,4666.848,4669.975
2026-01-19T23:00:00,4671.298,4676.448,4664.185,4665.135
2026-01-20T00:00:00,4665.145,4667.815,4659.245,4660.095
2026-01-20T01:00:00,4660.115,4675.885,4659.665,4669.505
2026-01-20T02:00:00,4669.395,4674.645,4665.205,4668.505
2026-01-20T03:00:00,4668.565,4681.355,4665.735,4679.985
2026-01-20T04:00:00,4679.965,4696.785,4679.405,4695.025
2026-01-20T05:00:00,4694.995,4716.395,4694.115,4714.148
2026-01-20T06:00:00,4714.148,4716.925,4705.355,4712.285
2026-01-20T07:00:00,4712.245,4722.505,4711.215,4715.915
2026-01-20T08:00:00,4715.945,4731.435,4714.745,4729.205
2026-01-20T09:00:00,4729.225,4737.285,4720.998,4732.165
2026-01-20T10:00:00,4732.195,4734.825,4722.785,4726.355
2026-01-20T11:00:00,4726.375,4735.145,4721.415,4732.885
2026-01-20T12:00:00,4732.678,4732.678,4723.765,4727.365
2026-01-20T13:00:00,4727.345,4738.165,4715.075,4736.855
2026-01-20T14:00:00,4736.905,4750.835,4728.295,4740.805
2026-01-20T15:00:00,4740.658,4748.295,4722.028,4737.215
2026-01-20T16:00:00,4737.235,4757.355,4728.685,4753.255
2026-01-20T17:00:00,4753.245,4762.205,4745.755,4758.898
2026-01-20T18:00:00,4758.915,4766.045,4752.485,4759.205
2026-01-20T19:00:00,4759.205,4766.145,4756.235,4760.555
2026-01-20T20:00:00,4760.505,4760.995,4747.048,4756.405
2026-01-20T21:00:00,4756.415,4763.775,4756.055,4762.945
2026-01-20T23:00:00,4761.375,4780.895,4756.578,4775.625
2026-01-21T00:00:00,4775.605,4787.495,4770.198,4784.325
2026-01-21T01:00:00,4784.305,4843.925,4783.315,4835.045
2026-01-21T02:00:00,4835.155,4841.945,4817.005,4836.465
2026-01-21T03:00:00,4836.455,4849.545,4826.795,4844.735
2026-01-21T04:00:00,4844.675,4870.685,4837.695,4865.795
2026-01-21T05:00:00,4865.695,4878.065,4858.605,4869.745
2026-01-21T06:00:00,4869.805,4888.075,4845.455,4847.275
2026-01-21T07:00:00,4847.255,4856.875,4832.375,4855.055
2026-01-21T08:00:00,4855.075,4869.375,4851.325,4854.435
2026-01-21T09:00:00,4854.455,4876.965,4852.115,4860.175
2026-01-21T10:00:00,4860.135,4866.555,4859.235,4861.898
2026-01-21T11:00:00,4861.898,4871.305,4854.975,4866.705
2026-01-21T12:00:00,4866.735,4870.715,4855.415,4864.975
2026-01-21T13:00:00,4865.313,4880.135,4858.255,4879.215
2026-01-21T14:00:00,4879.195,4880.635,4839.115,4851.595
2026-01-21T15:00:00,4851.515,4868.575,4812.415,4847.505
2026-01-21T16:00:00,4847.535,4855.435,4819.615,4833.265
2026-01-21T17:00:00,4833.295,4834.135,4802.325,4826.125
2026-01-21T18:00:00,4826.155,4850.445,4819.515,4850.095
2026-01-21T19:00:00,4850.125,4853.875,4755.345,4780.995
2026-01-21T20:00:00,4780.858,4827.675,4771.915,4826.345
2026-01-21T21:00:00,4826.315,4839.535,4813.005,4831.685
2026-01-21T23:00:00,4832.695,4833.415,4777.265,4777.915
2026-01-22T00:00:00,4777.875,4798.665,4777.795,4797.975
2026-01-22T01:00:00,4797.955,4809.405,4772.185,4797.835
2026-01-22T02:00:00,4797.635,4798.165,4774.535,4788.845
2026-01-22T03:00:00,4788.845,4796.565,4784.055,4796.365
2026-01-22T04:00:00,4796.395,4800.245,4793.615,4797.305
2026-01-22T05:00:00,4797.275,4821.265,4793.505,4821.115
2026-01-22T06:00:00,4821.145,4829.195,4816.205,4826.405
2026-01-22T07:00:00,4826.605,4839.353,4825.575,4832.485
2026-01-22T08:00:00,4832.465,4835.325,4821.975,4830.435
2026-01-22T09:00:00,4830.495,4837.925,4813.605,4822.945
2026-01-22T10:00:00,4822.965,4831.645,4819.305,4828.795
2026-01-22T11:00:00,4828.835,4836.145,4824.445,4831.015
2026-01-22T12:00:00,4830.985,4832.365,4818.615,4819.405
2026-01-22T13:00:00,4819.365,4835.235,4810.535,4822.125
2026-01-22T14:00:00,4822.095,4847.505,4820.225,4834.845
2026-01-22T15:00:00,4834.498,4873.535,4825.358,4871.615
2026-01-22T16:00:00,4871.645,4885.235,4867.915,4877.835
2026-01-22T17:00:00,4877.875,4906.095,4869.195,4904.385
2026-01-22T18:00:00,4904.355,4919.385,4901.115,4915.815
2026-01-22T19:00:00,4915.775,4924.235,4905.755,4911.575
2026-01-22T20:00:00,4911.595,4928.295,4911.375,4916.875
2026-01-22T21:00:00,4916.805,4940.615,4914.485,4935.685
2026-01-22T23:00:00,4935.698,4960.435,4929.945,4958.795
2026-01-23T00:00:00,4958.785,4965.765,4947.235,4965.025
2026-01-23T01:00:00,4965.055,4967.075,4935.995,4953.315
2026-01-23T02:00:00,4953.295,4962.125,4946.665,4955.395
2026-01-23T03:00:00,4955.365,4958.915,4937.845,4951.855
2026-01-23T04:00:00,4951.835,4958.295,4950.025,4956.095
2026-01-23T05:00:00,4956.075,4967.235,4954.395,4960.425
2026-01-23T06:00:00,4960.405,4963.035,4945.405,4953.595
2026-01-23T07:00:00,4953.635,4959.505,4943.105,4944.325
2026-01-23T08:00:00,4944.305,4947.565,4901.005,4913.535
2026-01-23T09:00:00,4913.635,4921.225,4899.545,4918.415
2026-01-23T10:00:00,4918.465,4932.265,4915.485,4929.635
2026-01-23T11:00:00,4929.715,4929.735,4911.625,4922.625
2026-01-23T12:00:00,4923.025,4942.295,4918.205,4939.225
2026-01-23T13:00:00,4939.175,4947.785,4923.305,4938.945
2026-01-23T14:00:00,4938.865,4956.325,4932.535,4942.995
2026-01-23T15:00:00,4943.005,4963.265,4937.965,4960.295
2026-01-23T16:00:00,4960.345,4988.095,4958.898,4980.125
2026-01-23T17:00:00,4980.165,4987.815,4961.845,4965.525
2026-01-23T18:00:00,4965.585,4983.885,4957.995,4966.375
2026-01-23T19:00:00,4966.505,4989.675,4966.505,4983.945
2026-01-23T20:00:00,4983.875,4985.455,4970.385,4980.725
2026-01-23T21:00:00,4980.805,4989.648,4977.925,4983.785
2026-01-25T23:00:00,5003.285,5039.695,5001.098,5039.395
2026-01-26T00:00:00,5039.525,5051.885,5030.275,5041.495
2026-01-26T01:00:00,5041.565,5085.355,5028.745,5070.775
2026-01-26T02:00:00,5070.725,5092.785,5066.625,5080.695
2026-01-26T03:00:00,5080.685,5087.575,5069.905,5076.525
2026-01-26T04:00:00,5076.445,5077.985,5058.045,5070.175
2026-01-26T05:00:00,5070.145,5076.325,5052.175,5074.185
2026-01-26T06:00:00,5074.165,5110.885,5065.175,5077.235
2026-01-26T07:00:00,5077.235,5095.585,5073.575,5088.855
2026-01-26T08:00:00,5088.815,5098.225,5080.0,5083.185
2026-01-26T09:00:00,5082.965,5098.376,5075.145,5083.995
2026-01-26T10:00:00,5084.57,5094.895,5078.395,5091.545
2026-01-26T11:00:00,5091.525,5092.755,5078.215,5091.345
2026-01-26T12:00:00,5091.385,5096.835,5076.935,5078.745
2026-01-26T13:00:00,5078.665,5082.915,5054.375,5068.395
2026-01-26T14:00:00,5068.515,5096.805,5058.125,5095.898
2026-01-26T15:00:00,5095.898,5097.215,5073.845,5090.615
2026-01-26T16:00:00,5090.655,5105.015,5065.025,5089.375
2026-01-26T17:00:00,5089.375,5104.858,5080.205,5100.805
2026-01-26T18:00:00,5100.855,5103.105,5057.425,5068.685
2026-01-26T19:00:00,5068.665,5069.555,5008.018,5028.225
2026-01-26T20:00:00,5028.265,5062.055,5026.085,5055.095
2026-01-26T21:00:00,5055.105,5058.799,4989.805,5009.535
2026-01-26T23:00:00,5011.698,5061.195,5010.918,5043.195
2026-01-27T00:00:00,5043.225,5053.765,5013.595,5032.645
2026-01-27T01:00:00,5032.665,5075.635,5018.248,5059.815
2026-01-27T02:00:00,5059.935,5079.575,5049.415,5072.315
2026-01-27T03:00:00,5072.345,5078.985,5060.005,5076.815
2026-01-27T04:00:00,5076.785,5078.575,5061.325,5067.565
2026-01-27T05:00:00,5067.505,5085.115,5057.005,5082.825
2026-01-27T06:00:00,5082.855,5093.825,5076.525,5085.575
2026-01-27T07:00:00,5085.585,5100.585,5081.095,5085.725
2026-01-27T08:00:00,5085.725,5087.985,5073.075,5079.335
2026-01-27T09:00:00,5079.315,5099.345,5077.558,5098.595
2026-01-27T10:00:00,5098.195,5098.425,5081.745,5086.195
2026-01-27T11:00:00,5086.225,5090.585,5066.808,5076.705
2026-01-27T12:00:00,5076.755,5091.015,5073.395,5084.825
2026-01-27T13:00:00,5084.835,5092.695,5069.435,5077.055
2026-01-27T14:00:00,5077.055,5081.975,5046.465,5052.555
2026-01-27T15:00:00,5052.048,5091.075,5047.485,5090.775
2026-01-27T16:00:00,5090.575,5103.075,5083.065,5087.295
2026-01-27T17:00:00,5087.265,5093.845,5076.565,5081.005
2026-01-27T18:00:00,5081.035,5095.415,5076.135,5087.855
2026-01-27T19:00:00,5087.875,5099.875,5080.875,5098.745
2026-01-27T20:00:00,5098.715,5182.195,5097.745,5176.548
2026-01-27T21:00:00,5176.748,5190.235,5168.845,5178.675
2026-01-27T23:00:00,5178.725,5183.998,5158.525,5171.895
2026-01-28T00:00:00,5171.975,5179.925,5157.115,5171.865
2026-01-28T01:00:00,5171.655,5224.985,5168.445,5204.265
2026-01-28T02:00:00,5204.305,5234.415,5201.375,5231.815
2026-01-28T03:00:00,5231.455,5247.475,5224.265,5234.945
2026-01-28T04:00:00,5234.845,5248.755,5232.105,5245.385
2026-01-28T05:00:00,5245.395,5266.395,5241.325,5261.135
2026-01-28T06:00:00,5261.185,5271.195,5251.695,5269.798
2026-01-28T07:00:00,5269.635,5292.565,5262.765,5290.335
2026-01-28T08:00:00,5290.285,5311.245,5280.385,5293.345
2026-01-28T09:00:00,5293.375,5297.205,5262.915,5278.055
2026-01-28T10:00:00,5278.095,5285.515,5269.245,5269.819
2026-01-28T11:00:00,5269.855,5270.625,5238.345,5261.375
2026-01-28T12:00:00,5261.385,5279.115,5251.515,5279.025
2026-01-28T13:00:00,5278.965,5289.235,5256.635,5266.295
2026-01-28T14:00:00,5266.575,5288.245,5248.535,5285.945
2026-01-28T15:00:00,5285.459,5298.125,5235.238,5278.085
2026-01-28T16:00:00,5278.045,5300.005,5274.255,5299.645
2026-01-28T17:00:00,5299.585,5306.795,5282.935,5297.855
2026-01-28T18:00:00,5298.218,5325.755,5268.245,5279.248
2026-01-28T19:00:00,5279.258,5331.598,5269.165,5325.105
2026-01-28T20:00:00,5324.889,5391.195,5320.955,5376.435
2026-01-28T21:00:00,5376.555,5418.945,5376.548,5414.575
2026-01-28T23:00:00,5417.098,5596.805,5417.098,5512.255
2026-01-29T00:00:00,5512.795,5526.685,5452.305,5519.898
2026-01-29T01:00:00,5519.865,5551.315,5444.348,5545.405
2026-01-29T02:00:00,5545.355,5549.845,5503.845,5535.565
2026-01-29T03:00:00,5535.625,5548.785,5507.835,5545.655
2026-01-29T04:00:00,5545.635,5564.335,5532.975,5557.855
2026-01-29T05:00:00,5557.448,5564.235,5515.485,5562.295
2026-01-29T06:00:00,5562.475,5595.275,5554.515,5561.065
2026-01-29T07:00:00,5561.025,5574.835,5536.575,5548.755
2026-01-29T08:00:00,5548.725,5554.585,5472.965,5509.645
2026-01-29T09:00:00,5509.365,5529.605,5497.575,5513.715
2026-01-29T10:00:00,5513.755,5525.295,5482.225,5483.275
2026-01-29T11:00:00,5483.625,5528.695,5470.545,5522.445
2026-01-29T12:00:00,5522.425,5542.835,5518.305,5533.915
2026-01-29T13:00:00,5533.955,5540.925,5499.625,5510.155
2026-01-29T14:00:00,5510.325,5549.335,5490.775,5496.045
2026-01-29T15:00:00,5496.055,5496.055,5098.765,5181.848
2026-01-29T16:00:00,5181.825,5310.815,5171.455,5263.765
2026-01-29T17:00:00,5263.715,5375.255,5263.715,5334.385
2026-01-29T18:00:00,5334.475,5361.525,5306.825,5338.628
2026-01-29T19:00:00,5338.628,5344.935,5289.655,5305.385
2026-01-29T20:00:00,5305.395,5406.785,5282.335,5393.565
2026-01-29T21:00:00,5393.595,5425.165,5370.0,5378.815
2026-01-29T23:00:00,5384.575,5447.649,5376.098,5437.995
2026-01-30T00:00:00,5437.995,5450.745,5389.245,5406.815
2026-01-30T01:00:00,5407.265,5409.275,5290.0,5300.125
2026-01-30T02:00:00,5300.098,5312.098,5111.398,5223.885
2026-01-30T03:00:00,5223.795,5228.645,5150.235,5195.415
2026-01-30T04:00:00,5195.335,5229.995,5192.755,5214.545
2026-01-30T05:00:00,5213.513,5240.865,5179.185,5184.035
2026-01-30T06:00:00,5184.115,5204.835,5145.095,5155.385
2026-01-30T07:00:00,5155.365,5185.665,5117.205,5180.805
2026-01-30T08:00:00,5180.805,5180.805,5051.785,5116.455
2026-01-30T09:00:00,5116.535,5132.275,4940.895,5012.365
2026-01-30T10:00:00,5012.345,5121.348,4999.378,5118.765
2026-01-30T11:00:00,5118.285,5144.288,5087.215,5135.285
2026-01-30T12:00:00,5135.285,5145.445,5054.185,5063.545
2026-01-30T13:00:00,5063.545,5099.255,4990.875,5018.965
2026-01-30T14:00:00,5018.805,5112.258,5013.825,5031.825
2026-01-30T15:00:00,5031.698,5073.408,4979.725,5050.045
2026-01-30T16:00:00,5050.035,5051.528,4943.195,4984.465
2026-01-30T17:00:00,4984.515,4985.515,4799.458,4848.898
2026-01-30T18:00:00,4848.798,4892.365,4679.725,4877.498
2026-01-30T19:00:00,4877.798,4947.475,4841.805,4931.925
2026-01-30T20:00:00,4931.975,4932.245,4806.428,4846.808
2026-01-30T21:00:00,4846.298,4895.615,4830.875,4895.118
2026-02-01T23:00:00,4817.598,4820.748,4694.575,4741.745
2026-02-02T00:00:00,4741.725,4884.248,4739.545,4765.848
2026-02-02T01:00:00,4764.948,4783.748,4582.798,4736.205
2026-02-02T02:00:00,4735.975,4772.045,4696.025,4709.698
2026-02-02T03:00:00,4709.698,4728.258,4629.425,4645.605
2026-02-02T04:00:00,4646.125,4712.188,4602.425,4678.565
2026-02-02T05:00:00,4678.565,4695.568,4496.635,4547.988
2026-02-02T06:00:00,4547.265,4572.658,4401.038,4504.005
2026-02-02T07:00:00,4504.315,4618.295,4482.468,4586.155
2026-02-02T08:00:00,4586.195,4650.585,4557.905,4639.735
2026-02-02T09:00:00,4639.715,4730.268,4602.255,4718.315
2026-02-02T10:00:00,4718.285,4732.848,4655.628,4704.508
2026-02-02T11:00:00,4704.508,4779.025,4702.708,4765.245
2026-02-02T12:00:00,4765.345,4811.895,4742.705,4793.485
2026-02-02T13:00:00,4793.505,4803.268,4668.448,4705.619
2026-02-02T14:00:00,4705.769,4792.989,4679.475,4715.975
2026-02-02T15:00:00,4705.108,4744.698,4616.395,4619.345
2026-02-02T16:00:00,4619.235,4708.098,4596.125,4665.528
2026-02-02T17:00:00,4665.528,4713.318,4655.985,4673.385
2026-02-02T18:00:00,4673.395,4673.645,4617.758,4657.385
2026-02-02T19:00:00,4657.285,4712.218,4631.005,4684.708
2026-02-02T20:00:00,4684.708,4700.295,4647.355,4652.675
2026-02-02T21:00:00,4652.348,4686.495,4643.325,4657.245
2026-02-02T23:00:00,4670.098,4775.415,4661.788,4773.935
2026-02-03T00:00:00,4773.975,4829.895,4765.425,4779.425
2026-02-03T01:00:00,4781.445,4856.248,4765.348,4840.875
2026-02-03T02:00:00,4840.795,4841.195,4744.808,4782.845
2026-02-03T03:00:00,4782.875,4812.865,4751.165,4808.795
2026-02-03T04:00:00,4808.665,4824.765,4800.215,4808.765
2026-02-03T05:00:00,4809.255,4841.365,4808.608,4824.605
2026-02-03T06:00:00,4824.615,4893.535,4815.895,4880.745
2026-02-03T07:00:00,4880.595,4933.305,4871.525,4916.935
2026-02-03T08:00:00,4916.905,4949.395,4897.995,4912.125
2026-02-03T09:00:00,4912.085,4925.915,4884.275,4915.835
2026-02-03T10:00:00,4915.845,4929.515,4901.415,4901.965
2026-02-03T11:00:00,4901.985,4918.905,4883.445,4916.475
2026-02-03T12:00:00,4916.991,4935.308,4891.855,4913.405
2026-02-03T13:00:00,4913.395,4950.835,4902.325,4932.745
2026-02-03T14:00:00,4932.685,4936.195,4892.895,4916.245
2026-02-03T15:00:00,4916.315,4948.355,4904.025,4935.115
2026-02-03T16:00:00,4935.265,4993.458,4929.425,4955.348
2026-02-03T17:00:00,4955.358,4969.425,4906.975,4928.405
2026-02-03T18:00:00,4928.405,4953.635,4882.365,4908.075
2026-02-03T19:00:00,4908.075,4948.538,4880.295,4926.945
2026-02-03T20:00:00,4926.925,4956.698,4901.945,4943.988
2026-02-03T21:00:00,4944.078,4963.965,4933.328,4944.665
2026-02-03T23:00:00,4940.908,4971.098,4904.069,4946.875
2026-02-04T00:00:00,4946.895,5015.868,4945.725,5015.425
2026-02-04T01:00:00,5015.865,5052.865,4984.635,5046.125
2026-02-04T02:00:00,5046.115,5065.325,5035.085,5039.645
2026-02-04T03:00:00,5039.309,5073.315,5035.675,5069.805
2026-02-04T04:00:00,5069.815,5081.225,5055.895,5080.195
2026-02-04T05:00:00,5080.125,5090.145,5068.855,5079.155
2026-02-04T06:00:00,5079.185,5082.595,5050.745,5076.275
2026-02-04T07:00:00,5076.265,5091.115,5061.785,5084.298
2026-02-04T08:00:00,5084.298,5091.395,5068.475,5083.138
2026-02-04T09:00:00,5083.148,5086.445,5042.655,5059.835
2026-02-04T10:00:00,5059.855,5064.068,5041.595,5048.285
2026-02-04T11:00:00,5048.295,5053.015,5013.015,5047.255
2026-02-04T12:00:00,5047.165,5062.905,5036.135,5040.645
2026-02-04T13:00:00,5040.955,5063.155,5022.975,5053.765
2026-02-04T14:00:00,5053.775,5058.835,4966.515,4984.445
2026-02-04T15:00:00,4984.379,5007.485,4886.798,4919.995
2026-02-04T16:00:00,4919.975,4939.555,4844.165,4904.165
2026-02-04T17:00:00,4904.175,4930.625,4887.995,4897.435
2026-02-04T18:00:00,4897.405,4934.625,4872.365,4926.965
2026-02-04T19:00:00,4927.048,4957.335,4914.155,4941.535
2026-02-04T20:00:00,4941.515,4951.035,4914.135,4937.705
2026-02-04T21:00:00,4937.825,4970.475,4937.125,4964.125
2026-02-04T23:00:00,4960.488,5023.405,4958.417,5011.895
2026-02-05T00:00:00,5011.705,5020.175,4996.305,5006.335
2026-02-05T01:00:00,5007.647,5011.725,4935.215,4958.285
2026-02-05T02:00:00,4958.315,4961.565,4803.798,4810.648
2026-02-05T03:00:00,4810.768,4887.095,4787.685,4879.905
2026-02-05T04:00:00,4879.895,4890.705,4862.765,4863.425
2026-02-05T05:00:00,4863.425,4905.508,4824.115,4895.655
2026-02-05T06:00:00,4895.625,4933.575,4876.285,4919.315
2026-02-05T07:00:00,4919.265,4939.925,4895.385,4915.505
2026-02-05T08:00:00,4914.805,4943.215,4900.459,4911.275
2026-02-05T09:00:00,4911.389,4913.625,4849.145,4853.935
2026-02-05T10:00:00,4853.925,4886.871,4847.205,4876.565
2026-02-05T11:00:00,4876.565,4894.195,4864.095,4867.845
2026-02-05T12:00:00,4867.498,4877.905,4810.085,4853.075
2026-02-05T13:00:00,4853.039,4866.955,4801.388,4835.055
2026-02-05T14:00:00,4835.075,4869.198,4805.735,4845.215
2026-02-05T15:00:00,4844.475,4865.575,4800.055,4817.345
2026-02-05T16:00:00,4817.265,4906.095,4812.155,4888.708
2026-02-05T17:00:00,4888.708,4890.045,4858.775,4868.625
2026-02-05T18:00:00,4868.655,4874.865,4850.735,4857.855
2026-02-05T19:00:00,4857.895,4864.995,4823.405,4829.135
2026-02-05T20:00:00,4828.879,4842.985,4792.575,4811.135
2026-02-05T21:00:00,4811.105,4825.855,4759.365,4775.805
2026-02-05T23:00:00,4791.698,4792.498,4702.915,4703.275
2026-02-06T00:00:00,4703.265,4764.025,4654.355,4762.295
2026-02-06T01:00:00,4762.275,4784.255,4692.648,4773.725
2026-02-06T02:00:00,4773.765,4846.045,4759.705,4815.995
2026-02-06T03:00:00,4815.905,4838.825,4800.288,4823.995
2026-02-06T04:00:00,4823.915,4831.445,4806.895,4813.185
2026-02-06T05:00:00,4814.105,4897.565,4807.075,4896.978
2026-02-06T06:00:00,4896.885,4902.975,4824.548,4845.895
2026-02-06T07:00:00,4845.925,4861.485,4837.435,4840.185
2026-02-06T08:00:00,4840.185,4881.829,4828.575,4861.279
2026-02-06T09:00:00,4861.279,4872.438,4837.905,4866.388
2026-02-06T10:00:00,4866.165,4879.875,4851.555,4878.185
2026-02-06T11:00:00,4878.075,4895.498,4863.468,4886.735
2026-02-06T12:00:00,4886.725,4903.165,4871.555,4900.125
2026-02-06T13:00:00,4900.145,4938.035,4896.965,4928.605
2026-02-06T14:00:00,4928.625,4949.408,4894.135,4947.058
2026-02-06T15:00:00,4947.038,4964.338,4928.055,4943.365
2026-02-06T16:00:00,4943.455,4953.095,4921.578,4951.455
2026-02-06T17:00:00,4951.525,4968.255,4947.805,4960.165
2026-02-06T18:00:00,4960.305,4970.898,4943.615,4962.245
2026-02-06T19:00:00,4962.285,4963.085,4948.505,4957.015
2026-02-06T20:00:00,4957.065,4958.995,4936.385,4953.098
2026-02-06T21:00:00,4953.098,4967.598,4946.195,4964.298
2026-02-08T23:00:00,4980.098,5046.805,4962.605,5035.475
2026-02-09T00:00:00,5035.475,5044.195,5011.298,5019.125
2026-02-09T01:00:00,5020.135,5041.465,4975.485,4981.985
2026-02-09T02:00:00,4981.985,5016.935,4967.835,5006.725
2026-02-09T03:00:00,5006.619,5030.945,5005.305,5015.735
2026-02-09T04:00:00,5015.885,5024.135,5006.895,5011.749
2026-02-09T05:00:00,5011.749,5041.075,5011.015,5036.155
2026-02-09T06:00:00,5036.175,5045.615,5013.378,5030.889
2026-02-09T07:00:00,5030.905,5030.905,4994.955,5006.095
2026-02-09T08:00:00,5006.125,5035.605,5002.505,5027.125
2026-02-09T09:00:00,5027.165,5040.785,5002.355,5007.545
2026-02-09T10:00:00,5007.585,5015.075,4982.125,4990.785
2026-02-09T11:00:00,4990.785,5017.795,4988.425,5010.585
2026-02-09T12:00:00,5010.615,5021.655,5007.085,5013.105
2026-02-09T13:00:00,5013.135,5024.605,4994.855,5006.795
2026-02-09T14:00:00,5006.745,5040.695,5001.975,5037.875
2026-02-09T15:00:00,5037.605,5060.045,5023.345,5058.675
2026-02-09T16:00:00,5058.705,5080.495,5056.118,5073.115
2026-02-09T17:00:00,5073.105,5075.325,5040.635,5046.125
2026-02-09T18:00:00,5045.965,5063.745,5044.025,5062.525
2026-02-09T19:00:00,5062.505,5079.845,5062.188,5074.195
2026-02-09T20:00:00,5074.275,5086.265,5072.015,5079.385
2026-02-09T21:00:00,5079.655,5082.955,5048.315,5058.315
2026-02-09T23:00:00,5048.968,5074.398,4985.748,5031.245
2026-02-10T00:00:00,5031.095,5048.045,5008.155,5018.405
2026-02-10T01:00:00,5018.285,5037.205,5012.125,5031.915
2026-02-10T02:00:00,5031.915,5055.935,5031.028,5037.875
2026-02-10T03:00:00,5037.595,5037.595,5015.705,5029.855
2026-02-10T04:00:00,5029.655,5033.505,5017.195,5031.295
2026-02-10T05:00:00,5031.119,5040.235,5010.925,5039.085
2026-02-10T06:00:00,5039.055,5045.195,5018.465,5023.425
2026-02-10T07:00:00,5023.445,5035.825,5018.125,5033.765
2026-02-10T08:00:00,5033.519,5054.985,5028.605,5041.555
2026-02-10T09:00:00,5041.505,5063.055,5040.315,5046.535
2026-02-10T10:00:00,5046.555,5057.925,5036.745,5046.585
2026-02-10T11:00:00,5046.555,5057.205,5044.255,5055.675
2026-02-10T12:00:00,5055.695,5056.925,5019.415,5031.975
2026-02-10T13:00:00,5031.995,5058.725,5026.565,5050.765
2026-02-10T14:00:00,5050.795,5078.485,5020.225,5039.295
2026-02-10T15:00:00,5038.988,5047.865,4998.685,5019.028
2026-02-10T16:00:00,5019.035,5026.215,5005.495,5023.645
2026-02-10T17:00:00,5023.575,5039.875,5020.385,5025.915
2026-02-10T18:00:00,5025.639,5027.535,5004.558,5012.755
2026-02-10T19:00:00,5012.725,5029.995,5008.585,5027.685
2026-02-10T20:00:00,5027.705,5045.155,5020.125,5029.898
2026-02-10T21:00:00,5029.898,5032.505,5020.045,5024.378
2026-02-10T23:00:00,5022.498,5054.435,5022.498,5041.575
2026-02-11T00:00:00,5041.535,5049.225,5027.755,5037.535
2026-02-11T01:00:00,5037.565,5052.928,5030.125,5052.245
2026-02-11T02:00:00,5052.215,5057.535,5032.255,5055.465
2026-02-11T03:00:00,5055.435,5060.425,5044.508,5054.055
2026-02-11T04:00:00,5054.025,5059.415,5045.538,5045.985
2026-02-11T05:00:00,5046.005,5063.675,5043.285,5052.485
2026-02-11T06:00:00,5052.515,5064.295,5049.145,5063.865
2026-02-11T07:00:00,5063.905,5069.125,5048.475,5055.255
2026-02-11T08:00:00,5054.735,5060.215,5045.365,5053.315
2026-02-11T09:00:00,5053.295,5071.955,5046.755,5062.485
2026-02-11T10:00:00,5062.545,5100.915,5062.095,5092.985
2026-02-11T11:00:00,5093.015,5116.185,5082.358,5111.405
2026-02-11T12:00:00,5112.065,5118.815,5049.495,5083.055
2026-02-11T13:00:00,5083.025,5089.745,5017.995,5065.455
2026-02-11T14:00:00,5065.495,5083.008,5035.535,5059.008
2026-02-11T15:00:00,5059.008,5081.485,5038.885,5059.885
2026-02-11T16:00:00,5059.515,5078.005,5042.745,5074.775
2026-02-11T17:00:00,5074.748,5098.765,5067.815,5091.245
2026-02-11T18:00:00,5091.195,5092.508,5066.615,5082.275
2026-02-11T19:00:00,5082.265,5094.015,5076.955,5081.705
2026-02-11T20:00:00,5081.695,5089.948,5077.898,5086.625
2026-02-11T21:00:00,5086.615,5092.605,5069.665,5083.525
2026-02-11T23:00:00,5084.198,5099.798,5051.925,5060.785
2026-02-12T00:00:00,5060.625,5067.385,5049.505,5062.645
2026-02-12T01:00:00,5062.295,5063.935,5044.368,5063.095
2026-02-12T02:00:00,5063.115,5072.665,5054.745,5065.705
2026-02-12T03:00:00,5065.675,5074.425,5054.419,5056.655
2026-02-12T04:00:00,5056.605,5069.845,5050.568,5069.165
2026-02-12T05:00:00,5069.215,5077.995,5064.285,5075.315
2026-02-12T06:00:00,5075.575,5076.095,5046.678,5059.445
2026-02-12T07:00:00,5059.435,5065.938,5051.535,5063.385
2026-02-12T08:00:00,5063.415,5073.128,5051.895,5068.345
2026-02-12T09:00:00,5068.325,5080.535,5066.075,5072.705
2026-02-12T10:00:00,5072.735,5076.775,5055.835,5061.805
2026-02-12T11:00:00,5061.925,5068.055,5059.175,5063.505
2026-02-12T12:00:00,5063.558,5068.455,5048.485,5052.515
2026-02-12T13:00:00,5052.475,5083.475,5051.165,5075.098
2026-02-12T14:00:00,5075.098,5077.485,5039.265,5044.055
2026-02-12T15:00:00,5044.045,5074.655,5039.575,5060.248
2026-02-12T16:00:00,5060.295,5067.895,4877.255,4954.275
2026-02-12T17:00:00,4954.295,4982.335,4939.055,4940.865
2026-02-12T18:00:00,4940.645,4951.855,4906.185,4935.245
2026-02-12T19:00:00,4935.435,4957.955,4927.345,4945.325
2026-02-12T20:00:00,4945.425,4948.205,4910.865,4914.859
2026-02-12T21:00:00,4914.615,4926.655,4911.455,4921.265
2026-02-12T23:00:00,4916.308,4928.195,4886.258,4919.775
2026-02-13T00:00:00,4919.875,4948.125,4913.505,4927.705
2026-02-13T01:00:00,4928.235,4988.285,4926.675,4980.475
2026-02-13T02:00:00,4980.445,4991.315,4971.815,4988.215
2026-02-13T03:00:00,4988.185,4988.905,4973.575,4981.115
2026-02-13T04:00:00,4981.095,4996.955,4972.655,4976.365
2026-02-13T05:00:00,4976.375,4986.305,4944.475,4945.855
2026-02-13T06:00:00,4946.185,4968.515,4945.835,4966.875
2026-02-13T07:00:00,4966.915,4982.485,4950.855,4974.845
2026-02-13T08:00:00,4974.705,4989.315,4971.318,4982.389
2026-02-13T09:00:00,4982.389,4982.545,4961.105,4970.085
2026-02-13T10:00:00,4970.085,4980.495,4946.825,4949.755
2026-02-13T11:00:00,4949.829,4955.155,4933.495,4953.795
2026-02-13T12:00:00,4953.355,4973.755,4951.795,4969.275
2026-02-13T13:00:00,4969.275,4999.185,4957.385,4986.775
2026-02-13T14:00:00,4986.298,5010.636,4963.748,4995.185
2026-02-13T15:00:00,4995.225,5020.155,4973.688,4976.338
2026-02-13T16:00:00,4976.375,5033.618,4975.298,5007.605
2026-02-13T17:00:00,5007.635,5028.898,5005.655,5020.715
2026-02-13T18:00:00,5020.745,5035.215,5015.098,5030.855
2026-02-13T19:00:00,5030.915,5045.805,5023.285,5023.285
2026-02-13T20:00:00,5023.595,5034.498,5021.275,5032.315
2026-02-13T21:00:00,5032.295,5045.965,5029.425,5040.285
2026-02-15T23:00:00,5035.898,5051.678,5006.628,5019.898
2026-02-16T00:00:00,5019.655,5022.235,4999.428,5015.265
2026-02-16T01:00:00,5015.215,5030.945,5006.685,5028.585
2026-02-16T02:00:00,5028.605,5030.885,4991.815,4994.405
2026-02-16T03:00:00,4994.405,4999.665,4967.305,4987.195
2026-02-16T04:00:00,4987.195,4991.915,4971.238,4977.525
2026-02-16T05:00:00,4977.515,4990.485,4964.868,4990.375
2026-02-16T06:00:00,4990.155,5002.775,4984.325,4994.445
2026-02-16T07:00:00,4994.505,5009.738,4988.745,5006.985
2026-02-16T08:00:00,5006.985,5013.015,4995.295,5007.825
2026-02-16T09:00:00,5007.715,5017.055,5007.695,5013.195
2026-02-16T10:00:00,5012.955,5016.975,4999.945,5005.735
2026-02-16T11:00:00,5005.765,5007.845,4998.625,5004.075
2026-02-16T12:00:00,5004.115,5007.865,4992.558,5001.625
2026-02-16T13:00:00,5001.585,5003.405,4989.218,4996.995
2026-02-16T14:00:00,4996.975,4999.395,4981.425,4988.105
2026-02-16T15:00:00,4987.779,4988.025,4968.665,4979.405
2026-02-16T16:00:00,4979.365,4990.135,4972.875,4987.875
2026-02-16T17:00:00,4987.875,4995.795,4987.855,4991.375
2026-02-16T18:00:00,4991.695,4997.535,4988.305,4994.255
2026-02-16T19:00:00,4994.235,4996.025,4990.148,4990.375
2026-02-16T23:00:00,4994.098,5000.645,4984.445,4989.435
2026-02-17T00:00:00,4989.465,4991.005,4931.785,4935.275
2026-02-17T01:00:00,4935.405,4963.565,4922.558,4957.535
2026-02-17T02:00:00,4957.178,4970.845,4954.225,4966.638
2026-02-17T03:00:00,4966.578,4969.778,4949.645,4956.505
2026-02-17T04:00:00,4956.425,4960.055,4946.245,4952.545
2026-02-17T05:00:00,4952.515,4953.975,4856.648,4888.485
2026-02-17T06:00:00,4888.315,4913.848,4886.205,4910.105
2026-02-17T07:00:00,4910.115,4921.905,4903.595,4916.765
2026-02-17T08:00:00,4916.885,4930.195,4916.165,4920.385
2026-02-17T09:00:00,4920.185,4932.175,4912.735,4925.655
2026-02-17T10:00:00,4925.635,4938.965,4907.355,4912.925
2026-02-17T11:00:00,4912.955,4930.735,4912.835,4929.015
2026-02-17T12:00:00,4928.679,4944.255,4927.925,4931.685
2026-02-17T13:00:00,4931.795,4933.055,4869.705,4870.485
2026-02-17T14:00:00,4870.525,4906.675,4840.095,4863.305
2026-02-17T15:00:00,4862.825,4882.098,4848.485,4878.135
2026-02-17T16:00:00,4878.165,4893.085,4868.118,4868.755
2026-02-17T17:00:00,4868.775,4870.985,4849.645,4864.615
2026-02-17T18:00:00,4864.675,4910.165,4862.085,4898.505
2026-02-17T19:00:00,4898.525,4900.808,4876.135,4879.975
2026-02-17T20:00:00,4879.925,4883.885,4872.985,4877.558
2026-02-17T21:00:00,4877.575,4886.485,4874.545,4878.465
2026-02-17T23:00:00,4874.828,4884.155,4853.775,4858.815
2026-02-18T00:00:00,4858.855,4882.925,4857.848,4874.495
2026-02-18T01:00:00,4874.435,4892.448,4874.185,4889.615
2026-02-18T02:00:00,4889.555,4906.985,4886.115,4904.945
2026-02-18T03:00:00,4904.975,4921.975,4903.825,4920.425
2026-02-18T04:00:00,4920.445,4939.845,4918.015,4933.585
2026-02-18T05:00:00,4933.655,4939.525,4929.555,4933.165
2026-02-18T06:00:00,4933.205,4935.745,4924.925,4930.525
2026-02-18T07:00:00,4930.495,4942.095,4928.865,4929.995
2026-02-18T08:00:00,4929.945,4932.098,4916.345,4916.825
2026-02-18T09:00:00,4917.393,4922.875,4912.735,4917.105
2026-02-18T10:00:00,4917.135,4924.335,4909.225,4914.175
2026-02-18T11:00:00,4914.155,4917.435,4906.055,4912.735
2026-02-18T12:00:00,4912.775,4946.935,4911.765,4942.735
2026-02-18T13:00:00,4942.915,4968.585,4942.765,4954.265
2026-02-18T14:00:00,4954.285,4994.098,4951.985,4991.595
2026-02-18T15:00:00,4991.535,5008.698,4991.215,4997.625
2026-02-18T16:00:00,4997.765,5010.815,4991.145,5000.215
2026-02-18T17:00:00,5000.185,5001.395,4993.135,4998.875
2026-02-18T18:00:00,4998.855,5002.828,4980.295,4986.508
2026-02-18T19:00:00,4986.448,4995.215,4972.655,4980.315
2026-02-18T20:00:00,4980.335,4987.335,4975.225,4984.595
2026-02-18T21:00:00,4984.505,4986.125,4975.235,4975.715
2026-02-18T23:00:00,4971.648,4988.495,4965.255,4975.635
2026-02-19T00:00:00,4975.615,4975.975,4960.048,4960.995
2026-02-19T01:00:00,4960.985,4975.225,4960.198,4972.755
2026-02-19T02:00:00,4972.725,4977.095,4965.455,4967.925
2026-02-19T03:00:00,4967.885,4982.925,4966.075,4981.278
2026-02-19T04:00:00,4981.115,4985.205,4976.655,4984.025
2026-02-19T05:00:00,4983.925,4998.405,4983.925,4996.665
2026-02-19T06:00:00,4996.645,5019.685,4996.335,5017.955
2026-02-19T07:00:00,5017.995,5021.555,5008.585,5010.025
2026-02-19T08:00:00,5010.005,5022.015,5006.045,5016.885
2026-02-19T09:00:00,5016.925,5020.265,4992.778,4995.485
2026-02-19T10:00:00,4995.445,4995.995,4981.138,4993.015
2026-02-19T11:00:00,4992.975,4996.215,4977.695,4984.115
2026-02-19T12:00:00,4984.125,4992.575,4980.135,4984.498
2026-02-19T13:00:00,4984.635,4998.205,4971.978,4996.815
2026-02-19T14:00:00,4996.795,5010.175,4962.638,5005.138
2026-02-19T15:00:00,5005.138,5021.948,4995.988,5013.445
2026-02-19T16:00:00,5013.398,5014.025,4989.965,4994.745
2026-02-19T17:00:00,4994.885,5001.495,4982.565,4984.605
2026-02-19T18:00:00,4984.635,4989.155,4975.065,4981.485
2026-02-19T19:00:00,4981.465,4990.035,4978.015,4987.675
2026-02-19T20:00:00,4987.715,5003.175,4987.715,5001.505
2026-02-19T21:00:00,5001.475,5003.885,4991.715,4993.685
2026-02-19T23:00:00,4992.808,5007.498,4985.135,4987.445
2026-02-20T00:00:00,4987.508,5006.565,4985.045,5006.085
2026-02-20T01:00:00,5006.065,5014.515,4994.965,4996.615
2026-02-20T02:00:00,4996.645,5007.145,4992.415,4995.825
2026-02-20T03:00:00,4995.845,4998.885,4981.315,4987.685
2026-02-20T04:00:00,4988.045,5003.015,4986.365,4999.445
2026-02-20T05:00:00,4999.605,5011.555,4997.598,5011.535
2026-02-20T06:00:00,5011.578,5029.675,5011.498,5020.305
2026-02-20T07:00:00,5020.365,5027.975,5005.835,5006.005
2026-02-20T08:00:00,5006.035,5030.845,5004.665,5028.645
2026-02-20T09:00:00,5029.245,5042.325,5027.195,5027.345
2026-02-20T10:00:00,5027.485,5038.095,5019.258,5034.415
2026-02-20T11:00:00,5034.375,5034.505,5015.085,5016.955
2026-02-20T12:00:00,5017.395,5026.425,5006.775,5024.935
2026-02-20T13:00:00,5024.955,5048.555,5017.795,5043.285
2026-02-20T14:00:00,5043.265,5060.255,5036.885,5054.045
2026-02-20T15:00:00,5053.915,5063.775,4989.025,5042.318
2026-02-20T16:00:00,5042.318,5068.825,5038.365,5066.435
2026-02-20T17:00:00,5065.968,5076.038,5054.155,5072.695
2026-02-20T18:00:00,5072.625,5074.755,5053.715,5071.098
2026-02-20T19:00:00,5071.105,5079.675,5068.498,5079.098
2026-02-20T20:00:00,5079.165,5098.035,5076.555,5096.635
2026-02-20T21:00:00,5096.825,5107.698,5091.465,5106.169
2026-02-22T23:00:00,5106.098,5171.565,5096.958,5165.025
2026-02-23T00:00:00,5164.255,5166.295,5129.035,5144.235
2026-02-23T01:00:00,5144.255,5167.465,5139.745,5157.015
2026-02-23T02:00:00,5156.885,5176.385,5156.275,5173.365
2026-02-23T03:00:00,5173.365,5175.685,5151.655,5166.415
2026-02-23T04:00:00,5166.345,5168.585,5155.105,5160.425
2026-02-23T05:00:00,5160.405,5161.438,5151.938,5157.965
2026-02-23T06:00:00,5157.945,5161.265,5144.715,5145.385
2026-02-23T07:00:00,5145.585,5154.175,5124.965,5136.535
2026-02-23T08:00:00,5136.245,5141.905,5121.818,5139.975
2026-02-23T09:00:00,5139.925,5149.835,5139.275,5149.375
2026-02-23T10:00:00,5149.395,5163.295,5144.748,5162.705
2026-02-23T11:00:00,5162.725,5163.215,5146.325,5149.475
2026-02-23T12:00:00,5149.275,5165.235,5145.225,5163.875
2026-02-23T13:00:00,5163.835,5165.188,5143.405,5146.055
2026-02-23T14:00:00,5145.995,5200.198,5141.225,5192.245
2026-02-23T15:00:00,5192.245,5204.875,5180.355,5195.928
2026-02-23T16:00:00,5195.588,5218.865,5175.545,5209.705
2026-02-23T17:00:00,5209.755,5213.225,5190.675,5207.665
2026-02-23T18:00:00,5207.748,5215.655,5200.998,5209.285
2026-02-23T19:00:00,5209.315,5217.935,5206.325,5215.298
2026-02-23T20:00:00,5215.265,5237.725,5214.515,5236.205
2026-02-23T21:00:00,5236.145,5237.055,5226.265,5226.635
2026-02-23T23:00:00,5225.898,5249.575,5221.639,5235.345
2026-02-24T00:00:00,5235.395,5237.825,5217.295,5223.555
2026-02-24T01:00:00,5223.505,5223.715,5144.698,5176.855
2026-02-24T02:00:00,5177.125,5190.665,5165.168,5189.695
2026-02-24T03:00:00,5189.665,5191.605,5170.735,5171.765
2026-02-24T04:00:00,5171.765,5174.985,5160.698,5167.935
2026-02-24T05:00:00,5167.865,5185.545,5163.715,5182.205
2026-02-24T06:00:00,5182.225,5184.545,5156.305,5173.165
2026-02-24T07:00:00,5173.305,5183.555,5163.845,5179.125
2026-02-24T08:00:00,5178.869,5181.648,5164.575,5173.175
2026-02-24T09:00:00,5172.928,5179.958,5166.225,5171.038
2026-02-24T10:00:00,5171.038,5181.275,5162.845,5172.595
2026-02-24T11:00:00,5172.615,5178.295,5170.655,5172.545
2026-02-24T12:00:00,5172.525,5173.255,5144.815,5150.415
2026-02-24T13:00:00,5150.325,5161.105,5110.565,5114.635
2026-02-24T14:00:00,5114.665,5139.015,5093.225,5127.405
2026-02-24T15:00:00,5127.615,5155.045,5117.775,5150.098
2026-02-24T16:00:00,5150.098,5152.055,5130.498,5141.715
2026-02-24T17:00:00,5141.795,5163.555,5141.485,5163.435
2026-02-24T18:00:00,5163.348,5170.045,5153.305,5159.785
2026-02-24T19:00:00,5159.485,5160.185,5146.165,5153.705
2026-02-24T20:00:00,5153.735,5173.075,5146.415,5163.655
2026-02-24T21:00:00,5163.898,5165.615,5139.675,5141.345
2026-02-24T23:00:00,5137.095,5152.005,5127.048,5146.365
2026-02-25T00:00:00,5146.395,5155.835,5136.535,5151.855
2026-02-25T01:00:00,5151.885,5189.635,5143.798,5176.505
2026-02-25T02:00:00,5176.465,5193.518,5166.205,5180.325
2026-02-25T03:00:00,5180.365,5189.805,5177.905,5181.648
2026-02-25T04:00:00,5181.648,5184.825,5171.945,5182.365
2026-02-25T05:00:00,5182.685,5210.335,5182.398,5201.275
2026-02-25T06:00:00,5201.298,5201.298,5182.175,5194.425
2026-02-25T07:00:00,5194.415,5194.865,5180.065,5184.455
2026-02-25T08:00:00,5184.415,5197.025,5183.895,5185.055
2026-02-25T09:00:00,5185.155,5194.375,5176.325,5193.095
2026-02-25T10:00:00,5193.115,5195.025,5169.745,5174.785
2026-02-25T11:00:00,5174.715,5182.305,5154.895,5181.315
2026-02-25T12:00:00,5181.295,5187.175,5177.035,5182.525
2026-02-25T13:00:00,5182.505,5191.275,5180.855,5184.935
2026-02-25T14:00:00,5184.895,5193.065,5158.445,5190.935
2026-02-25T15:00:00,5190.925,5202.355,5171.758,5194.645
2026-02-25T16:00:00,5194.625,5213.615,5189.445,5212.005
2026-02-25T17:00:00,5211.985,5217.385,5203.445,5206.585
2026-02-25T18:00:00,5206.615,5207.375,5200.375,5201.805
2026-02-25T19:00:00,5201.855,5207.948,5191.325,5204.745
2026-02-25T20:00:00,5204.785,5206.098,5144.958,5151.765
2026-02-25T21:00:00,5151.905,5173.235,5150.095,5164.915
2026-02-25T23:00:00,5157.898,5181.278,5154.955,5162.905
2026-02-26T00:00:00,5162.925,5191.965,5154.835,5187.995
2026-02-26T01:00:00,5187.965,5198.285,5178.175,5191.235
2026-02-26T02:00:00,5191.195,5195.515,5173.698,5184.095
2026-02-26T03:00:00,5184.075,5193.565,5182.695,5192.455
2026-02-26T04:00:00,5192.425,5199.165,5190.065,5192.265
2026-02-26T05:00:00,5192.268,5205.215,5189.765,5198.105
2026-02-26T06:00:00,5198.085,5199.385,5190.105,5192.935
2026-02-26T07:00:00,5192.975,5194.595,5179.358,5185.745
2026-02-26T08:00:00,5186.075,5190.605,5167.265,5179.145
2026-02-26T09:00:00,5178.858,5189.335,5173.595,5186.215
2026-02-26T10:00:00,5186.155,5189.905,5165.458,5171.245
2026-02-26T11:00:00,5171.175,5178.145,5160.985,5164.405
2026-02-26T12:00:00,5164.465,5187.585,5157.495,5183.475
2026-02-26T13:00:00,5183.495,5185.395,5163.905,5165.765
2026-02-26T14:00:00,5165.735,5175.695,5139.485,5164.425
2026-02-26T15:00:00,5164.365,5192.535,5129.495,5185.388
2026-02-26T16:00:00,5185.388,5186.905,5172.735,5179.395
2026-02-26T17:00:00,5179.475,5190.035,5161.645,5167.005
2026-02-26T18:00:00,5167.315,5185.785,5160.115,5180.145
2026-02-26T19:00:00,5180.245,5193.845,5179.258,5186.765
2026-02-26T20:00:00,5186.548,5200.865,5186.495,5196.195
2026-02-26T21:00:00,5196.205,5200.485,5179.825,5182.715
2026-02-26T23:00:00,5180.488,5189.025,5172.845,5184.345
2026-02-27T00:00:00,5184.375,5194.565,5169.865,5174.575
2026-02-27T01:00:00,5174.605,5194.155,5166.535,5193.825
2026-02-27T02:00:00,5193.775,5199.425,5173.185,5183.345
2026-02-27T03:00:00,5183.265,5190.435,5180.955,5183.675
2026-02-27T04:00:00,5183.645,5188.585,5180.645,5181.435
2026-02-27T05:00:00,5181.405,5200.075,5181.075,5197.465
2026-02-27T06:00:00,5197.285,5199.178,5184.645,5185.395
2026-02-27T07:00:00,5185.385,5189.475,5175.375,5175.705
2026-02-27T08:00:00,5176.135,5182.165,5174.045,5178.545
2026-02-27T09:00:00,5178.525,5182.355,5171.858,5175.645
2026-02-27T10:00:00,5175.665,5180.625,5168.155,5177.415
2026-02-27T11:00:00,5177.435,5185.515,5172.235,5185.495
2026-02-27T12:00:00,5185.465,5190.455,5182.638,5187.135
2026-02-27T13:00:00,5187.205,5240.235,5186.415,5222.795
2026-02-27T14:00:00,5222.575,5236.145,5213.535,5223.395
2026-02-27T15:00:00,5223.315,5246.248,5214.378,5239.215
2026-02-27T16:00:00,5239.365,5257.405,5221.635,5228.855
2026-02-27T17:00:00,5228.785,5236.705,5220.375,5234.375
2026-02-27T18:00:00,5234.348,5246.565,5222.295,5245.065
2026-02-27T19:00:00,5245.045,5252.105,5239.778,5249.698
2026-02-27T20:00:00,5249.705,5265.198,5248.335,5262.995
2026-02-27T21:00:00,5263.005,5280.878,5256.858,5277.419
2026-03-01T23:00:00,5372.198,5392.995,5296.668,5386.545
2026-03-02T00:00:00,5386.675,5387.645,5340.375,5347.045
2026-03-02T01:00:00,5347.015,5347.015,5302.695,5324.615
2026-03-02T02:00:00,5324.595,5351.435,5316.745,5346.195
2026-03-02T03:00:00,5346.298,5366.535,5343.818,5366.095
2026-03-02T04:00:00,5366.065,5366.935,5344.505,5355.725
2026-03-02T05:00:00,5355.785,5365.985,5340.575,5365.785
2026-03-02T06:00:00,5365.815,5389.505,5363.385,5387.275
2026-03-02T07:00:00,5387.195,5418.875,5384.668,5408.105
2026-03-02T08:00:00,5408.075,5416.455,5391.045,5393.865
2026-03-02T09:00:00,5393.835,5402.815,5385.535,5391.755
2026-03-02T10:00:00,5391.775,5400.715,5378.645,5388.945
2026-03-02T11:00:00,5389.035,5399.795,5374.865,5385.155
2026-03-02T12:00:00,5385.035,5398.498,5378.705,5396.845
2026-03-02T13:00:00,5396.875,5416.625,5381.338,5393.655
2026-03-02T14:00:00,5393.675,5394.895,5305.069,5331.645
2026-03-02T15:00:00,5331.248,5348.438,5307.885,5315.505
2026-03-02T16:00:00,5314.925,5314.925,5260.095,5289.705
2026-03-02T17:00:00,5289.725,5320.315,5286.555,5306.605
2026-03-02T18:00:00,5306.705,5316.465,5289.275,5315.385
2026-03-02T19:00:00,5315.335,5333.795,5313.575,5330.195
2026-03-02T20:00:00,5330.235,5346.045,5328.095,5331.995
2026-03-02T21:00:00,5332.105,5340.095,5321.005,5321.845
2026-03-02T23:00:00,5321.098,5346.658,5320.698,5345.695
2026-03-03T00:00:00,5345.755,5361.788,5336.565,5349.905
2026-03-03T01:00:00,5349.925,5379.755,5337.685,5338.755
2026-03-03T02:00:00,5339.175,5367.695,5332.525,5366.625
2026-03-03T03:00:00,5366.645,5373.185,5358.598,5367.115
2026-03-03T04:00:00,5367.055,5375.255,5359.115,5360.855
2026-03-03T05:00:00,5360.835,5366.615,5304.465,5318.795
2026-03-03T06:00:00,5318.735,5322.675,5278.598,5310.315
2026-03-03T07:00:00,5309.998,5330.855,5305.705,5327.435
2026-03-03T08:00:00,5327.395,5335.735,5289.835,5295.445
2026-03-03T09:00:00,5295.235,5303.645,5225.718,5274.795
2026-03-03T10:00:00,5274.775,5287.555,5237.415,5247.735
2026-03-03T11:00:00,5247.695,5263.625,5071.645,5144.318
2026-03-03T12:00:00,5144.485,5226.505,5137.805,5224.065
2026-03-03T13:00:00,5224.045,5224.075,5127.075,5156.445
2026-03-03T14:00:00,5156.405,5175.118,5015.725,5037.825
2026-03-03T15:00:00,5038.195,5096.548,4995.475,5095.098
2026-03-03T16:00:00,5094.998,5134.358,5090.175,5106.365
2026-03-03T17:00:00,5106.788,5109.548,5065.045,5078.975
2026-03-03T18:00:00,5079.085,5138.088,5078.865,5135.775
2026-03-03T19:00:00,5135.795,5148.645,5099.088,5112.985
2026-03-03T20:00:00,5113.485,5130.085,5085.635,5096.985
2026-03-03T21:00:00,5097.035,5110.125,5082.955,5084.865
2026-03-03T23:00:00,5099.298,5129.545,5086.868,5125.035
2026-03-04T00:00:00,5125.015,5139.995,5105.348,5138.375
2026-03-04T01:00:00,5138.395,5178.095,5138.325,5174.795
2026-03-04T02:00:00,5174.755,5190.675,5153.495,5156.075
2026-03-04T03:00:00,5156.075,5177.185,5141.015,5173.978
2026-03-04T04:00:00,5173.795,5180.505,5151.805,5156.525
2026-03-04T05:00:00,5156.495,5168.065,5151.795,5159.438
2026-03-04T06:00:00,5159.395,5160.395,5119.395,5160.025
2026-03-04T07:00:00,5160.095,5175.638,5158.175,5168.025
2026-03-04T08:00:00,5168.148,5181.815,5147.238,5167.285
2026-03-04T09:00:00,5167.225,5184.775,5158.549,5181.995
2026-03-04T10:00:00,5182.035,5202.048,5179.325,5189.635
2026-03-04T11:00:00,5189.695,5200.485,5187.485,5191.975
2026-03-04T12:00:00,5192.055,5205.995,5156.095,5170.945
2026-03-04T13:00:00,5171.195,5196.065,5167.135,5167.605
2026-03-04T14:00:00,5167.465,5184.875,5138.475,5145.855
2026-03-04T15:00:00,5142.758,5166.709,5130.965,5151.005
2026-03-04T16:00:00,5150.995,5162.138,5137.948,5149.485
2026-03-04T17:00:00,5149.485,5152.835,5120.235,5140.935
2026-03-04T18:00:00,5140.765,5143.465,5108.678,5133.638
2026-03-04T19:00:00,5133.618,5139.385,5122.998,5137.725
2026-03-04T20:00:00,5137.495,5146.665,5123.495,5134.505
2026-03-04T21:00:00,5134.485,5143.805,5129.135,5140.325
2026-03-04T23:00:00,5148.898,5165.965,5142.675,5165.025
2026-03-05T00:00:00,5164.995,5179.93,5159.105,5172.315
2026-03-05T01:00:00,5172.615,5186.025,5167.185,5172.315
2026-03-05T02:00:00,5172.089,5192.205,5171.295,5191.735
2026-03-05T03:00:00,5191.705,5194.615,5177.975,5179.915
2026-03-05T04:00:00,5179.935,5186.415,5165.995,5171.365
2026-03-05T05:00:00,5171.445,5176.555,5147.985,5148.325
2026-03-05T06:00:00,5148.685,5168.465,5119.995,5167.345
2026-03-05T07:00:00,5167.375,5172.475,5158.395,5161.845
2026-03-05T08:00:00,5161.805,5170.135,5137.218,5165.155
2026-03-05T09:00:00,5165.175,5180.165,5152.615,5160.765
2026-03-05T10:00:00,5160.745,5167.545,5145.855,5164.325
2026-03-05T11:00:00,5164.375,5167.855,5156.635,5163.655
2026-03-05T12:00:00,5163.615,5171.255,5160.545,5162.385
2026-03-05T13:00:00,5162.618,5163.895,5080.735,5117.755
2026-03-05T14:00:00,5117.805,5129.725,5090.138,5101.705
2026-03-05T15:00:00,5101.675,5119.595,5060.025,5102.225
2026-03-05T16:00:00,5102.255,5104.475,5054.035,5077.405
2026-03-05T17:00:00,5077.435,5089.275,5054.665,5062.575
2026-03-05T18:00:00,5062.595,5085.245,5050.638,5069.185
2026-03-05T19:00:00,5069.075,5080.995,5055.235,5065.895
2026-03-05T20:00:00,5065.805,5094.545,5061.485,5076.405
2026-03-05T21:00:00,5076.495,5084.765,5071.945,5083.175
2026-03-05T23:00:00,5079.318,5101.705,5079.318,5085.885
2026-03-06T00:00:00,5085.835,5092.055,5073.875,5084.365
2026-03-06T01:00:00,5083.678,5143.665,5066.215,5134.425
2026-03-06T02:00:00,5134.315,5138.115,5121.895,5125.985
2026-03-06T03:00:00,5125.945,5141.048,5124.085,5130.705
2026-03-06T04:00:00,5130.745,5136.095,5125.898,5127.295
2026-03-06T05:00:00,5127.185,5129.975,5113.975,5117.085
2026-03-06T06:00:00,5117.195,5122.695,5108.798,5115.395
2026-03-06T07:00:00,5115.425,5120.605,5105.495,5119.435
2026-03-06T08:00:00,5119.455,5122.765,5095.985,5108.525
2026-03-06T09:00:00,5108.048,5109.068,5083.048,5085.335
2026-03-06T10:00:00,5085.355,5093.055,5075.455,5090.725
2026-03-06T11:00:00,5090.745,5099.415,5062.125,5076.655
2026-03-06T12:00:00,5076.705,5096.295,5075.915,5082.735
2026-03-06T13:00:00,5082.715,5130.615,5065.058,5084.775
2026-03-06T14:00:00,5084.785,5131.705,5080.615,5129.835
2026-03-06T15:00:00,5129.828,5171.238,5127.498,5141.615
2026-03-06T16:00:00,5141.585,5152.905,5125.735,5139.475
2026-03-06T17:00:00,5139.805,5152.235,5128.715,5140.355
2026-03-06T18:00:00,5140.375,5167.415,5138.248,5160.565
2026-03-06T19:00:00,5160.558,5174.355,5156.385,5159.475
2026-03-06T20:00:00,5159.535,5162.435,5149.155,5153.195
2026-03-06T21:00:00,5152.995,5175.048,5150.565,5171.798
2026-03-08T22:00:00,5178.935,5196.698,5102.905,5129.448
2026-03-08T23:00:00,5129.448,5134.518,5043.468,5075.675
2026-03-09T00:00:00,5075.295,5079.518,5028.195,5049.735
2026-03-09T01:00:00,5049.455,5087.345,5014.655,5069.885
2026-03-09T02:00:00,5069.915,5098.915,5055.125,5094.355
2026-03-09T03:00:00,5094.375,5102.145,5081.385,5091.115
2026-03-09T04:00:00,5091.145,5096.985,5085.115,5090.005
2026-03-09T05:00:00,5090.125,5140.365,5080.765,5124.025
2026-03-09T06:00:00,5123.995,5133.745,5096.785,5097.385
2026-03-09T07:00:00,5097.415,5107.685,5088.095,5098.705
2026-03-09T08:00:00,5098.685,5110.715,5086.845,5096.375
2026-03-09T09:00:00,5095.985,5132.235,5094.725,5104.965
2026-03-09T10:00:00,5104.935,5110.855,5083.405,5086.975
2026-03-09T11:00:00,5086.955,5097.065,5079.235,5087.795
2026-03-09T12:00:00,5087.935,5111.865,5087.229,5094.598
2026-03-09T13:00:00,5094.615,5110.978,5067.125,5073.885
2026-03-09T14:00:00,5073.935,5115.795,5060.139,5093.665
2026-03-09T15:00:00,5093.665,5103.135,5079.175,5099.268
2026-03-09T16:00:00,5099.015,5110.428,5094.505,5104.368
2026-03-09T17:00:00,5104.368,5106.535,5088.685,5095.748
2026-03-09T18:00:00,5095.835,5126.098,5092.135,5122.915
2026-03-09T19:00:00,5122.945,5143.898,5118.078,5140.785
2026-03-09T20:00:00,5140.765,5147.905,5133.955,5138.935
2026-03-09T22:00:00,5138.475,5152.598,5117.065,5152.498
2026-03-09T23:00:00,5152.498,5155.825,5135.125,5139.475
2026-03-10T00:00:00,5139.305,5141.015,5124.535,5130.805
2026-03-10T01:00:00,5130.825,5186.075,5124.465,5183.965
2026-03-10T02:00:00,5183.905,5186.578,5163.505,5165.665
2026-03-10T03:00:00,5165.545,5173.225,5155.348,5157.375
2026-03-10T04:00:00,5157.238,5166.385,5154.125,5163.735
2026-03-10T05:00:00,5163.755,5179.125,5163.525,5177.735
2026-03-10T06:00:00,5177.755,5180.795,5171.495,5175.025
2026-03-10T07:00:00,5175.035,5181.306,5158.248,5180.855
2026-03-10T08:00:00,5180.815,5194.945,5174.718,5183.075
2026-03-10T09:00:00,5183.075,5189.225,5180.265,5182.335
2026-03-10T10:00:00,5182.275,5183.835,5156.175,5177.045
2026-03-10T11:00:00,5177.065,5191.725,5171.458,5174.975
2026-03-10T12:00:00,5175.005,5189.305,5162.225,5186.835
2026-03-10T13:00:00,5186.795,5228.445,5185.755,5204.885
2026-03-10T14:00:00,5204.795,5214.155,5185.035,5206.465
2026-03-10T15:00:00,5206.445,5238.365,5202.945,5228.395
2026-03-10T16:00:00,5228.365,5235.475,5222.445,5227.385
2026-03-10T17:00:00,5227.355,5235.125,5223.215,5227.305
2026-03-10T18:00:00,5227.365,5227.735,5160.445,5191.425
2026-03-10T19:00:00,5191.475,5207.365,5179.485,5198.648
2026-03-10T20:00:00,5198.648,5198.898,5190.485,5190.855
2026-03-10T22:00:00,5188.365,5197.545,5182.395,5188.578
2026-03-10T23:00:00,5188.598,5197.175,5187.375,5197.175
2026-03-11T00:00:00,5197.175,5219.175,5186.495,5215.005
2026-03-11T01:00:00,5214.985,5223.015,5208.185,5208.195
2026-03-11T02:00:00,5208.245,5220.245,5193.965,5217.145
2026-03-11T03:00:00,5217.035,5220.115,5199.065,5203.145
2026-03-11T04:00:00,5203.225,5208.375,5199.118,5204.215
2026-03-11T05:00:00,5204.195,5208.095,5190.275,5199.505
2026-03-11T06:00:00,5199.475,5210.485,5191.315,5197.265
2026-03-11T07:00:00,5197.325,5201.975,5184.425,5195.465
2026-03-11T08:00:00,5195.445,5198.465,5175.155,5187.465
2026-03-11T09:00:00,5187.415,5197.055,5179.365,5187.495
2026-03-11T10:00:00,5187.515,5195.185,5176.835,5185.625
2026-03-11T11:00:00,5185.645,5193.425,5175.425,5180.985
2026-03-11T12:00:00,5181.005,5195.958,5166.505,5167.225
2026-03-11T13:00:00,5167.265,5182.765,5149.065,5176.695
2026-03-11T14:00:00,5176.665,5195.898,5174.165,5182.975
2026-03-11T15:00:00,5182.945,5185.495,5163.675,5166.105
2026-03-11T16:00:00,5166.075,5177.615,5163.345,5175.455
2026-03-11T17:00:00,5175.475,5180.815,5154.165,5169.605
2026-03-11T18:00:00,5169.555,5178.325,5168.965,5172.205
2026-03-11T19:00:00,5172.265,5183.295,5168.998,5182.965
2026-03-11T20:00:00,5182.975,5183.345,5174.825,5176.115
2026-03-11T22:00:00,5178.078,5183.335,5129.175,5138.498
2026-03-11T23:00:00,5138.075,5157.605,5132.765,5134.205
2026-03-12T00:00:00,5134.225,5161.235,5125.185,5152.705
2026-03-12T01:00:00,5152.745,5172.825,5151.155,5168.295
2026-03-12T02:00:00,5168.265,5174.945,5145.525,5150.555
2026-03-12T03:00:00,5150.555,5155.515,5147.005,5152.648
2026-03-12T04:00:00,5152.848,5153.675,5140.205,5142.275
2026-03-12T05:00:00,5142.365,5157.655,5136.855,5154.365
2026-03-12T06:00:00,5154.345,5170.125,5147.025,5165.885
2026-03-12T07:00:00,5165.905,5185.085,5164.205,5181.858
2026-03-12T08:00:00,5182.225,5189.405,5175.515,5177.955
2026-03-12T09:00:00,5177.965,5190.055,5174.225,5187.955
2026-03-12T10:00:00,5187.925,5191.388,5175.895,5182.085
2026-03-12T11:00:00,5182.145,5183.695,5172.475,5178.835
2026-03-12T12:00:00,5178.855,5185.625,5163.525,5181.215
2026-03-12T13:00:00,5181.015,5185.965,5145.815,5151.025
2026-03-12T14:00:00,5150.945,5163.515,5138.158,5142.675
2026-03-12T15:00:00,5142.565,5144.665,5109.365,5132.115
2026-03-12T16:00:00,5131.938,5137.825,5120.838,5123.225
2026-03-12T17:00:00,5122.905,5129.435,5102.395,5105.185
2026-03-12T18:00:00,5105.085,5112.595,5090.615,5094.335
2026-03-12T19:00:00,5094.215,5096.665,5079.125,5084.595
2026-03-12T20:00:00,5084.725,5090.415,5054.795,5079.055
2026-03-12T22:00:00,5078.818,5095.498,5070.645,5095.298
2026-03-12T23:00:00,5094.585,5101.015,5088.365,5097.775
2026-03-13T00:00:00,5097.725,5115.125,5097.245,5113.515
2026-03-13T01:00:00,5113.485,5124.485,5108.575,5124.085
2026-03-13T02:00:00,5124.155,5128.225,5110.225,5111.865
2026-03-13T03:00:00,5111.795,5116.515,5106.015,5115.435
2026-03-13T04:00:00,5115.435,5117.755,5102.365,5104.025
2026-03-13T05:00:00,5104.045,5111.115,5097.775,5102.605
2026-03-13T06:00:00,5102.808,5107.655,5085.455,5088.035
2026-03-13T07:00:00,5088.015,5094.025,5071.455,5085.025
2026-03-13T08:00:00,5084.705,5087.765,5061.285,5087.155
2026-03-13T09:00:00,5087.125,5096.945,5082.945,5089.275
2026-03-13T10:00:00,5089.345,5098.105,5079.658,5094.625
2026-03-13T11:00:00,5094.595,5107.645,5085.958,5107.605
2026-03-13T12:00:00,5107.345,5121.645,5104.135,5118.095
2026-03-13T13:00:00,5118.115,5121.185,5096.355,5101.485
2026-03-13T14:00:00,5100.608,5107.845,5035.515,5041.315
2026-03-13T15:00:00,5041.335,5071.225,5031.355,5034.535
2026-03-13T16:00:00,5033.945,5052.725,5018.865,5045.755
2026-03-13T17:00:00,5045.725,5063.665,5043.245,5046.165
2026-03-13T18:00:00,5046.205,5051.635,5035.925,5046.285
2026-03-13T19:00:00,5046.335,5049.665,5009.495,5016.078
2026-03-13T20:00:00,5016.425,5025.048,5012.155,5018.098
2026-03-15T22:00:00,5003.001,5029.945,4997.215,5024.338
2026-03-15T23:00:00,5024.205,5025.748,4967.125,4997.255
2026-03-16T00:00:00,4997.275,5030.555,4996.425,5025.415
2026-03-16T01:00:00,5025.435,5026.255,4982.165,5015.705
2026-03-16T02:00:00,5015.675,5018.515,4997.445,5003.295
2026-03-16T03:00:00,5003.345,5020.365,4997.805,5018.925
2026-03-16T04:00:00,5018.945,5026.045,5012.105,5012.425
2026-03-16T05:00:00,5012.045,5019.845,5002.915,5017.355
2026-03-16T06:00:00,5017.395,5035.885,5005.045,5011.925
2026-03-16T07:00:00,5011.965,5016.285,4991.518,4995.395
2026-03-16T08:00:00,4995.395,5003.275,4984.665,4990.875
2026-03-16T09:00:00,4990.845,4991.465,4972.175,4975.195
2026-03-16T10:00:00,4975.175,4999.225,4970.115,4998.495
2026-03-16T11:00:00,4998.425,5022.485,4992.455,4996.845
2026-03-16T12:00:00,4996.965,5024.795,4994.175,5019.675
2026-03-16T13:00:00,5019.735,5034.345,5013.525,5029.625
2026-03-16T14:00:00,5029.575,5037.715,4987.715,4995.745
2026-03-16T15:00:00,4995.785,5005.585,4983.625,4986.875
2026-03-16T16:00:00,4986.875,4998.665,4973.785,4990.475
2026-03-16T17:00:00,4990.485,5003.705,4983.775,4991.105
2026-03-16T18:00:00,4991.135,5017.725,4989.795,5012.555
2026-03-16T19:00:00,5012.575,5020.095,5007.915,5012.605
2026-03-16T20:00:00,5012.608,5021.575,5004.265,5004.535
2026-03-16T22:00:00,5005.098,5015.875,4998.375,5001.818
2026-03-16T23:00:00,5001.465,5015.335,5001.335,5012.645
2026-03-17T00:00:00,5012.575,5013.855,4998.035,5002.685
2026-03-17T01:00:00,5002.385,5027.885,4994.605,5027.765
2026-03-17T02:00:00,5027.695,5029.335,5019.595,5022.265
2026-03-17T03:00:00,5022.155,5033.445,5020.375,5027.265
2026-03-17T04:00:00,5027.215,5041.725,5025.995,5037.705
2026-03-17T05:00:00,5037.675,5044.355,5019.915,5020.525
2026-03-17T06:00:00,5020.575,5022.595,5004.685,5009.735
2026-03-17T07:00:00,5009.825,5027.785,5008.735,5020.955
2026-03-17T08:00:00,5021.425,5029.375,5018.225,5024.665
2026-03-17T09:00:00,5024.685,5025.865,5009.775,5010.295
2026-03-17T10:00:00,5010.098,5016.315,4991.735,5000.105
2026-03-17T11:00:00,5000.025,5011.245,4996.595,5003.015
2026-03-17T12:00:00,5002.995,5023.725,4999.095,5011.415
2026-03-17T13:00:00,5011.395,5031.215,5005.345,5016.378
2026-03-17T14:00:00,5016.605,5020.395,5002.735,5007.495
2026-03-17T15:00:00,5007.265,5017.255,4973.495,4997.705
2026-03-17T16:00:00,4997.738,5005.735,4991.355,5001.675
2026-03-17T17:00:00,5001.695,5008.595,4996.295,5002.235
2026-03-17T18:00:00,5002.195,5008.845,4999.595,5003.575
2026-03-17T19:00:00,5003.555,5005.485,4996.175,5000.055
2026-03-17T20:00:00,5000.105,5006.685,4999.605,5006.505
2026-03-17T22:00:00,5004.865,5005.505,4993.015,4999.095
2026-03-17T23:00:00,4999.035,5003.485,4998.498,5002.695
2026-03-18T00:00:00,5002.705,5012.215,4999.898,5004.085
2026-03-18T01:00:00,5004.045,5015.675,4991.035,4998.485
2026-03-18T02:00:00,4998.515,5006.745,4989.995,4991.575
2026-03-18T03:00:00,4991.565,4997.345,4985.845,4990.965
2026-03-18T04:00:00,4991.005,4993.325,4981.425,4986.725
2026-03-18T05:00:00,4986.675,5002.265,4984.435,4997.445
2026-03-18T06:00:00,4997.465,5016.065,4995.978,5009.105
2026-03-18T07:00:00,5009.075,5014.625,4989.119,4994.209
2026-03-18T08:00:00,4994.259,4996.139,4975.429,4986.609
2026-03-18T09:00:00,4986.649,4995.545,4983.779,4991.955
2026-03-18T10:00:00,4991.985,4992.035,4958.575,4967.625
2026-03-18T11:00:00,4967.605,4973.725,4924.575,4930.055
2026-03-18T12:00:00,4930.085,4932.345,4870.365,4881.315
2026-03-18T13:00:00,4881.245,4885.305,4833.865,4877.875
2026-03-18T14:00:00,4877.875,4894.355,4856.298,4869.265
2026-03-18T15:00:00,4869.495,4879.775,4860.825,4862.185
2026-03-18T16:00:00,4862.165,4890.265,4860.668,4886.615
2026-03-18T17:00:00,4886.695,4898.795,4883.745,4889.545
2026-03-18T18:00:00,4889.485,4899.085,4852.185,4852.815
2026-03-18T19:00:00,4852.775,4865.095,4838.295,4842.935
2026-03-18T20:00:00,4842.575,4848.535,4806.675,4818.255
2026-03-18T22:00:00,4823.598,4838.825,4803.845,4833.998
2026-03-18T23:00:00,4833.845,4842.245,4827.685,4836.505
2026-03-19T00:00:00,4836.495,4848.465,4835.155,4841.095
2026-03-19T01:00:00,4841.115,4866.995,4832.745,4849.585
2026-03-19T02:00:00,4849.545,4861.825,4841.158,4858.505
2026-03-19T03:00:00,4858.435,4865.618,4850.388,4850.605
2026-03-19T04:00:00,4850.515,4853.565,4845.465,4849.495
2026-03-19T05:00:00,4849.595,4853.635,4826.675,4827.345
2026-03-19T06:00:00,4827.275,4842.265,4747.505,4763.385
2026-03-19T07:00:00,4763.475,4784.275,4726.755,4727.635
2026-03-19T08:00:00,4727.525,4740.145,4686.635,4708.985
2026-03-19T09:00:00,4708.835,4725.635,4687.545,4698.855
2026-03-19T10:00:00,4698.825,4719.388,4666.385,4678.925
2026-03-19T11:00:00,4678.955,4699.158,4650.675,4651.385
2026-03-19T12:00:00,4651.455,4653.785,4530.945,4573.985
2026-03-19T13:00:00,4573.915,4620.975,4502.108,4620.695
2026-03-19T14:00:00,4620.505,4648.825,4581.055,4601.605
2026-03-19T15:00:00,4601.295,4638.445,4566.025,4596.155
2026-03-19T16:00:00,4596.035,4626.295,4576.585,4584.635
2026-03-19T17:00:00,4584.615,4629.555,4573.595,4615.749
2026-03-19T18:00:00,4615.765,4622.935,4595.835,4622.655
2026-03-19T19:00:00,4622.665,4663.215,4622.665,4643.765
2026-03-19T20:00:00,4643.525,4661.695,4642.725,4649.375
2026-03-19T22:00:00,4650.498,4676.865,4635.558,4635.858
2026-03-19T23:00:00,4635.565,4647.745,4633.905,4643.325
2026-03-20T00:00:00,4643.205,4664.815,4641.935,4648.385
2026-03-20T01:00:00,4648.355,4699.185,4639.215,4677.045
2026-03-20T02:00:00,4676.975,4703.415,4670.225,4697.995
2026-03-20T03:00:00,4698.265,4735.835,4692.985,4725.595
2026-03-20T04:00:00,4725.615,4727.265,4715.155,4721.505
2026-03-20T05:00:00,4721.535,4723.315,4685.485,4688.225
2026-03-20T06:00:00,4688.245,4700.785,4661.065,4668.885
2026-03-20T07:00:00,4668.835,4707.665,4667.655,4706.005
2026-03-20T08:00:00,4706.025,4734.645,4684.625,4693.595
2026-03-20T09:00:00,4693.615,4700.255,4659.655,4667.415
2026-03-20T10:00:00,4667.205,4669.925,4637.905,4645.135
2026-03-20T11:00:00,4645.155,4673.935,4636.845,4671.415
2026-03-20T12:00:00,4671.535,4695.295,4661.498,4677.905
2026-03-20T13:00:00,4677.935,4678.922,4612.618,4616.085
2026-03-20T14:00:00,4616.115,4622.415,4547.645,4563.735
2026-03-20T15:00:00,4563.705,4580.095,4540.455,4553.055
2026-03-20T16:00:00,4553.085,4613.575,4551.845,4582.898
2026-03-20T17:00:00,4582.898,4600.315,4554.055,4573.125
2026-03-20T18:00:00,4573.175,4578.205,4477.125,4499.575
2026-03-20T19:00:00,4499.625,4516.475,4485.055,4501.135
2026-03-20T20:00:00,4501.185,4514.118,4487.425,4490.055
2026-03-22T22:00:00,4470.705,4535.815,4448.835,4497.358
2026-03-22T23:00:00,4497.375,4509.858,4451.808,4464.415
2026-03-23T00:00:00,4464.435,4472.975,4318.825,4353.515
2026-03-23T01:00:00,4353.425,4453.865,4328.168,4386.965
2026-03-23T02:00:00,4388.025,4421.715,4354.535,4360.185
2026-03-23T03:00:00,4360.245,4377.655,4334.515,4352.665
2026-03-23T04:00:00,4352.645,4381.625,4349.598,4367.395
2026-03-23T05:00:00,4367.375,4379.795,4301.698,4309.865
2026-03-23T06:00:00,4309.658,4309.955,4162.445,4220.105
2026-03-23T07:00:00,4220.075,4232.235,4098.275,4203.965
2026-03-23T08:00:00,4203.695,4270.385,4202.059,4251.078
2026-03-23T09:00:00,4251.078,4308.225,4223.205,4253.245
2026-03-23T10:00:00,4253.465,4281.615,4240.835,4268.715
2026-03-23T11:00:00,4268.735,4463.015,4268.395,4378.795
2026-03-23T12:00:00,4378.825,4492.185,4336.305,4478.095
2026-03-23T13:00:00,4478.108,4484.905,4400.995,4453.975
2026-03-23T14:00:00,4454.145,4512.665,4453.385,4461.695
2026-03-23T15:00:00,4461.238,4486.765,4350.798,4363.515
2026-03-23T16:00:00,4363.158,4391.505,4352.058,4375.325
2026-03-23T17:00:00,4375.285,4438.835,4370.575,4425.965
2026-03-23T18:00:00,4425.995,4466.895,4402.005,4448.785
2026-03-23T19:00:00,4448.625,4450.325,4392.885,4400.198
2026-03-23T20:00:00,4397.625,4412.975,4382.575,4405.895
2026-03-23T22:00:00,4411.898,4431.065,4359.348,4426.338
2026-03-23T23:00:00,4424.509,4448.005,4421.705,4440.915
2026-03-24T00:00:00,4440.895,4446.435,4330.695,4364.035
2026-03-24T01:00:00,4364.165,4373.895,4307.555,4321.765
2026-03-24T02:00:00,4321.745,4378.965,4305.565,4365.725
2026-03-24T03:00:00,4365.655,4367.905,4334.835,4347.045
2026-03-24T04:00:00,4347.025,4357.005,4326.245,4333.115
2026-03-24T05:00:00,4333.115,4373.595,4319.515,4346.945
2026-03-24T06:00:00,4347.135,4404.765,4342.635,4401.855
2026-03-24T07:00:00,4401.885,4432.785,4399.365,4416.855
2026-03-24T08:00:00,4416.815,4420.735,4390.895,4411.535
2026-03-24T09:00:00,4412.015,4430.625,4395.625,4425.945
2026-03-24T10:00:00,4426.255,4441.308,4414.355,4438.445
2026-03-24T11:00:00,4438.445,4441.865,4373.048,4407.345
2026-03-24T12:00:00,4407.375,4427.205,4361.545,4378.905
2026-03-24T13:00:00,4378.885,4389.575,4350.838,4381.165
2026-03-24T14:00:00,4381.175,4433.085,4380.019,4415.558
2026-03-24T15:00:00,4415.005,4430.398,4395.758,4411.118
2026-03-24T16:00:00,4411.158,4427.148,4402.198,4420.958
2026-03-24T17:00:00,4420.958,4426.058,4372.155,4388.395
2026-03-24T18:00:00,4388.365,4423.105,4383.545,4389.285
2026-03-24T19:00:00,4389.275,4411.108,4388.475,4400.085
2026-03-24T20:00:00,4399.998,4483.945,4397.025,4471.835
2026-03-24T22:00:00,4471.098,4485.185,4455.258,4484.118
2026-03-24T23:00:00,4483.778,4551.118,4471.958,4546.375
2026-03-25T00:00:00,4546.335,4571.738,4537.065,4562.698
2026-03-25T01:00:00,4562.698,4600.955,4552.085,4594.655
2026-03-25T02:00:00,4594.635,4602.125,4579.585,4583.325
2026-03-25T03:00:00,4583.285,4585.905,4567.258,4569.738
2026-03-25T04:00:00,4569.595,4574.385,4565.295,4572.248
2026-03-25T05:00:00,4572.495,4573.295,4548.898,4555.215
2026-03-25T06:00:00,4555.235,4556.655,4532.668,4545.405
2026-03-25T07:00:00,4545.365,4562.915,4536.548,4539.065
2026-03-25T08:00:00,4539.135,4567.475,4535.428,4556.035
2026-03-25T09:00:00,4556.015,4567.455,4527.665,4551.755
2026-03-25T10:00:00,4551.715,4562.265,4550.975,4558.595
2026-03-25T11:00:00,4558.525,4585.475,4555.835,4578.665
2026-03-25T12:00:00,4578.605,4583.385,4521.695,4543.715
2026-03-25T13:00:00,4543.735,4576.285,4540.665,4544.565
2026-03-25T14:00:00,4544.595,4579.075,4532.975,4566.925
2026-03-25T15:00:00,4566.935,4568.781,4524.915,4558.725
2026-03-25T16:00:00,4558.775,4564.78,4544.758,4555.055
2026-03-25T17:00:00,4554.838,4563.645,4542.525,4550.365
2026-03-25T18:00:00,4550.365,4568.695,4530.665,4537.965
2026-03-25T19:00:00,4537.925,4539.445,4486.508,4530.835
2026-03-25T20:00:00,4530.745,4541.755,4494.585,4505.325
2026-03-25T22:00:00,4508.498,4534.525,4505.098,4517.058
2026-03-25T23:00:00,4517.138,4517.518,4488.575,4497.875
2026-03-26T00:00:00,4497.845,4538.875,4497.798,4534.938
2026-03-26T01:00:00,4534.515,4544.275,4522.215,4534.995
2026-03-26T02:00:00,4535.015,4535.468,4505.535,4508.465
2026-03-26T03:00:00,4508.395,4518.555,4499.635,4516.425
2026-03-26T04:00:00,4516.585,4523.985,4511.315,4520.225
2026-03-26T05:00:00,4520.245,4522.095,4438.585,4438.715
2026-03-26T06:00:00,4439.055,4459.225,4415.505,4456.175
2026-03-26T07:00:00,4456.265,4463.665,4438.755,4452.565
2026-03-26T08:00:00,4452.355,4459.075,4412.595,4427.455
2026-03-26T09:00:00,4427.355,4436.695,4414.085,4423.465
2026-03-26T10:00:00,4423.495,4447.845,4416.525,4442.898
2026-03-26T11:00:00,4443.185,4456.505,4418.595,4422.795
2026-03-26T12:00:00,4422.775,4445.425,4416.335,4429.355
2026-03-26T13:00:00,4429.205,4460.205,4419.955,4452.238
2026-03-26T14:00:00,4452.205,4479.515,4436.905,4464.695
2026-03-26T15:00:00,4464.735,4468.618,4433.498,4437.945
2026-03-26T16:00:00,4437.945,4442.398,4366.455,4388.965
2026-03-26T17:00:00,4388.775,4402.215,4376.995,4381.205
2026-03-26T18:00:00,4381.095,4397.495,4367.228,4394.255
2026-03-26T19:00:00,4394.285,4399.145,4358.915,4363.765
2026-03-26T20:00:00,4363.685,4420.305,4350.995,4379.375
2026-03-26T22:00:00,4389.735,4415.145,4375.775,4410.398
2026-03-26T23:00:00,4410.498,4413.598,4389.405,4404.665
2026-03-27T00:00:00,4404.775,4410.835,4375.235,4378.425
2026-03-27T01:00:00,4378.395,4420.275,4377.005,4417.045
2026-03-27T02:00:00,4417.205,4440.225,4416.755,4431.298
2026-03-27T03:00:00,4431.925,4445.935,4420.975,4437.265
2026-03-27T04:00:00,4437.315,4449.315,4431.215,4446.045
2026-03-27T05:00:00,4445.645,4474.915,4440.138,4454.315
2026-03-27T06:00:00,4454.275,4472.555,4451.595,4459.385
2026-03-27T07:00:00,4459.395,4462.915,4442.455,4447.435
2026-03-27T08:00:00,4447.465,4450.388,4423.235,4423.795
2026-03-27T09:00:00,4423.798,4438.095,4420.445,4428.615
2026-03-27T10:00:00,4428.615,4432.585,4410.598,4414.498
2026-03-27T11:00:00,4414.498,4426.045,4404.025,4419.745
2026-03-27T12:00:00,4419.495,4445.045,4412.295,4437.555
2026-03-27T13:00:00,4437.605,4443.448,4413.338,4430.675
2026-03-27T14:00:00,4430.465,4514.455,4430.095,4509.495
2026-03-27T15:00:00,4509.465,4554.965,4501.335,4523.685
2026-03-27T16:00:00,4523.905,4533.285,4505.148,4515.805
2026-03-27T17:00:00,4515.835,4521.368,4485.855,4486.395
2026-03-27T18:00:00,4486.378,4528.365,4486.145,4516.448
2026-03-27T19:00:00,4516.298,4525.825,4500.335,4514.115
2026-03-27T20:00:00,4514.105,4520.295,4490.885,4492.375
2026-03-29T22:00:00,4491.518,4514.675,4464.048,4483.998
2026-03-29T23:00:00,4483.998,4491.898,4443.485,4448.495
2026-03-30T00:00:00,4448.675,4466.515,4417.665,4431.775
2026-03-30T01:00:00,4431.725,4475.415,4431.385,4469.165
2026-03-30T02:00:00,4469.195,4498.965,4458.755,4481.065
2026-03-30T03:00:00,4481.095,4517.445,4478.498,4495.665
2026-03-30T04:00:00,4495.695,4498.535,4485.885,4496.325
2026-03-30T05:00:00,4496.318,4528.215,4496.285,4522.275
2026-03-30T06:00:00,4522.375,4550.485,4516.315,4532.395
2026-03-30T07:00:00,4532.305,4534.635,4515.585,4526.965
2026-03-30T08:00:00,4526.935,4540.245,4524.605,4537.935
2026-03-30T09:00:00,4537.975,4540.365,4523.248,4532.005
2026-03-30T10:00:00,4532.785,4539.775,4527.395,4532.125
2026-03-30T11:00:00,4532.115,4580.465,4525.255,4559.375
2026-03-30T12:00:00,4559.355,4577.695,4545.015,4569.185
2026-03-30T13:00:00,4569.345,4578.455,4516.515,4523.165
2026-03-30T14:00:00,4522.975,4541.365,4511.748,4538.385
2026-03-30T15:00:00,4538.565,4556.565,4524.445,4548.135
2026-03-30T16:00:00,4547.915,4549.405,4531.865,4539.795
2026-03-30T17:00:00,4539.695,4542.125,4511.015,4514.815
2026-03-30T18:00:00,4514.795,4522.865,4498.215,4498.845
2026-03-30T19:00:00,4498.865,4518.205,4492.885,4513.095
2026-03-30T20:00:00,4513.085,4516.245,4500.885,4510.885
2026-03-30T22:00:00,4510.638,4523.445,4501.905,4510.148
2026-03-30T23:00:00,4510.148,4521.485,4492.445,4513.325
2026-03-31T00:00:00,4513.375,4547.875,4482.115,4547.525
2026-03-31T01:00:00,4547.025,4619.195,4531.885,4604.805
2026-03-31T02:00:00,4604.825,4607.055,4565.185,4567.825
2026-03-31T03:00:00,4567.495,4576.675,4549.838,4556.935
2026-03-31T04:00:00,4556.915,4569.235,4556.705,4564.615
2026-03-31T05:00:00,4564.595,4581.515,4547.435,4568.465
2026-03-31T06:00:00,4568.485,4568.645,4552.865,4556.855
2026-03-31T07:00:00,4557.005,4565.605,4543.065,4564.205
2026-03-31T08:00:00,4564.028,4574.868,4560.105,4568.188
2026-03-31T09:00:00,4568.188,4572.115,4549.995,4555.275
2026-03-31T10:00:00,4555.255,4561.635,4529.115,4546.735
2026-03-31T11:00:00,4546.885,4592.955,4540.865,4582.115
2026-03-31T12:00:00,4582.155,4597.295,4568.818,4574.475
2026-03-31T13:00:00,4574.475,4609.415,4567.555,4606.705
2026-03-31T14:00:00,4606.295,4630.098,4594.665,4598.835
2026-03-31T15:00:00,4598.855,4625.325,4598.405,4609.165
2026-03-31T16:00:00,4609.065,4651.115,4606.795,4638.045
2026-03-31T17:00:00,4638.005,4667.145,4635.965,4654.205
2026-03-31T18:00:00,4654.125,4670.715,4653.215,4667.185
2026-03-31T19:00:00,4667.075,4685.325,4661.575,4682.465
2026-03-31T20:00:00,4682.685,4686.935,4664.445,4668.115
2026-03-31T22:00:00,4669.735,4696.185,4661.625,4680.148
2026-03-31T23:00:00,4680.578,4699.825,4671.615,4696.065
2026-04-01T00:00:00,4695.965,4722.385,4693.195,4710.475
2026-04-01T01:00:00,4710.495,4724.005,4680.915,4692.525
2026-04-01T02:00:00,4693.005,4700.275,4677.648,4684.405
2026-04-01T03:00:00,4684.315,4694.095,4679.265,4681.558
2026-04-01T04:00:00,4681.578,4681.715,4666.605,4676.155
2026-04-01T05:00:00,4676.195,4703.195,4674.535,4684.155
2026-04-01T06:00:00,4684.135,4732.785,4682.335,4730.115
2026-04-01T07:00:00,4730.655,4747.565,4709.385,4712.715
2026-04-01T08:00:00,4712.725,4740.185,4709.995,4728.315
2026-04-01T09:00:00,4728.345,4730.005,4712.775,4722.935
2026-04-01T10:00:00,4722.925,4738.395,4715.115,4730.985
2026-04-01T11:00:00,4730.935,4762.555,4728.085,4752.135
2026-04-01T12:00:00,4752.165,4753.475,4724.155,4724.635
2026-04-01T13:00:00,4724.535,4749.375,4716.005,4737.565
2026-04-01T14:00:00,4737.058,4768.605,4723.895,4760.495
2026-04-01T15:00:00,4760.525,4787.936,4758.285,4786.298
2026-04-01T16:00:00,4786.225,4790.405,4773.925,4786.955
2026-04-01T17:00:00,4786.855,4793.135,4773.395,4774.018
2026-04-01T18:00:00,4774.025,4774.915,4741.805,4752.935
2026-04-01T19:00:00,4752.985,4777.935,4751.065,4765.735
2026-04-01T20:00:00,4765.715,4770.835,4754.015,4757.565
2026-04-01T22:00:00,4757.505,4782.555,4747.875,4775.878
2026-04-01T23:00:00,4776.118,4800.185,4772.875,4783.698
2026-04-02T00:00:00,4783.655,4798.525,4774.755,4784.375
2026-04-02T01:00:00,4784.375,4786.395,4648.335,4696.185
2026-04-02T02:00:00,4696.108,4703.655,4654.838,4686.785
2026-04-02T03:00:00,4686.765,4699.275,4675.695,4676.185
2026-04-02T04:00:00,4676.405,4681.445,4656.835,4672.445
2026-04-02T05:00:00,4672.555,4680.325,4585.405,4593.815
2026-04-02T06:00:00,4594.045,4608.465,4553.158,4599.065
2026-04-02T07:00:00,4598.485,4650.985,4596.915,4642.485
2026-04-02T08:00:00,4642.455,4648.555,4616.568,4620.645
2026-04-02T09:00:00,4620.625,4631.765,4612.745,4621.505
2026-04-02T10:00:00,4621.745,4634.915,4603.485,4620.265
2026-04-02T11:00:00,4620.295,4630.475,4592.445,4599.875
2026-04-02T12:00:00,4599.875,4630.035,4594.315,4601.598
2026-04-02T13:00:00,4601.695,4651.135,4580.625,4645.595
2026-04-02T14:00:00,4646.035,4699.635,4631.131,4681.098
2026-04-02T15:00:00,4681.045,4683.498,4652.208,4660.745
2026-04-02T16:00:00,4660.715,4670.248,4642.618,4658.685
2026-04-02T17:00:00,4658.715,4667.995,4645.535,4648.495
2026-04-02T18:00:00,4648.825,4671.698,4647.215,4668.138
2026-04-02T19:00:00,4668.138,4681.535,4661.175,4671.695
2026-04-02T20:00:00,4671.745,4677.605,4664.025,4675.805
2026-04-05T22:00:00,4651.645,4664.715,4606.885,4644.778
2026-04-05T23:00:00,4644.485,4650.258,4604.378,4610.078
2026-04-06T00:00:00,4610.078,4628.905,4600.385,4622.105
2026-04-06T01:00:00,4622.175,4642.725,4619.995,4625.495
2026-04-06T02:00:00,4625.545,4671.435,4623.505,4647.685
2026-04-06T03:00:00,4647.625,4647.865,4625.115,4640.215
2026-04-06T04:00:00,4640.195,4659.755,4639.635,4658.785
2026-04-06T05:00:00,4658.805,4678.445,4650.998,4652.258
2026-04-06T06:00:00,4652.258,4667.465,4642.995,4665.765
2026-04-06T07:00:00,4665.745,4688.055,4644.735,4684.485
2026-04-06T08:00:00,4684.445,4697.975,4680.668,4695.555
2026-04-06T09:00:00,4695.885,4706.255,4690.585,4693.345
2026-04-06T10:00:00,4693.375,4697.335,4684.048,4689.425
2026-04-06T11:00:00,4689.955,4696.518,4676.755,4677.655
2026-04-06T12:00:00,4677.615,4686.425,4659.485,4675.515
2026-04-06T13:00:00,4675.505,4681.248,4659.455,4679.488
2026-04-06T14:00:00,4679.865,4697.575,4659.658,4682.418
2026-04-06T15:00:00,4682.418,4683.578,4651.548,4667.678
2026-04-06T16:00:00,4667.698,4672.208,4657.815,4660.235
2026-04-06T17:00:00,4660.295,4660.985,4645.318,4653.405
2026-04-06T18:00:00,4653.495,4666.365,4648.665,4658.135
2026-04-06T19:00:00,4658.115,4659.135,4645.255,4655.098
2026-04-06T20:00:00,4655.098,4658.125,4646.848,4648.605
2026-04-06T22:00:00,4648.898,4667.615,4648.858,4657.838
2026-04-06T23:00:00,4657.888,4660.648,4651.225,4658.555
2026-04-07T00:00:00,4659.155,4661.32,4648.845,4654.775
2026-04-07T01:00:00,4654.715,4664.265,4616.025,4626.695
2026-04-07T02:00:00,4626.725,4653.618,4619.625,4650.155
2026-04-07T03:00:00,4650.065,4653.785,4639.395,4649.268
2026-04-07T04:00:00,4649.228,4663.818,4645.185,4659.248
2026-04-07T05:00:00,4659.788,4660.948,4622.745,4642.625
2026-04-07T06:00:00,4642.625,4656.125,4637.725,4652.945
2026-04-07T07:00:00,4652.975,4656.615,4636.465,4645.795
2026-04-07T08:00:00,4645.765,4690.418,4643.785,4682.555
2026-04-07T09:00:00,4682.525,4693.955,4658.438,4670.438
2026-04-07T10:00:00,4670.438,4680.148,4649.095,4651.765
2026-04-07T11:00:00,4651.785,4663.765,4628.595,4659.265
2026-04-07T12:00:00,4659.535,4670.765,4646.398,4651.238
2026-04-07T13:00:00,4651.258,4663.205,4635.305,4643.655
2026-04-07T14:00:00,4643.635,4661.248,4607.335,4632.935
2026-04-07T15:00:00,4632.735,4659.065,4624.735,4655.098
2026-04-07T16:00:00,4655.098,4668.108,4652.158,4656.718
2026-04-07T17:00:00,4656.725,4686.415,4653.535,4675.415
2026-04-07T18:00:00,4675.385,4685.988,4657.075,4661.798
2026-04-07T19:00:00,4661.855,4718.465,4660.225,4700.415
2026-04-07T20:00:00,4700.475,4716.558,4696.748,4704.785
2026-04-07T22:00:00,4718.018,4819.058,4712.645,4817.738
2026-04-07T23:00:00,4817.778,4836.105,4800.498,4832.958
2026-04-08T00:00:00,4832.958,4856.998,4808.615,4817.335
2026-04-08T01:00:00,4817.375,4824.958,4787.965,4809.905
2026-04-08T02:00:00,4809.808,4825.165,4798.455,4803.695
2026-04-08T03:00:00,4803.675,4805.625,4794.725,4797.215
2026-04-08T04:00:00,4797.295,4806.475,4789.985,4803.345
2026-04-08T05:00:00,4803.305,4843.505,4800.135,4827.275
2026-04-08T06:00:00,4827.235,4839.575,4819.645,4819.695
2026-04-08T07:00:00,4819.675,4821.105,4804.925,4813.045
2026-04-08T08:00:00,4813.355,4819.555,4790.145,4793.585
2026-04-08T09:00:00,4793.615,4806.405,4775.728,4782.798
2026-04-08T10:00:00,4782.838,4795.805,4770.885,4782.298
2026-04-08T11:00:00,4782.298,4802.655,4777.865,4798.138
2026-04-08T12:00:00,4798.085,4807.005,4768.128,4799.325
2026-04-08T13:00:00,4799.295,4806.405,4767.945,4777.295
2026-04-08T14:00:00,4777.168,4791.565,4731.905,4735.845
2026-04-08T15:00:00,4735.905,4762.865,4733.855,4756.205
2026-04-08T16:00:00,4756.175,4765.298,4745.005,4760.098
2026-04-08T17:00:00,4760.098,4764.115,4731.288,4733.745
2026-04-08T18:00:00,4733.525,4744.335,4703.635,4705.105
2026-04-08T19:00:00,4704.825,4731.698,4699.235,4730.465
2026-04-08T20:00:00,4730.298,4731.975,4715.735,4715.835
2026-04-08T22:00:00,4718.098,4732.525,4704.075,4717.085
2026-04-08T23:00:00,4715.715,4719.795,4704.998,4715.215
2026-04-09T00:00:00,4715.375,4718.885,4698.085,4706.515
2026-04-09T01:00:00,4706.365,4728.125,4699.178,4727.155
2026-04-09T02:00:00,4727.235,4732.595,4717.075,4718.825
2026-04-09T03:00:00,4718.775,4720.065,4704.898,4711.165
2026-04-09T04:00:00,4711.185,4725.038,4709.435,4720.505
2026-04-09T05:00:00,4720.545,4726.375,4705.515,4712.705
2026-04-09T06:00:00,4712.725,4724.995,4703.185,4712.125
2026-04-09T07:00:00,4712.245,4730.995,4705.335,4724.065
2026-04-09T08:00:00,4724.005,4733.095,4719.428,4726.025
2026-04-09T09:00:00,4726.055,4733.375,4722.685,4728.938
2026-04-09T10:00:00,4728.918,4746.445,4723.485,4740.838
2026-04-09T11:00:00,4740.798,4757.465,4738.185,4756.335
2026-04-09T12:00:00,4756.615,4759.385,4734.695,4745.665
2026-04-09T13:00:00,4745.745,4777.015,4738.505,4764.048
2026-04-09T14:00:00,4764.048,4775.935,4747.075,4768.545
2026-04-09T15:00:00,4768.575,4797.855,4760.948,4792.515
2026-04-09T16:00:00,4792.738,4800.695,4784.195,4788.595
2026-04-09T17:00:00,4788.645,4801.015,4786.485,4797.525
2026-04-09T18:00:00,4797.625,4797.765,4767.498,4771.785
2026-04-09T19:00:00,4771.755,4782.385,4766.675,4768.665
2026-04-09T20:00:00,4768.855,4773.135,4760.505,4763.345
2026-04-09T22:00:00,4766.498,4779.285,4758.375,4763.838
2026-04-09T23:00:00,4763.858,4764.065,4756.695,4763.435
2026-04-10T00:00:00,4763.485,4763.485,4750.475,4762.745
2026-04-10T01:00:00,4762.705,4777.035,4757.665,4764.335
2026-04-10T02:00:00,4764.385,4765.235,4737.715,4752.925
2026-04-10T03:00:00,4752.815,4769.235,4752.805,4766.355
2026-04-10T04:00:00,4766.325,4770.525,4757.635,4758.255
2026-04-10T05:00:00,4758.315,4768.915,4756.928,4765.465
2026-04-10T06:00:00,4765.505,4765.625,4742.655,4746.165
2026-04-10T07:00:00,4745.725,4757.345,4741.045,4749.355
2026-04-10T08:00:00,4749.385,4753.155,4730.205,4740.398
2026-04-10T09:00:00,4740.735,4760.555,4740.545,4751.355
2026-04-10T10:00:00,4751.335,4760.468,4742.095,4756.895
2026-04-10T11:00:00,4756.915,4768.445,4753.025,4767.965
2026-04-10T12:00:00,4768.115,4782.315,4759.565,4771.565
2026-04-10T13:00:00,4771.615,4779.875,4764.615,4774.405
2026-04-10T14:00:00,4775.015,4794.765,4766.868,4774.418
2026-04-10T15:00:00,4774.418,4787.195,4755.245,4761.898
2026-04-10T16:00:00,4761.875,4765.785,4747.105,4763.525
2026-04-10T17:00:00,4763.605,4768.405,4757.715,4760.155
2026-04-10T18:00:00,4760.125,4772.765,4750.705,4764.895
2026-04-10T19:00:00,4764.935,4770.325,4758.085,4759.585
2026-04-10T20:00:00,4759.655,4759.785,4740.598,4746.935
2026-04-12T22:00:00,4634.998,4690.685,4634.998,4658.398
2026-04-12T23:00:00,4658.398,4671.685,4644.015,4671.155
2026-04-13T00:00:00,4671.175,4698.615,4664.325,4695.275
2026-04-13T01:00:00,4694.795,4728.035,4693.405,4721.035
2026-04-13T02:00:00,4721.005,4727.795,4710.925,4720.295
2026-04-13T03:00:00,4720.135,4723.625,4711.875,4717.695
2026-04-13T04:00:00,4717.675,4724.595,4708.335,4722.738
2026-04-13T05:00:00,4722.755,4730.605,4716.075,4729.145
2026-04-13T06:00:00,4729.125,4732.425,4720.635,4725.445
2026-04-13T07:00:00,4725.405,4739.815,4724.485,4733.435
2026-04-13T08:00:00,4733.465,4738.495,4720.065,4723.265
2026-04-13T09:00:00,4723.285,4728.575,4710.385,4714.545
2026-04-13T10:00:00,4714.565,4723.745,4708.135,4721.905
2026-04-13T11:00:00,4721.975,4728.955,4703.165,4706.875
2026-04-13T12:00:00,4706.745,4724.895,4703.485,4723.315
2026-04-13T13:00:00,4723.218,4744.315,4721.015,4730.158
2026-04-13T14:00:00,4730.115,4730.878,4708.285,4718.775
2026-04-13T15:00:00,4718.715,4719.565,4700.025,4714.225
2026-04-13T16:00:00,4714.195,4746.09,4708.975,4732.785
2026-04-13T17:00:00,4732.795,4749.725,4725.258,4729.648
2026-04-13T18:00:00,4729.725,4740.525,4723.295,4738.245
2026-04-13T19:00:00,4738.165,4747.235,4730.345,4740.968
2026-04-13T20:00:00,4740.938,4743.788,4737.915,4739.645
2026-04-13T22:00:00,4742.318,4759.375,4742.318,4757.468
2026-04-13T23:00:00,4757.395,4765.668,4754.175,4757.365
2026-04-14T00:00:00,4757.405,4775.565,4751.285,4769.495
2026-04-14T01:00:00,4769.535,4776.715,4761.465,4764.745
2026-04-14T02:00:00,4764.745,4777.075,4761.795,4774.875
2026-04-14T03:00:00,4774.855,4775.295,4765.298,4767.545
2026-04-14T04:00:00,4767.915,4776.935,4766.695,4773.825
2026-04-14T05:00:00,4773.845,4774.045,4757.638,4759.648
2026-04-14T06:00:00,4759.618,4782.855,4759.618,4782.005
2026-04-14T07:00:00,4781.945,4796.185,4767.575,4777.025
2026-04-14T08:00:00,4776.975,4789.825,4774.035,4786.685
2026-04-14T09:00:00,4786.715,4789.115,4771.395,4777.985
2026-04-14T10:00:00,4778.065,4787.955,4751.285,4768.175
2026-04-14T11:00:00,4768.145,4782.885,4766.665,4774.578
2026-04-14T12:00:00,4774.755,4777.365,4761.905,4771.235
2026-04-14T13:00:00,4771.265,4803.115,4770.965,4794.388
2026-04-14T14:00:00,4794.388,4817.598,4792.668,4803.635
2026-04-14T15:00:00,4803.645,4815.885,4790.995,4807.795
2026-04-14T16:00:00,4807.865,4819.995,4804.735,4809.885
2026-04-14T17:00:00,4809.965,4841.515,4809.198,4834.885
2026-04-14T18:00:00,4834.925,4843.018,4830.615,4835.308
2026-04-14T19:00:00,4835.375,4846.098,4835.305,4844.735
2026-04-14T20:00:00,4844.725,4845.955,4839.295,4841.155
2026-04-14T22:00:00,4836.618,4850.445,4832.928,4834.448
2026-04-14T23:00:00,4834.448,4843.905,4833.128,4836.935
2026-04-15T00:00:00,4836.965,4839.805,4826.855,4835.315
2026-04-15T01:00:00,4835.285,4871.165,4827.905,4846.855
2026-04-15T02:00:00,4846.695,4853.125,4820.395,4823.695
2026-04-15T03:00:00,4823.985,4829.395,4816.548,4823.825
2026-04-15T04:00:00,4823.745,4827.695,4820.105,4824.505
2026-04-15T05:00:00,4824.615,4830.325,4812.445,4819.365
2026-04-15T06:00:00,4819.435,4824.695,4810.855,4811.345
2026-04-15T07:00:00,4811.655,4816.775,4803.715,4810.955
2026-04-15T08:00:00,4810.755,4821.298,4804.215,4818.185
2026-04-15T09:00:00,4818.205,4819.345,4785.885,4798.065
2026-04-15T10:00:00,4797.925,4805.025,4789.915,4799.835
2026-04-15T11:00:00,4799.935,4814.805,4795.355,4812.475
2026-04-15T12:00:00,4812.495,4816.025,4806.765,4811.335
2026-04-15T13:00:00,4811.305,4829.995,4808.255,4828.595
2026-04-15T14:00:00,4828.555,4830.435,4813.165,4815.385
2026-04-15T15:00:00,4815.405,4816.025,4786.805,4801.445
2026-04-15T16:00:00,4801.435,4812.295,4799.975,4803.755
2026-04-15T17:00:00,4803.655,4808.575,4790.495,4792.315
2026-04-15T18:00:00,4792.345,4801.945,4790.105,4799.705
2026-04-15T19:00:00,4799.435,4803.315,4794.375,4795.605
2026-04-15T20:00:00,4795.635,4796.515,4787.595,4789.365
2026-04-15T22:00:00,4787.135,4811.665,4787.135,4807.058
2026-04-15T23:00:00,4807.058,4826.425,4806.948,4823.205
2026-04-16T00:00:00,4822.995,4837.455,4820.578,4832.398
2026-04-16T01:00:00,4832.418,4835.985,4811.048,4817.725
2026-04-16T02:00:00,4817.785,4824.765,4812.158,4819.525
2026-04-16T03:00:00,4819.315,4826.985,4818.765,4823.835
2026-04-16T04:00:00,4823.735,4833.315,4822.998,4832.895
2026-04-16T05:00:00,4832.875,4838.335,4821.085,4821.105
2026-04-16T06:00:00,4821.045,4830.465,4814.105,4825.805
2026-04-16T07:00:00,4825.845,4830.735,4816.945,4820.715
2026-04-16T08:00:00,4820.805,4821.645,4806.128,4813.438
2026-04-16T09:00:00,4813.438,4817.745,4806.535,4812.635
2026-04-16T10:00:00,4812.675,4817.015,4804.855,4816.975
2026-04-16T11:00:00,4817.035,4822.395,4815.195,4822.015
2026-04-16T12:00:00,4822.015,4822.915,4811.415,4815.905
2026-04-16T13:00:00,4815.955,4823.575,4784.745,4794.515
2026-04-16T14:00:00,4794.358,4805.185,4772.898,4788.575
2026-04-16T15:00:00,4788.555,4812.695,4788.015,4806.835
2026-04-16T16:00:00,4806.955,4810.098,4784.935,4791.865
2026-04-16T17:00:00,4791.915,4795.165,4781.215,4789.015
2026-04-16T18:00:00,4789.055,4794.235,4785.345,4789.405
2026-04-16T19:00:00,4789.435,4798.395,4789.258,4793.445
2026-04-16T20:00:00,4793.118,4793.655,4786.135,4787.975
2026-04-16T22:00:00,4790.395,4797.635,4790.395,4794.568
2026-04-16T23:00:00,4794.568,4797.675,4791.505,4791.505
2026-04-17T00:00:00,4791.475,4800.985,4785.635,4794.615
2026-04-17T01:00:00,4794.665,4795.495,4768.0,4789.215
2026-04-17T02:00:00,4789.175,4794.495,4784.145,4784.405
2026-04-17T03:00:00,4784.335,4797.915,4784.335,4792.948
2026-04-17T04:00:00,4792.808,4804.305,4792.265,4802.685
2026-04-17T05:00:00,4802.695,4805.935,4793.425,4794.075
2026-04-17T06:00:00,4794.005,4795.045,4779.235,4784.795
2026-04-17T07:00:00,4784.975,4794.565,4778.598,4784.295
2026-04-17T08:00:00,4784.255,4796.775,4780.695,4795.825
2026-04-17T09:00:00,4795.865,4800.785,4789.665,4790.125
2026-04-17T10:00:00,4790.175,4793.755,4782.045,4787.225
2026-04-17T11:00:00,4787.295,4811.555,4783.355,4798.935
2026-04-17T12:00:00,4799.005,4847.615,4797.418,4846.195
2026-04-17T13:00:00,4846.215,4889.335,4834.825,4880.175
2026-04-17T14:00:00,4880.613,4885.145,4860.525,4872.705
2026-04-17T15:00:00,4872.885,4880.275,4854.595,4867.145
2026-04-17T16:00:00,4867.078,4873.098,4863.375,4866.645
2026-04-17T17:00:00,4866.685,4869.315,4853.515,4862.248
2026-04-17T18:00:00,4862.325,4867.798,4855.378,4857.858
2026-04-17T19:00:00,4857.858,4860.985,4852.485,4854.098
2026-04-17T20:00:00,4854.135,4854.955,4825.925,4829.115
2026-04-19T22:00:00,4767.405,4794.635,4758.085,4778.698
2026-04-19T23:00:00,4778.698,4778.848,4736.635,4754.945
2026-04-20T00:00:00,4754.995,4774.185,4744.295,4772.105
2026-04-20T01:00:00,4772.165,4814.035,4771.345,4807.525
2026-04-20T02:00:00,4807.415,4808.825,4792.908,4796.905
2026-04-20T03:00:00,4796.935,4798.285,4788.445,4790.645
2026-04-20T04:00:00,4790.975,4795.575,4786.858,4788.715
2026-04-20T05:00:00,4788.785,4795.845,4779.285,4790.705
2026-04-20T06:00:00,4790.665,4795.305,4783.578,4795.255
2026-04-20T07:00:00,4795.635,4805.605,4786.605,4789.465
2026-04-20T08:00:00,4789.445,4796.125,4785.835,4796.085
2026-04-20T09:00:00,4796.025,4797.765,4783.235,4791.335
2026-04-20T10:00:00,4791.315,4800.765,4789.485,4795.685
2026-04-20T11:00:00,4795.575,4810.775,4786.315,4810.395
2026-04-20T12:00:00,4810.325,4821.848,4798.795,4803.295
2026-04-20T13:00:00,4803.245,4826.188,4799.365,4817.545
2026-04-20T14:00:00,4817.855,4827.348,4792.045,4804.895
2026-04-20T15:00:00,4804.858,4809.315,4792.425,4799.495
2026-04-20T16:00:00,4799.515,4806.065,4792.725,4805.225
2026-04-20T17:00:00,4805.445,4811.935,4803.558,4806.515
2026-04-20T18:00:00,4806.535,4816.198,4806.535,4813.798
2026-04-20T19:00:00,4813.588,4821.058,4810.055,4814.135
2026-04-20T20:00:00,4813.978,4821.705,4811.975,4820.265
2026-04-20T22:00:00,4821.098,4832.845,4819.395,4827.318
2026-04-20T23:00:00,4827.078,4831.338,4819.525,4821.485
2026-04-21T00:00:00,4821.795,4830.565,4816.575,4823.825
2026-04-21T01:00:00,4823.845,4824.485,4805.365,4809.798
2026-04-21T02:00:00,4809.805,4810.115,4802.115,4806.595
2026-04-21T03:00:00,4806.645,4807.555,4792.345,4796.945
2026-04-21T04:00:00,4797.155,4797.675,4788.465,4788.765
2026-04-21T05:00:00,4789.055,4796.725,4782.785,4783.925
2026-04-21T06:00:00,4783.945,4790.535,4774.298,4778.535
2026-04-21T07:00:00,4778.065,4792.405,4772.395,4785.548
2026-04-21T08:00:00,4785.495,4792.735,4774.318,4785.895
2026-04-21T09:00:00,4786.25,4789.345,4780.895,4783.415
2026-04-21T10:00:00,4783.435,4790.295,4780.545,4789.685
2026-04-21T11:00:00,4789.655,4797.935,4775.195,4794.415
2026-04-21T12:00:00,4794.595,4796.895,4764.475,4778.535
2026-04-21T13:00:00,4778.955,4794.165,4759.585,4778.825
2026-04-21T14:00:00,4778.795,4782.485,4723.36,4738.915
2026-04-21T15:00:00,4739.095,4757.385,4727.595,4741.425
2026-04-21T16:00:00,4741.385,4746.86,4708.065,4710.865
2026-04-21T17:00:00,4710.935,4722.055,4696.645,4710.875
2026-04-21T18:00:00,4710.785,4714.455,4692.088,4709.165
2026-04-21T19:00:00,4709.605,4714.825,4668.275,4678.875
2026-04-21T20:00:00,4678.875,4720.585,4668.685,4720.045
2026-04-21T22:00:00,4720.145,4729.035,4715.055,4718.998
2026-04-21T23:00:00,4718.968,4740.345,4717.528,4737.795
2026-04-22T00:00:00,4737.765,4747.305,4737.765,4739.595
2026-04-22T01:00:00,4739.505,4754.585,4735.565,4751.985
2026-04-22T02:00:00,4752.205,4758.495,4749.728,4755.525
2026-04-22T03:00:00,4755.485,4764.795,4752.705,4757.965
2026-04-22T04:00:00,4757.935,4759.395,4751.868,4754.355
2026-04-22T05:00:00,4754.375,4771.935,4751.965,4767.345
2026-04-22T06:00:00,4767.335,4767.685,4758.595,4767.555
2026-04-22T07:00:00,4767.525,4772.165,4759.345,4760.245
2026-04-22T08:00:00,4760.315,4762.065,4751.645,4756.815
2026-04-22T09:00:00,4756.845,4762.285,4752.315,4755.065
2026-04-22T10:00:00,4755.235,4760.125,4745.585,4759.045
2026-04-22T11:00:00,4759.075,4760.625,4747.655,4750.115
2026-04-22T12:00:00,4750.155,4759.495,4742.655,4744.035
2026-04-22T13:00:00,4744.065,4760.825,4736.195,4752.735
2026-04-22T14:00:00,4752.685,4757.325,4729.835,4735.825
2026-04-22T15:00:00,4735.885,4740.045,4724.815,4727.415
2026-04-22T16:00:00,4727.395,4734.765,4723.685,4728.495
2026-04-22T17:00:00,4728.495,4739.285,4728.385,4736.915
2026-04-22T18:00:00,4736.935,4749.565,4729.725,4741.525
2026-04-22T19:00:00,4741.545,4745.265,4736.685,4739.985
2026-04-22T20:00:00,4740.025,4740.525,4734.265,4739.355
2026-04-22T22:00:00,4739.945,4746.245,4725.205,4725.638
2026-04-22T23:00:00,4725.638,4729.715,4723.008,4727.525
2026-04-23T00:00:00,4727.505,4753.585,4693.638,4747.815
2026-04-23T01:00:00,4747.485,4749.675,4722.255,4723.045
2026-04-23T02:00:00,4723.165,4724.535,4698.145,4698.745
2026-04-23T03:00:00,4698.695,4708.455,4697.985,4703.705
2026-04-23T04:00:00,4703.705,4706.945,4698.455,4704.115
2026-04-23T05:00:00,4704.155,4715.225,4692.078,4713.095
2026-04-23T06:00:00,4713.215,4721.035,4708.305,4712.665
2026-04-23T07:00:00,4712.615,4720.345,4702.945,4719.045
2026-04-23T08:00:00,4718.965,4724.695,4701.395,4703.155
2026-04-23T09:00:00,4703.105,4703.515,4694.515,4697.395
2026-04-23T10:00:00,4697.125,4701.525,4684.095,4696.425
2026-04-23T11:00:00,4696.465,4720.825,4695.285,4720.515
2026-04-23T12:00:00,4720.585,4742.985,4719.525,4739.905
2026-04-23T13:00:00,4740.005,4741.095,4723.675,4724.225
2026-04-23T14:00:00,4724.115,4736.465,4716.775,4733.495
2026-04-23T15:00:00,4733.515,4740.905,4715.975,4720.275
2026-04-23T16:00:00,4720.345,4736.985,4715.405,4732.835
2026-04-23T17:00:00,4732.825,4734.385,4664.045,4709.135
2026-04-23T18:00:00,4709.185,4721.915,4699.165,4700.745
2026-04-23T19:00:00,4700.665,4704.345,4689.195,4695.915
2026-04-23T20:00:00,4695.945,4698.045,4686.415,4692.355
2026-04-23T22:00:00,4698.245,4702.195,4689.845,4692.865
2026-04-23T23:00:00,4692.765,4700.515,4686.625,4695.025
2026-04-24T00:00:00,4695.025,4707.775,4690.495,4704.365
2026-04-24T01:00:00,4704.345,4710.935,4690.025,4699.225
2026-04-24T02:00:00,4699.195,4700.335,4672.965,4676.445
2026-04-24T03:00:00,4676.415,4678.065,4668.305,4671.975
2026-04-24T04:00:00,4671.665,4676.795,4657.485,4674.205
2026-04-24T05:00:00,4674.275,4687.115,4669.335,4686.345
2026-04-24T06:00:00,4686.375,4688.035,4666.515,4671.685
2026-04-24T07:00:00,4671.605,4694.995,4670.735,4694.285
2026-04-24T08:00:00,4694.245,4697.315,4684.925,4690.615
2026-04-24T09:00:00,4690.635,4696.535,4679.115,4681.815
2026-04-24T10:00:00,4681.805,4686.075,4674.455,4677.625
2026-04-24T11:00:00,4677.565,4717.195,4677.565,4706.685
2026-04-24T12:00:00,4706.705,4711.625,4690.155,4700.555
2026-04-24T13:00:00,4700.765,4717.185,4689.545,4710.665
2026-04-24T14:00:00,4711.475,4739.995,4706.725,4726.225
2026-04-24T15:00:00,4726.275,4733.155,4714.475,4726.935
2026-04-24T16:00:00,4726.935,4729.565,4718.965,4726.655
2026-04-24T17:00:00,4726.655,4730.065,4718.785,4723.245
2026-04-24T18:00:00,4723.245,4724.715,4716.605,4722.585
2026-04-24T19:00:00,4722.625,4725.995,4713.515,4716.265
2026-04-24T20:00:00,4716.115,4717.245,4705.085,4707.865
2026-04-26T22:00:00,4697.248,4703.995,4679.945,4684.078
2026-04-26T23:00:00,4684.078,4684.705,4674.655,4679.825
2026-04-27T00:00:00,4679.715,4698.145,4672.025,4697.605
2026-04-27T01:00:00,4697.555,4709.605,4690.535,4702.415
2026-04-27T02:00:00,4702.445,4723.175,4696.045,4718.055
2026-04-27T03:00:00,4717.925,4729.315,4714.105,4723.925
2026-04-27T04:00:00,4723.945,4729.875,4722.495,4724.775
2026-04-27T05:00:00,4724.805,4725.185,4708.425,4709.875
2026-04-27T06:00:00,4709.885,4715.565,4708.945,4712.595
2026-04-27T07:00:00,4712.538,4718.205,4709.785,4713.235
2026-04-27T08:00:00,4713.285,4714.575,4705.305,4706.735
2026-04-27T09:00:00,4706.805,4708.145,4699.155,4703.555
2026-04-27T10:00:00,4703.575,4710.865,4699.405,4708.765
2026-04-27T11:00:00,4708.795,4709.075,4700.005,4704.785
2026-04-27T12:00:00,4704.825,4712.475,4696.675,4699.015
2026-04-27T13:00:00,4699.045,4703.305,4688.825,4695.935
2026-04-27T14:00:00,4695.945,4696.585,4676.395,4678.005
2026-04-27T15:00:00,4678.045,4682.345,4667.055,4669.805
2026-04-27T16:00:00,4669.805,4679.325,4667.055,4676.525
2026-04-27T17:00:00,4676.525,4685.935,4668.115,4682.015
2026-04-27T18:00:00,4682.035,4685.325,4678.765,4680.465
2026-04-27T19:00:00,4680.445,4682.505,4676.485,4680.695
2026-04-27T20:00:00,4680.665,4682.315,4677.175,4680.565
2026-04-27T22:00:00,4681.698,4690.955,4681.175,4687.455
2026-04-27T23:00:00,4687.448,4694.895,4686.785,4691.705
2026-04-28T00:00:00,4691.855,4701.015,4690.105,4690.275
2026-04-28T01:00:00,4690.295,4691.375,4669.045,4670.345
2026-04-28T02:00:00,4670.295,4679.625,4666.065,4668.825
2026-04-28T03:00:00,4668.735,4675.675,4668.115,4670.765
2026-04-28T04:00:00,4670.715,4670.995,4666.135,4667.485
2026-04-28T05:00:00,4667.505,4667.835,4623.618,4631.795
2026-04-28T06:00:00,4631.805,4642.785,4623.145,4628.715
2026-04-28T07:00:00,4628.655,4639.195,4620.355,4633.035
2026-04-28T08:00:00,4632.925,4635.285,4614.535,4629.465
2026-04-28T09:00:00,4629.435,4629.875,4604.505,4604.755
2026-04-28T10:00:00,4604.415,4616.365,4603.115,4603.115
2026-04-28T11:00:00,4603.055,4608.655,4555.385,4562.375
2026-04-28T12:00:00,4562.535,4599.965,4554.675,4593.515
2026-04-28T13:00:00,4593.465,4594.395,4570.625,4580.305
2026-04-28T14:00:00,4580.225,4580.455,4557.085,4574.395
2026-04-28T15:00:00,4574.365,4586.325,4566.815,4586.215
2026-04-28T16:00:00,4586.215,4594.665,4577.655,4592.095
2026-04-28T17:00:00,4592.095,4601.245,4587.095,4594.565
2026-04-28T18:00:00,4594.585,4600.375,4591.875,4594.015
2026-04-28T19:00:00,4594.015,4599.755,4593.125,4595.385
2026-04-28T20:00:00,4595.425,4598.585,4590.925,4594.435
2026-04-28T22:00:00,4596.205,4599.515,4591.905,4593.585
2026-04-28T23:00:00,4593.585,4596.115,4587.745,4595.365
2026-04-29T00:00:00,4595.385,4610.195,4595.015,4600.045
2026-04-29T01:00:00,4600.015,4600.205,4575.825,4584.665
2026-04-29T02:00:00,4584.665,4603.905,4584.655,4593.565
2026-04-29T03:00:00,4593.565,4603.135,4591.885,4595.195
2026-04-29T04:00:00,4595.365,4605.505,4595.065,4604.635
2026-04-29T05:00:00,4604.635,4607.655,4590.365,4590.775
2026-04-29T06:00:00,4590.775,4598.545,4580.575,4584.325
2026-04-29T07:00:00,4584.325,4588.685,4567.125,4567.645
2026-04-29T08:00:00,4568.176,4576.635,4557.075,4572.995
2026-04-29T09:00:00,4573.025,4580.555,4551.445,4555.615
2026-04-29T10:00:00,4555.545,4576.425,4554.845,4569.745
2026-04-29T11:00:00,4569.715,4571.885,4559.105,4561.455
2026-04-29T12:00:00,4561.495,4568.845,4541.835,4544.745
2026-04-29T13:00:00,4544.855,4553.095,4509.875,4521.515
2026-04-29T14:00:00,4521.445,4542.555,4517.615,4539.195
2026-04-29T15:00:00,4539.105,4558.715,4536.085,4547.445
2026-04-29T16:00:00,4547.495,4564.715,4543.075,4545.235
2026-04-29T17:00:00,4545.245,4554.265,4541.465,4546.375
2026-04-29T18:00:00,4546.355,4552.775,4518.145,4537.915
2026-04-29T19:00:00,4537.945,4550.455,4533.045,4546.745
2026-04-29T20:00:00,4546.675,4553.465,4541.175,4543.425
2026-04-29T22:00:00,4543.185,4552.228,4539.075,4551.548
2026-04-29T23:00:00,4551.495,4561.715,4549.335,4561.345
2026-04-30T00:00:00,4561.325,4573.825,4556.168,4569.585
2026-04-30T01:00:00,4569.555,4582.178,4564.275,4578.725
2026-04-30T02:00:00,4578.755,4581.595,4559.595,4564.625
2026-04-30T03:00:00,4564.515,4568.985,4555.458,4555.855
2026-04-30T04:00:00,4555.835,4556.755,4540.545,4541.785
2026-04-30T05:00:00,4541.725,4569.445,4541.638,4562.405
2026-04-30T06:00:00,4562.415,4591.425,4559.935,4589.345
2026-04-30T07:00:00,4589.185,4605.465,4584.655,4598.295
2026-04-30T08:00:00,4598.325,4629.545,4597.155,4616.115
2026-04-30T09:00:00,4616.155,4631.555,4614.348,4624.995
2026-04-30T10:00:00,4624.985,4646.705,4623.445,4639.475
2026-04-30T11:00:00,4639.475,4645.545,4626.525,4630.015
2026-04-30T12:00:00,4630.105,4639.845,4624.115,4639.415
2026-04-30T13:00:00,4639.435,4645.845,4610.348,4610.625
2026-04-30T14:00:00,4610.515,4625.825,4609.255,4619.535
2026-04-30T15:00:00,4619.515,4625.355,4611.065,4615.045
2026-04-30T16:00:00,4615.075,4617.548,4605.158,4607.398
2026-04-30T17:00:00,4607.355,4621.305,4607.305,4616.645
2026-04-30T18:00:00,4616.695,4625.045,4616.625,4622.275
2026-04-30T19:00:00,4622.295,4627.275,4614.318,4616.925
2026-04-30T20:00:00,4617.045,4622.315,4615.215,4622.035
2026-04-30T22:00:00,4624.875,4635.085,4623.675,4629.858
2026-04-30T23:00:00,4629.705,4633.885,4626.235,4626.395
2026-05-01T00:00:00,4626.305,4630.915,4618.335,4619.545
2026-05-01T01:00:00,4619.575,4622.045,4613.735,4620.765
2026-05-01T02:00:00,4620.725,4635.695,4616.235,4618.875
2026-05-01T03:00:00,4618.845,4631.705,4617.445,4626.415
2026-05-01T04:00:00,4626.435,4628.438,4608.865,4608.865
2026-05-01T05:00:00,4608.885,4615.875,4602.675,4604.635
2026-05-01T06:00:00,4604.655,4607.615,4590.518,4594.555
2026-05-01T07:00:00,4594.455,4597.805,4575.555,4577.885
2026-05-01T08:00:00,4577.838,4582.225,4564.905,4568.725
2026-05-01T09:00:00,4568.745,4572.745,4560.045,4562.555
2026-05-01T10:00:00,4562.595,4575.895,4561.185,4566.695
2026-05-01T11:00:00,4566.715,4579.455,4562.325,4578.525
2026-05-01T12:00:00,4578.465,4607.655,4574.765,4591.065
2026-05-01T13:00:00,4591.045,4628.465,4586.315,4623.9
2026-05-01T14:00:00,4624.875,4660.065,4624.095,4631.925
2026-05-01T15:00:00,4631.965,4647.905,4618.785,4643.055
2026-05-01T16:00:00,4642.985,4649.795,4633.825,4638.605
2026-05-01T17:00:00,4638.575,4642.415,4626.655,4629.195
2026-05-01T18:00:00,4629.245,4630.465,4613.535,4624.095
2026-05-01T19:00:00,4624.275,4627.525,4608.625,4610.615
2026-05-01T20:00:00,4610.735,4616.635,4606.805,4613.558
2026-05-03T22:00:00,4632.938,4637.355,4612.195,4618.228
2026-05-03T23:00:00,4618.188,4620.458,4611.105,4613.605
2026-05-04T00:00:00,4613.578,4616.205,4601.665,4612.735
2026-05-04T01:00:00,4612.715,4613.735,4592.425,4612.795
2026-05-04T02:00:00,4612.825,4618.365,4590.795,4605.575
2026-05-04T03:00:00,4605.515,4616.925,4598.265,4614.835
2026-05-04T04:00:00,4614.795,4615.275,4604.915,4605.605
2026-05-04T05:00:00,4605.665,4612.895,4592.075,4598.835
2026-05-04T06:00:00,4598.865,4600.565,4583.595,4588.485
2026-05-04T07:00:00,4588.218,4593.215,4577.755,4578.835
2026-05-04T08:00:00,4578.775,4581.155,4573.455,4576.845
2026-05-04T09:00:00,4576.805,4584.375,4572.168,4575.255
2026-05-04T10:00:00,4575.365,4575.695,4525.855,4562.365
2026-05-04T11:00:00,4562.475,4570.595,4551.295,4560.215
2026-05-04T12:00:00,4560.165,4579.155,4559.085,4568.195
2026-05-04T13:00:00,4568.165,4576.29,4555.475,4563.875
2026-05-04T14:00:00,4563.785,4583.005,4553.435,4561.295
2026-05-04T15:00:00,4561.315,4565.885,4512.055,4521.455
2026-05-04T16:00:00,4521.375,4526.795,4500.665,4510.565
2026-05-04T17:00:00,4510.645,4531.315,4510.645,4522.215
2026-05-04T18:00:00,4522.235,4525.245,4509.655,4516.165
2026-05-04T19:00:00,4516.195,4526.955,4511.125,4517.585
2026-05-04T20:00:00,4517.595,4523.825,4511.605,4522.315
2026-05-04T22:00:00,4521.985,4524.535,4515.205,4516.988
2026-05-04T23:00:00,4516.968,4521.435,4515.738,4518.815
2026-05-05T00:00:00,4518.825,4530.275,4513.265,4529.885
2026-05-05T01:00:00,4529.555,4541.945,4525.045,4540.665
2026-05-05T02:00:00,4540.635,4546.565,4534.515,4538.855
2026-05-05T03:00:00,4538.825,4542.645,4532.215,4534.385
2026-05-05T04:00:00,4534.395,4536.475,4527.725,4533.405
2026-05-05T05:00:00,4533.435,4551.355,4531.065,4545.475
2026-05-05T06:00:00,4545.465,4551.825,4533.495,4547.955
2026-05-05T07:00:00,4547.975,4558.055,4543.105,4545.285
2026-05-05T08:00:00,4545.375,4559.405,4545.225,4558.255
2026-05-05T09:00:00,4558.255,4560.345,4550.825,4556.055
2026-05-05T10:00:00,4556.055,4556.715,4539.925,4543.635
2026-05-05T11:00:00,4543.645,4564.845,4539.815,4562.755
2026-05-05T12:00:00,4562.485,4574.435,4554.115,4564.425
2026-05-05T13:00:00,4564.135,4584.835,4564.045,4578.765
2026-05-05T14:00:00,4578.608,4586.415,4565.575,4582.145
2026-05-05T15:00:00,4582.175,4583.675,4568.195,4568.325
2026-05-05T16:00:00,4568.305,4568.875,4553.515,4561.055
2026-05-05T17:00:00,4561.055,4562.595,4553.155,4559.705
2026-05-05T18:00:00,4559.775,4565.665,4557.445,4560.875
2026-05-05T19:00:00,4560.975,4561.365,4551.385,4554.485
2026-05-05T20:00:00,4555.005,4559.865,4553.785,4554.875
2026-05-05T22:00:00,4555.965,4576.845,4545.975,4572.758
2026-05-05T23:00:00,4572.745,4595.425,4568.908,4593.775
2026-05-06T00:00:00,4593.735,4619.795,4588.015,4618.475
2026-05-06T01:00:00,4618.438,4628.755,4609.225,4625.885
2026-05-06T02:00:00,4625.865,4641.585,4625.095,4640.465
2026-05-06T03:00:00,4640.375,4651.755,4638.315,4643.455
2026-05-06T04:00:00,4643.475,4653.285,4643.225,4648.655
2026-05-06T05:00:00,4648.675,4663.605,4644.375,4662.875
2026-05-06T06:00:00,4662.795,4669.655,4656.815,4669.175
2026-05-06T07:00:00,4669.215,4681.715,4657.255,4681.495
2026-05-06T08:00:00,4681.165,4702.298,4671.435,4700.005
2026-05-06T09:00:00,4700.345,4708.435,4688.825,4701.565
2026-05-06T10:00:00,4701.605,4722.825,4695.275,4717.795
2026-05-06T11:00:00,4717.805,4721.025,4690.658,4691.748
2026-05-06T12:00:00,4691.995,4692.885,4660.195,4683.045
2026-05-06T13:00:00,4683.055,4707.655,4668.645,4701.925
2026-05-06T14:00:00,4701.758,4717.205,4697.395,4702.895
2026-05-06T15:00:00,4702.845,4705.685,4687.625,4687.625
2026-05-06T16:00:00,4687.455,4692.065,4679.315,4682.915
2026-05-06T17:00:00,4682.975,4687.985,4678.845,4684.005
2026-05-06T18:00:00,4684.075,4690.435,4681.805,4685.915
2026-05-06T19:00:00,4685.955,4700.025,4685.905,4692.245
2026-05-06T20:00:00,4692.215,4699.505,4685.005,4690.965
2026-05-06T22:00:00,4691.535,4699.625,4689.115,4694.495
2026-05-06T23:00:00,4694.455,4699.325,4690.145,4698.745
2026-05-07T00:00:00,4698.695,4701.025,4685.235,4688.385
2026-05-07T01:00:00,4688.505,4721.225,4684.965,4714.588
2026-05-07T02:00:00,4714.588,4718.395,4699.645,4707.005
2026-05-07T03:00:00,4706.785,4709.615,4698.615,4698.835
2026-05-07T04:00:00,4698.865,4700.745,4692.095,4696.195
2026-05-07T05:00:00,4696.215,4706.365,4694.625,4700.895
2026-05-07T06:00:00,4700.895,4749.805,4700.895,4738.885
2026-05-07T07:00:00,4738.766,4750.375,4731.345,4743.125
2026-05-07T08:00:00,4743.125,4753.275,4730.685,4730.845
2026-05-07T09:00:00,4730.945,4739.275,4721.665,4728.835
2026-05-07T10:00:00,4728.785,4739.725,4726.405,4735.585
2026-05-07T11:00:00,4735.895,4743.585,4727.115,4742.605
2026-05-07T12:00:00,4742.785,4752.455,4733.228,4749.955
2026-05-07T13:00:00,4749.915,4758.035,4730.995,4746.115
2026-05-07T14:00:00,4746.115,4763.285,4740.948,4762.575
2026-05-07T15:00:00,4762.565,4764.595,4726.255,4729.045
2026-05-07T16:00:00,4729.165,4729.595,4704.255,4714.865
2026-05-07T17:00:00,4714.855,4719.425,4687.565,4711.295
2026-05-07T18:00:00,4711.255,4716.015,4695.295,4709.495
2026-05-07T19:00:00,4709.555,4712.745,4697.675,4702.745
2026-05-07T20:00:00,4702.705,4718.915,4684.575,4685.145
2026-05-07T22:00:00,4679.745,4699.158,4675.648,4685.358
2026-05-07T23:00:00,4685.175,4705.375,4683.978,4704.145
2026-05-08T00:00:00,4704.085,4709.255,4693.835,4701.265
2026-05-08T01:00:00,4701.115,4725.245,4700.265,4722.625
2026-05-08T02:00:00,4722.695,4732.615,4706.625,4713.185
2026-05-08T03:00:00,4713.125,4730.995,4710.945,4719.455
2026-05-08T04:00:00,4719.435,4723.095,4708.735,4710.715
2026-05-08T05:00:00,4710.855,4730.958,4709.355,4727.155
2026-05-08T06:00:00,4727.185,4734.355,4712.295,4725.465
2026-05-08T07:00:00,4725.268,4726.215,4696.735,4707.595
2026-05-08T08:00:00,4707.645,4723.395,4706.405,4715.495
2026-05-08T09:00:00,4715.515,4722.595,4707.255,4711.625
2026-05-08T10:00:00,4711.645,4727.748,4710.955,4719.565
2026-05-08T11:00:00,4719.905,4727.195,4713.455,4717.585
2026-05-08T12:00:00,4717.615,4731.745,4701.708,4724.225
2026-05-08T13:00:00,4723.958,4747.565,4716.535,4747.515
2026-05-08T14:00:00,4747.635,4749.245,4713.225,4715.695
2026-05-08T15:00:00,4715.765,4720.845,4701.825,4706.985
2026-05-08T16:00:00,4707.015,4720.015,4705.315,4712.285
2026-05-08T17:00:00,4712.255,4722.615,4711.995,4720.765
2026-05-08T18:00:00,4720.835,4728.825,4719.735,4721.755
2026-05-08T19:00:00,4721.725,4726.655,4720.745,4723.765
2026-05-08T20:00:00,4723.775,4724.125,4711.415,4712.655
2026-05-10T22:00:00,4681.255,4700.195,4678.165,4691.345
2026-05-10T23:00:00,4691.198,4698.345,4688.545,4691.465
2026-05-11T00:00:00,4691.395,4693.035,4670.125,4683.265
2026-05-11T01:00:00,4683.055,4705.245,4674.255,4685.375
2026-05-11T02:00:00,4685.635,4700.065,4676.325,4681.495
2026-05-11T03:00:00,4681.495,4690.195,4674.898,4678.465
2026-05-11T04:00:00,4678.495,4679.615,4668.185,4671.865
2026-05-11T05:00:00,4671.845,4680.655,4647.825,4652.125
2026-05-11T06:00:00,4652.125,4680.255,4649.115,4678.315
2026-05-11T07:00:00,4678.265,4680.165,4664.235,4667.595
2026-05-11T08:00:00,4667.635,4678.575,4663.995,4667.395
2026-05-11T09:00:00,4667.475,4669.815,4650.335,4656.725
2026-05-11T10:00:00,4656.725,4667.355,4656.255,4663.968
2026-05-11T11:00:00,4664.225,4677.255,4663.895,4674.305
2026-05-11T12:00:00,4674.695,4701.115,4667.295,4699.895
2026-05-11T13:00:00,4699.835,4748.485,4698.585,4736.058
2026-05-11T14:00:00,4735.625,4738.198,4714.955,4725.405
2026-05-11T15:00:00,4725.445,4738.125,4722.695,4731.945
2026-05-11T16:00:00,4732.155,4733.365,4707.715,4716.405
2026-05-11T17:00:00,4716.305,4724.465,4715.835,4723.535
2026-05-11T18:00:00,4723.505,4729.235,4720.895,4724.755
2026-05-11T19:00:00,4724.895,4736.058,4722.298,4733.315
2026-05-11T20:00:00,4733.325,4738.335,4729.735,4735.185
2026-05-11T22:00:00,4734.698,4754.915,4732.745,4750.515
2026-05-11T23:00:00,4751.135,4769.405,4745.845,4767.215
2026-05-12T00:00:00,4767.215,4773.335,4748.225,4749.095
2026-05-12T01:00:00,4749.115,4755.375,4720.145,4726.905
2026-05-12T02:00:00,4726.875,4733.595,4722.015,4729.765
2026-05-12T03:00:00,4729.815,4733.135,4717.885,4719.935
2026-05-12T04:00:00,4719.905,4730.135,4710.985,4713.985
2026-05-12T05:00:00,4713.935,4721.835,4708.475,4714.035
2026-05-12T06:00:00,4714.055,4714.085,4694.295,4696.805
2026-05-12T07:00:00,4696.975,4703.705,4686.935,4699.615
2026-05-12T08:00:00,4699.695,4706.715,4696.975,4703.275
2026-05-12T09:00:00,4703.285,4705.125,4693.955,4699.305
2026-05-12T10:00:00,4699.295,4708.295,4684.935,4694.235
2026-05-12T11:00:00,4694.285,4708.985,4686.985,4706.395
2026-05-12T12:00:00,4706.495,4711.455,4689.435,4705.545
2026-05-12T13:00:00,4705.515,4708.895,4676.685,4679.075
2026-05-12T14:00:00,4679.155,4694.995,4669.345,4672.735
2026-05-12T15:00:00,4672.785,4675.955,4638.225,4666.025
2026-05-12T16:00:00,4665.995,4674.915,4664.045,4670.955
2026-05-12T17:00:00,4671.265,4682.165,4670.915,4678.605
2026-05-12T18:00:00,4678.545,4697.955,4676.045,4695.795
2026-05-12T19:00:00,4695.875,4715.518,4695.875,4715.435
2026-05-12T20:00:00,4715.355,4719.125,4711.885,4714.005
2026-05-12T22:00:00,4713.905,4722.138,4701.436,4716.435
2026-05-12T23:00:00,4716.478,4723.755,4714.915,4716.695
2026-05-13T00:00:00,4716.905,4726.618,4713.895,4714.385
2026-05-13T01:00:00,4714.415,4717.015,4700.845,4702.265
2026-05-13T02:00:00,4702.265,4707.425,4687.198,4691.645
2026-05-13T03:00:00,4691.775,4705.675,4688.695,4695.755
2026-05-13T04:00:00,4695.765,4703.235,4695.285,4699.335
2026-05-13T05:00:00,4699.335,4707.085,4693.275,4703.985
2026-05-13T06:00:00,4703.955,4715.155,4698.998,4701.585
2026-05-13T07:00:00,4701.655,4708.675,4696.585,4702.565
2026-05-13T08:00:00,4702.495,4704.015,4694.225,4700.535
2026-05-13T09:00:00,4700.555,4701.665,4685.755,4700.745
2026-05-13T10:00:00,4700.745,4710.295,4693.555,4693.975
2026-05-13T11:00:00,4693.935,4705.325,4691.355,4697.265
2026-05-13T12:00:00,4696.995,4701.285,4675.295,4683.635
2026-05-13T13:00:00,4683.385,4694.555,4669.415,4679.165
2026-05-13T14:00:00,4679.155,4690.808,4672.635,4679.625
2026-05-13T15:00:00,4679.625,4699.965,4678.785,4695.365
2026-05-13T16:00:00,4695.365,4709.635,4694.865,4695.515
2026-05-13T17:00:00,4695.605,4701.095,4684.295,4685.375
2026-05-13T18:00:00,4685.375,4693.895,4677.425,4684.725
2026-05-13T19:00:00,4684.805,4690.425,4683.155,4688.025
2026-05-13T20:00:00,4687.965,4693.315,4685.835,4688.605
2026-05-13T22:00:00,4689.298,4700.295,4688.708,4699.625
2026-05-13T23:00:00,4699.618,4701.855,4693.065,4696.415
2026-05-14T00:00:00,4696.395,4706.485,4689.225,4704.735
2026-05-14T01:00:00,4704.765,4706.865,4683.315,4688.665
2026-05-14T02:00:00,4688.685,4699.365,4679.555,4686.025
2026-05-14T03:00:00,4686.135,4693.055,4673.665,4674.645
2026-05-14T04:00:00,4674.695,4712.438,4668.165,4702.015
2026-05-14T05:00:00,4702.075,4703.815,4688.625,4689.405
2026-05-14T06:00:00,4689.178,4702.345,4686.028,4699.865
2026-05-14T07:00:00,4699.715,4718.568,4690.595,4692.995
2026-05-14T08:00:00,4692.935,4706.445,4691.935,4693.115
2026-05-14T09:00:00,4693.225,4702.535,4688.335,4699.405
2026-05-14T10:00:00,4699.455,4705.245,4691.015,4696.785
2026-05-14T11:00:00,4696.845,4704.625,4688.908,4694.165
2026-05-14T12:00:00,4693.518,4709.748,4691.998,4704.628
2026-05-14T13:00:00,4704.535,4707.408,4665.975,4679.285
2026-05-14T14:00:00,4679.225,4700.648,4677.315,4679.175
2026-05-14T15:00:00,4679.205,4689.085,4676.775,4685.585
2026-05-14T16:00:00,4685.438,4686.638,4669.955,4678.175
2026-05-14T17:00:00,4678.325,4682.678,4676.135,4677.898
2026-05-14T18:00:00,4677.998,4678.018,4666.558,4671.395
2026-05-14T19:00:00,4671.575,4671.595,4652.675,4653.818
2026-05-14T20:00:00,4653.838,4656.738,4643.965,4648.895
2026-05-14T22:00:00,4650.795,4662.615,4645.925,4661.948
2026-05-14T23:00:00,4661.775,4665.145,4646.628,4651.975
2026-05-15T00:00:00,4651.935,4658.125,4613.225,4629.758
2026-05-15T01:00:00,4629.995,4631.115,4607.025,4613.805
2026-05-15T02:00:00,4614.055,4623.255,4609.115,4617.875
2026-05-15T03:00:00,4617.875,4622.185,4607.215,4615.245
2026-05-15T04:00:00,4615.295,4621.465,4604.125,4605.615
2026-05-15T05:00:00,4606.025,4606.305,4558.425,4558.425
2026-05-15T06:00:00,4558.445,4580.345,4556.245,4569.555
2026-05-15T07:00:00,4569.785,4588.575,4565.755,4570.685
2026-05-15T08:00:00,4570.575,4571.895,4549.845,4554.375
2026-05-15T09:00:00,4554.375,4563.685,4531.705,4545.715
2026-05-15T10:00:00,4545.735,4572.485,4543.965,4565.855
2026-05-15T11:00:00,4565.825,4570.035,4549.715,4551.855
2026-05-15T12:00:00,4551.885,4558.625,4543.515,4545.655
2026-05-15T13:00:00,4545.635,4557.505,4511.215,4533.285
2026-05-15T14:00:00,4533.285,4566.495,4525.155,4562.615
2026-05-15T15:00:00,4562.625,4563.555,4533.625,4539.755
2026-05-15T16:00:00,4539.765,4548.015,4529.255,4544.335
2026-05-15T17:00:00,4544.335,4564.325,4543.195,4559.445
2026-05-15T18:00:00,4559.485,4562.985,4552.235,4559.115
2026-05-15T19:00:00,4559.115,4559.965,4544.705,4545.585
2026-05-15T20:00:00,4545.665,4546.155,4532.915,4538.898
2026-05-17T22:00:00,4531.698,4554.575,4526.498,4545.688
2026-05-17T23:00:00,4545.698,4547.588,4531.775,4536.795
2026-05-18T00:00:00,4536.825,4542.315,4480.065,4515.715
2026-05-18T01:00:00,4514.525,4535.265,4489.235,4525.225
2026-05-18T02:00:00,4525.165,4542.545,4521.765,4533.405
2026-05-18T03:00:00,4533.295,4547.855,4525.005,4540.985
2026-05-18T04:00:00,4540.935,4549.675,4529.845,4540.445
2026-05-18T05:00:00,4540.515,4551.705,4529.625,4530.655
2026-05-18T06:00:00,4530.665,4547.865,4529.425,4546.635
2026-05-18T07:00:00,4546.565,4559.575,4538.155,4546.175
2026-05-18T08:00:00,4546.175,4556.825,4542.138,4549.745
2026-05-18T09:00:00,4549.555,4551.745,4539.935,4542.735
2026-05-18T10:00:00,4542.755,4547.545,4531.955,4540.025
2026-05-18T11:00:00,4540.035,4566.858,4529.815,4550.455
2026-05-18T12:00:00,4550.665,4574.875,4544.965,4571.015
2026-05-18T13:00:00,4571.065,4584.015,4561.665,4575.485
2026-05-18T14:00:00,4575.505,4575.505,4537.435,4546.385
2026-05-18T15:00:00,4546.365,4547.835,4531.575,4543.385
2026-05-18T16:00:00,4543.405,4554.395,4533.825,4549.955
2026-05-18T17:00:00,4549.918,4558.045,4545.515,4546.865
2026-05-18T18:00:00,4546.885,4547.655,4534.015,4535.545
2026-05-18T19:00:00,4535.515,4564.735,4535.035,4558.305
2026-05-18T20:00:00,4558.825,4566.575,4557.655,4566.325
2026-05-18T22:00:00,4566.825,4578.245,4566.025,4573.348
2026-05-18T23:00:00,4573.288,4588.825,4573.255,4581.615
2026-05-19T00:00:00,4582.005,4589.295,4561.225,4563.165
2026-05-19T01:00:00,4563.18,4572.075,4553.995,4563.565
2026-05-19T02:00:00,4563.595,4563.595,4545.715,4546.875
2026-05-19T03:00:00,4546.975,4555.015,4543.325,4544.985
2026-05-19T04:00:00,4545.005,4545.545,4537.675,4542.205
2026-05-19T05:00:00,4542.275,4546.275,4530.745,4540.615
2026-05-19T06:00:00,4540.675,4553.665,4533.405,4547.785
2026-05-19T07:00:00,4547.775,4559.115,4541.155,4556.975
2026-05-19T08:00:00,4557.285,4559.055,4535.995,4542.505
2026-05-19T09:00:00,4542.435,4546.655,4535.965,4541.585
2026-05-19T10:00:00,4541.605,4544.605,4525.225,4544.605
2026-05-19T11:00:00,4544.515,4547.775,4529.675,4530.535
2026-05-19T12:00:00,4530.405,4547.025,4527.028,4536.935
2026-05-19T13:00:00,4536.955,4537.235,4464.615,4503.595
2026-05-19T14:00:00,4503.088,4513.905,4484.305,4493.905
2026-05-19T15:00:00,4493.925,4509.105,4489.535,4508.275
2026-05-19T16:00:00,4508.275,4512.375,4495.965,4507.535
2026-05-19T17:00:00,4507.615,4510.965,4498.935,4500.668
2026-05-19T18:00:00,4500.668,4503.575,4490.005,4493.465
2026-05-19T19:00:00,4493.375,4497.595,4481.105,4483.275
2026-05-19T20:00:00,4483.255,4488.055,4480.765,4481.825
2026-05-19T22:00:00,4481.998,4485.685,4476.985,4483.885
2026-05-19T23:00:00,4483.795,4496.095,4479.455,4489.055
2026-05-20T00:00:00,4489.075,4508.745,4479.425,4500.645
2026-05-20T01:00:00,4500.615,4505.905,4455.625,4481.265
2026-05-20T02:00:00,4481.565,4486.905,4458.255,4465.065
2026-05-20T03:00:00,4465.105,4467.055,4453.145,4463.355
2026-05-20T04:00:00,4463.365,4470.395,4456.345,4461.825
2026-05-20T05:00:00,4461.665,4478.965,4461.375,4472.458
2026-05-20T06:00:00,4472.515,4478.265,4461.185,4474.015
2026-05-20T07:00:00,4473.975,4485.765,4471.628,4478.405
2026-05-20T08:00:00,4478.375,4490.105,4476.518,4484.005
2026-05-20T09:00:00,4483.965,4490.975,4472.475,4484.715
2026-05-20T10:00:00,4484.715,4496.745,4484.365,4494.445
2026-05-20T11:00:00,4494.445,4500.895,4490.715,4498.975
2026-05-20T12:00:00,4498.925,4505.205,4492.815,4495.955
2026-05-20T13:00:00,4495.965,4505.975,4481.828,4482.875
2026-05-20T14:00:00,4482.865,4537.025,4466.868,4531.025
2026-05-20T15:00:00,4531.145,4552.585,4522.975,4528.978
2026-05-20T16:00:00,4528.978,4535.455,4523.935,4534.265
2026-05-20T17:00:00,4534.275,4538.245,4529.675,4530.748
2026-05-20T18:00:00,4530.648,4544.848,4529.045,4542.178
2026-05-20T19:00:00,4542.025,4549.998,4541.365,4545.535
2026-05-20T20:00:00,4545.475,4550.315,4541.675,4543.705
2026-05-20T22:00:00,4542.695,4548.365,4534.935,4539.398
2026-05-20T23:00:00,4539.325,4546.805,4534.265,4546.198
2026-05-21T00:00:00,4546.198,4553.065,4537.085,4544.955
2026-05-21T01:00:00,4544.935,4570.725,4539.705,4560.695
2026-05-21T02:00:00,4560.725,4564.565,4531.345,4532.885
2026-05-21T03:00:00,4532.865,4540.025,4527.045,4527.985
2026-05-21T04:00:00,4527.985,4540.405,4527.045,4538.275
2026-05-21T05:00:00,4538.295,4540.365,4518.185,4527.795
2026-05-21T06:00:00,4527.765,4539.675,4518.695,4521.375
2026-05-21T07:00:00,4521.435,4524.325,4511.818,4519.418
2026-05-21T08:00:00,4519.425,4536.665,4518.105,4532.335
2026-05-21T09:00:00,4532.335,4542.625,4527.615,4530.475
2026-05-21T10:00:00,4530.495,4535.315,4504.695,4511.415
2026-05-21T11:00:00,4511.415,4521.165,4507.955,4513.905
2026-05-21T12:00:00,4513.905,4519.135,4501.815,4503.955
2026-05-21T13:00:00,4503.925,4520.995,4488.335,4513.055
2026-05-21T14:00:00,4513.075,4515.225,4498.005,4508.665
2026-05-21T15:00:00,4508.625,4515.245,4496.555,4511.705
2026-05-21T16:00:00,4511.735,4520.805,4511.735,4519.315
2026-05-21T17:00:00,4519.395,4559.005,4514.008,4551.305
2026-05-21T18:00:00,4551.365,4555.925,4527.265,4531.765
2026-05-21T19:00:00,4531.935,4543.645,4529.488,4542.925
2026-05-21T20:00:00,4542.905,4544.575,4539.575,4542.115
2026-05-21T22:00:00,4544.058,4545.755,4539.375,4542.875
2026-05-21T23:00:00,4542.835,4544.595,4532.115,4535.205
2026-05-22T00:00:00,4535.305,4540.925,4525.228,4526.348
2026-05-22T01:00:00,4526.348,4536.125,4520.815,4526.135
2026-05-22T02:00:00,4526.115,4529.305,4518.195,4522.895
2026-05-22T03:00:00,4522.945,4529.895,4518.838,4529.255
2026-05-22T04:00:00,4529.365,4532.885,4525.265,4526.925
2026-05-22T05:00:00,4526.905,4534.065,4506.978,4511.005
2026-05-22T06:00:00,4511.145,4528.625,4509.625,4526.425
2026-05-22T07:00:00,4526.465,4527.295,4515.975,4521.678
2026-05-22T08:00:00,4522.115,4530.995,4516.715,4521.695
2026-05-22T09:00:00,4521.715,4535.785,4514.498,4531.915
2026-05-22T10:00:00,4532.055,4536.605,4509.995,4514.465
2026-05-22T11:00:00,4514.215,4524.905,4511.295,4520.485
2026-05-22T12:00:00,4520.335,4535.935,4514.825,4528.025
2026-05-22T13:00:00,4528.711,4534.255,4510.175,4513.245
2026-05-22T14:00:00,4513.285,4513.285,4491.605,4500.365
2026-05-22T15:00:00,4500.445,4522.085,4500.115,4519.895
2026-05-22T16:00:00,4519.785,4526.605,4512.135,4514.795
2026-05-22T17:00:00,4514.885,4527.698,4512.915,4519.015
2026-05-22T18:00:00,4519.095,4520.185,4511.605,4515.065
2026-05-22T19:00:00,4515.015,4515.715,4504.208,4508.018
2026-05-22T20:00:00,4508.035,4510.345,4503.698,4508.395
2026-05-24T22:00:00,4535.098,4565.535,4532.885,4564.948
2026-05-24T23:00:00,4564.948,4579.995,4564.485,4566.735
2026-05-25T00:00:00,4566.765,4579.285,4565.905,4569.238
2026-05-25T01:00:00,4569.238,4576.135,4560.105,4562.625
2026-05-25T02:00:00,4562.555,4569.995,4558.525,4561.175
2026-05-25T03:00:00,4561.235,4564.205,4556.4,4559.518
2026-05-25T04:00:00,4559.518,4565.625,4559.128,4564.785
2026-05-25T05:00:00,4564.715,4566.055,4551.598,4553.145
2026-05-25T06:00:00,4553.185,4563.155,4550.315,4562.315
2026-05-25T07:00:00,4562.355,4565.095,4552.245,4564.525
2026-05-25T08:00:00,4564.535,4564.898,4553.205,4555.948
2026-05-25T09:00:00,4555.825,4568.975,4554.665,4567.398
2026-05-25T10:00:00,4567.455,4573.585,4567.435,4568.415
2026-05-25T11:00:00,4568.665,4576.865,4567.395,4569.215
2026-05-25T12:00:00,4569.188,4570.115,4552.738,4567.445
2026-05-25T13:00:00,4567.415,4571.285,4559.855,4562.918
2026-05-25T14:00:00,4562.785,4570.435,4562.115,4566.615
2026-05-25T15:00:00,4566.615,4574.638,4565.468,4570.715
2026-05-25T16:00:00,4570.725,4574.445,4567.828,4573.305
2026-05-25T17:00:00,4573.145,4577.845,4563.055,4564.795
2026-05-25T18:00:00,4564.815,4571.415,4564.055,4569.675
2026-05-25T22:00:00,4568.898,4576.425,4568.898,4574.638
2026-05-25T23:00:00,4574.405,4580.225,4554.835,4559.425
2026-05-26T00:00:00,4559.555,4559.895,4539.135,4549.365
2026-05-26T01:00:00,4549.395,4550.075,4527.395,4536.785
2026-05-26T02:00:00,4536.675,4539.435,4529.805,4532.105
2026-05-26T03:00:00,4532.115,4545.315,4531.855,4542.245
2026-05-26T04:00:00,4542.245,4543.095,4523.245,4525.275
2026-05-26T05:00:00,4525.185,4535.025,4522.735,4527.045
2026-05-26T06:00:00,4527.025,4536.025,4526.815,4530.775
2026-05-26T07:00:00,4530.805,4538.955,4521.485,4538.095
2026-05-26T08:00:00,4538.095,4538.868,4519.815,4523.625
2026-05-26T09:00:00,4523.625,4526.305,4512.058,4522.615
2026-05-26T10:00:00,4522.635,4540.375,4519.408,4534.245
2026-05-26T11:00:00,4534.245,4536.125,4503.495,4507.095
2026-05-26T12:00:00,4507.035,4523.525,4500.475,4520.078
2026-05-26T13:00:00,4520.078,4531.155,4512.025,4514.045
2026-05-26T14:00:00,4514.175,4524.935,4507.625,4515.185
2026-05-26T15:00:00,4515.175,4515.425,4502.135,4506.225
2026-05-26T16:00:00,4506.275,4511.138,4499.505,4504.715
2026-05-26T17:00:00,4504.705,4507.485,4489.685,4490.905
2026-05-26T18:00:00,4490.925,4499.505,4482.365,4499.165
2026-05-26T19:00:00,4499.165,4509.698,4497.565,4508.735
2026-05-26T20:00:00,4508.695,4510.365,4503.755,4505.065
2026-05-26T22:00:00,4535.898,4537.698,4492.498,4510.535
2026-05-26T23:00:00,4510.535,4527.555,4504.165,4519.335
2026-05-27T00:00:00,4519.228,4525.645,4513.755,4514.895
2026-05-27T01:00:00,4514.875,4520.815,4506.675,4507.765
2026-05-27T02:00:00,4507.795,4509.335,4497.725,4505.625
2026-05-27T03:00:00,4505.655,4511.705,4496.355,4496.785
2026-05-27T04:00:00,4496.815,4517.005,4495.495,4509.915
2026-05-27T05:00:00,4509.965,4513.578,4491.355,4497.225
2026-05-27T06:00:00,4497.185,4498.865,4479.395,4484.895
2026-05-27T07:00:00,4485.445,4489.075,4475.605,4481.825
2026-05-27T08:00:00,4481.885,4498.645,4481.598,4497.745
2026-05-27T09:00:00,4497.745,4497.745,4486.845,4489.995
2026-05-27T10:00:00,4489.948,4490.435,4442.425,4445.775
2026-05-27T11:00:00,4445.775,4453.165,4424.755,4428.485
2026-05-27T12:00:00,4428.455,4466.315,4427.345,4438.765
2026-05-27T13:00:00,4438.735,4438.975,4401.325,4427.335
2026-05-27T14:00:00,4427.325,4455.248,4425.785,4433.815
2026-05-27T15:00:00,4433.785,4441.295,4427.875,4436.405
2026-05-27T16:00:00,4436.335,4453.115,4434.005,4450.638
2026-05-27T17:00:00,4450.675,4454.185,4441.315,4450.145
2026-05-27T18:00:00,4450.165,4458.135,4447.455,4454.168
2026-05-27T19:00:00,4454.168,4454.715,4448.565,4450.675
2026-05-27T20:00:00,4450.655,4458.688,4449.845,4451.875
2026-05-27T22:00:00,4454.915,4465.495,4454.915,4457.088
2026-05-27T23:00:00,4457.088,4457.345,4443.535,4446.975
2026-05-28T00:00:00,4446.955,4457.585,4443.338,4456.678
2026-05-28T01:00:00,4456.665,4458.355,4406.578,4409.668
2026-05-28T02:00:00,4409.668,4412.195,4392.195,4394.128
2026-05-28T03:00:00,4394.128,4397.525,4368.115,4374.515
2026-05-28T04:00:00,4374.495,4381.645,4366.048,4372.745
2026-05-28T05:00:00,4372.745,4395.548,4366.785,4387.745
2026-05-28T06:00:00,4387.798,4390.298,4373.685,4383.178
2026-05-28T07:00:00,4383.325,4395.955,4382.575,4387.255
2026-05-28T08:00:00,4387.238,4394.675,4385.615,4386.665
2026-05-28T09:00:00,4386.588,4398.845,4386.185,4393.405
2026-05-28T10:00:00,4393.435,4403.765,4374.678,4382.775
2026-05-28T11:00:00,4382.775,4390.505,4380.705,4387.745
2026-05-28T12:00:00,4387.855,4433.458,4379.375,4431.848
2026-05-28T13:00:00,4432.115,4438.895,4417.995,4429.995
2026-05-28T14:00:00,4429.775,4480.135,4420.525,4469.078
2026-05-28T15:00:00,4469.525,4484.995,4468.385,4481.938
2026-05-28T16:00:00,4482.005,4510.708,4477.255,4510.675
2026-05-28T17:00:00,4510.765,4514.205,4501.028,4508.738
2026-05-28T18:00:00,4508.738,4516.318,4498.258,4500.758
2026-05-28T19:00:00,4500.758,4503.498,4496.985,4497.788
2026-05-28T20:00:00,4497.588,4500.398,4494.505,4495.605
2026-05-28T22:00:00,4494.685,4499.265,4490.608,4490.638
2026-05-28T23:00:00,4490.595,4496.658,4488.685,4494.735
2026-05-29T00:00:00,4494.795,4500.375,4491.695,4495.935
2026-05-29T01:00:00,4495.905,4520.445,4491.995,4506.355
2026-05-29T02:00:00,4506.385,4511.015,4498.135,4501.525
2026-05-29T03:00:00,4501.415,4501.695,4494.535,4501.085
2026-05-29T04:00:00,4501.065,4514.675,4500.885,4513.905
2026-05-29T05:00:00,4513.845,4515.775,4502.435,4514.745
2026-05-29T06:00:00,4514.745,4524.045,4509.675,4523.515
2026-05-29T07:00:00,4523.465,4526.235,4510.585,4524.565
2026-05-29T08:00:00,4524.525,4524.635,4509.675,4514.705
2026-05-29T09:00:00,4514.735,4539.325,4513.085,4530.995
2026-05-29T10:00:00,4530.788,4543.025,4525.338,4538.435
2026-05-29T11:00:00,4538.268,4540.315,4525.585,4538.225
2026-05-29T12:00:00,4538.375,4538.415,4512.515,4522.825
2026-05-29T13:00:00,4522.935,4540.645,4516.865,4536.685
2026-05-29T14:00:00,4536.765,4570.335,4525.015,4563.995
2026-05-29T15:00:00,4563.845,4594.665,4556.485,4570.745
2026-05-29T16:00:00,4570.765,4573.095,4559.425,4566.575
2026-05-29T17:00:00,4566.845,4568.135,4551.085,4553.035
2026-05-29T18:00:00,4552.825,4561.245,4549.585,4552.965
2026-05-29T19:00:00,4552.825,4559.875,4542.265,4544.095
2026-05-29T20:00:00,4544.865,4548.645,4536.775,4537.498
2026-05-31T22:00:00,4519.755,4540.195,4517.555,4534.765
2026-05-31T23:00:00,4534.838,4545.485,4534.618,4539.335
2026-06-01T00:00:00,4539.295,4545.695,4534.998,4540.495
2026-06-01T01:00:00,4540.295,4541.185,4523.515,4525.255
2026-06-01T02:00:00,4525.155,4534.355,4520.925,4521.195
2026-06-01T03:00:00,4521.225,4525.385,4509.615,4516.145
2026-06-01T04:00:00,4516.105,4519.525,4508.395,4514.145
2026-06-01T05:00:00,4514.185,4525.055,4512.365,4517.915
2026-06-01T06:00:00,4517.905,4518.435,4500.095,4501.505
2026-06-01T07:00:00,4501.285,4509.815,4492.195,4502.935
2026-06-01T08:00:00,4502.915,4504.345,4490.178,4497.855
2026-06-01T09:00:00,4497.705,4506.175,4488.965,4495.805
2026-06-01T10:00:00,4495.795,4510.785,4495.795,4503.785
2026-06-01T11:00:00,4503.775,4512.785,4499.605,4505.635
2026-06-01T12:00:00,4505.635,4510.325,4497.225,4501.945
2026-06-01T13:00:00,4502.365,4503.765,4448.105,4449.635
2026-06-01T14:00:00,4447.905,4464.675,4447.515,4458.635
2026-06-01T15:00:00,4458.645,4479.655,4455.325,4474.045
2026-06-01T16:00:00,4473.925,4481.955,4462.755,4479.875
2026-06-01T17:00:00,4479.885,4495.385,4471.205,4487.305
2026-06-01T18:00:00,4487.375,4489.995,4484.665,4486.465
2026-06-01T19:00:00,4486.405,4488.005,4478.885,4480.955
2026-06-01T20:00:00,4480.965,4485.575,4479.978,4484.515
2026-06-01T22:00:00,4487.098,4487.895,4479.415,4485.388
2026-06-01T23:00:00,4484.948,4488.065,4479.065,4484.265
2026-06-02T00:00:00,4484.455,4497.025,4476.455,4481.248
2026-06-02T01:00:00,4481.065,4492.145,4462.658,4473.575
2026-06-02T02:00:00,4473.618,4486.235,4471.688,4485.685
2026-06-02T03:00:00,4485.645,4499.335,4485.388,4499.115
2026-06-02T04:00:00,4499.115,4518.025,4497.635,4517.185
2026-06-02T05:00:00,4517.135,4527.975,4514.975,4516.828
2026-06-02T06:00:00,4516.835,4538.285,4516.755,4535.465
2026-06-02T07:00:00,4535.485,4541.385,4527.705,4534.835
2026-06-02T08:00:00,4534.808,4538.898,4525.755,4526.518
2026-06-02T09:00:00,4526.585,4535.535,4521.075,4529.585
2026-06-02T10:00:00,4529.695,4533.825,4524.455,4532.995
2026-06-02T11:00:00,4533.035,4534.515,4525.455,4527.425
2026-06-02T12:00:00,4527.735,4534.035,4513.285,4514.455
2026-06-02T13:00:00,4514.405,4524.725,4502.095,4502.095
2026-06-02T14:00:00,4502.285,4506.795,4490.105,4503.885
2026-06-02T15:00:00,4503.945,4508.395,4499.915,4501.865
2026-06-02T16:00:00,4502.075,4502.825,4486.125,4491.705
2026-06-02T17:00:00,4491.705,4492.875,4481.885,4484.455
2026-06-02T18:00:00,4484.565,4490.865,4478.535,4487.165
2026-06-02T19:00:00,4487.195,4490.065,4483.115,4487.885
2026-06-02T20:00:00,4487.885,4490.875,4486.075,4488.865
2026-06-02T22:00:00,4489.978,4492.855,4483.755,4484.418
2026-06-02T23:00:00,4484.518,4488.555,4461.905,4474.125
2026-06-03T00:00:00,4474.095,4496.515,4473.495,4485.855
2026-06-03T01:00:00,4485.835,4487.385,4462.978,4475.565
2026-06-03T02:00:00,4475.675,4484.915,4472.555,4481.655
2026-06-03T03:00:00,4481.538,4487.375,4481.535,4484.215
2026-06-03T04:00:00,4484.205,4488.035,4467.995,4469.245
2026-06-03T05:00:00,4469.245,4473.915,4456.298,4456.728
2026-06-03T06:00:00,4456.728,4470.705,4455.025,4462.755
2026-06-03T07:00:00,4462.695,4472.035,4452.595,4453.165
2026-06-03T08:00:00,4453.275,4458.995,4440.015,4443.905
2026-06-03T09:00:00,4443.865,4458.775,4438.735,4442.955
2026-06-03T10:00:00,4442.955,4467.055,4440.795,4458.755
2026-06-03T11:00:00,4458.935,4467.905,4458.328,4462.125
2026-06-03T12:00:00,4462.265,4466.965,4448.025,4460.155
2026-06-03T13:00:00,4460.035,4465.745,4426.195,4445.825
2026-06-03T14:00:00,4445.715,4459.435,4442.095,4456.985
2026-06-03T15:00:00,4456.925,4458.145,4436.495,4441.975
2026-06-03T16:00:00,4441.925,4443.695,4433.545,4441.695
2026-06-03T17:00:00,4441.665,4448.265,4435.235,4438.685
2026-06-03T18:00:00,4438.665,4442.675,4434.735,4441.805
2026-06-03T19:00:00,4441.825,4451.995,4441.125,4443.655
2026-06-03T20:00:00,4443.638,4445.075,4430.215,4434.475
2026-06-03T22:00:00,4437.698,4452.915,4423.685,4448.548
2026-06-03T23:00:00,4448.558,4464.475,4444.675,4457.105
2026-06-04T00:00:00,4457.215,4465.165,4443.775,4448.105
2026-06-04T01:00:00,4448.165,4473.395,4442.945,4465.368
2026-06-04T02:00:00,4465.395,4476.405,4455.265,4474.625
2026-06-04T03:00:00,4474.475,4476.895,4457.905,4463.575
2026-06-04T04:00:00,4463.575,4483.845,4462.125,4480.875
2026-06-04T05:00:00,4480.855,4482.265,4466.595,4469.125
2026-06-04T06:00:00,4469.125,4477.035,4462.665,4467.545
2026-06-04T07:00:00,4467.925,4470.665,4459.375,4461.555
2026-06-04T08:00:00,4461.475,4469.345,4458.415,4463.205
2026-06-04T09:00:00,4463.165,4475.525,4460.795,4470.155
2026-06-04T10:00:00,4470.185,4473.655,4464.045,4473.495
2026-06-04T11:00:00,4473.505,4514.535,4468.395,4511.185
2026-06-04T12:00:00,4511.185,4513.575,4490.915,4503.965
2026-06-04T13:00:00,4503.875,4515.175,4495.175,4495.555
2026-06-04T14:00:00,4495.625,4499.745,4457.045,4465.665
2026-06-04T15:00:00,4465.795,4478.985,4463.455,4477.235
2026-06-04T16:00:00,4477.205,4485.005,4475.205,4482.565
2026-06-04T17:00:00,4482.565,4482.565,4473.835,4477.935
2026-06-04T18:00:00,4477.975,4480.955,4472.605,4477.925
2026-06-04T19:00:00,4477.925,4483.315,4475.995,4480.715
2026-06-04T20:00:00,4480.715,4481.515,4474.205,4474.315
2026-06-04T22:00:00,4474.098,4481.315,4468.488,4469.278
2026-06-04T23:00:00,4468.995,4473.915,4460.325,4461.375
2026-06-05T00:00:00,4461.405,4466.645,4450.495,4458.855
2026-06-05T01:00:00,4458.875,4469.745,4443.905,4446.655
2026-06-05T02:00:00,4446.655,4454.915,4438.165,4440.355
2026-06-05T03:00:00,4440.355,4443.775,4434.975,4442.185
2026-06-05T04:00:00,4442.205,4446.395,4437.395,4444.795
2026-06-05T05:00:00,4444.855,4449.875,4438.445,4439.715
2026-06-05T06:00:00,4439.665,4455.965,4428.335,4452.595
2026-06-05T07:00:00,4452.635,4467.195,4451.605,4460.735
2026-06-05T08:00:00,4460.685,4467.935,4458.575,4462.595
2026-06-05T09:00:00,4462.515,4469.265,4458.808,4464.725
2026-06-05T10:00:00,4464.725,4467.875,4461.625,4466.505
2026-06-05T11:00:00,4466.295,4475.085,4458.175,4469.995
2026-06-05T12:00:00,4470.035,4475.645,4404.675,4406.075
2026-06-05T13:00:00,4406.355,4420.975,4364.938,4365.218
2026-06-05T14:00:00,4365.435,4379.155,4344.405,4369.535
2026-06-05T15:00:00,4369.535,4372.475,4333.735,4335.195
2026-06-05T16:00:00,4335.185,4344.915,4322.955,4344.455
2026-06-05T17:00:00,4344.775,4347.145,4335.575,4341.595
2026-06-05T18:00:00,4341.595,4341.915,4315.115,4322.155
2026-06-05T19:00:00,4322.195,4324.975,4313.635,4318.505
2026-06-05T20:00:00,4318.275,4330.585,4311.498,4326.705
2026-06-07T22:00:00,4326.898,4335.475,4309.688,4316.698
2026-06-07T23:00:00,4316.715,4346.925,4316.685,4343.755
2026-06-08T00:00:00,4343.835,4353.085,4339.465,4341.975
2026-06-08T01:00:00,4341.945,4345.595,4299.798,4325.445
2026-06-08T02:00:00,4325.585,4330.495,4307.205,4310.375
2026-06-08T03:00:00,4310.325,4317.045,4303.405,4316.775
2026-06-08T04:00:00,4316.965,4321.565,4307.375,4312.425
2026-06-08T05:00:00,4312.455,4315.965,4268.125,4291.675
2026-06-08T06:00:00,4291.675,4311.115,4291.675,4299.905
2026-06-08T07:00:00,4299.825,4316.805,4294.215,4294.345
2026-06-08T08:00:00,4294.285,4297.065,4285.155,4288.585
2026-06-08T09:00:00,4288.545,4301.805,4272.645,4294.135
2026-06-08T10:00:00,4294.405,4305.575,4285.835,4301.865
2026-06-08T11:00:00,4301.805,4333.145,4296.985,4331.145
2026-06-08T12:00:00,4330.948,4339.175,4319.995,4333.015
2026-06-08T13:00:00,4333.045,4346.615,4321.168,4326.815
2026-06-08T14:00:00,4326.785,4331.225,4314.805,4330.895
2026-06-08T15:00:00,4330.875,4345.515,4322.325,4341.565
2026-06-08T16:00:00,4341.585,4346.205,4337.725,4340.465
2026-06-08T17:00:00,4340.515,4342.285,4331.785,4338.895
2026-06-08T18:00:00,4338.935,4345.755,4332.845,4334.495
2026-06-08T19:00:00,4334.495,4337.965,4323.078,4326.475
2026-06-08T20:00:00,4326.455,4330.148,4324.355,4326.175
2026-06-08T22:00:00,4329.898,4332.375,4322.628,4327.588
2026-06-08T23:00:00,4327.588,4328.505,4312.595,4317.615
2026-06-09T00:00:00,4317.575,4323.565,4314.748,4319.645
2026-06-09T01:00:00,4319.585,4338.635,4318.265,4336.355
2026-06-09T02:00:00,4336.335,4340.845,4327.868,4335.835
2026-06-09T03:00:00,4335.755,4342.065,4331.075,4336.425
2026-06-09T04:00:00,4335.945,4339.068,4324.005,4332.075
2026-06-09T05:00:00,4332.095,4351.075,4330.645,4343.165
2026-06-09T06:00:00,4343.185,4348.635,4330.025,4330.405
2026-06-09T07:00:00,4330.375,4334.585,4322.055,4326.415
2026-06-09T08:00:00,4326.485,4336.765,4320.875,4326.415
2026-06-09T09:00:00,4326.455,4336.115,4323.865,4332.055
2026-06-09T10:00:00,4332.035,4340.645,4324.755,4339.015
2026-06-09T11:00:00,4338.925,4343.705,4335.445,4339.665
2026-06-09T12:00:00,4339.685,4344.305,4334.685,4341.225
2026-06-09T13:00:00,4341.245,4363.205,4324.985,4328.655
2026-06-09T14:00:00,4328.445,4335.765,4278.435,4300.285
2026-06-09T15:00:00,4300.285,4301.795,4262.865,4272.015
2026-06-09T16:00:00,4272.035,4280.855,4236.245,4251.905
2026-06-09T17:00:00,4251.815,4267.798,4250.925,4262.815
2026-06-09T18:00:00,4263.055,4274.095,4259.305,4269.735
2026-06-09T19:00:00,4269.875,4271.525,4249.715,4258.378
2026-06-09T20:00:00,4258.625,4261.945,4255.475,4260.635
2026-06-09T22:00:00,4252.015,4257.085,4232.185,4236.738
2026-06-09T23:00:00,4236.465,4246.858,4210.115,4221.805
2026-06-10T00:00:00,4221.805,4228.105,4198.705,4217.975
2026-06-10T01:00:00,4217.955,4218.545,4183.545,4188.525
2026-06-10T02:00:00,4188.575,4192.295,4173.058,4173.775
2026-06-10T03:00:00,4173.735,4186.195,4172.548,4184.625
2026-06-10T04:00:00,4184.625,4186.995,4172.135,4174.485
2026-06-10T05:00:00,4174.525,4208.825,4173.045,4204.885
2026-06-10T06:00:00,4204.915,4221.558,4201.428,4203.775
2026-06-10T07:00:00,4203.525,4207.875,4181.345,4185.885
2026-06-10T08:00:00,4185.865,4187.235,4161.205,4168.865
2026-06-10T09:00:00,4168.905,4179.335,4162.885,4168.545
2026-06-10T10:00:00,4168.545,4178.645,4155.435,4174.435
2026-06-10T11:00:00,4174.415,4175.895,4145.665,4147.505
2026-06-10T12:00:00,4147.535,4173.561,4130.345,4146.675
2026-06-10T13:00:00,4147.225,4186.125,4132.678,4179.455
2026-06-10T14:00:00,4179.475,4180.635,4117.588,4124.755
2026-06-10T15:00:00,4124.745,4136.815,4106.595,4128.715
2026-06-10T16:00:00,4128.675,4135.115,4115.685,4121.765
2026-06-10T17:00:00,4121.795,4134.805,4100.535,4111.485
2026-06-10T18:00:00,4111.615,4120.325,4096.848,4101.335
2026-06-10T19:00:00,4101.475,4101.885,4081.405,4082.505
2026-06-10T20:00:00,4082.405,4082.945,4066.945,4071.955
2026-06-10T22:00:00,4068.698,4072.505,4035.715,4045.748
2026-06-10T23:00:00,4045.685,4064.555,4023.585,4046.855
2026-06-11T00:00:00,4047.105,4077.745,4035.848,4075.545
2026-06-11T01:00:00,4075.495,4117.895,4065.975,4101.655
2026-06-11T02:00:00,4101.765,4102.395,4052.005,4067.535
2026-06-11T03:00:00,4067.465,4078.255,4056.655,4072.485
2026-06-11T04:00:00,4072.535,4085.595,4069.725,4082.255
2026-06-11T05:00:00,4082.365,4106.045,4072.278,4093.915
2026-06-11T06:00:00,4093.895,4097.365,4075.975,4094.195
2026-06-11T07:00:00,4094.525,4110.405,4091.465,4104.775
2026-06-11T08:00:00,4104.805,4112.485,4084.208,4084.208
2026-06-11T09:00:00,4084.245,4096.235,4077.295,4091.585
2026-06-11T10:00:00,4091.535,4094.495,4086.375,4089.825
2026-06-11T11:00:00,4089.805,4095.715,4079.635,4080.135
2026-06-11T12:00:00,4079.975,4086.965,4057.325,4081.815
2026-06-11T13:00:00,4081.715,4092.415,4066.795,4083.005
2026-06-11T14:00:00,4083.185,4085.255,4052.465,4073.355
2026-06-11T15:00:00,4073.235,4095.305,4070.225,4088.585
2026-06-11T16:00:00,4088.715,4107.455,4077.895,4080.095
2026-06-11T17:00:00,4080.085,4169.695,4071.445,4151.745
2026-06-11T18:00:00,4151.815,4171.455,4131.108,4161.525
2026-06-11T19:00:00,4161.615,4219.845,4161.615,4208.458
2026-06-11T20:00:00,4208.508,4218.278,4207.905,4212.005
2026-06-11T22:00:00,4211.498,4246.415,4204.995,4242.838
2026-06-11T23:00:00,4242.525,4245.498,4213.865,4219.625
2026-06-12T00:00:00,4219.558,4230.205,4200.355,4208.285
2026-06-12T01:00:00,4208.225,4211.051,4171.188,4186.495
2026-06-12T02:00:00,4186.318,4199.805,4182.485,4191.365
2026-06-12T03:00:00,4191.295,4204.815,4189.385,4196.885
2026-06-12T04:00:00,4196.935,4200.815,4189.345,4189.725
2026-06-12T05:00:00,4189.715,4192.825,4170.575,4173.135
2026-06-12T06:00:00,4173.065,4185.315,4172.035,4183.875
2026-06-12T07:00:00,4183.845,4194.295,4169.955,4194.295
2026-06-12T08:00:00,4194.315,4225.825,4191.745,4219.395
2026-06-12T09:00:00,4219.445,4227.725,4217.105,4221.635
2026-06-12T10:00:00,4221.525,4225.435,4202.575,4210.695
2026-06-12T11:00:00,4211.181,4215.235,4197.325,4206.725
2026-06-12T12:00:00,4206.845,4215.205,4188.375,4191.555
2026-06-12T13:00:00,4191.445,4210.125,4182.675,4185.905
2026-06-12T14:00:00,4185.935,4208.365,4176.945,4203.805
2026-06-12T15:00:00,4203.885,4235.298,4200.065,4211.675
2026-06-12T16:00:00,4211.685,4232.735,4207.925,4215.755
2026-06-12T17:00:00,4215.665,4226.165,4213.575,4221.065
2026-06-12T18:00:00,4221.165,4235.148,4213.815,4215.378
2026-06-12T19:00:00,4215.428,4219.028,4201.535,4210.425
2026-06-12T20:00:00,4210.435,4218.998,4209.285,4217.765
2026-06-14T22:00:00,4273.098,4308.255,4259.585,4285.038
2026-06-14T23:00:00,4285.038,4295.025,4280.885,4293.865
2026-06-15T00:00:00,4293.835,4308.105,4291.355,4292.325
2026-06-15T01:00:00,4292.355,4319.315,4285.185,4316.465
2026-06-15T02:00:00,4316.435,4335.425,4315.765,4329.445
2026-06-15T03:00:00,4329.435,4330.975,4320.878,4324.625
2026-06-15T04:00:00,4324.675,4330.015,4320.565,4328.225
2026-06-15T05:00:00,4328.255,4332.655,4307.215,4309.755
2026-06-15T06:00:00,4309.825,4313.165,4300.645,4307.985
2026-06-15T07:00:00,4308.245,4325.255,4305.125,4323.195
2026-06-15T08:00:00,4323.105,4345.285,4321.675,4333.995
2026-06-15T09:00:00,4334.025,4343.075,4334.025,4336.475
2026-06-15T10:00:00,4336.475,4341.295,4335.055,4337.935
2026-06-15T11:00:00,4338.055,4347.345,4331.575,4335.095
2026-06-15T12:00:00,4335.095,4349.175,4324.515,4348.855
2026-06-15T13:00:00,4348.805,4368.595,4341.065,4355.165
2026-06-15T14:00:00,4355.135,4369.485,4353.728,4356.515
2026-06-15T15:00:00,4356.495,4360.655,4349.345,4356.115
2026-06-15T16:00:00,4356.175,4358.545,4334.385,4339.095
2026-06-15T17:00:00,4339.015,4339.015,4320.175,4324.535
2026-06-15T18:00:00,4324.538,4327.855,4317.865,4325.455
2026-06-15T19:00:00,4325.485,4326.475,4316.365,4320.525
2026-06-15T20:00:00,4320.545,4321.855,4306.305,4309.315
2026-06-15T22:00:00,4308.898,4315.135,4305.755,4311.458
2026-06-15T23:00:00,4311.458,4318.965,4311.185,4315.395
2026-06-16T00:00:00,4315.375,4320.645,4306.665,4318.905
2026-06-16T01:00:00,4318.965,4325.715,4311.798,4313.375
2026-06-16T02:00:00,4313.285,4320.685,4307.325,4318.455
2026-06-16T03:00:00,4318.395,4332.845,4315.195,4330.275
2026-06-16T04:00:00,4330.205,4331.898,4321.005,4322.175
2026-06-16T05:00:00,4322.175,4330.465,4313.975,4315.595
2026-06-16T06:00:00,4315.565,4324.255,4313.105,4323.745
2026-06-16T07:00:00,4323.705,4335.465,4322.425,4334.945
2026-06-16T08:00:00,4334.945,4347.905,4332.575,4346.965
2026-06-16T09:00:00,4346.965,4348.285,4338.285,4345.165
2026-06-16T10:00:00,4345.165,4348.885,4342.185,4348.845
2026-06-16T11:00:00,4348.895,4349.355,4334.915,4340.755
2026-06-16T12:00:00,4340.705,4354.905,4337.155,4354.425
2026-06-16T13:00:00,4354.405,4354.785,4331.455,4331.525
2026-06-16T14:00:00,4331.435,4338.515,4313.005,4323.905
2026-06-16T15:00:00,4323.895,4343.315,4320.965,4335.035
2026-06-16T16:00:00,4335.035,4346.795,4334.605,4340.525
2026-06-16T17:00:00,4340.465,4341.105,4325.105,4340.195
2026-06-16T18:00:00,4340.035,4342.615,4335.995,4338.385
2026-06-16T19:00:00,4338.345,4342.705,4330.398,4334.105
2026-06-16T20:00:00,4334.105,4334.975,4329.315,4330.995
2026-06-16T22:00:00,4331.365,4335.955,4328.745,4334.885
2026-06-16T23:00:00,4334.848,4338.245,4329.245,4330.735
2026-06-17T00:00:00,4330.765,4341.545,4328.435,4336.895
2026-06-17T01:00:00,4336.855,4349.415,4334.185,4340.675
2026-06-17T02:00:00,4340.635,4344.335,4329.565,4331.475
2026-06-17T03:00:00,4331.345,4333.955,4328.555,4332.055
2026-06-17T04:00:00,4331.935,4333.965,4317.415,4326.625
2026-06-17T05:00:00,4326.705,4334.105,4321.025,4326.325
2026-06-17T06:00:00,4326.385,4331.695,4320.315,4331.575
2026-06-17T07:00:00,4331.595,4332.735,4324.525,4325.045
2026-06-17T08:00:00,4325.075,4327.795,4316.965,4324.485
2026-06-17T09:00:00,4324.445,4335.445,4321.045,4329.375
2026-06-17T10:00:00,4329.345,4335.035,4326.495,4331.305
2026-06-17T11:00:00,4331.305,4331.745,4320.785,4322.975
2026-06-17T12:00:00,4322.985,4335.415,4319.665,4333.475
2026-06-17T13:00:00,4333.455,4345.185,4323.895,4339.568
2026-06-17T14:00:00,4339.555,4363.875,4330.615,4344.205
2026-06-17T15:00:00,4344.158,4364.665,4343.555,4363.465
2026-06-17T16:00:00,4363.445,4366.355,4354.895,4359.278
2026-06-17T17:00:00,4359.278,4382.125,4355.025,4379.575
2026-06-17T18:00:00,4379.575,4379.575,4269.015,4285.985
2026-06-17T19:00:00,4285.505,4295.115,4218.805,4235.585
2026-06-17T20:00:00,4235.515,4269.695,4234.775,4256.855
2026-06-17T22:00:00,4254.435,4270.925,4252.898,4266.238
2026-06-17T23:00:00,4266.128,4283.795,4263.648,4277.665
2026-06-18T00:00:00,4277.685,4315.015,4276.225,4308.125
2026-06-18T01:00:00,4308.098,4328.305,4306.645,4317.625
2026-06-18T02:00:00,4317.885,4329.865,4310.285,4310.725
2026-06-18T03:00:00,4310.695,4322.445,4308.915,4319.515
2026-06-18T04:00:00,4319.415,4323.865,4309.445,4315.865
2026-06-18T05:00:00,4315.545,4324.855,4301.075,4307.785
2026-06-18T06:00:00,4307.825,4309.875,4296.005,4306.325
2026-06-18T07:00:00,4306.285,4309.305,4287.225,4288.475
2026-06-18T08:00:00,4288.535,4292.655,4265.328,4266.635
2026-06-18T09:00:00,4266.635,4273.155,4259.535,4268.275
2026-06-18T10:00:00,4268.225,4272.635,4254.595,4255.325
2026-06-18T11:00:00,4255.655,4255.655,4239.648,4241.875
2026-06-18T12:00:00,4241.875,4269.025,4240.205,4246.465
2026-06-18T13:00:00,4246.405,4276.515,4244.725,4256.375
2026-06-18T14:00:00,4256.325,4257.575,4236.845,4252.175
2026-06-18T15:00:00,4252.155,4254.645,4222.855,4226.428
2026-06-18T16:00:00,4226.428,4233.295,4213.925,4219.445
2026-06-18T17:00:00,4219.661,4232.945,4218.545,4230.065
2026-06-18T18:00:00,4230.185,4232.995,4217.928,4218.185
2026-06-18T19:00:00,4218.148,4218.825,4201.145,4216.505
2026-06-18T20:00:00,4216.725,4219.335,4207.495,4208.875
2026-06-18T22:00:00,4209.298,4212.875,4202.335,4206.938
2026-06-18T23:00:00,4206.695,4207.798,4186.745,4188.115
2026-06-19T00:00:00,4187.998,4197.945,4183.738,4190.125
2026-06-19T01:00:00,4190.075,4194.335,4183.495,4184.725
2026-06-19T02:00:00,4184.675,4186.145,4171.565,4176.025
2026-06-19T03:00:00,4175.995,4177.065,4145.345,4153.555
2026-06-19T04:00:00,4153.265,4155.065,4124.805,4125.495
2026-06-19T05:00:00,4125.915,4141.215,4121.438,4139.275
2026-06-19T06:00:00,4139.395,4150.465,4132.635,4147.495
2026-06-19T07:00:00,4147.865,4162.895,4147.655,4157.765
2026-06-19T08:00:00,4157.785,4178.345,4154.975,4168.795
2026-06-19T09:00:00,4168.795,4170.635,4160.645,4162.725
2026-06-19T10:00:00,4162.765,4162.845,4147.955,4149.505
2026-06-19T11:00:00,4149.445,4154.835,4141.695,4152.385
2026-06-19T12:00:00,4152.395,4179.795,4147.025,4178.815
2026-06-19T13:00:00,4178.815,4182.825,4150.305,4151.195
2026-06-19T14:00:00,4151.165,4154.365,4142.455,4149.055
2026-06-19T15:00:00,4149.195,4153.865,4147.455,4150.855
2026-06-19T16:00:00,4150.845,4157.625,4144.078,4154.335
2026-06-21T22:00:00,4139.698,4159.625,4138.825,4156.038
2026-06-21T23:00:00,4155.898,4164.525,4136.125,4139.985
2026-06-22T00:00:00,4140.015,4200.785,4139.755,4200.595
2026-06-22T01:00:00,4200.655,4220.778,4189.395,4190.745
2026-06-22T02:00:00,4190.705,4200.145,4183.258,4188.218
2026-06-22T03:00:00,4188.218,4189.768,4170.445,4171.265
2026-06-22T04:00:00,4171.305,4181.988,4170.375,4181.565
2026-06-22T05:00:00,4181.438,4198.375,4179.225,4193.515
2026-06-22T06:00:00,4193.515,4207.205,4190.985,4197.298
2026-06-22T07:00:00,4197.298,4201.665,4188.555,4190.195
2026-06-22T08:00:00,4190.195,4197.495,4188.405,4197.355
2026-06-22T09:00:00,4197.295,4210.095,4195.765,4208.095
2026-06-22T10:00:00,4208.045,4214.025,4203.445,4204.545
2026-06-22T11:00:00,4204.605,4215.005,4201.315,4207.225
2026-06-22T12:00:00,4207.285,4211.605,4192.075,4193.225
2026-06-22T13:00:00,4193.385,4205.405,4182.735,4199.635
2026-06-22T14:00:00,4199.905,4210.645,4186.365,4198.025
2026-06-22T15:00:00,4198.035,4201.115,4169.485,4182.695
2026-06-22T16:00:00,4182.755,4192.735,4174.195,4189.665
2026-06-22T17:00:00,4189.725,4191.485,4176.855,4182.868
2026-06-22T18:00:00,4182.868,4192.665,4182.185,4191.028
2026-06-22T19:00:00,4191.265,4193.198,4184.115,4190.355
2026-06-22T20:00:00,4190.485,4193.695,4188.645,4191.165
2026-06-22T22:00:00,4191.458,4194.365,4188.108,4189.438
2026-06-22T23:00:00,4189.438,4195.095,4186.505,4187.475
2026-06-23T00:00:00,4187.315,4194.405,4178.095,4193.145
2026-06-23T01:00:00,4193.145,4198.435,4149.705,4161.015
2026-06-23T02:00:00,4161.035,4163.295,4146.345,4146.695
2026-06-23T03:00:00,4146.765,4149.415,4130.488,4143.925
2026-06-23T04:00:00,4144.225,4146.795,4114.495,4117.875
2026-06-23T05:00:00,4117.905,4137.305,4115.095,4120.945
2026-06-23T06:00:00,4120.925,4126.745,4110.195,4114.205
2026-06-23T07:00:00,4114.105,4124.645,4096.375,4098.455
2026-06-23T08:00:00,4098.565,4110.705,4090.545,4104.975
2026-06-23T09:00:00,4105.065,4122.075,4103.715,4122.055
2026-06-23T10:00:00,4122.065,4133.055,4119.295,4119.465
2026-06-23T11:00:00,4119.445,4131.485,4117.145,4122.965
2026-06-23T12:00:00,4123.015,4127.115,4111.425,4112.908
2026-06-23T13:00:00,4112.885,4140.098,4105.138,4135.048
2026-06-23T14:00:00,4135.048,4144.795,4122.588,4129.985
2026-06-23T15:00:00,4130.175,4141.565,4123.118,4138.535
2026-06-23T16:00:00,4138.515,4143.565,4131.275,4134.035
2026-06-23T17:00:00,4134.015,4139.505,4127.448,4127.705
2026-06-23T18:00:00,4127.805,4130.775,4112.475,4117.675
2026-06-23T19:00:00,4117.655,4125.955,4111.395,4111.435
2026-06-23T20:00:00,4111.565,4112.575,4107.185,4111.035
2026-06-23T22:00:00,4111.898,4114.835,4096.685,4103.898
2026-06-23T23:00:00,4103.898,4103.898,4080.495,4099.035
2026-06-24T00:00:00,4098.955,4111.965,4093.375,4097.055
2026-06-24T01:00:00,4097.075,4102.015,4068.255,4088.798
2026-06-24T02:00:00,4088.605,4095.815,4051.935,4060.905
2026-06-24T03:00:00,4061.155,4070.555,4050.185,4062.455
2026-06-24T04:00:00,4062.525,4067.085,4054.815,4064.195
2026-06-24T05:00:00,4064.225,4085.965,4060.535,4075.725
2026-06-24T06:00:00,4075.555,4097.335,4074.805,4086.635
2026-06-24T07:00:00,4086.525,4090.665,4073.525,4074.715
2026-06-24T08:00:00,4074.665,4087.445,4072.935,4076.065
2026-06-24T09:00:00,4076.275,4079.015,4064.035,4064.395
2026-06-24T10:00:00,4064.385,4066.775,4054.515,4055.495
2026-06-24T11:00:00,4055.355,4058.445,4037.305,4046.495
2026-06-24T12:00:00,4046.515,4048.665,3987.365,3987.495
2026-06-24T13:00:00,3987.535,4041.905,3964.305,4037.975
2026-06-24T14:00:00,4037.945,4040.758,4002.698,4007.825
2026-06-24T15:00:00,4007.875,4016.725,3997.015,4002.335
2026-06-24T16:00:00,4002.405,4022.065,3995.215,4006.348
2026-06-24T17:00:00,4006.348,4011.085,3972.495,3972.808
2026-06-24T18:00:00,3972.865,3993.995,3958.695,3981.215
2026-06-24T19:00:00,3981.571,3990.615,3973.225,3987.755
2026-06-24T20:00:00,3987.698,4002.685,3984.485,3997.605
2026-06-24T22:00:00,4003.035,4008.545,3992.535,3995.898
2026-06-24T23:00:00,3995.705,4018.385,3990.228,4012.205
2026-06-25T00:00:00,4012.185,4016.255,3978.035,3990.985
2026-06-25T01:00:00,3990.965,4005.565,3972.115,3976.555
2026-06-25T02:00:00,3976.525,3990.845,3961.755,3982.575
2026-06-25T03:00:00,3982.535,4000.885,3965.885,3995.215
2026-06-25T04:00:00,3995.155,3997.325,3983.365,3995.805
2026-06-25T05:00:00,3995.685,3999.735,3980.195,3986.315
2026-06-25T06:00:00,3986.305,3989.135,3973.765,3977.155
2026-06-25T07:00:00,3977.385,3989.615,3971.285,3987.765
2026-06-25T08:00:00,3987.655,4001.945,3984.105,3989.025
2026-06-25T09:00:00,3989.085,3997.595,3985.658,3988.085
2026-06-25T10:00:00,3988.025,3989.265,3981.118,3984.165
2026-06-25T11:00:00,3984.445,3987.715,3973.505,3979.895
2026-06-25T12:00:00,3979.905,4019.325,3978.805,4012.215
2026-06-25T13:00:00,4012.495,4033.885,4000.825,4002.005
2026-06-25T14:00:00,4002.115,4028.205,3998.955,4011.725
2026-06-25T15:00:00,4011.845,4042.388,4004.795,4040.778
2026-06-25T16:00:00,4041.045,4043.785,4023.485,4028.445
2026-06-25T17:00:00,4028.485,4036.705,4026.535,4034.575
2026-06-25T18:00:00,4034.535,4043.918,4025.728,4034.438
2026-06-25T19:00:00,4034.438,4043.458,4021.645,4026.525
2026-06-25T20:00:00,4026.425,4034.705,4024.095,4024.095
2026-06-25T22:00:00,4029.098,4036.225,4019.515,4025.808
2026-06-25T23:00:00,4025.595,4030.175,4012.375,4014.255
2026-06-26T00:00:00,4014.205,4024.255,4011.275,4020.075
2026-06-26T01:00:00,4020.145,4029.335,4013.945,4020.795
2026-06-26T02:00:00,4020.905,4022.898,3982.635,3990.465
2026-06-26T03:00:00,3990.425,4006.465,3986.365,4004.065
2026-06-26T04:00:00,4004.145,4015.195,3998.485,4011.085
2026-06-26T05:00:00,4011.395,4021.135,4005.395,4007.785
2026-06-26T06:00:00,4007.785,4032.975,4006.505,4031.855
2026-06-26T07:00:00,4031.835,4039.795,4026.618,4030.465
2026-06-26T08:00:00,4030.365,4037.685,4025.715,4030.795
2026-06-26T09:00:00,4030.775,4054.005,4029.285,4046.975
2026-06-26T10:00:00,4046.935,4054.745,4042.165,4054.605
2026-06-26T11:00:00,4054.605,4055.488,4042.358,4045.665
2026-06-26T12:00:00,4045.835,4061.305,4035.408,4058.645
2026-06-26T13:00:00,4059.305,4077.775,4043.005,4073.085
2026-06-26T14:00:00,4073.015,4092.895,4067.448,4080.215
2026-06-26T15:00:00,4080.145,4095.795,4075.385,4090.205
2026-06-26T16:00:00,4090.225,4093.148,4081.905,4084.785
2026-06-26T17:00:00,4084.845,4087.808,4073.505,4074.535
2026-06-26T18:00:00,4074.515,4078.635,4066.758,4067.015
2026-06-26T19:00:00,4067.115,4074.485,4064.285,4071.415
2026-06-26T20:00:00,4071.435,4089.798,4064.228,4087.915
2026-06-28T22:00:00,4086.298,4086.298,4052.398,4065.798
2026-06-28T23:00:00,4065.798,4070.278,4051.585,4062.585
2026-06-29T00:00:00,4062.555,4073.955,4048.055,4069.305
2026-06-29T01:00:00,4069.445,4074.295,4053.615,4061.155
2026-06-29T02:00:00,4061.075,4071.555,4058.175,4066.105
2026-06-29T03:00:00,4066.155,4075.515,4064.795,4068.645
2026-06-29T04:00:00,4068.615,4068.765,4049.395,4052.015
2026-06-29T05:00:00,4051.858,4057.235,4039.015,4054.175
2026-06-29T06:00:00,4054.155,4064.855,4053.235,4062.175
2026-06-29T07:00:00,4062.205,4068.455,4055.855,4061.495
2026-06-29T08:00:00,4061.238,4066.555,4043.515,4046.925
2026-06-29T09:00:00,4046.805,4055.115,4024.168,4031.465
2026-06-29T10:00:00,4031.415,4039.655,4027.285,4036.755
2026-06-29T11:00:00,4036.775,4042.125,4027.085,4039.095
2026-06-29T12:00:00,4039.285,4052.385,4037.398,4043.455
2026-06-29T13:00:00,4043.485,4051.615,4028.125,4032.175
2026-06-29T14:00:00,4032.325,4035.225,3999.918,4025.355
2026-06-29T15:00:00,4025.365,4030.148,4016.398,4026.755
2026-06-29T16:00:00,4026.895,4028.445,4018.405,4023.565
2026-06-29T17:00:00,4023.645,4031.848,4019.025,4020.678
2026-06-29T18:00:00,4020.678,4024.948,4011.725,4013.165
2026-06-29T19:00:00,4013.175,4019.315,4005.155,4015.595
2026-06-29T20:00:00,4015.575,4017.845,4012.505,4015.925
2026-06-29T22:00:00,4015.898,4022.145,4009.298,4013.628
2026-06-29T23:00:00,4014.138,4022.128,4013.135,4014.645
2026-06-30T00:00:00,4014.605,4014.945,3979.608,3986.645
2026-06-30T01:00:00,3986.705,3986.705,3941.528,3969.095
2026-06-30T02:00:00,3968.975,3973.125,3952.015,3962.605
2026-06-30T03:00:00,3962.475,3970.895,3959.835,3969.455
2026-06-30T04:00:00,3969.495,3997.825,3967.955,3985.285
2026-06-30T05:00:00,3985.305,3990.545,3974.865,3977.625
2026-06-30T06:00:00,3977.725,4033.815,3977.725,4029.258
2026-06-30T07:00:00,4029.268,4034.465,4023.548,4031.828
2026-06-30T08:00:00,4031.828,4037.278,4013.335,4015.218
2026-06-30T09:00:00,4015.218,4023.525,4012.085,4023.525
2026-06-30T10:00:00,4023.525,4031.005,4021.208,4029.415
2026-06-30T11:00:00,4029.345,4037.075,4024.995,4033.825
2026-06-30T12:00:00,4033.775,4034.275,4008.385,4009.595
2026-06-30T13:00:00,4009.565,4033.055,4009.055,4029.355
2026-06-30T14:00:00,4029.345,4063.205,4024.825,4037.125
2026-06-30T15:00:00,4037.125,4039.145,4021.945,4028.985
2026-06-30T16:00:00,4028.965,4033.595,4025.595,4025.835
2026-06-30T17:00:00,4025.815,4031.945,4020.345,4030.535
2026-06-30T18:00:00,4030.555,4033.525,4027.915,4028.215
2026-06-30T19:00:00,4028.005,4029.215,4014.365,4015.745
2026-06-30T20:00:00,4015.725,4020.775,4006.125,4007.165
2026-06-30T22:00:00,4009.785,4017.875,4009.275,4012.865
2026-06-30T23:00:00,4012.905,4017.655,4004.915,4005.485
2026-07-01T00:00:00,4005.755,4009.475,3992.665,3996.485
2026-07-01T01:00:00,3996.435,3999.505,3973.745,3977.545
2026-07-01T02:00:00,3977.585,3985.885,3969.935,3978.935
2026-07-01T03:00:00,3978.935,3986.845,3976.265,3980.285
2026-07-01T04:00:00,3980.635,3982.465,3972.215,3976.345
2026-07-01T05:00:00,3976.325,3978.745,3969.595,3973.815
2026-07-01T06:00:00,3973.765,3977.205,3962.945,3971.695
2026-07-01T07:00:00,3971.665,3978.145,3959.905,3975.765
2026-07-01T08:00:00,3975.735,3984.075,3969.035,3974.185
2026-07-01T09:00:00,3974.145,3985.775,3972.565,3984.135
2026-07-01T10:00:00,3984.105,3998.415,3981.115,3997.995
2026-07-01T11:00:00,3998.025,4035.215,3997.465,4030.005
2026-07-01T12:00:00,4030.165,4033.375,4019.185,4022.435
2026-07-01T13:00:00,4022.415,4107.585,4012.545,4089.095
2026-07-01T14:00:00,4089.125,4115.485,4082.685,4093.045
2026-07-01T15:00:00,4092.965,4094.275,4076.555,4080.805
2026-07-01T16:00:00,4080.735,4088.115,4070.205,4070.855
2026-07-01T17:00:00,4070.825,4073.495,4066.905,4067.995
2026-07-01T18:00:00,4067.975,4070.445,4057.635,4061.795
2026-07-01T19:00:00,4061.775,4067.935,4034.145,4038.525
2026-07-01T20:00:00,4038.365,4039.425,4028.195,4030.745
2026-07-01T22:00:00,4033.175,4044.225,4032.105,4044.155
2026-07-01T23:00:00,4043.775,4044.065,4033.105,4035.005
2026-07-02T00:00:00,4034.975,4052.425,4030.525,4051.495
2026-07-02T01:00:00,4051.415,4068.365,4044.975,4049.935
2026-07-02T02:00:00,4049.915,4060.685,4040.985,4056.785
2026-07-02T03:00:00,4056.785,4073.965,4055.235,4069.765
2026-07-02T04:00:00,4069.725,4072.665,4060.335,4060.515
2026-07-02T05:00:00,4060.505,4067.465,4052.945,4065.865
2026-07-02T06:00:00,4065.865,4079.605,4065.745,4073.005
2026-07-02T07:00:00,4073.025,4075.405,4060.465,4064.355
2026-07-02T08:00:00,4064.025,4079.695,4061.105,4075.835
2026-07-02T09:00:00,4075.875,4076.755,4063.725,4065.115
2026-07-02T10:00:00,4065.225,4068.545,4061.355,4066.255
2026-07-02T11:00:00,4066.235,4072.045,4057.225,4064.935
2026-07-02T12:00:00,4064.985,4140.185,4061.015,4117.285
2026-07-02T13:00:00,4117.265,4143.715,4109.215,4136.485
2026-07-02T14:00:00,4136.485,4137.805,4113.805,4128.275
2026-07-02T15:00:00,4128.245,4131.425,4114.395,4128.255
2026-07-02T16:00:00,4128.285,4130.085,4100.005,4117.915
2026-07-02T17:00:00,4117.635,4119.655,4105.385,4106.495
2026-07-02T18:00:00,4106.435,4126.715,4105.585,4122.445
2026-07-02T19:00:00,4122.445,4124.155,4107.895,4121.095
2026-07-02T20:00:00,4121.015,4124.775,4116.135,4122.425
2026-07-02T22:00:00,4124.065,4127.825,4122.255,4123.685
2026-07-02T23:00:00,4123.755,4131.905,4120.785,4125.955
2026-07-03T00:00:00,4125.775,4150.665,4122.625,4146.725
2026-07-03T01:00:00,4146.815,4195.365,4146.185,4182.165
2026-07-03T02:00:00,4182.105,4186.565,4176.245,4183.195
2026-07-03T03:00:00,4183.195,4184.325,4174.955,4175.735
2026-07-03T04:00:00,4175.735,4182.535,4172.975,4178.585
2026-07-03T05:00:00,4178.565,4181.675,4169.025,4171.025
2026-07-03T06:00:00,4171.045,4174.195,4160.225,4172.705
2026-07-03T07:00:00,4172.865,4181.685,4168.975,4177.385
2026-07-03T08:00:00,4177.185,4186.525,4176.775,4180.915
2026-07-03T09:00:00,4180.885,4181.865,4168.265,4171.925
2026-07-03T10:00:00,4171.885,4181.075,4170.535,4177.025
2026-07-03T11:00:00,4176.865,4186.325,4175.415,4180.895
2026-07-03T12:00:00,4181.015,4183.075,4171.805,4176.525
2026-07-03T13:00:00,4176.675,4178.975,4163.325,4164.365
2026-07-03T14:00:00,4164.305,4170.965,4155.085,4169.485
2026-07-03T15:00:00,4169.515,4174.265,4164.265,4164.545
2026-07-03T16:00:00,4164.565,4176.055,4162.535,4175.245
2026-07-05T22:00:00,4182.515,4191.215,4171.855,4187.405
2026-07-05T23:00:00,4187.435,4201.705,4177.325,4182.915
2026-07-06T00:00:00,4183.825,4188.695,4170.265,4179.235
2026-07-06T01:00:00,4178.915,4202.905,4172.325,4185.735
2026-07-06T02:00:00,4185.735,4187.465,4168.375,4173.895
2026-07-06T03:00:00,4173.885,4176.115,4160.725,4164.985
2026-07-06T04:00:00,4164.975,4166.385,4157.095,4159.415
2026-07-06T05:00:00,4159.485,4160.835,4144.535,4147.735
2026-07-06T06:00:00,4147.805,4159.425,4145.515,4150.055
2026-07-06T07:00:00,4150.055,4166.075,4146.985,4164.295
2026-07-06T08:00:00,4164.655,4165.845,4146.935,4150.225
2026-07-06T09:00:00,4150.275,4151.055,4136.315,4143.005
2026-07-06T10:00:00,4143.045,4155.635,4141.915,4154.685
2026-07-06T11:00:00,4154.755,4159.365,4151.285,4155.055
2026-07-06T12:00:00,4155.005,4158.235,4131.285,4139.395
2026-07-06T13:00:00,4139.685,4150.185,4135.625,4140.065
2026-07-06T14:00:00,4140.085,4146.985,4128.265,4137.845
2026-07-06T15:00:00,4137.845,4151.725,4137.305,4148.105
2026-07-06T16:00:00,4148.095,4156.005,4140.035,4154.755
2026-07-06T17:00:00,4154.735,4161.405,4150.035,4161.085
2026-07-06T18:00:00,4160.905,4167.325,4155.125,4163.555
2026-07-06T19:00:00,4163.675,4165.225,4158.565,4163.585
2026-07-06T20:00:00,4163.485,4165.375,4160.475,4164.325
2026-07-06T22:00:00,4163.245,4168.195,4161.075,4163.355
2026-07-06T23:00:00,4163.475,4165.515,4156.605,4156.975
2026-07-07T00:00:00,4156.935,4162.455,4145.065,4145.725
2026-07-07T01:00:00,4145.655,4147.745,4125.485,4141.625
2026-07-07T02:00:00,4141.605,4144.995,4131.005,4136.385
2026-07-07T03:00:00,4136.345,4139.755,4124.235,4130.865
2026-07-07T04:00:00,4130.905,4140.995,4125.585,4126.425
2026-07-07T05:00:00,4126.425,4131.115,4116.515,4123.745
2026-07-07T06:00:00,4123.745,4132.665,4121.235,4130.165
2026-07-07T07:00:00,4130.145,4133.345,4124.155,4124.545
2026-07-07T08:00:00,4124.475,4139.045,4121.715,4125.865
2026-07-07T09:00:00,4125.715,4133.555,4119.805,4131.065
2026-07-07T10:00:00,4131.045,4138.855,4131.035,4135.565
2026-07-07T11:00:00,4135.705,4158.005,4131.665,4156.585
2026-07-07T12:00:00,4156.945,4174.915,4154.345,4172.085
2026-07-07T13:00:00,4172.295,4180.225,4155.755,4158.205
2026-07-07T14:00:00,4158.205,4163.475,4143.405,4154.005
2026-07-07T15:00:00,4153.935,4155.445,4135.545,4138.795
2026-07-07T16:00:00,4138.725,4147.025,4136.725,4144.725
2026-07-07T17:00:00,4144.745,4148.085,4140.235,4144.355
2026-07-07T18:00:00,4144.325,4145.035,4124.805,4126.685
2026-07-07T19:00:00,4126.705,4127.475,4091.845,4113.865
2026-07-07T20:00:00,4113.755,4115.595,4103.325,4105.225
2026-07-07T22:00:00,4093.905,4105.955,4093.535,4097.525
2026-07-07T23:00:00,4097.455,4107.535,4095.385,4097.985
2026-07-08T00:00:00,4098.205,4126.305,4096.545,4110.955
2026-07-08T01:00:00,4111.005,4117.555,4096.065,4110.945
2026-07-08T02:00:00,4111.045,4124.615,4105.685,4114.245
2026-07-08T03:00:00,4114.335,4130.915,4114.195,4123.425
2026-07-08T04:00:00,4123.365,4128.545,4120.285,4124.825
2026-07-08T05:00:00,4124.825,4133.685,4120.725,4127.535
2026-07-08T06:00:00,4127.535,4133.525,4121.955,4123.285
2026-07-08T07:00:00,4123.315,4127.065,4114.615,4120.755
2026-07-08T08:00:00,4120.915,4121.065,4051.825,4056.405
2026-07-08T09:00:00,4056.375,4060.955,4041.145,4042.785
2026-07-08T10:00:00,4042.825,4058.085,4040.405,4052.905
2026-07-08T11:00:00,4052.945,4072.425,4041.135,4061.785
2026-07-08T12:00:00,4061.655,4086.245,4058.385,4071.965
2026-07-08T13:00:00,4072.155,4082.685,4063.835,4070.595
2026-07-08T14:00:00,4070.135,4071.335,4033.475,4040.735
2026-07-08T15:00:00,4040.665,4043.605,4021.525,4033.815
2026-07-08T16:00:00,4033.945,4064.345,4032.945,4063.395
2026-07-08T17:00:00,4063.385,4076.115,4059.375,4064.325
2026-07-08T18:00:00,4064.325,4091.245,4063.075,4084.045
2026-07-08T19:00:00,4084.075,4091.075,4078.135,4079.625
2026-07-08T20:00:00,4079.665,4083.335,4071.195,4073.925
2026-07-08T22:00:00,4072.645,4079.745,4071.915,4073.095
2026-07-08T23:00:00,4073.435,4077.785,4070.305,4075.925
2026-07-09T00:00:00,4075.735,4089.775,4070.075,4073.885
2026-07-09T01:00:00,4073.525,4078.605,4062.035,4072.525
2026-07-09T02:00:00,4072.525,4082.425,4064.075,4064.735
2026-07-09T03:00:00,4064.655,4067.375,4053.985,4063.825
2026-07-09T04:00:00,4063.825,4064.355,4056.105,4064.235
2026-07-09T05:00:00,4064.155,4084.035,4063.405,4081.715
2026-07-09T06:00:00,4081.715,4107.835,4081.145,4107.575
2026-07-09T07:00:00,4107.625,4110.905,4101.215,4107.675
2026-07-09T08:00:00,4107.625,4117.515,4105.005,4108.105
2026-07-09T09:00:00,4108.085,4112.105,4102.895,4105.965
2026-07-09T10:00:00,4105.985,4109.795,4093.515,4098.755
2026-07-09T11:00:00,4098.715,4110.255,4097.625,4108.465
2026-07-09T12:00:00,4108.435,4122.405,4104.915,4107.485
2026-07-09T13:00:00,4107.565,4129.255,4106.475,4121.445
2026-07-09T14:00:00,4121.405,4135.585,4113.885,4127.575
2026-07-09T15:00:00,4127.545,4132.565,4124.485,4126.655
2026-07-09T16:00:00,4126.515,4138.175,4125.345,4127.765
2026-07-09T17:00:00,4127.835,4138.095,4124.715,4135.955
2026-07-09T18:00:00,4135.845,4136.095,4121.215,4124.485
2026-07-09T19:00:00,4124.485,4126.715,4118.725,4122.395
2026-07-09T20:00:00,4122.325,4125.335,4120.245,4123.365
2026-07-09T22:00:00,4124.065,4127.375,4120.415,4120.415
2026-07-09T23:00:00,4120.475,4124.895,4120.005,4123.115
2026-07-10T00:00:00,4123.065,4128.255,4114.035,4125.965
2026-07-10T01:00:00,4126.085,4130.735,4108.535,4116.495
2026-07-10T02:00:00,4116.635,4128.865,4115.745,4127.495
2026-07-10T03:00:00,4127.305,4134.555,4119.015,4119.915
2026-07-10T04:00:00,4119.935,4120.905,4111.625,4114.875
2026-07-10T05:00:00,4114.845,4116.945,4107.955,4116.585
2026-07-10T06:00:00,4116.555,4119.835,4110.865,4111.355
2026-07-10T07:00:00,4111.165,4115.085,4104.065,4108.795
2026-07-10T08:00:00,4108.705,4109.345,4094.585,4097.745
2026-07-10T09:00:00,4097.675,4105.255,4094.215,4104.155
2026-07-10T10:00:00,4104.165,4112.485,4103.915,4104.395
2026-07-10T11:00:00,4104.395,4108.055,4095.875,4102.165
2026-07-10T12:00:00,4102.205,4117.435,4097.405,4100.535
2026-07-10T13:00:00,4100.805,4106.485,4085.345,4099.735
2026-07-10T14:00:00,4099.755,4109.025,4072.585,4092.735
2026-07-10T15:00:00,4093.185,4113.115,4091.265,4112.785
2026-07-10T16:00:00,4112.865,4115.365,4104.115,4104.495
2026-07-10T17:00:00,4104.285,4106.695,4100.045,4100.265
2026-07-10T18:00:00,4100.375,4105.275,4097.725,4100.955
2026-07-10T19:00:00,4101.025,4108.855,4097.515,4108.265
2026-07-10T20:00:00,4107.945,4120.765,4107.945,4120.555
2026-07-12T22:00:00,4094.225,4103.265,4069.035,4075.325
2026-07-12T23:00:00,4075.415,4084.635,4067.295,4084.135
2026-07-13T00:00:00,4084.155,4090.805,4060.705,4073.665
2026-07-13T01:00:00,4073.695,4089.575,4064.935,4071.885
2026-07-13T02:00:00,4071.935,4077.235,4064.125,4068.255
2026-07-13T03:00:00,4068.255,4069.065,4052.625,4060.155
2026-07-13T04:00:00,4060.135,4060.205,4050.085,4058.455
2026-07-13T05:00:00,4058.455,4072.965,4052.015,4053.365
2026-07-13T06:00:00,4053.345,4063.315,4043.585,4055.245
2026-07-13T07:00:00,4055.415,4064.935,4048.815,4064.675
2026-07-13T08:00:00,4064.615,4080.535,4062.795,4074.295
2026-07-13T09:00:00,4074.085,4076.465,4067.915,4068.025
2026-07-13T10:00:00,4068.035,4070.345,4046.275,4060.345
2026-07-13T11:00:00,4060.455,4068.415,4054.515,4056.285
2026-07-13T12:00:00,4056.285,4067.165,4053.365,4067.145
2026-07-13T13:00:00,4067.175,4067.355,4041.695,4043.035
2026-07-13T14:00:00,4043.025,4046.805,3999.845,4015.015
2026-07-13T15:00:00,4015.005,4020.265,4010.085,4015.815
2026-07-13T16:00:00,4015.835,4017.725,3985.165,3992.985
2026-07-13T17:00:00,3993.025,4001.715,3991.685,3992.995
2026-07-13T18:00:00,3993.105,4004.845,3986.415,4001.275
2026-07-13T19:00:00,4001.265,4004.315,3993.185,4001.705
2026-07-13T20:00:00,4001.745,4005.885,3996.065,4001.255
2026-07-13T22:00:00,4004.225,4006.195,3999.815,4000.425
2026-07-13T23:00:00,4000.525,4002.015,3992.355,4000.795
2026-07-14T00:00:00,4000.825,4007.075,3983.285,4003.815
2026-07-14T01:00:00,4003.875,4011.995,3991.635,4010.535
2026-07-14T02:00:00,4010.325,4018.855,4005.685,4012.005
2026-07-14T03:00:00,4012.055,4018.725,4010.795,4016.555
2026-07-14T04:00:00,4016.555,4023.455,4013.165,4020.025
2026-07-14T05:00:00,4020.325,4034.005,4019.325,4031.145
2026-07-14T06:00:00,4031.135,4032.875,4021.515,4023.645
2026-07-14T07:00:00,4023.625,4029.775,4019.865,4020.505
2026-07-14T08:00:00,4020.425,4023.695,4014.045,4015.835
2026-07-14T09:00:00,4015.885,4024.265,4013.415,4021.455
2026-07-14T10:00:00,4021.395,4022.605,4014.905,4021.435
2026-07-14T11:00:00,4021.475,4031.555,4015.195,4030.945
2026-07-14T12:00:00,4030.885,4100.785,4022.935,4075.915
2026-07-14T13:00:00,4075.895,4088.625,4070.715,4076.315
2026-07-14T14:00:00,4076.275,4090.135,4070.205,4084.915
2026-07-14T15:00:00,4084.895,4100.615,4064.515,4065.945
2026-07-14T16:00:00,4065.965,4066.615,4056.965,4061.385
2026-07-14T17:00:00,4061.445,4064.765,4054.255,4062.505
2026-07-14T18:00:00,4062.115,4062.935,4042.605,4053.875
2026-07-14T19:00:00,4053.895,4057.085,4047.365,4055.555
2026-07-14T20:00:00,4055.525,4056.235,4048.895,4052.385
2026-07-14T22:00:00,4051.285,4053.295,4043.975,4044.285
2026-07-14T23:00:00,4044.075,4055.975,4043.635,4052.575
2026-07-15T00:00:00,4052.685,4060.365,4048.595,4058.705
2026-07-15T01:00:00,4059.225,4061.875,4035.165,4036.845
2026-07-15T02:00:00,4036.485,4041.945,4028.995,4034.965
2026-07-15T03:00:00,4034.895,4040.135,4027.785,4031.135
2026-07-15T04:00:00,4031.085,4034.775,4027.825,4032.825
2026-07-15T05:00:00,4033.435,4036.515,4021.665,4034.485
2026-07-15T06:00:00,4034.445,4035.165,4021.065,4031.875
2026-07-15T07:00:00,4031.965,4034.125,4019.465,4024.355
2026-07-15T08:00:00,4024.455,4033.065,4017.155,4030.915
2026-07-15T09:00:00,4031.255,4034.045,4025.205,4030.125
2026-07-15T10:00:00,4030.155,4035.755,4026.395,4027.895
2026-07-15T11:00:00,4027.755,4039.985,4027.375,4038.085
2026-07-15T12:00:00,4038.245,4071.265,4035.515,4067.575
2026-07-15T13:00:00,4068.105,4073.775,4053.885,4061.395
2026-07-15T14:00:00,4061.405,4065.775,4053.015,4060.045
2026-07-15T15:00:00,4060.345,4062.705,4039.475,4046.625
2026-07-15T16:00:00,4046.615,4047.605,4026.515,4033.485
2026-07-15T17:00:00,4033.515,4066.115,4032.705,4062.135
2026-07-15T18:00:00,4062.205,4080.935,4057.765,4058.825
2026-07-15T19:00:00,4058.865,4062.685,4047.655,4056.825
2026-07-15T20:00:00,4056.795,4063.035,4054.865,4059.825
2026-07-15T22:00:00,4060.415,4066.755,4057.765,4058.245
2026-07-15T23:00:00,4058.135,4061.275,4055.295,4057.745
2026-07-16T00:00:00,4057.805,4061.065,4043.425,4044.175
2026-07-16T01:00:00,4044.205,4050.285,4033.435,4038.705
2026-07-16T02:00:00,4038.665,4039.715,4023.585,4031.205
2026-07-16T03:00:00,4031.165,4036.695,4027.355,4036.025
2026-07-16T04:00:00,4036.065,4037.765,4031.645,4032.925
2026-07-16T05:00:00,4032.875,4033.845,4024.975,4026.965
2026-07-16T06:00:00,4027.035,4036.295,4022.745,4030.335
2026-07-16T07:00:00,4030.375,4031.735,4022.845,4030.495
2026-07-16T08:00:00,4030.445,4036.395,4025.025,4035.165
2026-07-16T09:00:00,4035.125,4037.505,4030.185,4031.425
2026-07-16T10:00:00,4031.405,4034.565,4028.415,4029.275
2026-07-16T11:00:00,4029.255,4042.175,4020.995,4038.285
2026-07-16T12:00:00,4038.305,4043.065,3990.255,3992.005
2026-07-16T13:00:00,3992.045,4008.315,3973.325,3989.915
2026-07-16T14:00:00,3989.875,4006.575,3986.545,3997.595
2026-07-16T15:00:00,3997.595,4016.715,3989.085,4006.695
2026-07-16T16:00:00,4006.685,4007.315,3981.915,3991.775
2026-07-16T17:00:00,3991.965,3992.715,3979.775,3984.485
2026-07-16T18:00:00,3984.515,3990.235,3976.155,3980.265
2026-07-16T19:00:00,3980.205,3985.995,3969.045,3979.655
2026-07-16T20:00:00,3979.855,3979.875,3971.635,3974.205
2026-07-16T22:00:00,3976.345,3980.085,3972.545,3977.745
2026-07-16T23:00:00,3977.755,3986.365,3974.555,3985.835
2026-07-17T00:00:00,3985.875,3991.575,3980.495,3991.575
2026-07-17T01:00:00,3991.545,3995.875,3978.835,3983.005
2026-07-17T02:00:00,3982.935,3987.275,3970.415,3978.805
2026-07-17T03:00:00,3978.935,4008.395,3978.395,3991.095
2026-07-17T04:00:00,3991.125,3991.395,3979.835,3981.425
2026-07-17T05:00:00,3981.425,3991.235,3975.105,3984.645
2026-07-17T06:00:00,3984.625,4006.905,3984.625,3999.105
2026-07-17T07:00:00,3999.075,4002.455,3992.435,3992.555
2026-07-17T08:00:00,3992.725,3999.595,3987.595,3993.945
2026-07-17T09:00:00,3993.945,4002.165,3992.555,3997.795
2026-07-17T10:00:00,3997.865,3998.785,3990.225,3990.635
2026-07-17T11:00:00,3990.635,3998.585,3989.735,3993.815
2026-07-17T12:00:00,3993.815,3995.285,3963.885,3965.915
2026-07-17T13:00:00,3965.995,4003.445,3959.485,3996.665
2026-07-17T14:00:00,3996.625,4004.115,3989.765,4000.905
2026-07-17T15:00:00,4000.885,4021.235,3997.455,4018.835
2026-07-17T16:00:00,4018.915,4023.645,4010.675,4014.735
2026-07-17T17:00:00,4014.815,4019.065,4008.195,4009.865
2026-07-17T18:00:00,4009.765,4015.905,4006.395,4011.115
2026-07-17T19:00:00,4011.145,4016.235,4002.085,4015.105
2026-07-17T20:00:00,4015.165,4017.935,4008.375,4013.975
2026-07-19T22:00:00,4002.785,4007.105,3993.215,3993.405
2026-07-19T23:00:00,3993.545,3995.905,3989.205,3995.165
2026-07-20T00:00:00,3995.025,4009.775,3981.935,4008.235
2026-07-20T01:00:00,4008.265,4019.995,3995.515,4001.855
2026-07-20T02:00:00,4001.905,4028.845,4000.955,4021.635
2026-07-20T03:00:00,4021.545,4027.815,4018.365,4023.855
2026-07-20T04:00:00,4023.885,4026.515,4018.175,4018.545
2026-07-20T05:00:00,4018.725,4020.955,4005.145,4008.465
2026-07-20T06:00:00,4008.415,4011.545,4002.785,4003.525
2026-07-20T07:00:00,4003.615,4021.695,4001.815,4017.025
2026-07-20T08:00:00,4017.125,4030.355,4017.125,4018.695
2026-07-20T09:00:00,4018.685,4023.045,4014.625,4021.005
2026-07-20T10:00:00,4021.005,4025.345,4017.975,4023.925
2026-07-20T11:00:00,4023.945,4040.435,4019.575,4025.045
2026-07-20T12:00:00,4024.675,4024.995,4006.285,4007.925
2026-07-20T13:00:00,4007.855,4017.185,4005.375,4005.565
2026-07-20T14:00:00,4005.485,4013.485,3998.035,4005.915
2026-07-20T15:00:00,4006.015,4019.325,4004.255,4011.625
2026-07-20T16:00:00,4011.605,4018.115,4001.385,4009.595
2026-07-20T17:00:00,4009.595,4012.915,4003.415,4005.005
2026-07-20T18:00:00,4005.025,4011.725,4003.005,4007.025
2026-07-20T19:00:00,4007.065,4017.855,4004.015,4006.755
2026-07-20T20:00:00,4006.695,4009.205,4005.515,4007.565
2026-07-20T22:00:00,4006.065,4010.495,3999.285,3999.755
2026-07-20T23:00:00,3999.945,4010.275,3999.535,4009.745
2026-07-21T00:00:00,4009.615,4026.805,4003.495,4024.495
2026-07-21T01:00:00,4024.455,4035.525,4017.945,4022.945
2026-07-21T02:00:00,4023.105,4044.655,4021.745,4037.715
2026-07-21T03:00:00,4037.765,4051.215,4036.295,4046.555
2026-07-21T04:00:00,4046.595,4051.415,4043.365,4049.195
2026-07-21T05:00:00,4049.195,4067.445,4045.895,4061.115
2026-07-21T06:00:00,4060.995,4083.735,4060.995,4077.965
2026-07-21T07:00:00,4078.035,4079.985,4067.455,4070.975
2026-07-21T08:00:00,4070.815,4072.255,4058.965,4062.605
2026-07-21T09:00:00,4062.715,4069.415,4060.735,4065.645
2026-07-21T10:00:00,4065.715,4069.835,4060.525,4062.715
2026-07-21T11:00:00,4062.725,4063.515,4054.185,4055.715
2026-07-21T12:00:00,4055.815,4065.655,4050.915,4053.495
2026-07-21T13:00:00,4053.715,4061.575,4044.165,4052.785
2026-07-21T14:00:00,4052.835,4073.725,4051.425,4068.205
2026-07-21T15:00:00,4068.225,4083.305,4065.265,4074.025
2026-07-21T16:00:00,4074.045,4078.925,4069.605,4071.255
2026-07-21T17:00:00,4071.255,4072.555,4066.535,4068.475
2026-07-21T18:00:00,4068.475,4086.775,4067.465,4081.995
2026-07-21T19:00:00,4082.135,4085.655,4079.785,4084.435
2026-07-21T20:00:00,4084.275,4086.265,4076.385,4076.995
2026-07-21T22:00:00,4077.815,4085.045,4076.425,4079.155
2026-07-21T23:00:00,4078.975,4082.595,4078.235,4080.375
2026-07-22T00:00:00,4080.485,4102.375,4076.325,4097.145
2026-07-22T01:00:00,4097.225,4123.705,4096.365,4121.855
2026-07-22T02:00:00,4121.885,4130.665,4118.535,4130.495
2026-07-22T03:00:00,4130.485,4141.465,4128.995,4130.575
2026-07-22T04:00:00,4130.545,4131.025,4124.515,4126.655
2026-07-22T05:00:00,4126.685,4133.905,4122.715,4130.725
2026-07-22T06:00:00,4130.675,4135.065,4113.195,4116.135
2026-07-22T07:00:00,4116.165,4122.905,4109.025,4110.465
2026-07-22T08:00:00,4110.425,4119.905,4110.415,4118.155
2026-07-22T09:00:00,4118.195,4122.215,4113.135,4114.795
2026-07-22T10:00:00,4115.045,4121.715,4114.765,4117.425
2026-07-22T11:00:00,4117.395,4123.005,4112.465,4122.355
2026-07-22T12:00:00,4122.465,4134.195,4107.265,4112.785
2026-07-22T13:00:00,4112.865,4155.825,4112.615,4154.385
2026-07-22T14:00:00,4154.445,4163.325,4143.845,4148.285
2026-07-22T15:00:00,4148.265,4165.775,4148.245,4159.115
2026-07-22T16:00:00,4159.125,4159.335,4144.315,4146.715
2026-07-22T17:00:00,4146.765,4147.735,4138.105,4142.165
2026-07-22T18:00:00,4142.205,4142.785,4131.695,4135.865
2026-07-22T19:00:00,4135.845,4137.115,4128.735,4131.675
2026-07-22T20:00:00,4131.575,4137.725,4127.555,4130.345
2026-07-22T22:00:00,4122.235,4134.495,4116.314,4121.095
2026-07-22T23:00:00,4121.345,4134.015,4115.605,4133.095
2026-07-23T00:00:00,4133.185,4134.405,4124.795,4131.735
2026-07-23T01:00:00,4131.705,4140.895,4114.095,4117.595
2026-07-23T02:00:00,4117.505,4128.515,4111.815,4127.985
2026-07-23T03:00:00,4128.085,4132.935,4123.765,4124.325
2026-07-23T04:00:00,4124.305,4130.075,4119.725,4120.825
2026-07-23T05:00:00,4120.795,4130.395,4119.035,4123.735
2026-07-23T06:00:00,4123.785,4128.045,4116.535,4118.465
2026-07-23T07:00:00,4118.445,4119.355,4089.975,4095.325
2026-07-23T08:00:00,4095.195,4097.535,4086.785,4093.315
2026-07-23T09:00:00,4093.275,4099.315,4088.175,4089.665
2026-07-23T10:00:00,4089.665,4095.185,4085.255,4093.025
2026-07-23T11:00:00,4093.135,4093.725,4072.755,4085.535
2026-07-23T12:00:00,4085.325,4085.795,4060.835,4061.685
2026-07-23T13:00:00,4061.685,4067.155,4040.155,4043.115
2026-07-23T14:00:00,4043.115,4061.585,4039.685,4057.715
2026-07-23T15:00:00,4057.915,4059.345,4042.145,4048.525
2026-07-23T16:00:00,4048.585,4051.625,4045.545,4051.255
2026-07-23T17:00:00,4051.395,4054.465,4041.475,4041.625
2026-07-23T18:00:00,4041.585,4048.305,4040.235,4046.115
2026-07-23T19:00:00,4046.095,4051.085,4042.765,4049.475
2026-07-23T20:00:00,4049.655,4050.885,4047.175,4049.375
2026-07-23T22:00:00,4049.365,4050.455,4048.035,4048.905
2026-07-23T23:00:00,4048.895,4050.845,4046.285,4046.765
2026-07-24T00:00:00,4046.725,4050.795,4041.015,4049.715
2026-07-24T01:00:00,4049.525,4050.435,4039.475,4043.375
2026-07-24T02:00:00,4043.345,4048.305,4022.755,4024.305
2026-07-24T03:00:00,4024.255,4033.295,4022.845,4029.045
2026-07-24T04:00:00,4028.645,4030.175,4025.215,4026.805
2026-07-24T05:00:00,4026.825,4032.025,4021.665,4022.725
2026-07-24T06:00:00,4022.765,4038.955,4022.695,4035.535
2026-07-24T07:00:00,4035.575,4053.655,4034.895,4048.205
2026-07-24T08:00:00,4048.545,4058.565,4044.965,4057.375
2026-07-24T09:00:00,4057.475,4060.615,4051.445,4059.655
2026-07-24T10:00:00,4059.935,4063.745,4057.055,4059.955
2026-07-24T11:00:00,4060.075,4063.285,4051.195,4057.545
2026-07-24T12:00:00,4057.665,4060.065,4051.475,4055.985
2026-07-24T13:00:00,4055.845,4068.365,4044.515,4066.915
2026-07-24T14:00:00,4067.275,4069.825,4055.595,4063.185
2026-07-24T15:00:00,4062.965,4081.895,4061.675,4077.175
2026-07-24T16:00:00,4077.145,4078.035,4063.895,4066.855
2026-07-24T17:00:00,4066.965,4069.685,4062.745,4063.165
2026-07-24T18:00:00,4063.165,4064.325,4050.815,4054.185
2026-07-24T19:00:00,4054.265,4057.735,4048.995,4053.465
2026-07-24T20:00:00,4053.565,4055.795,4049.125,4049.125
2026-07-26T22:00:00,4088.645,4097.195,4082.095,4084.675
2026-07-26T23:00:00,4084.675,4096.045,4080.625,4093.845
2026-07-27T00:00:00,4094.115,4116.145,4090.275,4100.335
2026-07-27T01:00:00,4100.225,4112.385,4096.675,4109.865
2026-07-27T02:00:00,4110.025,4110.795,4093.315,4093.435
2026-07-27T03:00:00,4093.165,4095.565,4084.365,4090.645
2026-07-27T04:00:00,4090.745,4092.755,4086.675,4089.935
2026-07-27T05:00:00,4090.075,4094.535,4084.145,4092.965
2026-07-27T06:00:00,4092.995,4099.075,4091.015,4095.845
2026-07-27T07:00:00,4095.775,4105.865,4088.435,4088.605
2026-07-27T08:00:00,4088.875,4096.695,4086.875,4095.005
2026-07-27T09:00:00,4094.845,4100.175,4090.075,4095.915
2026-07-27T10:00:00,4095.915,4102.165,4086.355,4099.345
2026-07-27T11:00:00,4099.425,4103.895,4093.555,4093.695
2026-07-27T12:00:00,4093.825,4097.435,4081.495,4083.475
2026-07-27T13:00:00,4083.565,4089.405,4070.125,4073.995
2026-07-27T14:00:00,4074.085,4078.975,4065.065,4075.925
2026-07-27T15:00:00,4075.945,4079.735,4071.575,4078.285
2026-07-27T16:00:00,4078.295,4093.695,4077.645,4082.055
2026-07-27T17:00:00,4082.215,4082.215,4070.335,4076.125
2026-07-27T18:00:00,4076.245,4079.355,4072.635,4077.605
2026-07-27T19:00:00,4077.725,4089.245,4075.915,4083.075
2026-07-27T20:00:00,4083.135,4083.805,4074.995,4076.565
2026-07-27T22:00:00,4077.045,4081.765,4069.725,4073.305
2026-07-27T23:00:00,4073.135,4074.805,4069.585,4073.075
2026-07-28T00:00:00,4072.955,4073.855,4057.205,4057.635
2026-07-28T01:00:00,4057.455,4060.075,4042.365,4044.865
2026-07-28T02:00:00,4045.155,4048.835,4040.605,4041.915
2026-07-28T03:00:00,4041.705,4051.035,4040.185,4049.135
2026-07-28T04:00:00,4049.005,4049.485,4041.125,4042.085
2026-07-28T05:00:00,4041.675,4046.455,4034.415,4044.975
2026-07-28T06:00:00,4044.955,4052.235,4042.755,4048.125
2026-07-28T07:00:00,4047.965,4052.315,4045.875,4047.055
2026-07-28T08:00:00,4046.855,4055.015,4041.375,4045.255
2026-07-28T09:00:00,4045.115,4045.745,4018.985,4023.345
2026-07-28T10:00:00,4023.155,4028.345,4016.695,4026.295
2026-07-28T11:00:00,4026.405,4032.115,4022.815,4027.825
2026-07-28T12:00:00,4027.745,4037.965,4022.605,4028.935
2026-07-28T13:00:00,4028.935,4035.865,4020.045,4021.975
2026-07-28T14:00:00,4021.975,4033.345,4011.335,4024.235
2026-07-28T15:00:00,4024.235,4047.025,4022.125,4045.985
2026-07-28T16:00:00,4045.935,4046.365,4036.405,4037.305
2026-07-28T17:00:00,4037.445,4041.495,4025.625,4027.675
2026-07-28T18:00:00,4027.805,4030.175,4021.515,4022.865
2026-07-28T19:00:00,4022.895,4027.905,4021.645,4026.225
2026-07-28T20:00:00,4026.115,4030.295,4022.355,4027.875
2026-07-28T22:00:00,4024.565,4029.855,4013.785,4017.765
2026-07-28T23:00:00,4017.815,4025.965,4014.655,4024.615
2026-07-29T00:00:00,4024.745,4025.895,4017.105,4020.325
